timestamp,ident,mag,year,month,status,target,url,size,error
2026-04-26T18:05:22,big-book-of-wrestling-1972-05-fred-blassie-c,Big Book of Wrestling,1972,5,dry-run,/Users/jschairb-gwp/Library/CloudStorage/GoogleDrive-josh@greatwesternproductions.com/My Drive/BACKGROUND_RESEARCH/Magazines/1970s/1972/Big Book of Wrestling/Big Book of Wrestling - 1972 - May.pdf,https://ia800306.us.archive.org/10/items/big-book-of-wrestling-1972-05-fred-blassie-c/Big%20Book%20of%20Wrestling%2C%201972-05%20%28Fred%20Blassie%29%20%28C%29.pdf,14233452,
2026-04-26T18:05:23,12-iw-dec-1977-miss-pg-41-42,Inside Wrestling,1977,12,dry-run,/Users/jschairb-gwp/Library/CloudStorage/GoogleDrive-josh@greatwesternproductions.com/My Drive/BACKGROUND_RESEARCH/Magazines/1970s/1977/Inside Wrestling/Inside Wrestling - 1977 - December.pdf,https://ia800605.us.archive.org/13/items/12-iw-dec-1977-miss-pg-41-42/12%20IW%20Dec%201977%20miss%20pg%2041-42.pdf,58984394,
2026-04-26T18:05:26,10-srw-oct-1982,Sports Review Wrestling,1982,10,dry-run,/Users/jschairb-gwp/Library/CloudStorage/GoogleDrive-josh@greatwesternproductions.com/My Drive/BACKGROUND_RESEARCH/Magazines/1980s/1982/Sports Review Wrestling/Sports Review Wrestling - 1982 - October.pdf,https://ia601504.us.archive.org/15/items/10-srw-oct-1982/10%20SRW%20Oct%201982.pdf,20507606,
2026-04-26T18:05:27,championship-wrestling-1987-05-c,Championship Wrestling,1987,5,dry-run,/Users/jschairb-gwp/Library/CloudStorage/GoogleDrive-josh@greatwesternproductions.com/My Drive/BACKGROUND_RESEARCH/Magazines/1980s/1987/Championship Wrestling/Championship Wrestling - 1987 - May.pdf,https://ia800402.us.archive.org/24/items/championship-wrestling-1987-05-c/Championship%20Wrestling%2C%201987-05%20%28C%29.pdf,19143871,
2026-04-26T18:05:28,8-srw-aug-1980,Sports Review Wrestling,1980,8,dry-run,/Users/jschairb-gwp/Library/CloudStorage/GoogleDrive-josh@greatwesternproductions.com/My Drive/BACKGROUND_RESEARCH/Magazines/1980s/1980/Sports Review Wrestling/Sports Review Wrestling - 1980 - August.pdf,https://ia601408.us.archive.org/25/items/8-srw-aug-1980/8%20SRW%20Aug%201980.pdf,55550722,
2026-04-26T18:05:28,wrestling-all-stars-1985-06-11-c,Wrestling All Stars,1985,6,dry-run,/Users/jschairb-gwp/Library/CloudStorage/GoogleDrive-josh@greatwesternproductions.com/My Drive/BACKGROUND_RESEARCH/Magazines/1980s/1985/Wrestling All Stars/Wrestling All Stars - 1985 - June.pdf,https://ia801705.us.archive.org/15/items/wrestling-all-stars-1985-06-11-c/Wrestling%20All%20Stars%2C%201985-06%20%2311%20%28C%29.pdf,17578490,
2026-04-26T18:05:29,wrestling-fury-1987-04-incomplete-c,Wrestling Fury,1987,4,dry-run,/Users/jschairb-gwp/Library/CloudStorage/GoogleDrive-josh@greatwesternproductions.com/My Drive/BACKGROUND_RESEARCH/Magazines/1980s/1987/Wrestling Fury/Wrestling Fury - 1987 - April.pdf,https://ia601808.us.archive.org/16/items/wrestling-fury-1987-04-incomplete-c/Wrestling%20Fury%2C%201987-04%20%23%23Incomplete%23%23%20%28C%29.pdf,13903569,
2026-04-26T18:05:29,4-wrestling-monthly-apr-1978,Wrestling Monthly,1978,4,dry-run,/Users/jschairb-gwp/Library/CloudStorage/GoogleDrive-josh@greatwesternproductions.com/My Drive/BACKGROUND_RESEARCH/Magazines/1970s/1978/Wrestling Monthly/Wrestling Monthly - 1978 - April.pdf,https://ia800803.us.archive.org/22/items/4-wrestling-monthly-apr-1978/4%20Wrestling%20Monthly%20Apr%201978.pdf,59986530,
2026-04-26T18:05:30,5-srw-may-1982,Sports Review Wrestling,1982,5,dry-run,/Users/jschairb-gwp/Library/CloudStorage/GoogleDrive-josh@greatwesternproductions.com/My Drive/BACKGROUND_RESEARCH/Magazines/1980s/1982/Sports Review Wrestling/Sports Review Wrestling - 1982 - May.pdf,https://ia801400.us.archive.org/22/items/5-srw-may-1982/5%20SRW%20May%201982.pdf,6855425,
2026-04-26T18:05:31,2-srw-feb-1984,Sports Review Wrestling,1984,2,dry-run,/Users/jschairb-gwp/Library/CloudStorage/GoogleDrive-josh@greatwesternproductions.com/My Drive/BACKGROUND_RESEARCH/Magazines/1980s/1984/Sports Review Wrestling/Sports Review Wrestling - 1984 - February.pdf,https://ia601508.us.archive.org/33/items/2-srw-feb-1984/2%20SRW%20Feb%201984.pdf,8763147,
2026-04-26T18:05:32,wrestling-world-1967-02,Wrestling World,1967,2,dry-run,/Users/jschairb-gwp/Library/CloudStorage/GoogleDrive-josh@greatwesternproductions.com/My Drive/BACKGROUND_RESEARCH/Magazines/1960s/1967/Wrestling World/Wrestling World - 1967 - February.pdf,https://ia600407.us.archive.org/16/items/wrestling-world-1967-02/Wrestling%20World%201967%2002.pdf,114968065,
2026-04-26T18:05:32,victory-sports-wrestling-1979-yearbook-1979-09-c,Victory Sports Wrestling,1979,9,dry-run,/Users/jschairb-gwp/Library/CloudStorage/GoogleDrive-josh@greatwesternproductions.com/My Drive/BACKGROUND_RESEARCH/Magazines/1970s/1979/Victory Sports Wrestling/Victory Sports Wrestling - 1979 - September.pdf,https://ia800303.us.archive.org/1/items/victory-sports-wrestling-1979-yearbook-1979-09-c/Victory%20Sports%20Wrestling%201979%20Yearbook%2C%201979-09%20%28C%29.pdf,13235526,
2026-04-26T18:05:33,3-wrestler-mar-1980,The Wrestler,1980,3,dry-run,/Users/jschairb-gwp/Library/CloudStorage/GoogleDrive-josh@greatwesternproductions.com/My Drive/BACKGROUND_RESEARCH/Magazines/1980s/1980/The Wrestler/The Wrestler - 1980 - March.pdf,https://ia801606.us.archive.org/16/items/3-wrestler-mar-1980/3%20Wrestler%20Mar%201980.pdf,11109137,
2026-04-26T18:05:34,1989-03-wrestling-world,Wrestling World,1989,3,dry-run,/Users/jschairb-gwp/Library/CloudStorage/GoogleDrive-josh@greatwesternproductions.com/My Drive/BACKGROUND_RESEARCH/Magazines/1980s/1989/Wrestling World/Wrestling World - 1989 - March.pdf,https://ia601905.us.archive.org/21/items/1989-03-wrestling-world/1989-03%20Wrestling%20World.pdf,32986881,
2026-04-26T18:05:34,6-wrestler-jun-1984,The Wrestler,1984,6,dry-run,/Users/jschairb-gwp/Library/CloudStorage/GoogleDrive-josh@greatwesternproductions.com/My Drive/BACKGROUND_RESEARCH/Magazines/1980s/1984/The Wrestler/The Wrestler - 1984 - June.pdf,https://ia801203.us.archive.org/7/items/6-wrestler-jun-1984/6%20Wrestler%20Jun%201984.pdf,14439453,
2026-04-26T18:05:35,wrestling-monthly-1972-06,Wrestling Monthly,1972,6,dry-run,/Users/jschairb-gwp/Library/CloudStorage/GoogleDrive-josh@greatwesternproductions.com/My Drive/BACKGROUND_RESEARCH/Magazines/1970s/1972/Wrestling Monthly/Wrestling Monthly - 1972 - June.pdf,https://ia800505.us.archive.org/19/items/wrestling-monthly-1972-06/Wrestling%20Monthly%201972%2006.pdf,28437838,
2026-04-26T18:05:35,wrestlings_main_event_1984_07_images,Wrestling's Main Event,1984,7,dry-run,/Users/jschairb-gwp/Library/CloudStorage/GoogleDrive-josh@greatwesternproductions.com/My Drive/BACKGROUND_RESEARCH/Magazines/1980s/1984/Wrestling's Main Event/Wrestling's Main Event - 1984 - July.pdf,https://ia903207.us.archive.org/1/items/wrestlings_main_event_1984_07_images/wrestlings_main_event_1984_07.pdf,5545739,
2026-04-26T18:05:36,4-srw-apr-1978,Sports Review Wrestling,1978,4,dry-run,/Users/jschairb-gwp/Library/CloudStorage/GoogleDrive-josh@greatwesternproductions.com/My Drive/BACKGROUND_RESEARCH/Magazines/1970s/1978/Sports Review Wrestling/Sports Review Wrestling - 1978 - April.pdf,https://ia801302.us.archive.org/35/items/4-srw-apr-1978/4%20SRW%20Apr%201978.pdf,59508950,
2026-04-26T18:05:37,2-iw-feb-1979,Inside Wrestling,1979,2,dry-run,/Users/jschairb-gwp/Library/CloudStorage/GoogleDrive-josh@greatwesternproductions.com/My Drive/BACKGROUND_RESEARCH/Magazines/1970s/1979/Inside Wrestling/Inside Wrestling - 1979 - February.pdf,https://ia800506.us.archive.org/35/items/2-iw-feb-1979/2%20IW%20Feb%201979.pdf,14403163,
2026-04-26T18:05:37,wrestling-super-stars-1983-07-bob-backlund,Wrestling Superstars,1983,7,dry-run,/Users/jschairb-gwp/Library/CloudStorage/GoogleDrive-josh@greatwesternproductions.com/My Drive/BACKGROUND_RESEARCH/Magazines/1980s/1983/Wrestling Superstars/Wrestling Superstars - 1983 - July.pdf,https://ia803106.us.archive.org/32/items/wrestling-super-stars-1983-07-bob-backlund/Wrestling%20Super%20Stars%2C%201983-07%20%28Bob%20Backlund%29.pdf,10306467,
2026-04-26T18:05:38,wrestling-ringside-1988-07-35-c,Wrestling Ringside,1988,7,dry-run,/Users/jschairb-gwp/Library/CloudStorage/GoogleDrive-josh@greatwesternproductions.com/My Drive/BACKGROUND_RESEARCH/Magazines/1980s/1988/Wrestling Ringside/Wrestling Ringside - 1988 - July.pdf,https://ia601309.us.archive.org/13/items/wrestling-ringside-1988-07-35-c/Wrestling%20Ringside%2C%201988-07%2C%20%2335%20%28C%29.pdf,19861493,
2026-04-26T18:05:39,wrestling-scene-1983-10-jack-brisco-c,Wrestling Scene,1983,10,dry-run,/Users/jschairb-gwp/Library/CloudStorage/GoogleDrive-josh@greatwesternproductions.com/My Drive/BACKGROUND_RESEARCH/Magazines/1980s/1983/Wrestling Scene/Wrestling Scene - 1983 - October.pdf,https://ia800505.us.archive.org/14/items/wrestling-scene-1983-10-jack-brisco-c/Wrestling%20Scene%2C%201983-10%20%28Jack%20Brisco%29%20%28C%29.pdf,15244912,
2026-04-26T18:05:39,wrestling-scene-1989-06-macho-man-50-c,Wrestling Scene,1989,6,dry-run,/Users/jschairb-gwp/Library/CloudStorage/GoogleDrive-josh@greatwesternproductions.com/My Drive/BACKGROUND_RESEARCH/Magazines/1980s/1989/Wrestling Scene/Wrestling Scene - 1989 - June.pdf,https://ia800300.us.archive.org/6/items/wrestling-scene-1989-06-macho-man-50-c/Wrestling%20Scene%2C%201989-06%20%28Macho%20Man%20%2350%29%20%28C%29.pdf,16146543,
2026-04-26T18:05:42,wcw-magazine-1989-06-wrap-up,WCW Magazine,1989,6,dry-run,/Users/jschairb-gwp/Library/CloudStorage/GoogleDrive-josh@greatwesternproductions.com/My Drive/BACKGROUND_RESEARCH/Magazines/1980s/1989/WCW Magazine/WCW Magazine - 1989 - June.pdf,https://ia601809.us.archive.org/16/items/wcw-magazine-1989-06-wrap-up/WCW%20Magazine%201989-06%20Wrap%20Up.pdf,3396648,
2026-04-26T18:05:43,wcw-magazine-1989-11-wrap-up,WCW Magazine,1989,11,dry-run,/Users/jschairb-gwp/Library/CloudStorage/GoogleDrive-josh@greatwesternproductions.com/My Drive/BACKGROUND_RESEARCH/Magazines/1980s/1989/WCW Magazine/WCW Magazine - 1989 - November.pdf,https://ia801807.us.archive.org/34/items/wcw-magazine-1989-11-wrap-up/WCW%20Magazine%201989-11%20Wrap%20Up.pdf,10925088,
2026-04-26T18:05:43,wrestling-revue-1964-06-c,Wrestling Revue,1964,6,dry-run,/Users/jschairb-gwp/Library/CloudStorage/GoogleDrive-josh@greatwesternproductions.com/My Drive/BACKGROUND_RESEARCH/Magazines/1960s/1964/Wrestling Revue/Wrestling Revue - 1964 - June.pdf,https://ia600906.us.archive.org/28/items/wrestling-revue-1964-06-c/Wrestling%20Revue%2C%201964-06%20%28C%29.pdf,14336338,
2026-04-26T18:05:44,wrestling-all-stars-1986-07-5-incomplete-c,Wrestling All Stars,1986,7,dry-run,/Users/jschairb-gwp/Library/CloudStorage/GoogleDrive-josh@greatwesternproductions.com/My Drive/BACKGROUND_RESEARCH/Magazines/1980s/1986/Wrestling All Stars/Wrestling All Stars - 1986 - July.pdf,https://ia801708.us.archive.org/3/items/wrestling-all-stars-1986-07-5-incomplete-c/Wrestling%20All%20Stars%2C%201986-07%20%235%20%23%23Incomplete%23%23%20%28C%29.pdf,13706631,
2026-04-26T18:05:45,wrestling-eye-1987-04-c,Wrestling Eye,1987,4,dry-run,/Users/jschairb-gwp/Library/CloudStorage/GoogleDrive-josh@greatwesternproductions.com/My Drive/BACKGROUND_RESEARCH/Magazines/1980s/1987/Wrestling Eye/Wrestling Eye - 1987 - April.pdf,https://ia800605.us.archive.org/20/items/wrestling-eye-1987-04-c/Wrestling%20Eye%2C%201987-04%20%28C%29.pdf,19426785,
2026-04-26T18:05:45,wrestling-world-1964-04-the-crusher-c,Wrestling World,1964,4,dry-run,/Users/jschairb-gwp/Library/CloudStorage/GoogleDrive-josh@greatwesternproductions.com/My Drive/BACKGROUND_RESEARCH/Magazines/1960s/1964/Wrestling World/Wrestling World - 1964 - April.pdf,https://ia601807.us.archive.org/2/items/wrestling-world-1964-04-the-crusher-c/Wrestling%20World%2C%201964-04%20%28The%20Crusher%29%20%28C%29.pdf,16646869,
2026-04-26T18:05:46,wrestling-world-1983-12-tommy-rich-c,Wrestling World,1983,12,dry-run,/Users/jschairb-gwp/Library/CloudStorage/GoogleDrive-josh@greatwesternproductions.com/My Drive/BACKGROUND_RESEARCH/Magazines/1980s/1983/Wrestling World/Wrestling World - 1983 - December.pdf,https://ia800506.us.archive.org/25/items/wrestling-world-1983-12-tommy-rich-c/Wrestling%20World%2C%201983-12%20%28Tommy%20Rich%29%20%28C%29.pdf,13751257,
2026-04-26T18:05:47,wrestling-world-1986-08-c,Wrestling World,1986,8,dry-run,/Users/jschairb-gwp/Library/CloudStorage/GoogleDrive-josh@greatwesternproductions.com/My Drive/BACKGROUND_RESEARCH/Magazines/1980s/1986/Wrestling World/Wrestling World - 1986 - August.pdf,https://ia802805.us.archive.org/31/items/wrestling-world-1986-08-c/Wrestling%20World%2C%201986-08%20%28C%29.pdf,15544922,
2026-04-26T18:05:48,wrestlings-main-event-1984-11-hulk-hogan-b,Wrestling's Main Event,1984,11,dry-run,/Users/jschairb-gwp/Library/CloudStorage/GoogleDrive-josh@greatwesternproductions.com/My Drive/BACKGROUND_RESEARCH/Magazines/1980s/1984/Wrestling's Main Event/Wrestling's Main Event - 1984 - November.pdf,https://ia600901.us.archive.org/4/items/wrestlings-main-event-1984-11-hulk-hogan-b/Wrestling%27s%20Main%20Event%2C%201984-11%20%28Hulk%20Hogan%29%20%28B%29.pdf,16651286,
2026-04-26T18:05:53,wrestlings-main-event-1985-06-cv-2,Wrestling's Main Event,1985,6,dry-run,/Users/jschairb-gwp/Library/CloudStorage/GoogleDrive-josh@greatwesternproductions.com/My Drive/BACKGROUND_RESEARCH/Magazines/1980s/1985/Wrestling's Main Event/Wrestling's Main Event - 1985 - June.pdf,https://ia600803.us.archive.org/10/items/wrestlings-main-event-1985-06-cv-2/Wrestling%27s%20Main%20Event%2C%201985-06%20%28CV2%29.pdf,33165205,
2026-04-26T18:05:54,wrestlings-main-event-1986-12-cv-2,Wrestling's Main Event,1986,12,dry-run,/Users/jschairb-gwp/Library/CloudStorage/GoogleDrive-josh@greatwesternproductions.com/My Drive/BACKGROUND_RESEARCH/Magazines/1980s/1986/Wrestling's Main Event/Wrestling's Main Event - 1986 - December.pdf,https://ia800404.us.archive.org/2/items/wrestlings-main-event-1986-12-cv-2/Wrestling%27s%20Main%20Event%2C%201986-12%20%28CV2%29.pdf,33875125,
2026-04-26T18:05:55,1-pwi-jan-1984,Pro Wrestling Illustrated,1984,1,dry-run,/Users/jschairb-gwp/Library/CloudStorage/GoogleDrive-josh@greatwesternproductions.com/My Drive/BACKGROUND_RESEARCH/Magazines/1980s/1984/Pro Wrestling Illustrated/Pro Wrestling Illustrated - 1984 - January.pdf,https://ia601209.us.archive.org/1/items/1-pwi-jan-1984/1%20PWI%20Jan%201984.pdf,8959209,
2026-04-26T18:05:55,11-wrestler-nov-1980,The Wrestler,1980,11,dry-run,/Users/jschairb-gwp/Library/CloudStorage/GoogleDrive-josh@greatwesternproductions.com/My Drive/BACKGROUND_RESEARCH/Magazines/1980s/1980/The Wrestler/The Wrestler - 1980 - November.pdf,https://ia801708.us.archive.org/2/items/11-wrestler-nov-1980/11%20Wrestler%20Nov%201980.pdf,55219937,
2026-04-26T18:05:56,inside-wrestling-1972-09-terry-funk-mil-b,Inside Wrestling,1972,9,dry-run,/Users/jschairb-gwp/Library/CloudStorage/GoogleDrive-josh@greatwesternproductions.com/My Drive/BACKGROUND_RESEARCH/Magazines/1970s/1972/Inside Wrestling/Inside Wrestling - 1972 - September.pdf,https://ia800602.us.archive.org/21/items/inside-wrestling-1972-09-terry-funk-mil-b/Inside%20Wrestling%2C%201972-09%20%28Terry%20Funk%2C%20Mil%29%20%28B%29.pdf,13407824,
2026-04-26T18:05:57,inside-wrestling-1985-05-sgt.-slaughter-garvin-c,Inside Wrestling,1985,5,dry-run,/Users/jschairb-gwp/Library/CloudStorage/GoogleDrive-josh@greatwesternproductions.com/My Drive/BACKGROUND_RESEARCH/Magazines/1980s/1985/Inside Wrestling/Inside Wrestling - 1985 - May.pdf,https://ia801406.us.archive.org/25/items/inside-wrestling-1985-05-sgt.-slaughter-garvin-c/Inside%20Wrestling%2C%201985-05%20%28Sgt.%20Slaughter%2C%20Garvin%29%20%28C%29.pdf,15416886,
2026-04-26T18:06:00,inside-wrestling-1987-05-c,Inside Wrestling,1987,5,dry-run,/Users/jschairb-gwp/Library/CloudStorage/GoogleDrive-josh@greatwesternproductions.com/My Drive/BACKGROUND_RESEARCH/Magazines/1980s/1987/Inside Wrestling/Inside Wrestling - 1987 - May.pdf,https://ia600307.us.archive.org/15/items/inside-wrestling-1987-05-c/Inside%20Wrestling%2C%201987-05%20%28C%29.pdf,13609699,
2026-04-26T18:06:01,inside-wrestling-1977-04-baron-mascaras-c,Inside Wrestling,1977,4,dry-run,/Users/jschairb-gwp/Library/CloudStorage/GoogleDrive-josh@greatwesternproductions.com/My Drive/BACKGROUND_RESEARCH/Magazines/1970s/1977/Inside Wrestling/Inside Wrestling - 1977 - April.pdf,https://ia801505.us.archive.org/10/items/inside-wrestling-1977-04-baron-mascaras-c/Inside%20Wrestling%2C%201977-04%20%28Baron%2C%20Mascaras%29%20%28C%29.pdf,14199370,
2026-04-26T18:06:01,2-pwi-feb-1984,Pro Wrestling Illustrated,1984,2,dry-run,/Users/jschairb-gwp/Library/CloudStorage/GoogleDrive-josh@greatwesternproductions.com/My Drive/BACKGROUND_RESEARCH/Magazines/1980s/1984/Pro Wrestling Illustrated/Pro Wrestling Illustrated - 1984 - February.pdf,https://ia601204.us.archive.org/2/items/2-pwi-feb-1984/2%20PWI%20Feb%201984.pdf,8755741,
2026-04-26T18:06:02,wrestling-revue-1972-11,Wrestling Revue,1972,11,dry-run,/Users/jschairb-gwp/Library/CloudStorage/GoogleDrive-josh@greatwesternproductions.com/My Drive/BACKGROUND_RESEARCH/Magazines/1970s/1972/Wrestling Revue/Wrestling Revue - 1972 - November.pdf,https://ia600508.us.archive.org/9/items/wrestling-revue-1972-11/Wrestling%20Revue%201972%2011.pdf,101491000,
2026-04-26T18:06:03,pro-wrestling-illustrated-1983-08-roddy-piper-incomplete-c,Pro Wrestling Illustrated,1983,8,dry-run,/Users/jschairb-gwp/Library/CloudStorage/GoogleDrive-josh@greatwesternproductions.com/My Drive/BACKGROUND_RESEARCH/Magazines/1980s/1983/Pro Wrestling Illustrated/Pro Wrestling Illustrated - 1983 - August.pdf,https://ia600500.us.archive.org/4/items/pro-wrestling-illustrated-1983-08-roddy-piper-incomplete-c/Pro%20Wrestling%20Illustrated%2C%201983-08%20%28Roddy%20Piper%29%20-%20%23%23Incomplete%23%23%20%28C%29.pdf,16622158,
2026-04-26T18:06:03,5-srw-may-1980,Sports Review Wrestling,1980,5,dry-run,/Users/jschairb-gwp/Library/CloudStorage/GoogleDrive-josh@greatwesternproductions.com/My Drive/BACKGROUND_RESEARCH/Magazines/1980s/1980/Sports Review Wrestling/Sports Review Wrestling - 1980 - May.pdf,https://ia801408.us.archive.org/13/items/5-srw-may-1980/5%20SRW%20May%201980.pdf,41380251,
2026-04-26T18:06:04,7-wrestler-jul-1984,The Wrestler,1984,7,dry-run,/Users/jschairb-gwp/Library/CloudStorage/GoogleDrive-josh@greatwesternproductions.com/My Drive/BACKGROUND_RESEARCH/Magazines/1980s/1984/The Wrestler/The Wrestler - 1984 - July.pdf,https://ia800408.us.archive.org/31/items/7-wrestler-jul-1984/7%20Wrestler%20Jul%201984.pdf,7474363,
2026-04-26T18:06:04,wwf-magazine-volume-6-number-3-april-may-1987_202510,WWF Magazine,1987,4,dry-run,/Users/jschairb-gwp/Library/CloudStorage/GoogleDrive-josh@greatwesternproductions.com/My Drive/BACKGROUND_RESEARCH/Magazines/1980s/1987/WWF Magazine/WWF Magazine - 1987 - April.pdf,https://ia600802.us.archive.org/6/items/wwf-magazine-volume-6-number-3-april-may-1987_202510/WWF%20Magazine%20Volume%206%2C%20Number%203%20%28April-May%201987%29.pdf,8633731,
2026-04-26T18:06:05,4-wrestler-apr-1976,The Wrestler,1976,4,dry-run,/Users/jschairb-gwp/Library/CloudStorage/GoogleDrive-josh@greatwesternproductions.com/My Drive/BACKGROUND_RESEARCH/Magazines/1970s/1976/The Wrestler/The Wrestler - 1976 - April.pdf,https://ia801304.us.archive.org/12/items/4-wrestler-apr-1976/4%20Wrestler%20Apr%201976.pdf,63931658,
2026-04-26T18:06:05,wrestlings-main-event-1986-02-cv-2,Wrestling's Main Event,1986,2,dry-run,/Users/jschairb-gwp/Library/CloudStorage/GoogleDrive-josh@greatwesternproductions.com/My Drive/BACKGROUND_RESEARCH/Magazines/1980s/1986/Wrestling's Main Event/Wrestling's Main Event - 1986 - February.pdf,https://ia800705.us.archive.org/19/items/wrestlings-main-event-1986-02-cv-2/Wrestling%27s%20Main%20Event%2C%201986-02%20%28CV2%29.pdf,31748328,
2026-04-26T18:06:06,wrestlings-main-event-1986-11-c,Wrestling's Main Event,1986,11,dry-run,/Users/jschairb-gwp/Library/CloudStorage/GoogleDrive-josh@greatwesternproductions.com/My Drive/BACKGROUND_RESEARCH/Magazines/1980s/1986/Wrestling's Main Event/Wrestling's Main Event - 1986 - November.pdf,https://ia801702.us.archive.org/31/items/wrestlings-main-event-1986-11-c/Wrestling%27s%20Main%20Event%2C%201986-11%20%28C%29.pdf,14488894,
2026-04-26T18:06:07,wrestlings_main_event_1985_04_images,Wrestling's Main Event,1985,4,dry-run,/Users/jschairb-gwp/Library/CloudStorage/GoogleDrive-josh@greatwesternproductions.com/My Drive/BACKGROUND_RESEARCH/Magazines/1980s/1985/Wrestling's Main Event/Wrestling's Main Event - 1985 - April.pdf,https://ia800308.us.archive.org/25/items/wrestlings_main_event_1985_04_images/wrestlings_main_event_1985_04.pdf,28413182,
2026-04-26T18:06:07,wrestling-power-1988-12-c,Wrestling Power,1988,12,dry-run,/Users/jschairb-gwp/Library/CloudStorage/GoogleDrive-josh@greatwesternproductions.com/My Drive/BACKGROUND_RESEARCH/Magazines/1980s/1988/Wrestling Power/Wrestling Power - 1988 - December.pdf,https://ia801804.us.archive.org/5/items/wrestling-power-1988-12-c/Wrestling%20Power%2C%201988-12%20%28C%29.pdf,15419078,
2026-04-26T18:06:08,wrestling-revue-1969-01-c,Wrestling Revue,1969,1,dry-run,/Users/jschairb-gwp/Library/CloudStorage/GoogleDrive-josh@greatwesternproductions.com/My Drive/BACKGROUND_RESEARCH/Magazines/1960s/1969/Wrestling Revue/Wrestling Revue - 1969 - January.pdf,https://ia800703.us.archive.org/29/items/wrestling-revue-1969-01-c/Wrestling%20Revue%2C%201969-01%20%28C%29.pdf,13178106,
2026-04-26T18:06:08,wrestling-revue-1972-09-c,Wrestling Revue,1972,9,dry-run,/Users/jschairb-gwp/Library/CloudStorage/GoogleDrive-josh@greatwesternproductions.com/My Drive/BACKGROUND_RESEARCH/Magazines/1970s/1972/Wrestling Revue/Wrestling Revue - 1972 - September.pdf,https://ia600108.us.archive.org/31/items/wrestling-revue-1972-09-c/Wrestling%20Revue%2C%201972-09%20%28C%29.pdf,13888564,
2026-04-26T18:06:09,wrestling-eye-1986-11-hogan-orndorff-c,Wrestling Eye,1986,11,dry-run,/Users/jschairb-gwp/Library/CloudStorage/GoogleDrive-josh@greatwesternproductions.com/My Drive/BACKGROUND_RESEARCH/Magazines/1980s/1986/Wrestling Eye/Wrestling Eye - 1986 - November.pdf,https://ia800304.us.archive.org/29/items/wrestling-eye-1986-11-hogan-orndorff-c/Wrestling%20Eye%2C%201986-11%20%28Hogan%20%26%20Orndorff%29%20%28C%29.pdf,20479350,
2026-04-26T18:06:09,1986-03-pwi-1985-the-year-in-wrestling-b,Pro Wrestling Illustrated,1986,3,dry-run,/Users/jschairb-gwp/Library/CloudStorage/GoogleDrive-josh@greatwesternproductions.com/My Drive/BACKGROUND_RESEARCH/Magazines/1980s/1986/Pro Wrestling Illustrated/Pro Wrestling Illustrated - 1986 - March.pdf,https://ia600905.us.archive.org/23/items/1986-03-pwi-1985-the-year-in-wrestling-b/1986-03%2C%20PWI%2C%201985%20The%20Year%20in%20Wrestling%20%28B%29.pdf,34809210,
2026-04-26T18:06:10,victory-sports-wrestling-1979-yearbook-1979-12-c,Victory Sports Wrestling,1979,12,dry-run,/Users/jschairb-gwp/Library/CloudStorage/GoogleDrive-josh@greatwesternproductions.com/My Drive/BACKGROUND_RESEARCH/Magazines/1970s/1979/Victory Sports Wrestling/Victory Sports Wrestling - 1979 - December.pdf,https://ia800702.us.archive.org/12/items/victory-sports-wrestling-1979-yearbook-1979-12-c/Victory%20Sports%20Wrestling%201979%20Yearbook%2C%201979-12%20%28C%29.pdf,16563598,
2026-04-26T18:06:11,wrestling-monthly-1972-07,Wrestling Monthly,1972,7,dry-run,/Users/jschairb-gwp/Library/CloudStorage/GoogleDrive-josh@greatwesternproductions.com/My Drive/BACKGROUND_RESEARCH/Magazines/1970s/1972/Wrestling Monthly/Wrestling Monthly - 1972 - July.pdf,https://ia600505.us.archive.org/30/items/wrestling-monthly-1972-07/Wrestling%20Monthly%201972%2007.pdf,27170340,
2026-04-26T18:06:11,wrestling-monthly-1976-04-c,Wrestling Monthly,1976,4,dry-run,/Users/jschairb-gwp/Library/CloudStorage/GoogleDrive-josh@greatwesternproductions.com/My Drive/BACKGROUND_RESEARCH/Magazines/1970s/1976/Wrestling Monthly/Wrestling Monthly - 1976 - April.pdf,https://ia801405.us.archive.org/0/items/wrestling-monthly-1976-04-c/Wrestling%20Monthly%2C%201976-04%20%28C%29.pdf,13897677,
2026-04-26T18:06:12,wrestling-monthly-1977-04-partial-cv-2,Wrestling Monthly,1977,4,dry-run,/Users/jschairb-gwp/Library/CloudStorage/GoogleDrive-josh@greatwesternproductions.com/My Drive/BACKGROUND_RESEARCH/Magazines/1970s/1977/Wrestling Monthly/Wrestling Monthly - 1977 - April.pdf,https://ia801400.us.archive.org/20/items/wrestling-monthly-1977-04-partial-cv-2/Wrestling%20Monthly%2C%201977-04%20%23%23Partial%23%23%20%28CV2%29.pdf,40593509,
2026-04-26T18:06:13,wrestling-revue-1962-06,Wrestling Revue,1962,6,dry-run,/Users/jschairb-gwp/Library/CloudStorage/GoogleDrive-josh@greatwesternproductions.com/My Drive/BACKGROUND_RESEARCH/Magazines/1960s/1962/Wrestling Revue/Wrestling Revue - 1962 - June.pdf,https://ia600502.us.archive.org/30/items/wrestling-revue-1962-06/Wrestling%20Revue%201962%2006.pdf,53031596,
2026-04-26T18:06:14,wrestling-revue-1968-09,Wrestling Revue,1968,9,dry-run,/Users/jschairb-gwp/Library/CloudStorage/GoogleDrive-josh@greatwesternproductions.com/My Drive/BACKGROUND_RESEARCH/Magazines/1960s/1968/Wrestling Revue/Wrestling Revue - 1968 - September.pdf,https://ia800602.us.archive.org/22/items/wrestling-revue-1968-09/Wrestling%20Revue%201968%2009.pdf,111297530,
2026-04-26T18:06:15,wrestling-scene-may-1986,Wrestling Scene,1986,5,dry-run,/Users/jschairb-gwp/Library/CloudStorage/GoogleDrive-josh@greatwesternproductions.com/My Drive/BACKGROUND_RESEARCH/Magazines/1980s/1986/Wrestling Scene/Wrestling Scene - 1986 - May.pdf,https://ia801602.us.archive.org/5/items/wrestling-scene-may-1986/Wrestling%20Scene%20May%201986.pdf,27008853,
2026-04-26T18:06:16,wrestlings-main-event-1987-12-road-warriors-c,Wrestling's Main Event,1987,12,dry-run,/Users/jschairb-gwp/Library/CloudStorage/GoogleDrive-josh@greatwesternproductions.com/My Drive/BACKGROUND_RESEARCH/Magazines/1980s/1987/Wrestling's Main Event/Wrestling's Main Event - 1987 - December.pdf,https://ia801603.us.archive.org/0/items/wrestlings-main-event-1987-12-road-warriors-c/Wrestling%27s%20Main%20Event%2C%201987-12%20%28Road%20Warriors%29%20%28C%29.pdf,13240185,
2026-04-26T18:06:17,championship-wrestling-1986-02-c,Championship Wrestling,1986,2,dry-run,/Users/jschairb-gwp/Library/CloudStorage/GoogleDrive-josh@greatwesternproductions.com/My Drive/BACKGROUND_RESEARCH/Magazines/1980s/1986/Championship Wrestling/Championship Wrestling - 1986 - February.pdf,https://ia903105.us.archive.org/19/items/championship-wrestling-1986-02-c/Championship%20Wrestling%2C%201986-02%20%28C%29.pdf,13438942,
2026-04-26T18:06:18,wrestling-revue-1972-12,Wrestling Revue,1972,12,dry-run,/Users/jschairb-gwp/Library/CloudStorage/GoogleDrive-josh@greatwesternproductions.com/My Drive/BACKGROUND_RESEARCH/Magazines/1970s/1972/Wrestling Revue/Wrestling Revue - 1972 - December.pdf,https://ia800508.us.archive.org/25/items/wrestling-revue-1972-12/Wrestling%20Revue%201972%2012.pdf,108169301,
2026-04-26T18:06:19,wrestling-revue-1973-11-c,Wrestling Revue,1973,11,dry-run,/Users/jschairb-gwp/Library/CloudStorage/GoogleDrive-josh@greatwesternproductions.com/My Drive/BACKGROUND_RESEARCH/Magazines/1970s/1973/Wrestling Revue/Wrestling Revue - 1973 - November.pdf,https://ia801204.us.archive.org/21/items/wrestling-revue-1973-11-c/Wrestling%20Revue%2C%201973-11%20%28C%29.pdf,13265849,
2026-04-26T18:06:20,wrestling-world-1986-12-c,Wrestling World,1986,12,dry-run,/Users/jschairb-gwp/Library/CloudStorage/GoogleDrive-josh@greatwesternproductions.com/My Drive/BACKGROUND_RESEARCH/Magazines/1980s/1986/Wrestling World/Wrestling World - 1986 - December.pdf,https://ia902808.us.archive.org/4/items/wrestling-world-1986-12-c/Wrestling%20World%2C%201986-12%20%28C%29.pdf,14266369,
2026-04-26T18:06:21,wrestling-revue-1978-04-c,Wrestling Revue,1978,4,dry-run,/Users/jschairb-gwp/Library/CloudStorage/GoogleDrive-josh@greatwesternproductions.com/My Drive/BACKGROUND_RESEARCH/Magazines/1970s/1978/Wrestling Revue/Wrestling Revue - 1978 - April.pdf,https://ia801808.us.archive.org/2/items/wrestling-revue-1978-04-c/Wrestling%20Revue%2C%201978-04%20%28C%29.pdf,13887953,
2026-04-26T18:06:22,wrestlings-main-event-1989-09-cv-2,Wrestling's Main Event,1989,9,dry-run,/Users/jschairb-gwp/Library/CloudStorage/GoogleDrive-josh@greatwesternproductions.com/My Drive/BACKGROUND_RESEARCH/Magazines/1980s/1989/Wrestling's Main Event/Wrestling's Main Event - 1989 - September.pdf,https://ia801706.us.archive.org/22/items/wrestlings-main-event-1989-09-cv-2/Wrestling%27s%20Main%20Event%2C%201989-09%20%28CV2%29.pdf,30615119,
2026-04-26T18:06:23,wwf-magazine-volume-6-number-6-june-1987_202510,WWF Magazine,1987,6,dry-run,/Users/jschairb-gwp/Library/CloudStorage/GoogleDrive-josh@greatwesternproductions.com/My Drive/BACKGROUND_RESEARCH/Magazines/1980s/1987/WWF Magazine/WWF Magazine - 1987 - June.pdf,https://ia601005.us.archive.org/12/items/wwf-magazine-volume-6-number-6-june-1987_202510/WWF%20Magazine%20Volume%206%2C%20Number%206%20%28June%201987%29.pdf,8920897,
2026-04-26T18:06:24,wrestling-illustrated-1965-11,Wrestling Illustrated,1965,11,dry-run,/Users/jschairb-gwp/Library/CloudStorage/GoogleDrive-josh@greatwesternproductions.com/My Drive/BACKGROUND_RESEARCH/Magazines/1960s/1965/Wrestling Illustrated/Wrestling Illustrated - 1965 - November.pdf,https://ia800102.us.archive.org/30/items/wrestling-illustrated-1965-11/Wrestling%20Illustrated%201965%2011.pdf,79492759,
2026-04-26T18:06:25,wrestling-monthly-1972-05,Wrestling Monthly,1972,5,dry-run,/Users/jschairb-gwp/Library/CloudStorage/GoogleDrive-josh@greatwesternproductions.com/My Drive/BACKGROUND_RESEARCH/Magazines/1970s/1972/Wrestling Monthly/Wrestling Monthly - 1972 - May.pdf,https://ia800509.us.archive.org/3/items/wrestling-monthly-1972-05/Wrestling%20Monthly%201972%2005.pdf,37607987,
2026-04-26T18:06:26,wrestling-revue-1971-10,Wrestling Revue,1971,10,dry-run,/Users/jschairb-gwp/Library/CloudStorage/GoogleDrive-josh@greatwesternproductions.com/My Drive/BACKGROUND_RESEARCH/Magazines/1970s/1971/Wrestling Revue/Wrestling Revue - 1971 - October.pdf,https://ia600101.us.archive.org/1/items/wrestling-revue-1971-10/Wrestling%20Revue%201971%2010.pdf,104438753,
2026-04-26T18:06:27,wrestling-yearbook-1973-5,Wrestling Yearbook,1973,5,dry-run,/Users/jschairb-gwp/Library/CloudStorage/GoogleDrive-josh@greatwesternproductions.com/My Drive/BACKGROUND_RESEARCH/Magazines/1970s/1973/Wrestling Yearbook/Wrestling Yearbook - 1973 - May.pdf,https://ia600800.us.archive.org/20/items/wrestling-yearbook-1973-5/Wrestling%20Yearbook%201973%20%235.pdf,65771240,
2026-04-26T18:06:28,wrestling-revue-1972-08,Wrestling Revue,1972,8,dry-run,/Users/jschairb-gwp/Library/CloudStorage/GoogleDrive-josh@greatwesternproductions.com/My Drive/BACKGROUND_RESEARCH/Magazines/1970s/1972/Wrestling Revue/Wrestling Revue - 1972 - August.pdf,https://ia600906.us.archive.org/33/items/wrestling-revue-1972-08/Wrestling%20Revue%201972%2008.pdf,110566873,
2026-04-26T18:06:29,1989-03-pwi-1988-the-year-in-wrestling,Pro Wrestling Illustrated,1989,3,dry-run,/Users/jschairb-gwp/Library/CloudStorage/GoogleDrive-josh@greatwesternproductions.com/My Drive/BACKGROUND_RESEARCH/Magazines/1980s/1989/Pro Wrestling Illustrated/Pro Wrestling Illustrated - 1989 - March.pdf,https://ia600401.us.archive.org/2/items/1989-03-pwi-1988-the-year-in-wrestling/1989-03%2C%20PWI%2C%201988%20The%20Year%20In%20Wrestling%20%28B%29.pdf,37923544,
2026-04-26T18:06:30,wcw-magazine-1989-12-wrap-up,WCW Magazine,1989,12,dry-run,/Users/jschairb-gwp/Library/CloudStorage/GoogleDrive-josh@greatwesternproductions.com/My Drive/BACKGROUND_RESEARCH/Magazines/1980s/1989/WCW Magazine/WCW Magazine - 1989 - December.pdf,https://ia600704.us.archive.org/9/items/wcw-magazine-1989-12-wrap-up/WCW%20Magazine%201989-12%20Wrap%20Up.pdf,7047150,
2026-04-26T18:06:31,6-wrestling-revue-jun-1980,Wrestling Revue,1980,6,dry-run,/Users/jschairb-gwp/Library/CloudStorage/GoogleDrive-josh@greatwesternproductions.com/My Drive/BACKGROUND_RESEARCH/Magazines/1980s/1980/Wrestling Revue/Wrestling Revue - 1980 - June.pdf,https://ia801201.us.archive.org/34/items/6-wrestling-revue-jun-1980/6%20Wrestling%20Revue%20Jun%201980.pdf,61740662,
2026-04-26T18:06:32,6-srw-jun-1977,Sports Review Wrestling,1977,6,dry-run,/Users/jschairb-gwp/Library/CloudStorage/GoogleDrive-josh@greatwesternproductions.com/My Drive/BACKGROUND_RESEARCH/Magazines/1970s/1977/Sports Review Wrestling/Sports Review Wrestling - 1977 - June.pdf,https://ia800608.us.archive.org/25/items/6-srw-jun-1977/6%20SRW%20Jun%201977.pdf,64425602,
2026-04-26T18:06:33,Big_Book_of_Wrestling_The_1971_12DEC,Big Book of Wrestling,1971,12,dry-run,/Users/jschairb-gwp/Library/CloudStorage/GoogleDrive-josh@greatwesternproductions.com/My Drive/BACKGROUND_RESEARCH/Magazines/1970s/1971/Big Book of Wrestling/Big Book of Wrestling - 1971 - December.pdf,https://ia800405.us.archive.org/32/items/Big_Book_of_Wrestling_The_1971_12DEC/Big_Book_of_Wrestling_The_1971_12DEC.pdf,75267898,
2026-04-26T18:06:34,wrestling-illustrated-1966-01-c,Wrestling Illustrated,1966,1,dry-run,/Users/jschairb-gwp/Library/CloudStorage/GoogleDrive-josh@greatwesternproductions.com/My Drive/BACKGROUND_RESEARCH/Magazines/1960s/1966/Wrestling Illustrated/Wrestling Illustrated - 1966 - January.pdf,https://ia801509.us.archive.org/1/items/wrestling-illustrated-1966-01-c/Wrestling%20Illustrated%2C%201966-01%20%28C%29.pdf,13273773,
2026-04-26T18:06:35,wrestling-power-1988-06-c,Wrestling Power,1988,6,dry-run,/Users/jschairb-gwp/Library/CloudStorage/GoogleDrive-josh@greatwesternproductions.com/My Drive/BACKGROUND_RESEARCH/Magazines/1980s/1988/Wrestling Power/Wrestling Power - 1988 - June.pdf,https://ia902805.us.archive.org/35/items/wrestling-power-1988-06-c/Wrestling%20Power%2C%201988-06%20%28C%29.pdf,14487260,
2026-04-26T18:06:36,wrestling-revue-1966-10,Wrestling Revue,1966,10,dry-run,/Users/jschairb-gwp/Library/CloudStorage/GoogleDrive-josh@greatwesternproductions.com/My Drive/BACKGROUND_RESEARCH/Magazines/1960s/1966/Wrestling Revue/Wrestling Revue - 1966 - October.pdf,https://ia800506.us.archive.org/11/items/wrestling-revue-1966-10/Wrestling%20Revue%201966%2010.pdf,105042573,
2026-04-26T18:06:37,wrestling-eye-1989-06-c,Wrestling Eye,1989,6,dry-run,/Users/jschairb-gwp/Library/CloudStorage/GoogleDrive-josh@greatwesternproductions.com/My Drive/BACKGROUND_RESEARCH/Magazines/1980s/1989/Wrestling Eye/Wrestling Eye - 1989 - June.pdf,https://ia601207.us.archive.org/13/items/wrestling-eye-1989-06-c/Wrestling%20Eye%2C%201989-06%20%28C%29.pdf,19463116,
2026-04-26T18:06:38,wrestling-ringside-1986-05-19-incomplete-c,Wrestling Ringside,1986,5,dry-run,/Users/jschairb-gwp/Library/CloudStorage/GoogleDrive-josh@greatwesternproductions.com/My Drive/BACKGROUND_RESEARCH/Magazines/1980s/1986/Wrestling Ringside/Wrestling Ringside - 1986 - May.pdf,https://ia601708.us.archive.org/32/items/wrestling-ringside-1986-05-19-incomplete-c/Wrestling%20Ringside%2C%201986-05%20%2319%20%23%23Incomplete%23%23%20%28C%29.pdf,13302937,
2026-04-26T18:06:39,wrestlings-main-event-1987-01-c,Wrestling's Main Event,1987,1,dry-run,/Users/jschairb-gwp/Library/CloudStorage/GoogleDrive-josh@greatwesternproductions.com/My Drive/BACKGROUND_RESEARCH/Magazines/1980s/1987/Wrestling's Main Event/Wrestling's Main Event - 1987 - January.pdf,https://ia601208.us.archive.org/4/items/wrestlings-main-event-1987-01-c/Wrestling%27s%20Main%20Event%2C%201987-01%20%28C%29.pdf,15481089,
2026-04-26T18:06:40,wrestlings-main-event-1987-02-cv-2,Wrestling's Main Event,1987,2,dry-run,/Users/jschairb-gwp/Library/CloudStorage/GoogleDrive-josh@greatwesternproductions.com/My Drive/BACKGROUND_RESEARCH/Magazines/1980s/1987/Wrestling's Main Event/Wrestling's Main Event - 1987 - February.pdf,https://ia600604.us.archive.org/12/items/wrestlings-main-event-1987-02-cv-2/Wrestling%27s%20MAIN%20Event%2C%201987-02%20%28CV2%29.pdf,30772273,
2026-04-26T18:06:41,6-wrestler-jun-1976,The Wrestler,1976,6,dry-run,/Users/jschairb-gwp/Library/CloudStorage/GoogleDrive-josh@greatwesternproductions.com/My Drive/BACKGROUND_RESEARCH/Magazines/1970s/1976/The Wrestler/The Wrestler - 1976 - June.pdf,https://ia601304.us.archive.org/33/items/6-wrestler-jun-1976/6%20Wrestler%20Jun%201976.pdf,63416686,
2026-04-26T18:06:43,big-book-of-wrestling-1977-11-ken-patera,Big Book of Wrestling,1977,11,dry-run,/Users/jschairb-gwp/Library/CloudStorage/GoogleDrive-josh@greatwesternproductions.com/My Drive/BACKGROUND_RESEARCH/Magazines/1970s/1977/Big Book of Wrestling/Big Book of Wrestling - 1977 - November.pdf,https://ia800504.us.archive.org/0/items/big-book-of-wrestling-1977-11-ken-patera/Big%20Book%20of%20Wrestling%2C%201977-11%20%28Ken%20Patera%29.pdf,22811730,
2026-04-26T18:06:44,glow-1988-09-issue-6,GLOW,1988,9,dry-run,/Users/jschairb-gwp/Library/CloudStorage/GoogleDrive-josh@greatwesternproductions.com/My Drive/BACKGROUND_RESEARCH/Magazines/1980s/1988/GLOW/GLOW - 1988 - September.pdf,https://ia803101.us.archive.org/17/items/glow-1988-09-issue-6/Glow%2C%201988-09%20%28Issue%20%236%29.pdf,24352967,
2026-04-26T18:06:44,1-srw-jan-1983_202310,Sports Review Wrestling,1983,1,dry-run,/Users/jschairb-gwp/Library/CloudStorage/GoogleDrive-josh@greatwesternproductions.com/My Drive/BACKGROUND_RESEARCH/Magazines/1980s/1983/Sports Review Wrestling/Sports Review Wrestling - 1983 - January.pdf,https://ia800505.us.archive.org/3/items/1-srw-jan-1983_202310/1%20SRW%20Jan%201983.pdf,11628034,
2026-04-26T18:06:48,4-srw-apr-1981,Sports Review Wrestling,1981,4,dry-run,/Users/jschairb-gwp/Library/CloudStorage/GoogleDrive-josh@greatwesternproductions.com/My Drive/BACKGROUND_RESEARCH/Magazines/1980s/1981/Sports Review Wrestling/Sports Review Wrestling - 1981 - April.pdf,https://ia601408.us.archive.org/9/items/4-srw-apr-1981/4%20SRW%20Apr%201981.pdf,39415437,
2026-04-26T18:06:48,inside-wrestling-1986-10-c,Inside Wrestling,1986,10,dry-run,/Users/jschairb-gwp/Library/CloudStorage/GoogleDrive-josh@greatwesternproductions.com/My Drive/BACKGROUND_RESEARCH/Magazines/1980s/1986/Inside Wrestling/Inside Wrestling - 1986 - October.pdf,https://ia800308.us.archive.org/8/items/inside-wrestling-1986-10-c/Inside%20Wrestling%2C%201986-10%20%28C%29.pdf,13626258,
2026-04-26T18:06:51,inside-wrestling-1971-05-pedro-morales-c,Inside Wrestling,1971,5,dry-run,/Users/jschairb-gwp/Library/CloudStorage/GoogleDrive-josh@greatwesternproductions.com/My Drive/BACKGROUND_RESEARCH/Magazines/1970s/1971/Inside Wrestling/Inside Wrestling - 1971 - May.pdf,https://ia601408.us.archive.org/28/items/inside-wrestling-1971-05-pedro-morales-c/Inside%20Wrestling%2C%201971-05%20%28Pedro%20Morales%29%20%28C%29.pdf,13468665,
2026-04-26T18:06:52,inside-wrestling-1974-03-superstar-graham-pedro-c,Inside Wrestling,1974,3,dry-run,/Users/jschairb-gwp/Library/CloudStorage/GoogleDrive-josh@greatwesternproductions.com/My Drive/BACKGROUND_RESEARCH/Magazines/1970s/1974/Inside Wrestling/Inside Wrestling - 1974 - March.pdf,https://ia801404.us.archive.org/29/items/inside-wrestling-1974-03-superstar-graham-pedro-c/Inside%20Wrestling%2C%201974-03%20%28Superstar%20Graham%2C%20Pedro%29%20%28C%29.pdf,14028278,
2026-04-26T18:06:53,inside-wrestling-1976-10-rocky-johnson-bruno-c,Inside Wrestling,1976,10,dry-run,/Users/jschairb-gwp/Library/CloudStorage/GoogleDrive-josh@greatwesternproductions.com/My Drive/BACKGROUND_RESEARCH/Magazines/1970s/1976/Inside Wrestling/Inside Wrestling - 1976 - October.pdf,https://ia600400.us.archive.org/19/items/inside-wrestling-1976-10-rocky-johnson-bruno-c/Inside%20Wrestling%2C%201976-10%20%28Rocky%20Johnson%2C%20Bruno%29%20%28C%29.pdf,14050666,
2026-04-26T18:06:54,inside-wrestling-1977-11-ivan-putski-c,Inside Wrestling,1977,11,dry-run,/Users/jschairb-gwp/Library/CloudStorage/GoogleDrive-josh@greatwesternproductions.com/My Drive/BACKGROUND_RESEARCH/Magazines/1970s/1977/Inside Wrestling/Inside Wrestling - 1977 - November.pdf,https://ia600504.us.archive.org/23/items/inside-wrestling-1977-11-ivan-putski-c/Inside%20Wrestling%2C%201977-11%20%28Ivan%20Putski%29%20%28C%29.pdf,15336483,
2026-04-26T18:06:55,inside-wrestling-1978-10-c,Inside Wrestling,1978,10,dry-run,/Users/jschairb-gwp/Library/CloudStorage/GoogleDrive-josh@greatwesternproductions.com/My Drive/BACKGROUND_RESEARCH/Magazines/1970s/1978/Inside Wrestling/Inside Wrestling - 1978 - October.pdf,https://ia801705.us.archive.org/21/items/inside-wrestling-1978-10-c/Inside%20Wrestling%2C%201978-10%20%28C%29.pdf,14422056,
2026-04-26T18:06:55,inside-wrestling-1979-01-bruno-sammartino,Inside Wrestling,1979,1,dry-run,/Users/jschairb-gwp/Library/CloudStorage/GoogleDrive-josh@greatwesternproductions.com/My Drive/BACKGROUND_RESEARCH/Magazines/1970s/1979/Inside Wrestling/Inside Wrestling - 1979 - January.pdf,https://ia800909.us.archive.org/22/items/inside-wrestling-1979-01-bruno-sammartino/Inside%20Wrestling%2C%201979-01%20%28Bruno%20Sammartino%29.pdf,22081076,
2026-04-26T18:06:56,wwf-magazine-volume-6-number-3-april-may-1987_202404,WWF Magazine,1987,4,dry-run,/Users/jschairb-gwp/Library/CloudStorage/GoogleDrive-josh@greatwesternproductions.com/My Drive/BACKGROUND_RESEARCH/Magazines/1980s/1987/WWF Magazine/WWF Magazine - 1987 - April.pdf,https://ia800301.us.archive.org/26/items/wwf-magazine-volume-6-number-3-april-may-1987_202404/WWF%20Magazine%20Volume%206%2C%20Number%203%20%28April-May%201987%29.pdf,8633731,
2026-04-26T18:06:56,wrestling-all-stars-1985-07-12-c,Wrestling All Stars,1985,7,dry-run,/Users/jschairb-gwp/Library/CloudStorage/GoogleDrive-josh@greatwesternproductions.com/My Drive/BACKGROUND_RESEARCH/Magazines/1980s/1985/Wrestling All Stars/Wrestling All Stars - 1985 - July.pdf,https://ia601305.us.archive.org/8/items/wrestling-all-stars-1985-07-12-c/Wrestling%20All%20Stars%2C%201985-07%20%2312%20%28C%29.pdf,18101312,
2026-04-26T18:06:57,wrestling-fury-1988-02-incomplete-c,Wrestling Fury,1988,2,dry-run,/Users/jschairb-gwp/Library/CloudStorage/GoogleDrive-josh@greatwesternproductions.com/My Drive/BACKGROUND_RESEARCH/Magazines/1980s/1988/Wrestling Fury/Wrestling Fury - 1988 - February.pdf,https://ia800602.us.archive.org/7/items/wrestling-fury-1988-02-incomplete-c/Wrestling%20Fury%2C%201988-02%20%23%23Incomplete%23%23%20%28C%29.pdf,13842941,
2026-04-26T18:06:58,wrestling-monthly-1978-11-gino-brita-c,Wrestling Monthly,1978,11,dry-run,/Users/jschairb-gwp/Library/CloudStorage/GoogleDrive-josh@greatwesternproductions.com/My Drive/BACKGROUND_RESEARCH/Magazines/1970s/1978/Wrestling Monthly/Wrestling Monthly - 1978 - November.pdf,https://ia800600.us.archive.org/8/items/wrestling-monthly-1978-11-gino-brita-c/Wrestling%20Monthly%2C%201978-11%20%28Gino%20Brita%29%20%28C%29.pdf,13979003,
2026-04-26T18:06:58,wrestling-eye-1986-02-c,Wrestling Eye,1986,2,dry-run,/Users/jschairb-gwp/Library/CloudStorage/GoogleDrive-josh@greatwesternproductions.com/My Drive/BACKGROUND_RESEARCH/Magazines/1980s/1986/Wrestling Eye/Wrestling Eye - 1986 - February.pdf,https://ia601308.us.archive.org/35/items/wrestling-eye-1986-02-c/Wrestling%20Eye%2C%201986-02%20%28C%29.pdf,19220110,
2026-04-26T18:06:59,wrestling-eye-1986-02-incomplete-c,Wrestling Eye,1986,2,dry-run,/Users/jschairb-gwp/Library/CloudStorage/GoogleDrive-josh@greatwesternproductions.com/My Drive/BACKGROUND_RESEARCH/Magazines/1980s/1986/Wrestling Eye/Wrestling Eye - 1986 - February.pdf,https://ia801805.us.archive.org/28/items/wrestling-eye-1986-02-incomplete-c/Wrestling%20Eye%2C%201986-02%20%23%23INCOMPLETE%23%23%20%28C%29.pdf,14116775,
2026-04-26T18:07:00,wrestling-revue-1969-04-c,Wrestling Revue,1969,4,dry-run,/Users/jschairb-gwp/Library/CloudStorage/GoogleDrive-josh@greatwesternproductions.com/My Drive/BACKGROUND_RESEARCH/Magazines/1960s/1969/Wrestling Revue/Wrestling Revue - 1969 - April.pdf,https://ia802800.us.archive.org/24/items/wrestling-revue-1969-04-c/Wrestling%20Revue%2C%201969-04%20%28C%29.pdf,13933005,
2026-04-26T18:07:00,wrestling-revue-1984-09-111-c,Wrestling Revue,1984,9,dry-run,/Users/jschairb-gwp/Library/CloudStorage/GoogleDrive-josh@greatwesternproductions.com/My Drive/BACKGROUND_RESEARCH/Magazines/1980s/1984/Wrestling Revue/Wrestling Revue - 1984 - September.pdf,https://ia601308.us.archive.org/7/items/wrestling-revue-1984-09-111-c/Wrestling%20Revue%2C%201984-09%20%23111%20%28C%29.pdf,15111452,
2026-04-26T18:07:01,wrestling-world-1966-06-bruno-sammartino-c,Wrestling World,1966,6,dry-run,/Users/jschairb-gwp/Library/CloudStorage/GoogleDrive-josh@greatwesternproductions.com/My Drive/BACKGROUND_RESEARCH/Magazines/1960s/1966/Wrestling World/Wrestling World - 1966 - June.pdf,https://ia801509.us.archive.org/18/items/wrestling-world-1966-06-bruno-sammartino-c/Wrestling%20World%2C%201966-06%20%28Bruno%20Sammartino%29%20%28C%29.pdf,13354719,
2026-04-26T18:07:02,official-wrestling-magazine-1975-07-c,Official Wrestling,1975,7,dry-run,/Users/jschairb-gwp/Library/CloudStorage/GoogleDrive-josh@greatwesternproductions.com/My Drive/BACKGROUND_RESEARCH/Magazines/1970s/1975/Official Wrestling/Official Wrestling - 1975 - July.pdf,https://ia600806.us.archive.org/5/items/official-wrestling-magazine-1975-07-c/Official%20Wrestling%20Magazine%2C%201975-07%20%28C%29.pdf,13540041,
2026-04-26T18:07:03,1-srw-jan-1978,Sports Review Wrestling,1978,1,dry-run,/Users/jschairb-gwp/Library/CloudStorage/GoogleDrive-josh@greatwesternproductions.com/My Drive/BACKGROUND_RESEARCH/Magazines/1970s/1978/Sports Review Wrestling/Sports Review Wrestling - 1978 - January.pdf,https://ia600804.us.archive.org/10/items/1-srw-jan-1978/1%20SRW%20Jan%201978.pdf,60474698,
2026-04-26T18:07:04,10-wrestler-oct-1980,The Wrestler,1980,10,dry-run,/Users/jschairb-gwp/Library/CloudStorage/GoogleDrive-josh@greatwesternproductions.com/My Drive/BACKGROUND_RESEARCH/Magazines/1980s/1980/The Wrestler/The Wrestler - 1980 - October.pdf,https://ia600802.us.archive.org/13/items/10-wrestler-oct-1980/10%20Wrestler%20Oct%201980.pdf,52623249,
2026-04-26T18:07:05,wcw-magazine-1989-08-wrap-up,WCW Magazine,1989,8,dry-run,/Users/jschairb-gwp/Library/CloudStorage/GoogleDrive-josh@greatwesternproductions.com/My Drive/BACKGROUND_RESEARCH/Magazines/1980s/1989/WCW Magazine/WCW Magazine - 1989 - August.pdf,https://ia801804.us.archive.org/27/items/wcw-magazine-1989-08-wrap-up/WCW%20Magazine%201989-08%20Wrap%20Up.pdf,2582724,
2026-04-26T18:07:06,wrestlings-main-event-1983-06-mil-mascaras-c,Wrestling's Main Event,1983,6,dry-run,/Users/jschairb-gwp/Library/CloudStorage/GoogleDrive-josh@greatwesternproductions.com/My Drive/BACKGROUND_RESEARCH/Magazines/1980s/1983/Wrestling's Main Event/Wrestling's Main Event - 1983 - June.pdf,https://ia601600.us.archive.org/34/items/wrestlings-main-event-1983-06-mil-mascaras-c/Wrestling%27s%20Main%20Event%2C%201983-06%20%28Mil%20Mascaras%29%20%28C%29.pdf,13734298,
2026-04-26T18:07:07,wrestling-all-stars-1983-10-dick-slater-ric-flair-b,Wrestling All Stars,1983,10,dry-run,/Users/jschairb-gwp/Library/CloudStorage/GoogleDrive-josh@greatwesternproductions.com/My Drive/BACKGROUND_RESEARCH/Magazines/1980s/1983/Wrestling All Stars/Wrestling All Stars - 1983 - October.pdf,https://ia803207.us.archive.org/8/items/wrestling-all-stars-1983-10-dick-slater-ric-flair-b/Wrestling%20All%20Stars%2C%201983-10%20%28Dick%20Slater%20%26%20Ric%20Flair%29%20%28B%29.pdf,19347303,
2026-04-26T18:07:08,wrestling-all-stars-1985-10-road-warriors-c,Wrestling All Stars,1985,10,dry-run,/Users/jschairb-gwp/Library/CloudStorage/GoogleDrive-josh@greatwesternproductions.com/My Drive/BACKGROUND_RESEARCH/Magazines/1980s/1985/Wrestling All Stars/Wrestling All Stars - 1985 - October.pdf,https://ia600301.us.archive.org/14/items/wrestling-all-stars-1985-10-road-warriors-c/Wrestling%20All%20Stars%2C%201985-10%20%28Road%20Warriors%29%20%28C%29.pdf,18540074,
2026-04-26T18:07:09,wrestling-eye-1985-11-hulk-hogan-b,Wrestling Eye,1985,11,dry-run,/Users/jschairb-gwp/Library/CloudStorage/GoogleDrive-josh@greatwesternproductions.com/My Drive/BACKGROUND_RESEARCH/Magazines/1980s/1985/Wrestling Eye/Wrestling Eye - 1985 - November.pdf,https://ia801002.us.archive.org/8/items/wrestling-eye-1985-11-hulk-hogan-b/Wrestling%20Eye%2C%201985-11%20%28Hulk%20Hogan%29%20%28B%29.pdf,19101272,
2026-04-26T18:07:10,wrestling-eye-1988-09-hulk-hogan-b,Wrestling Eye,1988,9,dry-run,/Users/jschairb-gwp/Library/CloudStorage/GoogleDrive-josh@greatwesternproductions.com/My Drive/BACKGROUND_RESEARCH/Magazines/1980s/1988/Wrestling Eye/Wrestling Eye - 1988 - September.pdf,https://ia800104.us.archive.org/26/items/wrestling-eye-1988-09-hulk-hogan-b/Wrestling%20Eye%2C%201988-09%20%28Hulk%20Hogan%29%20%28B%29.pdf,18482246,
2026-04-26T18:07:11,wrestling-eye-1988-10-c,Wrestling Eye,1988,10,dry-run,/Users/jschairb-gwp/Library/CloudStorage/GoogleDrive-josh@greatwesternproductions.com/My Drive/BACKGROUND_RESEARCH/Magazines/1980s/1988/Wrestling Eye/Wrestling Eye - 1988 - October.pdf,https://ia601309.us.archive.org/25/items/wrestling-eye-1988-10-c/Wrestling%20Eye%2C%201988-10%20%28C%29.pdf,19426010,
2026-04-26T18:07:12,wrestlings-main-event-1986-05-c,Wrestling's Main Event,1986,5,dry-run,/Users/jschairb-gwp/Library/CloudStorage/GoogleDrive-josh@greatwesternproductions.com/My Drive/BACKGROUND_RESEARCH/Magazines/1980s/1986/Wrestling's Main Event/Wrestling's Main Event - 1986 - May.pdf,https://ia800408.us.archive.org/23/items/wrestlings-main-event-1986-05-c/Wrestling%27s%20Main%20Event%2C%201986-05%20%28C%29.pdf,14215742,
2026-04-26T18:07:13,wrestlings-main-event-1986-09-c,Wrestling's Main Event,1986,9,dry-run,/Users/jschairb-gwp/Library/CloudStorage/GoogleDrive-josh@greatwesternproductions.com/My Drive/BACKGROUND_RESEARCH/Magazines/1980s/1986/Wrestling's Main Event/Wrestling's Main Event - 1986 - September.pdf,https://ia800707.us.archive.org/13/items/wrestlings-main-event-1986-09-c/Wrestling%27s%20Main%20Event%2C%201986-09%20%28C%29.pdf,14269154,
2026-04-26T18:07:14,wrestlings-main-event-1987-07-cv-2,Wrestling's Main Event,1987,7,dry-run,/Users/jschairb-gwp/Library/CloudStorage/GoogleDrive-josh@greatwesternproductions.com/My Drive/BACKGROUND_RESEARCH/Magazines/1980s/1987/Wrestling's Main Event/Wrestling's Main Event - 1987 - July.pdf,https://ia800603.us.archive.org/34/items/wrestlings-main-event-1987-07-cv-2/Wrestling%27s%20MAIN%20Event%2C%201987-07%20%28CV2%29.pdf,33550215,
2026-04-26T18:07:15,wrestling-monthly-1977-11-c,Wrestling Monthly,1977,11,dry-run,/Users/jschairb-gwp/Library/CloudStorage/GoogleDrive-josh@greatwesternproductions.com/My Drive/BACKGROUND_RESEARCH/Magazines/1970s/1977/Wrestling Monthly/Wrestling Monthly - 1977 - November.pdf,https://ia600709.us.archive.org/35/items/wrestling-monthly-1977-11-c/Wrestling%20Monthly%2C%201977-11%20%28C%29.pdf,13783168,
2026-04-26T18:07:17,wrestling-superstars-1977-08-superstar-graham-c,Wrestling Superstars,1977,8,dry-run,/Users/jschairb-gwp/Library/CloudStorage/GoogleDrive-josh@greatwesternproductions.com/My Drive/BACKGROUND_RESEARCH/Magazines/1970s/1977/Wrestling Superstars/Wrestling Superstars - 1977 - August.pdf,https://ia601409.us.archive.org/20/items/wrestling-superstars-1977-08-superstar-graham-c/Wrestling%20Superstars%2C%201977-08%20%28Superstar%20Graham%29%20%28C%29.pdf,14500294,
2026-04-26T18:07:17,wrestling-scene-1987-06-tony-atlas-39-c,Wrestling Scene,1987,6,dry-run,/Users/jschairb-gwp/Library/CloudStorage/GoogleDrive-josh@greatwesternproductions.com/My Drive/BACKGROUND_RESEARCH/Magazines/1980s/1987/Wrestling Scene/Wrestling Scene - 1987 - June.pdf,https://ia800701.us.archive.org/10/items/wrestling-scene-1987-06-tony-atlas-39-c/Wrestling%20Scene%2C%201987-06%20%28Tony%20Atlas%20%2339%29%20%28C%29.pdf,18386587,
2026-04-26T18:07:18,big-book-of-wrestling-1976-05-the-shiek,Big Book of Wrestling,1976,5,dry-run,/Users/jschairb-gwp/Library/CloudStorage/GoogleDrive-josh@greatwesternproductions.com/My Drive/BACKGROUND_RESEARCH/Magazines/1970s/1976/Big Book of Wrestling/Big Book of Wrestling - 1976 - May.pdf,https://ia802905.us.archive.org/31/items/big-book-of-wrestling-1976-05-the-shiek/Big%20Book%20of%20Wrestling%2C%201976-05%20%28The%20Shiek%29.pdf,8056021,
2026-04-26T18:07:19,inside-wrestling-1974-04-bruno-strongbow-murdoch-c,Inside Wrestling,1974,4,dry-run,/Users/jschairb-gwp/Library/CloudStorage/GoogleDrive-josh@greatwesternproductions.com/My Drive/BACKGROUND_RESEARCH/Magazines/1970s/1974/Inside Wrestling/Inside Wrestling - 1974 - April.pdf,https://ia600902.us.archive.org/26/items/inside-wrestling-1974-04-bruno-strongbow-murdoch-c/Inside%20Wrestling%2C%201974-04%20%28Bruno%2C%20Strongbow%2C%20Murdoch%29%20%28C%29.pdf,13924223,
2026-04-26T18:07:21,inside-wrestling-1975-12-andre-dino-bravo-c,Inside Wrestling,1975,12,dry-run,/Users/jschairb-gwp/Library/CloudStorage/GoogleDrive-josh@greatwesternproductions.com/My Drive/BACKGROUND_RESEARCH/Magazines/1970s/1975/Inside Wrestling/Inside Wrestling - 1975 - December.pdf,https://ia803206.us.archive.org/7/items/inside-wrestling-1975-12-andre-dino-bravo-c/Inside%20Wrestling%2C%201975-12%20%28Andre%20%26%20Dino%20Bravo%29%20%28C%29.pdf,13307054,
2026-04-26T18:07:22,inside-wrestling-1976-05-andre-ernie-ladd-c,Inside Wrestling,1976,5,dry-run,/Users/jschairb-gwp/Library/CloudStorage/GoogleDrive-josh@greatwesternproductions.com/My Drive/BACKGROUND_RESEARCH/Magazines/1970s/1976/Inside Wrestling/Inside Wrestling - 1976 - May.pdf,https://ia801506.us.archive.org/17/items/inside-wrestling-1976-05-andre-ernie-ladd-c/Inside%20Wrestling%2C%201976-05%20%28Andre%20%26%20Ernie%20Ladd%29%20%28C%29.pdf,13853554,
2026-04-26T18:07:23,inside-wrestling-1976-09-andre-the-giant-c,Inside Wrestling,1976,9,dry-run,/Users/jschairb-gwp/Library/CloudStorage/GoogleDrive-josh@greatwesternproductions.com/My Drive/BACKGROUND_RESEARCH/Magazines/1970s/1976/Inside Wrestling/Inside Wrestling - 1976 - September.pdf,https://ia800803.us.archive.org/27/items/inside-wrestling-1976-09-andre-the-giant-c/Inside%20Wrestling%2C%201976-09%20%28Andre%20the%20Giant%29%20%28C%29.pdf,15262069,
2026-04-26T18:07:24,inside-wrestling-1983-01-superfly-albana-studd-c,Inside Wrestling,1983,1,dry-run,/Users/jschairb-gwp/Library/CloudStorage/GoogleDrive-josh@greatwesternproductions.com/My Drive/BACKGROUND_RESEARCH/Magazines/1980s/1983/Inside Wrestling/Inside Wrestling - 1983 - January.pdf,https://ia801503.us.archive.org/33/items/inside-wrestling-1983-01-superfly-albana-studd-c/Inside%20Wrestling%2C%201983-01%20%28Superfly%2C%20Albana%20%26%20Studd%29%20%28C%29.pdf,13581027,
2026-04-26T18:07:24,inside-wrestling-1988-08-c,Inside Wrestling,1988,8,dry-run,/Users/jschairb-gwp/Library/CloudStorage/GoogleDrive-josh@greatwesternproductions.com/My Drive/BACKGROUND_RESEARCH/Magazines/1980s/1988/Inside Wrestling/Inside Wrestling - 1988 - August.pdf,https://ia801905.us.archive.org/8/items/inside-wrestling-1988-08-c/Inside%20Wrestling%2C%201988-08%20%28C%29.pdf,13779592,
2026-04-26T18:07:25,inside-wrestling-1989-04-c,Inside Wrestling,1989,4,dry-run,/Users/jschairb-gwp/Library/CloudStorage/GoogleDrive-josh@greatwesternproductions.com/My Drive/BACKGROUND_RESEARCH/Magazines/1980s/1989/Inside Wrestling/Inside Wrestling - 1989 - April.pdf,https://ia800505.us.archive.org/11/items/inside-wrestling-1989-04-c/Inside%20Wrestling%2C%201989-04%20%28C%29.pdf,15135839,
2026-04-26T18:07:26,pro-wrestling-illustrated-1983-06-rick-martel-c,Pro Wrestling Illustrated,1983,6,dry-run,/Users/jschairb-gwp/Library/CloudStorage/GoogleDrive-josh@greatwesternproductions.com/My Drive/BACKGROUND_RESEARCH/Magazines/1980s/1983/Pro Wrestling Illustrated/Pro Wrestling Illustrated - 1983 - June.pdf,https://ia601503.us.archive.org/9/items/pro-wrestling-illustrated-1983-06-rick-martel-c/Pro%20Wrestling%20Illustrated%2C%201983-06%20%28Rick%20Martel%29%20%28C%29.pdf,15094822,
2026-04-26T18:07:27,inside-wrestling-1981-02-backlund-di-biase-c-incomplete,Inside Wrestling,1981,2,dry-run,/Users/jschairb-gwp/Library/CloudStorage/GoogleDrive-josh@greatwesternproductions.com/My Drive/BACKGROUND_RESEARCH/Magazines/1980s/1981/Inside Wrestling/Inside Wrestling - 1981 - February.pdf,https://ia601509.us.archive.org/24/items/inside-wrestling-1981-02-backlund-di-biase-c-incomplete/Inside%20Wrestling%2C%201981-02%20%28Backlund%2C%20DiBiase%29%20%28C%29%20%21%21Incomplete.pdf,13583179,
2026-04-26T18:07:28,inside-wrestling-1982-09-tony-atlas-jesse-ventura-c,Inside Wrestling,1982,9,dry-run,/Users/jschairb-gwp/Library/CloudStorage/GoogleDrive-josh@greatwesternproductions.com/My Drive/BACKGROUND_RESEARCH/Magazines/1980s/1982/Inside Wrestling/Inside Wrestling - 1982 - September.pdf,https://ia903106.us.archive.org/11/items/inside-wrestling-1982-09-tony-atlas-jesse-ventura-c/Inside%20Wrestling%2C%201982-09%20%28Tony%20Atlas-Jesse%20Ventura%29%20%28C%29.pdf,14604081,
2026-04-26T18:07:29,inside-wrestling-1983-05-rich-sawyer-kevin-sullivan-c,Inside Wrestling,1983,5,dry-run,/Users/jschairb-gwp/Library/CloudStorage/GoogleDrive-josh@greatwesternproductions.com/My Drive/BACKGROUND_RESEARCH/Magazines/1980s/1983/Inside Wrestling/Inside Wrestling - 1983 - May.pdf,https://ia601707.us.archive.org/14/items/inside-wrestling-1983-05-rich-sawyer-kevin-sullivan-c/Inside%20Wrestling%2C%201983-05%20%28Rich%20%26%20Sawyer%2C%20Kevin%20Sullivan%29%20%28C%29.pdf,13700363,
2026-04-26T18:07:30,inside-wrestling-1985-12-c,Inside Wrestling,1985,12,dry-run,/Users/jschairb-gwp/Library/CloudStorage/GoogleDrive-josh@greatwesternproductions.com/My Drive/BACKGROUND_RESEARCH/Magazines/1980s/1985/Inside Wrestling/Inside Wrestling - 1985 - December.pdf,https://ia800300.us.archive.org/34/items/inside-wrestling-1985-12-c/Inside%20Wrestling%2C%201985-12%20%28C%29.pdf,13718482,
2026-04-26T18:07:32,inside-wrestling-1989-03-midnight-express-incomplete-c,Inside Wrestling,1989,3,dry-run,/Users/jschairb-gwp/Library/CloudStorage/GoogleDrive-josh@greatwesternproductions.com/My Drive/BACKGROUND_RESEARCH/Magazines/1980s/1989/Inside Wrestling/Inside Wrestling - 1989 - March.pdf,https://ia801705.us.archive.org/9/items/inside-wrestling-1989-03-midnight-express-incomplete-c/Inside%20Wrestling%2C%201989-03%20%28Midnight%20Express%29%20%28C%29.pdf,14396751,
2026-04-26T18:07:32,1-wrestling-monthly-jan-1978,Wrestling Monthly,1978,1,dry-run,/Users/jschairb-gwp/Library/CloudStorage/GoogleDrive-josh@greatwesternproductions.com/My Drive/BACKGROUND_RESEARCH/Magazines/1970s/1978/Wrestling Monthly/Wrestling Monthly - 1978 - January.pdf,https://ia800301.us.archive.org/10/items/1-wrestling-monthly-jan-1978/1%20Wrestling%20Monthly%20Jan%201978.pdf,62769780,
2026-04-26T18:07:33,12-iw-dec-1981,Inside Wrestling,1981,12,dry-run,/Users/jschairb-gwp/Library/CloudStorage/GoogleDrive-josh@greatwesternproductions.com/My Drive/BACKGROUND_RESEARCH/Magazines/1980s/1981/Inside Wrestling/Inside Wrestling - 1981 - December.pdf,https://ia600307.us.archive.org/4/items/12-iw-dec-1981/12%20IW%20Dec%201981.pdf,14534295,
2026-04-26T18:07:34,wrestling-fury-1988-06-incomplete-c,Wrestling Fury,1988,6,dry-run,/Users/jschairb-gwp/Library/CloudStorage/GoogleDrive-josh@greatwesternproductions.com/My Drive/BACKGROUND_RESEARCH/Magazines/1980s/1988/Wrestling Fury/Wrestling Fury - 1988 - June.pdf,https://ia801609.us.archive.org/31/items/wrestling-fury-1988-06-incomplete-c/Wrestling%20Fury%2C%201988-06%20%23%23Incomplete%23%23%20%28C%29.pdf,15376759,
2026-04-26T18:07:35,wrestling-monthly-1978-06-ivan-putski-mil-c,Wrestling Monthly,1978,6,dry-run,/Users/jschairb-gwp/Library/CloudStorage/GoogleDrive-josh@greatwesternproductions.com/My Drive/BACKGROUND_RESEARCH/Magazines/1970s/1978/Wrestling Monthly/Wrestling Monthly - 1978 - June.pdf,https://ia601501.us.archive.org/15/items/wrestling-monthly-1978-06-ivan-putski-mil-c/Wrestling%20Monthly%2C%201978-06%20%28Ivan%20Putski%2C%20Mil%29%20%28C%29.pdf,13822456,
2026-04-26T18:07:36,wrestling-revue-1962-04,Wrestling Revue,1962,4,dry-run,/Users/jschairb-gwp/Library/CloudStorage/GoogleDrive-josh@greatwesternproductions.com/My Drive/BACKGROUND_RESEARCH/Magazines/1960s/1962/Wrestling Revue/Wrestling Revue - 1962 - April.pdf,https://ia600501.us.archive.org/26/items/wrestling-revue-1962-04/Wrestling%20Revue%201962%2004.pdf,56118992,
2026-04-26T18:07:37,wrestling-revue-1967-08,Wrestling Revue,1967,8,dry-run,/Users/jschairb-gwp/Library/CloudStorage/GoogleDrive-josh@greatwesternproductions.com/My Drive/BACKGROUND_RESEARCH/Magazines/1960s/1967/Wrestling Revue/Wrestling Revue - 1967 - August.pdf,https://ia803200.us.archive.org/20/items/wrestling-revue-1967-08/Wrestling%20Revue%201967%2008.pdf,13963396,
2026-04-26T18:07:38,wrestling-revue-1971-09,Wrestling Revue,1971,9,dry-run,/Users/jschairb-gwp/Library/CloudStorage/GoogleDrive-josh@greatwesternproductions.com/My Drive/BACKGROUND_RESEARCH/Magazines/1970s/1971/Wrestling Revue/Wrestling Revue - 1971 - September.pdf,https://ia601500.us.archive.org/15/items/wrestling-revue-1971-09/Wrestling%20Revue%201971%2009.pdf,97343210,
2026-04-26T18:07:39,wrestling-revue-v-08n-04-1967-03.-champion-sports-d-vs-m-ia,Wrestling Revue,1967,3,dry-run,/Users/jschairb-gwp/Library/CloudStorage/GoogleDrive-josh@greatwesternproductions.com/My Drive/BACKGROUND_RESEARCH/Magazines/1960s/1967/Wrestling Revue/Wrestling Revue - 1967 - March.pdf,https://ia800302.us.archive.org/6/items/wrestling-revue-v-08n-04-1967-03.-champion-sports-d-vs-m-ia/Wrestling%20Revue%20v08n04%20%281967-03.Champion%20Sports%29%20%28D%20vs%20M-IA%29.pdf,5688425,
2026-04-26T18:07:40,wrestlings-main-event-1983-08-roddy-piper-a-b,Wrestling's Main Event,1983,8,dry-run,/Users/jschairb-gwp/Library/CloudStorage/GoogleDrive-josh@greatwesternproductions.com/My Drive/BACKGROUND_RESEARCH/Magazines/1980s/1983/Wrestling's Main Event/Wrestling's Main Event - 1983 - August.pdf,https://ia600503.us.archive.org/10/items/wrestlings-main-event-1983-08-roddy-piper-a-b/Wrestling%27s%20Main%20Event%2C%201983-08%20%28Roddy%20Piper%29%20%28A%29%28B%29.pdf,101926381,
2026-04-26T18:07:41,wrestlings-main-event-1986-06-c,Wrestling's Main Event,1986,6,dry-run,/Users/jschairb-gwp/Library/CloudStorage/GoogleDrive-josh@greatwesternproductions.com/My Drive/BACKGROUND_RESEARCH/Magazines/1980s/1986/Wrestling's Main Event/Wrestling's Main Event - 1986 - June.pdf,https://ia801703.us.archive.org/19/items/wrestlings-main-event-1986-06-c/Wrestling%27s%20Main%20Event%2C%201986-06%20%28C%29.pdf,13667607,
2026-04-26T18:07:42,wrestlings-main-event-1987-03-cv-2,Wrestling's Main Event,1987,3,dry-run,/Users/jschairb-gwp/Library/CloudStorage/GoogleDrive-josh@greatwesternproductions.com/My Drive/BACKGROUND_RESEARCH/Magazines/1980s/1987/Wrestling's Main Event/Wrestling's Main Event - 1987 - March.pdf,https://ia800606.us.archive.org/23/items/wrestlings-main-event-1987-03-cv-2/Wrestling%27s%20Main%20Event%2C%201987-03%20%28CV2%29.pdf,30899450,
2026-04-26T18:07:43,wrestlings-main-event-1988-10-ulitmate-warrior-flair-c,Wrestling's Main Event,1988,10,dry-run,/Users/jschairb-gwp/Library/CloudStorage/GoogleDrive-josh@greatwesternproductions.com/My Drive/BACKGROUND_RESEARCH/Magazines/1980s/1988/Wrestling's Main Event/Wrestling's Main Event - 1988 - October.pdf,https://ia601403.us.archive.org/26/items/wrestlings-main-event-1988-10-ulitmate-warrior-flair-c/Wrestling%27s%20Main%20Event%2C%201988-10%20%28Ulitmate%20Warrior%2C%20Flair%29%20%28C%29.pdf,19152745,
2026-04-26T18:07:44,wrestlings-main-event-1989-03-cv-2,Wrestling's Main Event,1989,3,dry-run,/Users/jschairb-gwp/Library/CloudStorage/GoogleDrive-josh@greatwesternproductions.com/My Drive/BACKGROUND_RESEARCH/Magazines/1980s/1989/Wrestling's Main Event/Wrestling's Main Event - 1989 - March.pdf,https://ia803202.us.archive.org/7/items/wrestlings-main-event-1989-03-cv-2/Wrestling%27s%20MAIN%20Event%2C%201989-03%20%28CV2%29.pdf,36495874,
2026-04-26T18:07:45,wrestling-confidential-1964-07-the-sheik-c,Wrestling Confidential,1964,7,dry-run,/Users/jschairb-gwp/Library/CloudStorage/GoogleDrive-josh@greatwesternproductions.com/My Drive/BACKGROUND_RESEARCH/Magazines/1960s/1964/Wrestling Confidential/Wrestling Confidential - 1964 - July.pdf,https://ia801401.us.archive.org/25/items/wrestling-confidential-1964-07-the-sheik-c/Wrestling%20Confidential%2C%201964-07%20%28The%20Sheik%29%20%28C%29.pdf,11476595,
2026-04-26T18:07:46,wrestling-eye-1989-05-jake-roberts-b,Wrestling Eye,1989,5,dry-run,/Users/jschairb-gwp/Library/CloudStorage/GoogleDrive-josh@greatwesternproductions.com/My Drive/BACKGROUND_RESEARCH/Magazines/1980s/1989/Wrestling Eye/Wrestling Eye - 1989 - May.pdf,https://ia600604.us.archive.org/30/items/wrestling-eye-1989-05-jake-roberts-b/Wrestling%20Eye%2C%201989-05%20%28Jake%20Roberts%29%20%28B%29.pdf,17943019,
2026-04-26T18:07:47,wwf-magazine-1986-08-09-king-kong-bundy-c,WWF Magazine,1986,8,dry-run,/Users/jschairb-gwp/Library/CloudStorage/GoogleDrive-josh@greatwesternproductions.com/My Drive/BACKGROUND_RESEARCH/Magazines/1980s/1986/WWF Magazine/WWF Magazine - 1986 - August.pdf,https://ia801702.us.archive.org/30/items/wwf-magazine-1986-08-09-king-kong-bundy-c/WWF%20Magazine%2C%201986-08%2C09%20%28King%20Kong%20Bundy%29%20%28C%29.pdf,16655850,
2026-04-26T18:07:48,wwf-magazine-1988-02_202510,WWF Magazine,1988,2,dry-run,/Users/jschairb-gwp/Library/CloudStorage/GoogleDrive-josh@greatwesternproductions.com/My Drive/BACKGROUND_RESEARCH/Magazines/1980s/1988/WWF Magazine/WWF Magazine - 1988 - February.pdf,https://ia800103.us.archive.org/34/items/wwf-magazine-1988-02_202510/WWF%20Magazine%201988-02.pdf,20948189,
2026-04-26T18:07:49,wwf-magazine-volume-6-number-3-april-may-1987,WWF Magazine,1987,4,dry-run,/Users/jschairb-gwp/Library/CloudStorage/GoogleDrive-josh@greatwesternproductions.com/My Drive/BACKGROUND_RESEARCH/Magazines/1980s/1987/WWF Magazine/WWF Magazine - 1987 - April.pdf,https://ia800300.us.archive.org/15/items/wwf-magazine-volume-6-number-3-april-may-1987/WWF%20Magazine%20Volume%206%2C%20Number%203%20%28April-May%201987%29.pdf,8634776,
2026-04-26T18:07:50,wrestling-all-stars-1984-02-abdullah-the-butcher-b,Wrestling All Stars,1984,2,dry-run,/Users/jschairb-gwp/Library/CloudStorage/GoogleDrive-josh@greatwesternproductions.com/My Drive/BACKGROUND_RESEARCH/Magazines/1980s/1984/Wrestling All Stars/Wrestling All Stars - 1984 - February.pdf,https://ia801502.us.archive.org/1/items/wrestling-all-stars-1984-02-abdullah-the-butcher-b/Wrestling%20All%20Stars%2C%201984-02%20%28Abdullah%20the%20Butcher%29%20%28B%29.pdf,16419923,
2026-04-26T18:07:51,wrestling-fury-1987-06-c,Wrestling Fury,1987,6,dry-run,/Users/jschairb-gwp/Library/CloudStorage/GoogleDrive-josh@greatwesternproductions.com/My Drive/BACKGROUND_RESEARCH/Magazines/1980s/1987/Wrestling Fury/Wrestling Fury - 1987 - June.pdf,https://ia800503.us.archive.org/0/items/wrestling-fury-1987-06-c/Wrestling%20Fury%2C%201987-06%20%28C%29.pdf,14333890,
2026-04-26T18:07:52,wrestling-fury-1989-10-incomplete-c,Wrestling Fury,1989,10,dry-run,/Users/jschairb-gwp/Library/CloudStorage/GoogleDrive-josh@greatwesternproductions.com/My Drive/BACKGROUND_RESEARCH/Magazines/1980s/1989/Wrestling Fury/Wrestling Fury - 1989 - October.pdf,https://ia600308.us.archive.org/13/items/wrestling-fury-1989-10-incomplete-c/Wrestling%20Fury%2C%201989-10%20%23%23Incomplete%23%23%20%28C%29.pdf,14488933,
2026-04-26T18:07:54,wrestling-monthly-1972-01-bruno-c,Wrestling Monthly,1972,1,dry-run,/Users/jschairb-gwp/Library/CloudStorage/GoogleDrive-josh@greatwesternproductions.com/My Drive/BACKGROUND_RESEARCH/Magazines/1970s/1972/Wrestling Monthly/Wrestling Monthly - 1972 - January.pdf,https://ia801500.us.archive.org/26/items/wrestling-monthly-1972-01-bruno-c/Wrestling%20Monthly%2C%201972-01%20%28Bruno%29%20%28C%29.pdf,13328148,
2026-04-26T18:07:54,wrestling-revue-1963-10-c,Wrestling Revue,1963,10,dry-run,/Users/jschairb-gwp/Library/CloudStorage/GoogleDrive-josh@greatwesternproductions.com/My Drive/BACKGROUND_RESEARCH/Magazines/1960s/1963/Wrestling Revue/Wrestling Revue - 1963 - October.pdf,https://ia600303.us.archive.org/5/items/wrestling-revue-1963-10-c/Wrestling%20Revue%2C%201963-10%20%28C%29.pdf,14217555,
2026-04-26T18:07:55,wrestling-world-1986-10-c,Wrestling World,1986,10,dry-run,/Users/jschairb-gwp/Library/CloudStorage/GoogleDrive-josh@greatwesternproductions.com/My Drive/BACKGROUND_RESEARCH/Magazines/1980s/1986/Wrestling World/Wrestling World - 1986 - October.pdf,https://ia800908.us.archive.org/27/items/wrestling-world-1986-10-c/Wrestling%20World%2C%201986-10%20%28C%29.pdf,17412326,
2026-04-26T18:07:58,wrestlings_main_event_1986_10_images,Wrestling's Main Event,1986,10,dry-run,/Users/jschairb-gwp/Library/CloudStorage/GoogleDrive-josh@greatwesternproductions.com/My Drive/BACKGROUND_RESEARCH/Magazines/1980s/1986/Wrestling's Main Event/Wrestling's Main Event - 1986 - October.pdf,https://ia600303.us.archive.org/31/items/wrestlings_main_event_1986_10_images/wrestlings_main_event_1986_10.pdf,2042820,
2026-04-26T18:07:59,wrestlings-main-event-1984-02-brett-wayne-c,Wrestling's Main Event,1984,2,dry-run,/Users/jschairb-gwp/Library/CloudStorage/GoogleDrive-josh@greatwesternproductions.com/My Drive/BACKGROUND_RESEARCH/Magazines/1980s/1984/Wrestling's Main Event/Wrestling's Main Event - 1984 - February.pdf,https://ia800808.us.archive.org/21/items/wrestlings-main-event-1984-02-brett-wayne-c/Wrestling%27s%20Main%20Event%2C%201984-02%20%28Brett%20Wayne%29%20%28C%29.pdf,13101762,
2026-04-26T18:08:00,glow-1988-03-issue-2,GLOW,1988,3,dry-run,/Users/jschairb-gwp/Library/CloudStorage/GoogleDrive-josh@greatwesternproductions.com/My Drive/BACKGROUND_RESEARCH/Magazines/1980s/1988/GLOW/GLOW - 1988 - March.pdf,https://ia600308.us.archive.org/31/items/glow-1988-03-issue-2/Glow%2C%201988-03%20%28Issue%20%232%29.pdf,27680131,
2026-04-26T18:08:00,1-wrestler-jan-1986,The Wrestler,1986,1,dry-run,/Users/jschairb-gwp/Library/CloudStorage/GoogleDrive-josh@greatwesternproductions.com/My Drive/BACKGROUND_RESEARCH/Magazines/1980s/1986/The Wrestler/The Wrestler - 1986 - January.pdf,https://ia600400.us.archive.org/0/items/1-wrestler-jan-1986/1%20Wrestler%20Jan%201986.pdf,53423247,
2026-04-26T18:08:01,wrestling-monthly-1972-03,Wrestling Monthly,1972,3,dry-run,/Users/jschairb-gwp/Library/CloudStorage/GoogleDrive-josh@greatwesternproductions.com/My Drive/BACKGROUND_RESEARCH/Magazines/1970s/1972/Wrestling Monthly/Wrestling Monthly - 1972 - March.pdf,https://ia801500.us.archive.org/15/items/wrestling-monthly-1972-03/Wrestling%20Monthly%201972%2003.pdf,37859814,
2026-04-26T18:08:01,wrestling-monthly-1972-10,Wrestling Monthly,1972,10,dry-run,/Users/jschairb-gwp/Library/CloudStorage/GoogleDrive-josh@greatwesternproductions.com/My Drive/BACKGROUND_RESEARCH/Magazines/1970s/1972/Wrestling Monthly/Wrestling Monthly - 1972 - October.pdf,https://ia600406.us.archive.org/4/items/wrestling-monthly-1972-10/Wrestling%20Monthly%201972%2010.pdf,26406479,
2026-04-26T18:08:02,big-book-of-wrestling-1975-03-c,Big Book of Wrestling,1975,3,dry-run,/Users/jschairb-gwp/Library/CloudStorage/GoogleDrive-josh@greatwesternproductions.com/My Drive/BACKGROUND_RESEARCH/Magazines/1970s/1975/Big Book of Wrestling/Big Book of Wrestling - 1975 - March.pdf,https://ia600907.us.archive.org/0/items/big-book-of-wrestling-1975-03-c/Big%20Book%20of%20Wrestling%2C%201975-03%20%28C%29.pdf,14992089,
2026-04-26T18:08:03,inside-wrestling-1986-04-dusty-andre-bundy-c,Inside Wrestling,1986,4,dry-run,/Users/jschairb-gwp/Library/CloudStorage/GoogleDrive-josh@greatwesternproductions.com/My Drive/BACKGROUND_RESEARCH/Magazines/1980s/1986/Inside Wrestling/Inside Wrestling - 1986 - April.pdf,https://ia801404.us.archive.org/5/items/inside-wrestling-1986-04-dusty-andre-bundy-c/Inside%20Wrestling%2C%201986-04%20%28Dusty%2C%20Andre%20%26%20Bundy%29%20%28C%29.pdf,14337126,
2026-04-26T18:08:04,inside-wrestling-1975-10-superstar-graham-strongbow-c,Inside Wrestling,1975,10,dry-run,/Users/jschairb-gwp/Library/CloudStorage/GoogleDrive-josh@greatwesternproductions.com/My Drive/BACKGROUND_RESEARCH/Magazines/1970s/1975/Inside Wrestling/Inside Wrestling - 1975 - October.pdf,https://ia601501.us.archive.org/33/items/inside-wrestling-1975-10-superstar-graham-strongbow-c/Inside%20Wrestling%2C%201975-10%20%28Superstar%20Graham%2C%20Strongbow%29%20%28C%29.pdf,14327975,
2026-04-26T18:08:05,inside-wrestling-1988-05-c,Inside Wrestling,1988,5,dry-run,/Users/jschairb-gwp/Library/CloudStorage/GoogleDrive-josh@greatwesternproductions.com/My Drive/BACKGROUND_RESEARCH/Magazines/1980s/1988/Inside Wrestling/Inside Wrestling - 1988 - May.pdf,https://ia800401.us.archive.org/2/items/inside-wrestling-1988-05-c/Inside%20Wrestling%2C%201988-05%20%28C%29.pdf,13678084,
2026-04-26T18:08:06,wrestling-world-1966-08-the-destroyer-c,Wrestling World,1966,8,dry-run,/Users/jschairb-gwp/Library/CloudStorage/GoogleDrive-josh@greatwesternproductions.com/My Drive/BACKGROUND_RESEARCH/Magazines/1960s/1966/Wrestling World/Wrestling World - 1966 - August.pdf,https://ia800507.us.archive.org/26/items/wrestling-world-1966-08-the-destroyer-c/Wrestling%20World%2C%201966-08%20%28The%20Destroyer%29%20%28C%29.pdf,12245833,
2026-04-26T18:08:08,wrestling-world-1984-04-greg-valentine-c,Wrestling World,1984,4,dry-run,/Users/jschairb-gwp/Library/CloudStorage/GoogleDrive-josh@greatwesternproductions.com/My Drive/BACKGROUND_RESEARCH/Magazines/1980s/1984/Wrestling World/Wrestling World - 1984 - April.pdf,https://ia801400.us.archive.org/3/items/wrestling-world-1984-04-greg-valentine-c/Wrestling%20World%2C%201984-04%20%28Greg%20Valentine%29%20%28C%29.pdf,14515628,
2026-04-26T18:08:08,wrestling-world-1986-02-c,Wrestling World,1986,2,dry-run,/Users/jschairb-gwp/Library/CloudStorage/GoogleDrive-josh@greatwesternproductions.com/My Drive/BACKGROUND_RESEARCH/Magazines/1980s/1986/Wrestling World/Wrestling World - 1986 - February.pdf,https://ia600807.us.archive.org/29/items/wrestling-world-1986-02-c/Wrestling%20World%2C%201986-02%20%28C%29.pdf,14517769,
2026-04-26T18:08:09,wrestling-monthly-1971-10,Wrestling Monthly,1971,10,dry-run,/Users/jschairb-gwp/Library/CloudStorage/GoogleDrive-josh@greatwesternproductions.com/My Drive/BACKGROUND_RESEARCH/Magazines/1970s/1971/Wrestling Monthly/Wrestling Monthly - 1971 - October.pdf,https://ia600508.us.archive.org/17/items/wrestling-monthly-1971-10/Wrestling%20Monthly%201971%2010.pdf,21005868,
2026-04-26T18:08:10,wrestling-monthly-1972-02,Wrestling Monthly,1972,2,dry-run,/Users/jschairb-gwp/Library/CloudStorage/GoogleDrive-josh@greatwesternproductions.com/My Drive/BACKGROUND_RESEARCH/Magazines/1970s/1972/Wrestling Monthly/Wrestling Monthly - 1972 - February.pdf,https://ia801801.us.archive.org/31/items/wrestling-monthly-1972-02/Wrestling%20Monthly%201972%2002.pdf,33116314,
2026-04-26T18:08:11,wrestling-eye-1987-12-c,Wrestling Eye,1987,12,dry-run,/Users/jschairb-gwp/Library/CloudStorage/GoogleDrive-josh@greatwesternproductions.com/My Drive/BACKGROUND_RESEARCH/Magazines/1980s/1987/Wrestling Eye/Wrestling Eye - 1987 - December.pdf,https://ia601406.us.archive.org/22/items/wrestling-eye-1987-12-c/Wrestling%20Eye%2C%201987-12%20%28C%29.pdf,22317992,
2026-04-26T18:08:12,wrestling-eye-1988-07-c,Wrestling Eye,1988,7,dry-run,/Users/jschairb-gwp/Library/CloudStorage/GoogleDrive-josh@greatwesternproductions.com/My Drive/BACKGROUND_RESEARCH/Magazines/1980s/1988/Wrestling Eye/Wrestling Eye - 1988 - July.pdf,https://ia601300.us.archive.org/12/items/wrestling-eye-1988-07-c/Wrestling%20Eye%2C%201988-07%20%28C%29.pdf,18611351,
2026-04-26T18:08:13,wrestlings-main-event-1986-08-c,Wrestling's Main Event,1986,8,dry-run,/Users/jschairb-gwp/Library/CloudStorage/GoogleDrive-josh@greatwesternproductions.com/My Drive/BACKGROUND_RESEARCH/Magazines/1980s/1986/Wrestling's Main Event/Wrestling's Main Event - 1986 - August.pdf,https://ia801608.us.archive.org/24/items/wrestlings-main-event-1986-08-c/Wrestling%27s%20Main%20Event%2C%201986-08%20%28C%29.pdf,12134388,
2026-04-26T18:08:14,wrestlings-main-event-1986-10-c,Wrestling's Main Event,1986,10,dry-run,/Users/jschairb-gwp/Library/CloudStorage/GoogleDrive-josh@greatwesternproductions.com/My Drive/BACKGROUND_RESEARCH/Magazines/1980s/1986/Wrestling's Main Event/Wrestling's Main Event - 1986 - October.pdf,https://ia600405.us.archive.org/22/items/wrestlings-main-event-1986-10-c/Wrestling%27s%20Main%20Event%2C%201986-10%20%28C%29.pdf,15455353,
2026-04-26T18:08:15,wrestlings-main-event-1987-06-hulk-hogan-b,Wrestling's Main Event,1987,6,dry-run,/Users/jschairb-gwp/Library/CloudStorage/GoogleDrive-josh@greatwesternproductions.com/My Drive/BACKGROUND_RESEARCH/Magazines/1980s/1987/Wrestling's Main Event/Wrestling's Main Event - 1987 - June.pdf,https://ia802908.us.archive.org/30/items/wrestlings-main-event-1987-06-hulk-hogan-b/Wrestling%27s%20Main%20Event%2C%201987-06%20%28Hulk%20Hogan%29%20%28B%29.pdf,13201244,
2026-04-26T18:08:16,wrestlings_main_event_1985_06_images,Wrestling's Main Event,1985,6,dry-run,/Users/jschairb-gwp/Library/CloudStorage/GoogleDrive-josh@greatwesternproductions.com/My Drive/BACKGROUND_RESEARCH/Magazines/1980s/1985/Wrestling's Main Event/Wrestling's Main Event - 1985 - June.pdf,https://ia800301.us.archive.org/8/items/wrestlings_main_event_1985_06_images/wrestlings_main_event_1985_06.pdf,51954090,
2026-04-26T18:08:17,wrestling-monthly-1972-04,Wrestling Monthly,1972,4,dry-run,/Users/jschairb-gwp/Library/CloudStorage/GoogleDrive-josh@greatwesternproductions.com/My Drive/BACKGROUND_RESEARCH/Magazines/1970s/1972/Wrestling Monthly/Wrestling Monthly - 1972 - April.pdf,https://ia802905.us.archive.org/29/items/wrestling-monthly-1972-04/Wrestling%20Monthly%201972%2004.pdf,23488374,
2026-04-26T18:08:18,wrestling-power-1987-07-incomplete-c,Wrestling Power,1987,7,dry-run,/Users/jschairb-gwp/Library/CloudStorage/GoogleDrive-josh@greatwesternproductions.com/My Drive/BACKGROUND_RESEARCH/Magazines/1980s/1987/Wrestling Power/Wrestling Power - 1987 - July.pdf,https://ia800100.us.archive.org/28/items/wrestling-power-1987-07-incomplete-c/Wrestling%20Power%2C%201987-07%20%23%23Incomplete%23%23%20%28C%29.pdf,14832179,
2026-04-26T18:08:19,wrestlings_main_event_1985_08_images,Wrestling's Main Event,1985,8,dry-run,/Users/jschairb-gwp/Library/CloudStorage/GoogleDrive-josh@greatwesternproductions.com/My Drive/BACKGROUND_RESEARCH/Magazines/1980s/1985/Wrestling's Main Event/Wrestling's Main Event - 1985 - August.pdf,https://ia600307.us.archive.org/33/items/wrestlings_main_event_1985_08_images/wrestlings_main_event_1985_08.pdf,3407021,
2026-04-26T18:08:20,wrestling-illustrated-february-1965,Wrestling Illustrated,1965,2,dry-run,/Users/jschairb-gwp/Library/CloudStorage/GoogleDrive-josh@greatwesternproductions.com/My Drive/BACKGROUND_RESEARCH/Magazines/1960s/1965/Wrestling Illustrated/Wrestling Illustrated - 1965 - February.pdf,https://ia801008.us.archive.org/12/items/wrestling-illustrated-february-1965/Wrestling%20Illustrated%20February%201965.pdf,26858228,
2026-04-26T18:08:21,wrestling-revue-1962-12,Wrestling Revue,1962,12,dry-run,/Users/jschairb-gwp/Library/CloudStorage/GoogleDrive-josh@greatwesternproductions.com/My Drive/BACKGROUND_RESEARCH/Magazines/1960s/1962/Wrestling Revue/Wrestling Revue - 1962 - December.pdf,https://ia600305.us.archive.org/0/items/wrestling-revue-1962-12/Wrestling%20Revue%201962%2012.pdf,99502117,
2026-04-26T18:08:22,wrestling-revue-1972-07,Wrestling Revue,1972,7,dry-run,/Users/jschairb-gwp/Library/CloudStorage/GoogleDrive-josh@greatwesternproductions.com/My Drive/BACKGROUND_RESEARCH/Magazines/1970s/1972/Wrestling Revue/Wrestling Revue - 1972 - July.pdf,https://ia800101.us.archive.org/12/items/wrestling-revue-1972-07/Wrestling%20Revue%201972%2007.pdf,58012788,
2026-04-26T18:08:23,wrestling-monthly-1978-10-c,Wrestling Monthly,1978,10,dry-run,/Users/jschairb-gwp/Library/CloudStorage/GoogleDrive-josh@greatwesternproductions.com/My Drive/BACKGROUND_RESEARCH/Magazines/1970s/1978/Wrestling Monthly/Wrestling Monthly - 1978 - October.pdf,https://ia801202.us.archive.org/12/items/wrestling-monthly-1978-10-c/Wrestling%20Monthly%2C%201978-10%20%28C%29.pdf,13571490,
2026-04-26T18:08:24,inside-wrestling-1972-01-bruiser-kobyashi-valiant-c,Inside Wrestling,1972,1,dry-run,/Users/jschairb-gwp/Library/CloudStorage/GoogleDrive-josh@greatwesternproductions.com/My Drive/BACKGROUND_RESEARCH/Magazines/1970s/1972/Inside Wrestling/Inside Wrestling - 1972 - January.pdf,https://ia601408.us.archive.org/35/items/inside-wrestling-1972-01-bruiser-kobyashi-valiant-c/Inside%20Wrestling%2C%201972-01%20%28Bruiser%2C%20Kobyashi%2C%20Valiant%29%20%28C%29.pdf,13270149,
2026-04-26T18:08:26,inside-wrestling-1974-02-c,Inside Wrestling,1974,2,dry-run,/Users/jschairb-gwp/Library/CloudStorage/GoogleDrive-josh@greatwesternproductions.com/My Drive/BACKGROUND_RESEARCH/Magazines/1970s/1974/Inside Wrestling/Inside Wrestling - 1974 - February.pdf,https://ia801307.us.archive.org/32/items/inside-wrestling-1974-02-c/Inside%20Wrestling%2C%201974-02%20%28C%29.pdf,13404118,
2026-04-26T18:08:26,inside-wrestling-1981-05-iron-shiek-vs-ivan-koloff-c,Inside Wrestling,1981,5,dry-run,/Users/jschairb-gwp/Library/CloudStorage/GoogleDrive-josh@greatwesternproductions.com/My Drive/BACKGROUND_RESEARCH/Magazines/1980s/1981/Inside Wrestling/Inside Wrestling - 1981 - May.pdf,https://ia801500.us.archive.org/7/items/inside-wrestling-1981-05-iron-shiek-vs-ivan-koloff-c/Inside%20Wrestling%2C%201981-05%20%28Iron%20Shiek%20vs%20Ivan%20Koloff%29%20%28C%29.pdf,14416469,
2026-04-26T18:08:27,inside-wrestling-1981-06-harley-race-c,Inside Wrestling,1981,6,dry-run,/Users/jschairb-gwp/Library/CloudStorage/GoogleDrive-josh@greatwesternproductions.com/My Drive/BACKGROUND_RESEARCH/Magazines/1980s/1981/Inside Wrestling/Inside Wrestling - 1981 - June.pdf,https://ia601305.us.archive.org/28/items/inside-wrestling-1981-06-harley-race-c/Inside%20Wrestling%2C%201981-06%20%28Harley%20Race%29%20%28C%29.pdf,14966852,
2026-04-26T18:08:28,inside-wrestling-1987-07,Inside Wrestling,1987,7,dry-run,/Users/jschairb-gwp/Library/CloudStorage/GoogleDrive-josh@greatwesternproductions.com/My Drive/BACKGROUND_RESEARCH/Magazines/1980s/1987/Inside Wrestling/Inside Wrestling - 1987 - July.pdf,https://ia803201.us.archive.org/13/items/inside-wrestling-1987-07/Inside%20Wrestling%2C%201987-07%20%28C%29.pdf,13732742,
2026-04-26T18:08:29,inside-wrestling-1988-12-c,Inside Wrestling,1988,12,dry-run,/Users/jschairb-gwp/Library/CloudStorage/GoogleDrive-josh@greatwesternproductions.com/My Drive/BACKGROUND_RESEARCH/Magazines/1980s/1988/Inside Wrestling/Inside Wrestling - 1988 - December.pdf,https://ia600707.us.archive.org/5/items/inside-wrestling-1988-12-c/Inside%20Wrestling%2C%201988-12%20%28C%29.pdf,13885212,
2026-04-26T18:08:30,inside-wrestling-1989-09-c,Inside Wrestling,1989,9,dry-run,/Users/jschairb-gwp/Library/CloudStorage/GoogleDrive-josh@greatwesternproductions.com/My Drive/BACKGROUND_RESEARCH/Magazines/1980s/1989/Inside Wrestling/Inside Wrestling - 1989 - September.pdf,https://ia800705.us.archive.org/2/items/inside-wrestling-1989-09-c/Inside%20Wrestling%2C%201989-09%20%28C%29.pdf,14047013,
2026-04-26T18:08:31,inside-wrestling-1979-12-dusty-rhodes-c,Inside Wrestling,1979,12,dry-run,/Users/jschairb-gwp/Library/CloudStorage/GoogleDrive-josh@greatwesternproductions.com/My Drive/BACKGROUND_RESEARCH/Magazines/1970s/1979/Inside Wrestling/Inside Wrestling - 1979 - December.pdf,https://ia601401.us.archive.org/8/items/inside-wrestling-1979-12-dusty-rhodes-c/Inside%20Wrestling%2C%201979-12%20%28Dusty%20Rhodes%29%20%28C%29.pdf,13877210,
2026-04-26T18:08:32,big-book-of-wrestling-1973-03-strongbow-c,Big Book of Wrestling,1973,3,dry-run,/Users/jschairb-gwp/Library/CloudStorage/GoogleDrive-josh@greatwesternproductions.com/My Drive/BACKGROUND_RESEARCH/Magazines/1970s/1973/Big Book of Wrestling/Big Book of Wrestling - 1973 - March.pdf,https://ia801706.us.archive.org/27/items/big-book-of-wrestling-1973-03-strongbow-c/Big%20Book%20of%20Wrestling%2C%201973-03%20%28Strongbow%29%20%28C%29.pdf,13533608,
2026-04-26T18:08:33,9-srw-sep-1982,Sports Review Wrestling,1982,9,dry-run,/Users/jschairb-gwp/Library/CloudStorage/GoogleDrive-josh@greatwesternproductions.com/My Drive/BACKGROUND_RESEARCH/Magazines/1980s/1982/Sports Review Wrestling/Sports Review Wrestling - 1982 - September.pdf,https://ia600506.us.archive.org/13/items/9-srw-sep-1982/9%20SRW%20Sep%201982.pdf,54555816,
2026-04-26T18:08:34,wrestling-world-1972-01-c,Wrestling World,1972,1,dry-run,/Users/jschairb-gwp/Library/CloudStorage/GoogleDrive-josh@greatwesternproductions.com/My Drive/BACKGROUND_RESEARCH/Magazines/1970s/1972/Wrestling World/Wrestling World - 1972 - January.pdf,https://ia801402.us.archive.org/14/items/wrestling-world-1972-01-c/Wrestling%20World%2C%201972-01%20%28C%29.pdf,12464736,
2026-04-26T18:08:35,wrestling-revue-1984-07-c,Wrestling Revue,1984,7,dry-run,/Users/jschairb-gwp/Library/CloudStorage/GoogleDrive-josh@greatwesternproductions.com/My Drive/BACKGROUND_RESEARCH/Magazines/1980s/1984/Wrestling Revue/Wrestling Revue - 1984 - July.pdf,https://ia902906.us.archive.org/35/items/wrestling-revue-1984-07-c/Wrestling%20Revue%2C%201984-07%20%28C%29.pdf,16072848,
2026-04-26T18:08:36,wrestlings-main-event-1982-12-cv-2,Wrestling's Main Event,1982,12,dry-run,/Users/jschairb-gwp/Library/CloudStorage/GoogleDrive-josh@greatwesternproductions.com/My Drive/BACKGROUND_RESEARCH/Magazines/1980s/1982/Wrestling's Main Event/Wrestling's Main Event - 1982 - December.pdf,https://ia800605.us.archive.org/22/items/wrestlings-main-event-1982-12-cv-2/Wrestling%27s%20Main%20Event%2C%201982-12%20%28CV2%29.pdf,29551205,
2026-04-26T18:08:39,wrestlings-main-event-1983-11-outlaw-ron-bass-b,Wrestling's Main Event,1983,11,dry-run,/Users/jschairb-gwp/Library/CloudStorage/GoogleDrive-josh@greatwesternproductions.com/My Drive/BACKGROUND_RESEARCH/Magazines/1980s/1983/Wrestling's Main Event/Wrestling's Main Event - 1983 - November.pdf,https://ia800504.us.archive.org/7/items/wrestlings-main-event-1983-11-outlaw-ron-bass-b/Wrestling%27s%20Main%20Event%2C%201983-11%20%28Outlaw%20Ron%20Bass%29%20%28B%29.pdf,16084147,
2026-04-26T18:08:40,wrestlings-main-event-1984-01-rick-martel-c,Wrestling's Main Event,1984,1,dry-run,/Users/jschairb-gwp/Library/CloudStorage/GoogleDrive-josh@greatwesternproductions.com/My Drive/BACKGROUND_RESEARCH/Magazines/1980s/1984/Wrestling's Main Event/Wrestling's Main Event - 1984 - January.pdf,https://ia801501.us.archive.org/31/items/wrestlings-main-event-1984-01-rick-martel-c/Wrestling%27s%20Main%20Event%2C%201984-01%20%28Rick%20Martel%29%20%28C%29.pdf,14175193,
2026-04-26T18:08:40,wrestlings-main-event-1985-05-sgt.-slaughter-c,Wrestling's Main Event,1985,5,dry-run,/Users/jschairb-gwp/Library/CloudStorage/GoogleDrive-josh@greatwesternproductions.com/My Drive/BACKGROUND_RESEARCH/Magazines/1980s/1985/Wrestling's Main Event/Wrestling's Main Event - 1985 - May.pdf,https://ia800409.us.archive.org/10/items/wrestlings-main-event-1985-05-sgt.-slaughter-c/Wrestling%27s%20Main%20Event%2C%201985-05%20%28Sgt.%20Slaughter%29%20%28C%29.pdf,14802811,
2026-04-26T18:08:41,wrestlings-main-event-1987-08-cv-2,Wrestling's Main Event,1987,8,dry-run,/Users/jschairb-gwp/Library/CloudStorage/GoogleDrive-josh@greatwesternproductions.com/My Drive/BACKGROUND_RESEARCH/Magazines/1980s/1987/Wrestling's Main Event/Wrestling's Main Event - 1987 - August.pdf,https://ia601808.us.archive.org/22/items/wrestlings-main-event-1987-08-cv-2/Wrestling%27s%20MAIN%20Event%2C%201987-08%20%28CV2%29.pdf,33281300,
2026-04-26T18:08:41,wrestling-guide-1975-10-c,Wrestling Guide,1975,10,dry-run,/Users/jschairb-gwp/Library/CloudStorage/GoogleDrive-josh@greatwesternproductions.com/My Drive/BACKGROUND_RESEARCH/Magazines/1970s/1975/Wrestling Guide/Wrestling Guide - 1975 - October.pdf,https://ia601500.us.archive.org/29/items/wrestling-guide-1975-10-c/Wrestling%20Guide%2C%201975-10%20%28C%29.pdf,13745826,
2026-04-26T18:08:42,wrestling-monthly-1979-01-lou-albano-challenge-c,Wrestling Monthly,1979,1,dry-run,/Users/jschairb-gwp/Library/CloudStorage/GoogleDrive-josh@greatwesternproductions.com/My Drive/BACKGROUND_RESEARCH/Magazines/1970s/1979/Wrestling Monthly/Wrestling Monthly - 1979 - January.pdf,https://ia801400.us.archive.org/4/items/wrestling-monthly-1979-01-lou-albano-challenge-c/Wrestling%20Monthly%2C%201979-01%20%28Lou%20Albano%20Challenge%29%20%28C%29.pdf,13755552,
2026-04-26T18:08:43,wrestling-eye-1986-06-roddy-piper-c,Wrestling Eye,1986,6,dry-run,/Users/jschairb-gwp/Library/CloudStorage/GoogleDrive-josh@greatwesternproductions.com/My Drive/BACKGROUND_RESEARCH/Magazines/1980s/1986/Wrestling Eye/Wrestling Eye - 1986 - June.pdf,https://ia601509.us.archive.org/9/items/wrestling-eye-1986-06-roddy-piper-c/Wrestling%20Eye%2C%201986-06%20%28Roddy%20Piper%29%20%28C%29.pdf,20238831,
2026-04-26T18:08:44,wrestling-revue-1964-10-c,Wrestling Revue,1964,10,dry-run,/Users/jschairb-gwp/Library/CloudStorage/GoogleDrive-josh@greatwesternproductions.com/My Drive/BACKGROUND_RESEARCH/Magazines/1960s/1964/Wrestling Revue/Wrestling Revue - 1964 - October.pdf,https://ia601404.us.archive.org/10/items/wrestling-revue-1964-10-c/Wrestling%20Revue%2C%201964-10%20%28C%29.pdf,14674515,
2026-04-26T18:08:45,wrestling-world-1986-04-c,Wrestling World,1986,4,dry-run,/Users/jschairb-gwp/Library/CloudStorage/GoogleDrive-josh@greatwesternproductions.com/My Drive/BACKGROUND_RESEARCH/Magazines/1980s/1986/Wrestling World/Wrestling World - 1986 - April.pdf,https://ia600709.us.archive.org/13/items/wrestling-world-1986-04-c/Wrestling%20World%2C%201986-04%20%28C%29.pdf,14242468,
2026-04-26T18:08:46,1-srw-jan-1981,Sports Review Wrestling,1981,1,dry-run,/Users/jschairb-gwp/Library/CloudStorage/GoogleDrive-josh@greatwesternproductions.com/My Drive/BACKGROUND_RESEARCH/Magazines/1980s/1981/Sports Review Wrestling/Sports Review Wrestling - 1981 - January.pdf,https://ia801409.us.archive.org/15/items/1-srw-jan-1981/1%20SRW%20Jan%201981.pdf,41203305,
2026-04-26T18:08:47,inside-wrestling-1983-02-dusty-vs-funk-c,Inside Wrestling,1983,2,dry-run,/Users/jschairb-gwp/Library/CloudStorage/GoogleDrive-josh@greatwesternproductions.com/My Drive/BACKGROUND_RESEARCH/Magazines/1980s/1983/Inside Wrestling/Inside Wrestling - 1983 - February.pdf,https://ia601701.us.archive.org/22/items/inside-wrestling-1983-02-dusty-vs-funk-c/Inside%20Wrestling%2C%201983-02%20%28Dusty%20vs%20Funk%29%20%28C%29.pdf,13899448,
2026-04-26T18:08:48,inside-wrestling-1983-03-superstar-graham-terry-funk-c,Inside Wrestling,1983,3,dry-run,/Users/jschairb-gwp/Library/CloudStorage/GoogleDrive-josh@greatwesternproductions.com/My Drive/BACKGROUND_RESEARCH/Magazines/1980s/1983/Inside Wrestling/Inside Wrestling - 1983 - March.pdf,https://ia600408.us.archive.org/16/items/inside-wrestling-1983-03-superstar-graham-terry-funk-c/Inside%20Wrestling%2C%201983-03%20%28Superstar%20Graham%20%26%20Terry%20Funk%29%20%28C%29.pdf,14152294,
2026-04-26T18:08:49,inside-wrestling-1986-12-c,Inside Wrestling,1986,12,dry-run,/Users/jschairb-gwp/Library/CloudStorage/GoogleDrive-josh@greatwesternproductions.com/My Drive/BACKGROUND_RESEARCH/Magazines/1980s/1986/Inside Wrestling/Inside Wrestling - 1986 - December.pdf,https://ia800307.us.archive.org/12/items/inside-wrestling-1986-12-c/Inside%20Wrestling%2C%201986-12%20%28C%29.pdf,13759699,
2026-04-26T18:08:50,inside-wrestling-1976-02-ladd-andre-strongbow-c,Inside Wrestling,1976,2,dry-run,/Users/jschairb-gwp/Library/CloudStorage/GoogleDrive-josh@greatwesternproductions.com/My Drive/BACKGROUND_RESEARCH/Magazines/1970s/1976/Inside Wrestling/Inside Wrestling - 1976 - February.pdf,https://ia601408.us.archive.org/23/items/inside-wrestling-1976-02-ladd-andre-strongbow-c/Inside%20Wrestling%2C%201976-02%20%28Ladd%20%26%20Andre%2C%20Strongbow%29%20%28C%29.pdf,13522027,
2026-04-26T18:08:51,inside-wrestling-1977-06-superstar-graham-wahoo-andre-c,Inside Wrestling,1977,6,dry-run,/Users/jschairb-gwp/Library/CloudStorage/GoogleDrive-josh@greatwesternproductions.com/My Drive/BACKGROUND_RESEARCH/Magazines/1970s/1977/Inside Wrestling/Inside Wrestling - 1977 - June.pdf,https://ia800409.us.archive.org/1/items/inside-wrestling-1977-06-superstar-graham-wahoo-andre-c/Inside%20Wrestling%2C%201977-06%20V2%20%28C%29.pdf,15361085,
2026-04-26T18:08:52,wrestling-monthly-1972-11,Wrestling Monthly,1972,11,dry-run,/Users/jschairb-gwp/Library/CloudStorage/GoogleDrive-josh@greatwesternproductions.com/My Drive/BACKGROUND_RESEARCH/Magazines/1970s/1972/Wrestling Monthly/Wrestling Monthly - 1972 - November.pdf,https://ia600507.us.archive.org/10/items/wrestling-monthly-1972-11/Wrestling%20Monthly%201972%2011.pdf,27286874,
2026-04-26T18:08:54,wrestling-eye-1987-05-rock-roll-express-c,Wrestling Eye,1987,5,dry-run,/Users/jschairb-gwp/Library/CloudStorage/GoogleDrive-josh@greatwesternproductions.com/My Drive/BACKGROUND_RESEARCH/Magazines/1980s/1987/Wrestling Eye/Wrestling Eye - 1987 - May.pdf,https://ia801408.us.archive.org/9/items/wrestling-eye-1987-05-rock-roll-express-c/Wrestling%20Eye%2C%201987-05%20%28Rock%20%26%20Roll%20Express%29%20%28C%29.pdf,20106219,
2026-04-26T18:08:57,wcw-magazine-1989-07-wrap-up,WCW Magazine,1989,7,dry-run,/Users/jschairb-gwp/Library/CloudStorage/GoogleDrive-josh@greatwesternproductions.com/My Drive/BACKGROUND_RESEARCH/Magazines/1980s/1989/WCW Magazine/WCW Magazine - 1989 - July.pdf,https://ia600401.us.archive.org/5/items/wcw-magazine-1989-07-wrap-up/WCW%20Magazine%201989-07%20Wrap%20Up.pdf,10059350,
2026-04-26T18:08:57,wrestling-monthly-1971-12,Wrestling Monthly,1971,12,dry-run,/Users/jschairb-gwp/Library/CloudStorage/GoogleDrive-josh@greatwesternproductions.com/My Drive/BACKGROUND_RESEARCH/Magazines/1970s/1971/Wrestling Monthly/Wrestling Monthly - 1971 - December.pdf,https://ia800509.us.archive.org/30/items/wrestling-monthly-1971-12/Wrestling%20Monthly%201971%2012.pdf,100385074,
2026-04-26T18:08:58,10-srw-oct-1978,Sports Review Wrestling,1978,10,dry-run,/Users/jschairb-gwp/Library/CloudStorage/GoogleDrive-josh@greatwesternproductions.com/My Drive/BACKGROUND_RESEARCH/Magazines/1970s/1978/Sports Review Wrestling/Sports Review Wrestling - 1978 - October.pdf,https://ia801009.us.archive.org/13/items/10-srw-oct-1978/10%20SRW%20Oct%201978.pdf,57207623,
2026-04-26T18:08:59,4-iw-apr-1981,Inside Wrestling,1981,4,dry-run,/Users/jschairb-gwp/Library/CloudStorage/GoogleDrive-josh@greatwesternproductions.com/My Drive/BACKGROUND_RESEARCH/Magazines/1980s/1981/Inside Wrestling/Inside Wrestling - 1981 - April.pdf,https://ia801607.us.archive.org/6/items/4-iw-apr-1981/4%20IW%20Apr%201981.pdf,11634765,
2026-04-26T18:08:59,wrestling-revue-1968-05,Wrestling Revue,1968,5,dry-run,/Users/jschairb-gwp/Library/CloudStorage/GoogleDrive-josh@greatwesternproductions.com/My Drive/BACKGROUND_RESEARCH/Magazines/1960s/1968/Wrestling Revue/Wrestling Revue - 1968 - May.pdf,https://ia601602.us.archive.org/25/items/wrestling-revue-1968-05/Wrestling%20Revue%201968%2005.pdf,115670223,
2026-04-26T18:09:00,wrestling-revue-1973-01,Wrestling Revue,1973,1,dry-run,/Users/jschairb-gwp/Library/CloudStorage/GoogleDrive-josh@greatwesternproductions.com/My Drive/BACKGROUND_RESEARCH/Magazines/1970s/1973/Wrestling Revue/Wrestling Revue - 1973 - January.pdf,https://ia601400.us.archive.org/2/items/wrestling-revue-1973-01/Wrestling%20Revue%201973%2001.pdf,27091762,
2026-04-26T18:09:01,1-srw-jan-1983,Sports Review Wrestling,1983,1,dry-run,/Users/jschairb-gwp/Library/CloudStorage/GoogleDrive-josh@greatwesternproductions.com/My Drive/BACKGROUND_RESEARCH/Magazines/1980s/1983/Sports Review Wrestling/Sports Review Wrestling - 1983 - January.pdf,https://ia800400.us.archive.org/10/items/1-srw-jan-1983/1%20SRW%20Jan%201983.pdf,11628034,
2026-04-26T18:09:01,wrestling-power-1987-11-incomplete-c,Wrestling Power,1987,11,dry-run,/Users/jschairb-gwp/Library/CloudStorage/GoogleDrive-josh@greatwesternproductions.com/My Drive/BACKGROUND_RESEARCH/Magazines/1980s/1987/Wrestling Power/Wrestling Power - 1987 - November.pdf,https://ia800102.us.archive.org/17/items/wrestling-power-1987-11-incomplete-c/Wrestling%20Power%2C%201987-11%20%23%23INCOMPLETE%23%23%20%28C%29.pdf,15600134,
2026-04-26T18:09:02,inside-wrestling-1989-01-c,Inside Wrestling,1989,1,dry-run,/Users/jschairb-gwp/Library/CloudStorage/GoogleDrive-josh@greatwesternproductions.com/My Drive/BACKGROUND_RESEARCH/Magazines/1980s/1989/Inside Wrestling/Inside Wrestling - 1989 - January.pdf,https://ia801306.us.archive.org/17/items/inside-wrestling-1989-01-c/Inside%20Wrestling%2C%201989-01%20%28C%29.pdf,13732646,
2026-04-26T18:09:03,inside-wrestling-1989-07-c,Inside Wrestling,1989,7,dry-run,/Users/jschairb-gwp/Library/CloudStorage/GoogleDrive-josh@greatwesternproductions.com/My Drive/BACKGROUND_RESEARCH/Magazines/1980s/1989/Inside Wrestling/Inside Wrestling - 1989 - July.pdf,https://ia601602.us.archive.org/23/items/inside-wrestling-1989-07-c/Inside%20Wrestling%2C%201989-07%20%28C%29.pdf,14218061,
2026-04-26T18:09:04,inside-wrestling-1982-01-ric-flair-c,Inside Wrestling,1982,1,dry-run,/Users/jschairb-gwp/Library/CloudStorage/GoogleDrive-josh@greatwesternproductions.com/My Drive/BACKGROUND_RESEARCH/Magazines/1980s/1982/Inside Wrestling/Inside Wrestling - 1982 - January.pdf,https://ia801509.us.archive.org/10/items/inside-wrestling-1982-01-ric-flair-c/Inside%20Wrestling%2C%201982-01%20%28Ric%20Flair%29%20%28C%29.pdf,14826306,
2026-04-26T18:09:05,inside-wrestling-1984-05-mike-rotundo,Inside Wrestling,1984,5,dry-run,/Users/jschairb-gwp/Library/CloudStorage/GoogleDrive-josh@greatwesternproductions.com/My Drive/BACKGROUND_RESEARCH/Magazines/1980s/1984/Inside Wrestling/Inside Wrestling - 1984 - May.pdf,https://ia600407.us.archive.org/24/items/inside-wrestling-1984-05-mike-rotundo/Inside%20Wrestling%2C%201984-05%20%28Mike%20Rotundo%29.pdf,15697837,
2026-04-26T18:09:06,inside-wrestling-1986-01-steamboat-muraco-m-von-erich-c,Inside Wrestling,1986,1,dry-run,/Users/jschairb-gwp/Library/CloudStorage/GoogleDrive-josh@greatwesternproductions.com/My Drive/BACKGROUND_RESEARCH/Magazines/1980s/1986/Inside Wrestling/Inside Wrestling - 1986 - January.pdf,https://ia601408.us.archive.org/28/items/inside-wrestling-1986-01-steamboat-muraco-m-von-erich-c/Inside%20Wrestling%2C%201986-01%20%28Steamboat%2C%20Muraco%2C%20M%20Von%20Erich%29%20%28C%29.pdf,14125442,
2026-04-26T18:09:07,inside-wrestling-1988-02-c,Inside Wrestling,1988,2,dry-run,/Users/jschairb-gwp/Library/CloudStorage/GoogleDrive-josh@greatwesternproductions.com/My Drive/BACKGROUND_RESEARCH/Magazines/1980s/1988/Inside Wrestling/Inside Wrestling - 1988 - February.pdf,https://ia600709.us.archive.org/12/items/inside-wrestling-1988-02-c/Inside%20Wrestling%2C%201988-02%20%28C%29.pdf,14144774,
2026-04-26T18:09:08,inside-wrestling-1976-12-bruno-stasiak-mil-c,Inside Wrestling,1976,12,dry-run,/Users/jschairb-gwp/Library/CloudStorage/GoogleDrive-josh@greatwesternproductions.com/My Drive/BACKGROUND_RESEARCH/Magazines/1970s/1976/Inside Wrestling/Inside Wrestling - 1976 - December.pdf,https://ia801508.us.archive.org/33/items/inside-wrestling-1976-12-bruno-stasiak-mil-c/Inside%20Wrestling%2C%201976-12%20%28Bruno%2C%20Stasiak%2C%20Mil%29%20%28C%29.pdf,14169546,
2026-04-26T18:09:09,inside-wrestling-1977-02-terry-funk-bruno-executioners-c,Inside Wrestling,1977,2,dry-run,/Users/jschairb-gwp/Library/CloudStorage/GoogleDrive-josh@greatwesternproductions.com/My Drive/BACKGROUND_RESEARCH/Magazines/1970s/1977/Inside Wrestling/Inside Wrestling - 1977 - February.pdf,https://ia601404.us.archive.org/23/items/inside-wrestling-1977-02-terry-funk-bruno-executioners-c/Inside%20Wrestling%2C%201977-02%20%28Terry%20Funk%2C%20Bruno%2C%20Executioners%29%20%28C%29.pdf,14164442,
2026-04-26T18:09:10,inside-wrestling-1978-04-backlund-superstar-graham-c,Inside Wrestling,1978,4,dry-run,/Users/jschairb-gwp/Library/CloudStorage/GoogleDrive-josh@greatwesternproductions.com/My Drive/BACKGROUND_RESEARCH/Magazines/1970s/1978/Inside Wrestling/Inside Wrestling - 1978 - April.pdf,https://ia601404.us.archive.org/30/items/inside-wrestling-1978-04-backlund-superstar-graham-c/Inside%20Wrestling%2C%201978-04%20%28Backlund%20%26%20Superstar%20Graham%29%20%28C%29.pdf,14233361,
2026-04-26T18:09:11,inside-wrestling-1979-05-steamboat-c,Inside Wrestling,1979,5,dry-run,/Users/jschairb-gwp/Library/CloudStorage/GoogleDrive-josh@greatwesternproductions.com/My Drive/BACKGROUND_RESEARCH/Magazines/1970s/1979/Inside Wrestling/Inside Wrestling - 1979 - May.pdf,https://ia800108.us.archive.org/16/items/inside-wrestling-1979-05-steamboat-c/Inside%20Wrestling%2C%201979-05%20%28Steamboat%29%20%28C%29.pdf,15144656,
2026-04-26T18:09:12,inside-wrestling-v-01n-07-1969-10.-jalart-darwination-vs-mc-coy,Inside Wrestling,1969,10,dry-run,/Users/jschairb-gwp/Library/CloudStorage/GoogleDrive-josh@greatwesternproductions.com/My Drive/BACKGROUND_RESEARCH/Magazines/1960s/1969/Inside Wrestling/Inside Wrestling - 1969 - October.pdf,https://ia902900.us.archive.org/25/items/inside-wrestling-v-01n-07-1969-10.-jalart-darwination-vs-mc-coy/Inside%20Wrestling%20v01n07%20%281969-10.Jalart%29%20%28Darwination%20vs%20McCoy%29.pdf,5374998,
2026-04-26T18:09:13,3-iw-mar-1979,Inside Wrestling,1979,3,dry-run,/Users/jschairb-gwp/Library/CloudStorage/GoogleDrive-josh@greatwesternproductions.com/My Drive/BACKGROUND_RESEARCH/Magazines/1970s/1979/Inside Wrestling/Inside Wrestling - 1979 - March.pdf,https://ia601509.us.archive.org/11/items/3-iw-mar-1979/3%20IW%20Mar%201979.pdf,14004106,
2026-04-26T18:09:14,wrestling-superstars-1980,Wrestling Superstars,1980,3,dry-run,/Users/jschairb-gwp/Library/CloudStorage/GoogleDrive-josh@greatwesternproductions.com/My Drive/BACKGROUND_RESEARCH/Magazines/1980s/1980/Wrestling Superstars/Wrestling Superstars - 1980 - March.pdf,https://ia803208.us.archive.org/11/items/wrestling-superstars-1980/Wrestling%20Superstars%20Fall%201980.pdf,49863768,
2026-04-26T18:09:15,championship-wrestling-1986-08-incomplete-c,Championship Wrestling,1986,8,dry-run,/Users/jschairb-gwp/Library/CloudStorage/GoogleDrive-josh@greatwesternproductions.com/My Drive/BACKGROUND_RESEARCH/Magazines/1980s/1986/Championship Wrestling/Championship Wrestling - 1986 - August.pdf,https://ia601603.us.archive.org/35/items/championship-wrestling-1986-08-incomplete-c/Championship%20Wrestling%2C%201986-08%20%23%23Incomplete%23%23%20%28C%29.pdf,13222699,
2026-04-26T18:09:16,championship-wrestling-1986-11-c,Championship Wrestling,1986,11,dry-run,/Users/jschairb-gwp/Library/CloudStorage/GoogleDrive-josh@greatwesternproductions.com/My Drive/BACKGROUND_RESEARCH/Magazines/1980s/1986/Championship Wrestling/Championship Wrestling - 1986 - November.pdf,https://ia801209.us.archive.org/29/items/championship-wrestling-1986-11-c/Championship%20Wrestling%2C%201986-11%20%28C%29.pdf,15848967,
2026-04-26T18:09:17,inside-wrestling-1982-12-andre-vs-mulligan-c,Inside Wrestling,1982,12,dry-run,/Users/jschairb-gwp/Library/CloudStorage/GoogleDrive-josh@greatwesternproductions.com/My Drive/BACKGROUND_RESEARCH/Magazines/1980s/1982/Inside Wrestling/Inside Wrestling - 1982 - December.pdf,https://ia801508.us.archive.org/33/items/inside-wrestling-1982-12-andre-vs-mulligan-c/Inside%20Wrestling%2C%201982-12%20%28Andre%20vs%20Mulligan%29%20%28C%29.pdf,13823994,
2026-04-26T18:09:18,inside-wrestling-1984-01-david-von-erich-b,Inside Wrestling,1984,1,dry-run,/Users/jschairb-gwp/Library/CloudStorage/GoogleDrive-josh@greatwesternproductions.com/My Drive/BACKGROUND_RESEARCH/Magazines/1980s/1984/Inside Wrestling/Inside Wrestling - 1984 - January.pdf,https://ia801409.us.archive.org/12/items/inside-wrestling-1984-01-david-von-erich-b/Inside%20Wrestling%2C%201984-01%20%28David%20Von%20Erich%29%20%28B%29.pdf,18289313,
2026-04-26T18:09:19,inside-wrestling-1984-08-jimmy-valiant-jyd,Inside Wrestling,1984,8,dry-run,/Users/jschairb-gwp/Library/CloudStorage/GoogleDrive-josh@greatwesternproductions.com/My Drive/BACKGROUND_RESEARCH/Magazines/1980s/1984/Inside Wrestling/Inside Wrestling - 1984 - August.pdf,https://ia801709.us.archive.org/17/items/inside-wrestling-1984-08-jimmy-valiant-jyd/Inside%20Wrestling%2C%201984-08%20%28Jimmy%20Valiant%20%26%20JYD%29.pdf,20687179,
2026-04-26T18:09:20,inside-wrestling-1977-09-c,Inside Wrestling,1977,9,dry-run,/Users/jschairb-gwp/Library/CloudStorage/GoogleDrive-josh@greatwesternproductions.com/My Drive/BACKGROUND_RESEARCH/Magazines/1970s/1977/Inside Wrestling/Inside Wrestling - 1977 - September.pdf,https://ia600505.us.archive.org/33/items/inside-wrestling-1977-09-c/Inside%20Wrestling%2C%201977-09%20%28C%29.pdf,14864541,
2026-04-26T18:09:21,inside-wrestling-1978-08-backlund-superstar-graham-dusty-andre-c,Inside Wrestling,1978,8,dry-run,/Users/jschairb-gwp/Library/CloudStorage/GoogleDrive-josh@greatwesternproductions.com/My Drive/BACKGROUND_RESEARCH/Magazines/1970s/1978/Inside Wrestling/Inside Wrestling - 1978 - August.pdf,https://ia801408.us.archive.org/23/items/inside-wrestling-1978-08-backlund-superstar-graham-dusty-andre-c/Inside%20Wrestling%2C%201978-08%20%28Backlund%2C%20Superstar%20Graham%2C%20Dusty%2C%20Andre%29%20%28C%29.pdf,14006066,
2026-04-26T18:09:22,inside-wrestling-1987-08-c,Inside Wrestling,1987,8,dry-run,/Users/jschairb-gwp/Library/CloudStorage/GoogleDrive-josh@greatwesternproductions.com/My Drive/BACKGROUND_RESEARCH/Magazines/1980s/1987/Inside Wrestling/Inside Wrestling - 1987 - August.pdf,https://ia801400.us.archive.org/28/items/inside-wrestling-1987-08-c/Inside%20Wrestling%2C%201987-08%20%28C%29.pdf,13808143,
2026-04-26T18:09:23,inside-wrestling-1974-01-c,Inside Wrestling,1974,1,dry-run,/Users/jschairb-gwp/Library/CloudStorage/GoogleDrive-josh@greatwesternproductions.com/My Drive/BACKGROUND_RESEARCH/Magazines/1970s/1974/Inside Wrestling/Inside Wrestling - 1974 - January.pdf,https://ia802804.us.archive.org/6/items/inside-wrestling-1974-01-c/Inside%20Wrestling%2C%201974-01%20%28C%29.pdf,13306418,
2026-04-26T18:09:24,4-main-event-apr-1983,Wrestling's Main Event,1983,4,dry-run,/Users/jschairb-gwp/Library/CloudStorage/GoogleDrive-josh@greatwesternproductions.com/My Drive/BACKGROUND_RESEARCH/Magazines/1980s/1983/Wrestling's Main Event/Wrestling's Main Event - 1983 - April.pdf,https://ia801603.us.archive.org/13/items/4-main-event-apr-1983/4%20Main%20Event%20Apr%201983.pdf,12743537,
2026-04-26T18:09:25,4-srw-apr-1983,Sports Review Wrestling,1983,4,dry-run,/Users/jschairb-gwp/Library/CloudStorage/GoogleDrive-josh@greatwesternproductions.com/My Drive/BACKGROUND_RESEARCH/Magazines/1980s/1983/Sports Review Wrestling/Sports Review Wrestling - 1983 - April.pdf,https://ia801609.us.archive.org/28/items/4-srw-apr-1983/4%20SRW%20Apr%201983.pdf,8213737,
2026-04-26T18:09:26,10-iw-oct-1981,Inside Wrestling,1981,10,dry-run,/Users/jschairb-gwp/Library/CloudStorage/GoogleDrive-josh@greatwesternproductions.com/My Drive/BACKGROUND_RESEARCH/Magazines/1980s/1981/Inside Wrestling/Inside Wrestling - 1981 - October.pdf,https://ia800306.us.archive.org/8/items/10-iw-oct-1981/10%20IW%20Oct%201981.pdf,8781644,
2026-04-26T18:09:27,10-wrestler-oct-1983,The Wrestler,1983,10,dry-run,/Users/jschairb-gwp/Library/CloudStorage/GoogleDrive-josh@greatwesternproductions.com/My Drive/BACKGROUND_RESEARCH/Magazines/1980s/1983/The Wrestler/The Wrestler - 1983 - October.pdf,https://ia801009.us.archive.org/21/items/10-wrestler-oct-1983/10%20Wrestler%20Oct%201983.pdf,13657141,
2026-04-26T18:09:30,wcw-magazine-1989-04-wrap-up,WCW Magazine,1989,4,dry-run,/Users/jschairb-gwp/Library/CloudStorage/GoogleDrive-josh@greatwesternproductions.com/My Drive/BACKGROUND_RESEARCH/Magazines/1980s/1989/WCW Magazine/WCW Magazine - 1989 - April.pdf,https://ia601009.us.archive.org/14/items/wcw-magazine-1989-04-wrap-up/WCW%20Magazine%201989-04%20Wrap%20Up.pdf,2282514,
2026-04-26T18:09:30,6-srw-jun-1981,Sports Review Wrestling,1981,6,dry-run,/Users/jschairb-gwp/Library/CloudStorage/GoogleDrive-josh@greatwesternproductions.com/My Drive/BACKGROUND_RESEARCH/Magazines/1980s/1981/Sports Review Wrestling/Sports Review Wrestling - 1981 - June.pdf,https://ia801307.us.archive.org/4/items/6-srw-jun-1981/6%20SRW%20Jun%201981.pdf,57813677,
2026-04-26T18:09:31,10-iw-oct-1977,Inside Wrestling,1977,10,dry-run,/Users/jschairb-gwp/Library/CloudStorage/GoogleDrive-josh@greatwesternproductions.com/My Drive/BACKGROUND_RESEARCH/Magazines/1970s/1977/Inside Wrestling/Inside Wrestling - 1977 - October.pdf,https://ia600109.us.archive.org/8/items/10-iw-oct-1977/10%20IW%20Oct%201977.pdf,55924191,
2026-04-26T18:09:32,2-srw-feb-1982,Sports Review Wrestling,1982,2,dry-run,/Users/jschairb-gwp/Library/CloudStorage/GoogleDrive-josh@greatwesternproductions.com/My Drive/BACKGROUND_RESEARCH/Magazines/1980s/1982/Sports Review Wrestling/Sports Review Wrestling - 1982 - February.pdf,https://ia601709.us.archive.org/20/items/2-srw-feb-1982/2%20SRW%20Feb%201982.pdf,8142328,
2026-04-26T18:09:33,wrestling-monthly-1972-01,Wrestling Monthly,1972,1,dry-run,/Users/jschairb-gwp/Library/CloudStorage/GoogleDrive-josh@greatwesternproductions.com/My Drive/BACKGROUND_RESEARCH/Magazines/1970s/1972/Wrestling Monthly/Wrestling Monthly - 1972 - January.pdf,https://ia803109.us.archive.org/28/items/wrestling-monthly-1972-01/Wrestling%20Monthly%201972%2001.pdf,13328148,
2026-04-26T18:09:33,wrestling-news-1981-07-issue-71,Wrestling News,1981,7,dry-run,/Users/jschairb-gwp/Library/CloudStorage/GoogleDrive-josh@greatwesternproductions.com/My Drive/BACKGROUND_RESEARCH/Magazines/1980s/1981/Wrestling News/Wrestling News - 1981 - July.pdf,https://ia601205.us.archive.org/0/items/wrestling-news-1981-07-issue-71/Wrestling%20News%2C%201981-05%20Issue%20%2371%20%28C%29.pdf,15070881,
2026-04-26T18:09:34,wrestling-eye-1986-08-c,Wrestling Eye,1986,8,dry-run,/Users/jschairb-gwp/Library/CloudStorage/GoogleDrive-josh@greatwesternproductions.com/My Drive/BACKGROUND_RESEARCH/Magazines/1980s/1986/Wrestling Eye/Wrestling Eye - 1986 - August.pdf,https://ia600101.us.archive.org/3/items/wrestling-eye-1986-08-c/Wrestling%20Eye%2C%201986-08%20%28C%29.pdf,13583951,
2026-04-26T18:09:35,wrestling-revue-1964-02-c,Wrestling Revue,1964,2,dry-run,/Users/jschairb-gwp/Library/CloudStorage/GoogleDrive-josh@greatwesternproductions.com/My Drive/BACKGROUND_RESEARCH/Magazines/1960s/1964/Wrestling Revue/Wrestling Revue - 1964 - February.pdf,https://ia800408.us.archive.org/23/items/wrestling-revue-1964-02-c/Wrestling%20Revue%2C%201964-02%20%28C%29.pdf,14739576,
2026-04-26T18:09:36,wrestling-revue-1968-04-c,Wrestling Revue,1968,4,dry-run,/Users/jschairb-gwp/Library/CloudStorage/GoogleDrive-josh@greatwesternproductions.com/My Drive/BACKGROUND_RESEARCH/Magazines/1960s/1968/Wrestling Revue/Wrestling Revue - 1968 - April.pdf,https://ia800709.us.archive.org/19/items/wrestling-revue-1968-04-c/Wrestling%20Revue%2C%201968-04%20%28C%29.pdf,13835575,
2026-04-26T18:09:37,wrestling-revue-1976-06-c,Wrestling Revue,1976,6,dry-run,/Users/jschairb-gwp/Library/CloudStorage/GoogleDrive-josh@greatwesternproductions.com/My Drive/BACKGROUND_RESEARCH/Magazines/1970s/1976/Wrestling Revue/Wrestling Revue - 1976 - June.pdf,https://ia601408.us.archive.org/7/items/wrestling-revue-1976-06-c/Wrestling%20Revue%2C%201976-06%20%28C%29.pdf,13854656,
2026-04-26T18:09:38,wrestling-revue-1977-08-c,Wrestling Revue,1977,8,dry-run,/Users/jschairb-gwp/Library/CloudStorage/GoogleDrive-josh@greatwesternproductions.com/My Drive/BACKGROUND_RESEARCH/Magazines/1970s/1977/Wrestling Revue/Wrestling Revue - 1977 - August.pdf,https://ia801306.us.archive.org/3/items/wrestling-revue-1977-08-c/Wrestling%20Revue%2C%201977-08%20%28C%29.pdf,14149976,
2026-04-26T18:09:41,wrestlings-main-event-1985-11-cv-2,Wrestling's Main Event,1985,11,dry-run,/Users/jschairb-gwp/Library/CloudStorage/GoogleDrive-josh@greatwesternproductions.com/My Drive/BACKGROUND_RESEARCH/Magazines/1980s/1985/Wrestling's Main Event/Wrestling's Main Event - 1985 - November.pdf,https://ia903100.us.archive.org/14/items/wrestlings-main-event-1985-11-cv-2/Wrestling%27s%20Main%20Event%2C%201985-11%20%28CV2%29.pdf,29520049,
2026-04-26T18:09:41,wrestlings-main-event-1987-10-r-r-express-b,Wrestling's Main Event,1987,10,dry-run,/Users/jschairb-gwp/Library/CloudStorage/GoogleDrive-josh@greatwesternproductions.com/My Drive/BACKGROUND_RESEARCH/Magazines/1980s/1987/Wrestling's Main Event/Wrestling's Main Event - 1987 - October.pdf,https://ia600602.us.archive.org/10/items/wrestlings-main-event-1987-10-r-r-express-b/Wrestling%27s%20Main%20Event%2C%201987-10%20%28R%26R%20Express%29%20%28B%29.pdf,13312042,
2026-04-26T18:09:42,wwf-magazine-1988-02,WWF Magazine,1988,2,dry-run,/Users/jschairb-gwp/Library/CloudStorage/GoogleDrive-josh@greatwesternproductions.com/My Drive/BACKGROUND_RESEARCH/Magazines/1980s/1988/WWF Magazine/WWF Magazine - 1988 - February.pdf,https://ia903105.us.archive.org/15/items/wwf-magazine-1988-02/WWF%20Magazine%201988-02.pdf,20948189,
2026-04-26T18:09:42,20231002_20231002_1725,Wrestling Revue,1962,2,dry-run,/Users/jschairb-gwp/Library/CloudStorage/GoogleDrive-josh@greatwesternproductions.com/My Drive/BACKGROUND_RESEARCH/Magazines/1960s/1962/Wrestling Revue/Wrestling Revue - 1962 - February.pdf,https://ia800504.us.archive.org/2/items/20231002_20231002_1725/Wrestling%20Revue%201962%2002.pdf,56917311,
2026-04-26T18:09:43,wrestling-guide-1975-12-cv-2,Wrestling Guide,1975,12,dry-run,/Users/jschairb-gwp/Library/CloudStorage/GoogleDrive-josh@greatwesternproductions.com/My Drive/BACKGROUND_RESEARCH/Magazines/1970s/1975/Wrestling Guide/Wrestling Guide - 1975 - December.pdf,https://ia801500.us.archive.org/10/items/wrestling-guide-1975-12-cv-2/Wrestling%20Guide%2C%201975-12%20%28CV2%29.pdf,40906799,
2026-04-26T18:09:44,wrestling-revue-1980-02-mighty-igor-b,Wrestling Revue,1980,2,dry-run,/Users/jschairb-gwp/Library/CloudStorage/GoogleDrive-josh@greatwesternproductions.com/My Drive/BACKGROUND_RESEARCH/Magazines/1980s/1980/Wrestling Revue/Wrestling Revue - 1980 - February.pdf,https://ia801408.us.archive.org/29/items/wrestling-revue-1980-02-mighty-igor-b/Wrestling%20Revue%2C%201980-02%20%28Mighty%20Igor%29%20%28B%29.pdf,13979560,
2026-04-26T18:09:45,wrestling-scene-1987-02-c,Wrestling Scene,1987,2,dry-run,/Users/jschairb-gwp/Library/CloudStorage/GoogleDrive-josh@greatwesternproductions.com/My Drive/BACKGROUND_RESEARCH/Magazines/1980s/1987/Wrestling Scene/Wrestling Scene - 1987 - February.pdf,https://ia801902.us.archive.org/23/items/wrestling-scene-1987-02-c/Wrestling%20Scene%2C%201987-02%20%28C%29.pdf,18884011,
2026-04-26T18:09:46,wrestlings-main-event-1983-10-race-flair-c,Wrestling's Main Event,1983,10,dry-run,/Users/jschairb-gwp/Library/CloudStorage/GoogleDrive-josh@greatwesternproductions.com/My Drive/BACKGROUND_RESEARCH/Magazines/1980s/1983/Wrestling's Main Event/Wrestling's Main Event - 1983 - October.pdf,https://ia600301.us.archive.org/24/items/wrestlings-main-event-1983-10-race-flair-c/Wrestling%27s%20Main%20Event%2C%201983-10%20%28Race%20%26%20Flair%29%20%28C%29.pdf,13479931,
2026-04-26T18:09:48,wrestlings-main-event-1985-01-superstar-billy-graham-b,Wrestling's Main Event,1985,1,dry-run,/Users/jschairb-gwp/Library/CloudStorage/GoogleDrive-josh@greatwesternproductions.com/My Drive/BACKGROUND_RESEARCH/Magazines/1980s/1985/Wrestling's Main Event/Wrestling's Main Event - 1985 - January.pdf,https://ia801501.us.archive.org/13/items/wrestlings-main-event-1985-01-superstar-billy-graham-b/Wrestling%27s%20Main%20Event%2C%201985-01%20%28Superstar%20Billy%20Graham%29%20%28B%29.pdf,16153975,
2026-04-26T18:09:49,wrestlings_main_event_1983_12,Wrestling's Main Event,1983,12,dry-run,/Users/jschairb-gwp/Library/CloudStorage/GoogleDrive-josh@greatwesternproductions.com/My Drive/BACKGROUND_RESEARCH/Magazines/1980s/1983/Wrestling's Main Event/Wrestling's Main Event - 1983 - December.pdf,https://ia600308.us.archive.org/35/items/wrestlings_main_event_1983_12/wrestlings_main_event_1983_12.pdf,17942588,
2026-04-26T18:09:49,wrestling-all-stars-1988-06-23-lex-lugar-c,Wrestling All Stars,1988,6,dry-run,/Users/jschairb-gwp/Library/CloudStorage/GoogleDrive-josh@greatwesternproductions.com/My Drive/BACKGROUND_RESEARCH/Magazines/1980s/1988/Wrestling All Stars/Wrestling All Stars - 1988 - June.pdf,https://ia601505.us.archive.org/18/items/wrestling-all-stars-1988-06-23-lex-lugar-c/Wrestling%20All%20Stars%2C%201988-06%20%28%2323%20Lex%20Lugar%29%20%28C%29.pdf,15468912,
2026-04-26T18:09:50,wrestling-power-1986-09-incomplete-c,Wrestling Power,1986,9,dry-run,/Users/jschairb-gwp/Library/CloudStorage/GoogleDrive-josh@greatwesternproductions.com/My Drive/BACKGROUND_RESEARCH/Magazines/1980s/1986/Wrestling Power/Wrestling Power - 1986 - September.pdf,https://ia800802.us.archive.org/5/items/wrestling-power-1986-09-incomplete-c/Wrestling%20Power%2C%201986-09%20%23%23Incomplete%23%23%20%28C%29.pdf,13135049,
2026-04-26T18:09:51,wrestling-revue-1973-02,Wrestling Revue,1973,2,dry-run,/Users/jschairb-gwp/Library/CloudStorage/GoogleDrive-josh@greatwesternproductions.com/My Drive/BACKGROUND_RESEARCH/Magazines/1970s/1973/Wrestling Revue/Wrestling Revue - 1973 - February.pdf,https://ia800506.us.archive.org/2/items/wrestling-revue-1973-02/Wrestling%20Revue%201973%2002.pdf,93610346,
2026-04-26T18:09:52,wrestling-eye-1986-03-sylvester-stallone-b,Wrestling Eye,1986,3,dry-run,/Users/jschairb-gwp/Library/CloudStorage/GoogleDrive-josh@greatwesternproductions.com/My Drive/BACKGROUND_RESEARCH/Magazines/1980s/1986/Wrestling Eye/Wrestling Eye - 1986 - March.pdf,https://ia600404.us.archive.org/31/items/wrestling-eye-1986-03-sylvester-stallone-b/Wrestling%20Eye%2C%201986-03%20%28Sylvester%20Stallone%29%20%28B%29.pdf,18915218,
2026-04-26T18:09:53,inside-wrestling-1987-02-hogan-piper-orndorff-c,Inside Wrestling,1987,2,dry-run,/Users/jschairb-gwp/Library/CloudStorage/GoogleDrive-josh@greatwesternproductions.com/My Drive/BACKGROUND_RESEARCH/Magazines/1980s/1987/Inside Wrestling/Inside Wrestling - 1987 - February.pdf,https://ia800802.us.archive.org/10/items/inside-wrestling-1987-02-hogan-piper-orndorff-c/Inside%20Wrestling%2C%201987-02%20%28Hogan%2C%20Piper%2C%20Orndorff%29%20%28C%29.pdf,14126413,
2026-04-26T18:09:54,wrestlings-main-event-1985-04-cv-2,Wrestling's Main Event,1985,4,dry-run,/Users/jschairb-gwp/Library/CloudStorage/GoogleDrive-josh@greatwesternproductions.com/My Drive/BACKGROUND_RESEARCH/Magazines/1980s/1985/Wrestling's Main Event/Wrestling's Main Event - 1985 - April.pdf,https://ia600606.us.archive.org/1/items/wrestlings-main-event-1985-04-cv-2/Wrestling%27s%20Main%20Event%2C%201985-04%20%28CV2%29.pdf,31251312,
2026-04-26T18:09:55,wrestlings-main-event-1985-10-cv-2,Wrestling's Main Event,1985,10,dry-run,/Users/jschairb-gwp/Library/CloudStorage/GoogleDrive-josh@greatwesternproductions.com/My Drive/BACKGROUND_RESEARCH/Magazines/1980s/1985/Wrestling's Main Event/Wrestling's Main Event - 1985 - October.pdf,https://ia803206.us.archive.org/26/items/wrestlings-main-event-1985-10-cv-2/Wrestling%27s%20Main%20Event%2C%201985-10%20%28CV2%29.pdf,32315007,
2026-04-26T18:09:56,wrestlings-main-event-1987-04-macho-man-b,Wrestling's Main Event,1987,4,dry-run,/Users/jschairb-gwp/Library/CloudStorage/GoogleDrive-josh@greatwesternproductions.com/My Drive/BACKGROUND_RESEARCH/Magazines/1980s/1987/Wrestling's Main Event/Wrestling's Main Event - 1987 - April.pdf,https://ia803201.us.archive.org/18/items/wrestlings-main-event-1987-04-macho-man-b/Wrestling%27s%20Main%20Event%2C%201987-04%20%28Macho%20Man%29%20%28B%29.pdf,13167681,
2026-04-26T18:09:58,wrestling-monthly-1971-11-world-jr.-heavyweight-c,Wrestling Monthly,1971,11,dry-run,/Users/jschairb-gwp/Library/CloudStorage/GoogleDrive-josh@greatwesternproductions.com/My Drive/BACKGROUND_RESEARCH/Magazines/1970s/1971/Wrestling Monthly/Wrestling Monthly - 1971 - November.pdf,https://ia801408.us.archive.org/14/items/wrestling-monthly-1971-11-world-jr.-heavyweight-c/Wrestling%20Monthly%2C%201971-11%20%28World%20Jr.%20Heavyweight%29%20%28C%29.pdf,13221101,
2026-04-26T18:09:58,wrestling-monthly-1972-04-the-kangaroos-c,Wrestling Monthly,1972,4,dry-run,/Users/jschairb-gwp/Library/CloudStorage/GoogleDrive-josh@greatwesternproductions.com/My Drive/BACKGROUND_RESEARCH/Magazines/1970s/1972/Wrestling Monthly/Wrestling Monthly - 1972 - April.pdf,https://ia600508.us.archive.org/33/items/wrestling-monthly-1972-04-the-kangaroos-c/Wrestling%20Monthly%2C%201972-04%20%28The%20Kangaroos%29%20%28C%29.pdf,13457871,
2026-04-26T18:09:59,wrestling-monthly-1972-09,Wrestling Monthly,1972,9,dry-run,/Users/jschairb-gwp/Library/CloudStorage/GoogleDrive-josh@greatwesternproductions.com/My Drive/BACKGROUND_RESEARCH/Magazines/1970s/1972/Wrestling Monthly/Wrestling Monthly - 1972 - September.pdf,https://ia601504.us.archive.org/18/items/wrestling-monthly-1972-09/Wrestling%20Monthly%201972%2009.pdf,27545399,
2026-04-26T18:10:00,wrestling-monthly-1972-12,Wrestling Monthly,1972,12,dry-run,/Users/jschairb-gwp/Library/CloudStorage/GoogleDrive-josh@greatwesternproductions.com/My Drive/BACKGROUND_RESEARCH/Magazines/1970s/1972/Wrestling Monthly/Wrestling Monthly - 1972 - December.pdf,https://ia800507.us.archive.org/10/items/wrestling-monthly-1972-12/Wrestling%20Monthly%201972%2012.pdf,27828278,
2026-04-26T18:10:01,wrestling-monthly-1977-12-c,Wrestling Monthly,1977,12,dry-run,/Users/jschairb-gwp/Library/CloudStorage/GoogleDrive-josh@greatwesternproductions.com/My Drive/BACKGROUND_RESEARCH/Magazines/1970s/1977/Wrestling Monthly/Wrestling Monthly - 1977 - December.pdf,https://ia600502.us.archive.org/27/items/wrestling-monthly-1977-12-c/Wrestling%20Monthly%2C%201977-12%20%28C%29.pdf,13585812,
2026-04-26T18:10:02,wrestling-power-1987-03-vol.-01-no.-4-c,Wrestling Power,1987,3,dry-run,/Users/jschairb-gwp/Library/CloudStorage/GoogleDrive-josh@greatwesternproductions.com/My Drive/BACKGROUND_RESEARCH/Magazines/1980s/1987/Wrestling Power/Wrestling Power - 1987 - March.pdf,https://ia600507.us.archive.org/11/items/wrestling-power-1987-03-vol.-01-no.-4-c/Wrestling%20Power%2C%201987-03%20%28Vol.%2001%2C%20No.%204%29%20%28C%29.pdf,18249526,
2026-04-26T18:10:03,wrestling-revue-1962-08,Wrestling Revue,1962,8,dry-run,/Users/jschairb-gwp/Library/CloudStorage/GoogleDrive-josh@greatwesternproductions.com/My Drive/BACKGROUND_RESEARCH/Magazines/1960s/1962/Wrestling Revue/Wrestling Revue - 1962 - August.pdf,https://ia600503.us.archive.org/31/items/wrestling-revue-1962-08/Wrestling%20Revue%201962%2008.pdf,41320235,
2026-04-26T18:10:04,wwf-magazine-december-1989_202510,WWF Magazine,1989,12,dry-run,/Users/jschairb-gwp/Library/CloudStorage/GoogleDrive-josh@greatwesternproductions.com/My Drive/BACKGROUND_RESEARCH/Magazines/1980s/1989/WWF Magazine/WWF Magazine - 1989 - December.pdf,https://ia800801.us.archive.org/35/items/wwf-magazine-december-1989_202510/WWF%20Magazine%20December%201989.pdf,52825520,
2026-04-26T18:10:05,Wrestling_World_1966_12DEC,Wrestling World,1966,12,dry-run,/Users/jschairb-gwp/Library/CloudStorage/GoogleDrive-josh@greatwesternproductions.com/My Drive/BACKGROUND_RESEARCH/Magazines/1960s/1966/Wrestling World/Wrestling World - 1966 - December.pdf,https://ia800108.us.archive.org/4/items/Wrestling_World_1966_12DEC/Wrestling_World_1966_12DEC.pdf,65208741,
2026-04-26T18:10:06,wrestling-all-stars-1987-02-superfly-c,Wrestling All Stars,1987,2,dry-run,/Users/jschairb-gwp/Library/CloudStorage/GoogleDrive-josh@greatwesternproductions.com/My Drive/BACKGROUND_RESEARCH/Magazines/1980s/1987/Wrestling All Stars/Wrestling All Stars - 1987 - February.pdf,https://ia600505.us.archive.org/22/items/wrestling-all-stars-1987-02-superfly-c/Wrestling%20All%20Stars%2C%201987-02%20%28Superfly%29%20%28C%29.pdf,18071842,
2026-04-26T18:10:07,wrestling-eye-1987-02-c,Wrestling Eye,1987,2,dry-run,/Users/jschairb-gwp/Library/CloudStorage/GoogleDrive-josh@greatwesternproductions.com/My Drive/BACKGROUND_RESEARCH/Magazines/1980s/1987/Wrestling Eye/Wrestling Eye - 1987 - February.pdf,https://ia601901.us.archive.org/33/items/wrestling-eye-1987-02-c/Wrestling%20Eye%2C%201987-02%20%28C%29.pdf,19520352,
2026-04-26T18:10:08,wrestling-revue-1973-03,Wrestling Revue,1973,3,dry-run,/Users/jschairb-gwp/Library/CloudStorage/GoogleDrive-josh@greatwesternproductions.com/My Drive/BACKGROUND_RESEARCH/Magazines/1970s/1973/Wrestling Revue/Wrestling Revue - 1973 - March.pdf,https://ia800505.us.archive.org/4/items/wrestling-revue-1973-03/Wrestling%20Revue%201973%2003.pdf,96586130,
2026-04-26T18:10:09,wrestling-revue-1980-10-bruno-vs-backlund-b,Wrestling Revue,1980,10,dry-run,/Users/jschairb-gwp/Library/CloudStorage/GoogleDrive-josh@greatwesternproductions.com/My Drive/BACKGROUND_RESEARCH/Magazines/1980s/1980/Wrestling Revue/Wrestling Revue - 1980 - October.pdf,https://ia803109.us.archive.org/31/items/wrestling-revue-1980-10-bruno-vs-backlund-b/Wrestling%20Revue%2C%201980-10%20%28Bruno%20vs%20Backlund%29%20%28B%29.pdf,13463947,
2026-04-26T18:10:11,wrestling-fury-1987-10-incomplete-c,Wrestling Fury,1987,10,dry-run,/Users/jschairb-gwp/Library/CloudStorage/GoogleDrive-josh@greatwesternproductions.com/My Drive/BACKGROUND_RESEARCH/Magazines/1980s/1987/Wrestling Fury/Wrestling Fury - 1987 - October.pdf,https://ia801506.us.archive.org/18/items/wrestling-fury-1987-10-incomplete-c/Wrestling%20Fury%2C%201987-10%20%23%23Incomplete%23%23%20%28C%29.pdf,13971888,
2026-04-26T18:10:11,wrestling-fury-1989-02-c,Wrestling Fury,1989,2,dry-run,/Users/jschairb-gwp/Library/CloudStorage/GoogleDrive-josh@greatwesternproductions.com/My Drive/BACKGROUND_RESEARCH/Magazines/1980s/1989/Wrestling Fury/Wrestling Fury - 1989 - February.pdf,https://ia600107.us.archive.org/0/items/wrestling-fury-1989-02-c/Wrestling%20Fury%2C%201989-02%20%28C%29.pdf,15156184,
2026-04-26T18:10:14,wrestlings-main-event-1983-04-muraco-b,Wrestling's Main Event,1983,4,dry-run,/Users/jschairb-gwp/Library/CloudStorage/GoogleDrive-josh@greatwesternproductions.com/My Drive/BACKGROUND_RESEARCH/Magazines/1980s/1983/Wrestling's Main Event/Wrestling's Main Event - 1983 - April.pdf,https://ia601804.us.archive.org/22/items/wrestlings-main-event-1983-04-muraco-b/Wrestling%27s%20Main%20Event%2C%201983-04%20%28Muraco%29%20%28B%29.pdf,12743537,
2026-04-26T18:10:14,wrestlings-main-event-1987-10-c,Wrestling's Main Event,1987,10,dry-run,/Users/jschairb-gwp/Library/CloudStorage/GoogleDrive-josh@greatwesternproductions.com/My Drive/BACKGROUND_RESEARCH/Magazines/1980s/1987/Wrestling's Main Event/Wrestling's Main Event - 1987 - October.pdf,https://ia601307.us.archive.org/5/items/wrestlings-main-event-1987-10-c/Wrestling%27s%20Main%20Event%2C%201987-10%20%28C%29.pdf,15582634,
2026-04-26T18:10:15,wrestlings-main-event-1988-02-ron-garvin-hulk-hogan-c,Wrestling's Main Event,1988,2,dry-run,/Users/jschairb-gwp/Library/CloudStorage/GoogleDrive-josh@greatwesternproductions.com/My Drive/BACKGROUND_RESEARCH/Magazines/1980s/1988/Wrestling's Main Event/Wrestling's Main Event - 1988 - February.pdf,https://ia801405.us.archive.org/33/items/wrestlings-main-event-1988-02-ron-garvin-hulk-hogan-c/Wrestling%27s%20Main%20Event%2C%201988-02%20%28Ron%20Garvin%2C%20Hulk%20Hogan%29%20%28C%29.pdf,14957872,
2026-04-26T18:10:15,wrestlings-main-event-1989-07-cv-2,Wrestling's Main Event,1989,7,dry-run,/Users/jschairb-gwp/Library/CloudStorage/GoogleDrive-josh@greatwesternproductions.com/My Drive/BACKGROUND_RESEARCH/Magazines/1980s/1989/Wrestling's Main Event/Wrestling's Main Event - 1989 - July.pdf,https://ia800709.us.archive.org/29/items/wrestlings-main-event-1989-07-cv-2/Wrestling%27s%20MAIN%20Event%2C%201989-07%20%28CV2%29.pdf,36054251,
2026-04-26T18:10:16,wrestlings_main_event_1987_02_images,Wrestling's Main Event,1987,2,dry-run,/Users/jschairb-gwp/Library/CloudStorage/GoogleDrive-josh@greatwesternproductions.com/My Drive/BACKGROUND_RESEARCH/Magazines/1980s/1987/Wrestling's Main Event/Wrestling's Main Event - 1987 - February.pdf,https://ia600300.us.archive.org/18/items/wrestlings_main_event_1987_02_images/wrestlings_main_event_1987_02.pdf,2521215,
2026-04-26T18:10:17,wwf-magazine-volume-6-number-6-june-1987,WWF Magazine,1987,6,dry-run,/Users/jschairb-gwp/Library/CloudStorage/GoogleDrive-josh@greatwesternproductions.com/My Drive/BACKGROUND_RESEARCH/Magazines/1980s/1987/WWF Magazine/WWF Magazine - 1987 - June.pdf,https://ia600308.us.archive.org/22/items/wwf-magazine-volume-6-number-6-june-1987/WWF%20Magazine%20Volume%206%2C%20Number%206%20%28June%201987%29.pdf,8920897,
2026-04-26T18:10:18,wwf-magazine-1985-08-09-cyndi-lauper,WWF Magazine,1985,8,dry-run,/Users/jschairb-gwp/Library/CloudStorage/GoogleDrive-josh@greatwesternproductions.com/My Drive/BACKGROUND_RESEARCH/Magazines/1980s/1985/WWF Magazine/WWF Magazine - 1985 - August.pdf,https://ia902903.us.archive.org/13/items/wwf-magazine-1985-08-09-cyndi-lauper/WWF%20Magazine%2C%201985-08%2C09%20%28Cyndi%20Lauper%29.pdf,8524100,
2026-04-26T18:10:19,wrestling-revue-1973-05,Wrestling Revue,1973,5,dry-run,/Users/jschairb-gwp/Library/CloudStorage/GoogleDrive-josh@greatwesternproductions.com/My Drive/BACKGROUND_RESEARCH/Magazines/1970s/1973/Wrestling Revue/Wrestling Revue - 1973 - May.pdf,https://ia800507.us.archive.org/22/items/wrestling-revue-1973-05/Wrestling%20Revue%201973%2005.pdf,102816598,
2026-04-26T18:10:20,wrestling-monthly-1972-08,Wrestling Monthly,1972,8,dry-run,/Users/jschairb-gwp/Library/CloudStorage/GoogleDrive-josh@greatwesternproductions.com/My Drive/BACKGROUND_RESEARCH/Magazines/1970s/1972/Wrestling Monthly/Wrestling Monthly - 1972 - August.pdf,https://ia800508.us.archive.org/6/items/wrestling-monthly-1972-08/Wrestling%20Monthly%201972%2008.pdf,27230674,
2026-04-26T18:10:21,2-wrestler-feb-1976,The Wrestler,1976,2,dry-run,/Users/jschairb-gwp/Library/CloudStorage/GoogleDrive-josh@greatwesternproductions.com/My Drive/BACKGROUND_RESEARCH/Magazines/1970s/1976/The Wrestler/The Wrestler - 1976 - February.pdf,https://ia800908.us.archive.org/8/items/2-wrestler-feb-1976/2%20Wrestler%20Feb%201976.pdf,58535818,
2026-04-26T18:10:22,3-wrestler-mar-1977,The Wrestler,1977,3,dry-run,/Users/jschairb-gwp/Library/CloudStorage/GoogleDrive-josh@greatwesternproductions.com/My Drive/BACKGROUND_RESEARCH/Magazines/1970s/1977/The Wrestler/The Wrestler - 1977 - March.pdf,https://ia801702.us.archive.org/30/items/3-wrestler-mar-1977/3%20Wrestler%20Mar%201977.pdf,58200284,
2026-04-26T18:10:24,wrestling-monthly-1978-08-incomplete-c,Wrestling Monthly,1978,8,dry-run,/Users/jschairb-gwp/Library/CloudStorage/GoogleDrive-josh@greatwesternproductions.com/My Drive/BACKGROUND_RESEARCH/Magazines/1970s/1978/Wrestling Monthly/Wrestling Monthly - 1978 - August.pdf,https://ia801506.us.archive.org/13/items/wrestling-monthly-1978-08-incomplete-c/Wrestling%20Monthly%2C%201978-08%20%23%23Incomplete%23%23%20%28C%29.pdf,10914032,
2026-04-26T18:10:25,wrestlings_main_event_1985_07_images,Wrestling's Main Event,1985,7,dry-run,/Users/jschairb-gwp/Library/CloudStorage/GoogleDrive-josh@greatwesternproductions.com/My Drive/BACKGROUND_RESEARCH/Magazines/1980s/1985/Wrestling's Main Event/Wrestling's Main Event - 1985 - July.pdf,https://ia800308.us.archive.org/24/items/wrestlings_main_event_1985_07_images/wrestlings_main_event_1985_07.pdf,27146092,
2026-04-26T18:10:26,10-wrestling-superstars-oct-1977,Wrestling Superstars,1977,10,dry-run,/Users/jschairb-gwp/Library/CloudStorage/GoogleDrive-josh@greatwesternproductions.com/My Drive/BACKGROUND_RESEARCH/Magazines/1970s/1977/Wrestling Superstars/Wrestling Superstars - 1977 - October.pdf,https://ia801209.us.archive.org/33/items/10-wrestling-superstars-oct-1977/10%20Wrestling%20Superstars%20Oct%201977.pdf,61752692,
2026-04-26T18:10:26,championship-wrestling-1986-05-incomplete-c,Championship Wrestling,1986,5,dry-run,/Users/jschairb-gwp/Library/CloudStorage/GoogleDrive-josh@greatwesternproductions.com/My Drive/BACKGROUND_RESEARCH/Magazines/1980s/1986/Championship Wrestling/Championship Wrestling - 1986 - May.pdf,https://ia600801.us.archive.org/22/items/championship-wrestling-1986-05-incomplete-c/Championship%20Wrestling%2C%201986-05%20%23%23Incomplete%23%23%20%28C%29.pdf,13399967,
2026-04-26T18:10:27,wrestling-confidential-1965-01-c,Wrestling Confidential,1965,1,dry-run,/Users/jschairb-gwp/Library/CloudStorage/GoogleDrive-josh@greatwesternproductions.com/My Drive/BACKGROUND_RESEARCH/Magazines/1960s/1965/Wrestling Confidential/Wrestling Confidential - 1965 - January.pdf,https://ia601801.us.archive.org/35/items/wrestling-confidential-1965-01-c/Wrestling%20Confidential%2C%201965-01%20%28C%29.pdf,13012908,
2026-04-26T18:10:28,wrestling-eye-1989-08-c,Wrestling Eye,1989,8,dry-run,/Users/jschairb-gwp/Library/CloudStorage/GoogleDrive-josh@greatwesternproductions.com/My Drive/BACKGROUND_RESEARCH/Magazines/1980s/1989/Wrestling Eye/Wrestling Eye - 1989 - August.pdf,https://ia601303.us.archive.org/13/items/wrestling-eye-1989-08-c/Wrestling%20Eye%2C%201989-08%20%28C%29.pdf,19577854,
2026-04-26T18:10:29,wrestling-super-stars-1977-07-bruno-sammartino,Wrestling Superstars,1977,7,dry-run,/Users/jschairb-gwp/Library/CloudStorage/GoogleDrive-josh@greatwesternproductions.com/My Drive/BACKGROUND_RESEARCH/Magazines/1970s/1977/Wrestling Superstars/Wrestling Superstars - 1977 - July.pdf,https://ia802901.us.archive.org/24/items/wrestling-super-stars-1977-07-bruno-sammartino/Wrestling%20Super%20Stars%2C%201977-07%20%28Bruno%20Sammartino%29.pdf,10935653,
2026-04-26T18:10:30,wrestling-ringside-1987-03-25-cv-2,Wrestling Ringside,1987,3,dry-run,/Users/jschairb-gwp/Library/CloudStorage/GoogleDrive-josh@greatwesternproductions.com/My Drive/BACKGROUND_RESEARCH/Magazines/1980s/1987/Wrestling Ringside/Wrestling Ringside - 1987 - March.pdf,https://ia801603.us.archive.org/20/items/wrestling-ringside-1987-03-25-cv-2/Wrestling%20Ringside%2C%201987-03%20%2325%20%28CV2%29.pdf,41501212,
2026-04-26T18:10:33,wrestlings-main-event-1988-04-rick-rude-lugar-capt.-lou-c,Wrestling's Main Event,1988,4,dry-run,/Users/jschairb-gwp/Library/CloudStorage/GoogleDrive-josh@greatwesternproductions.com/My Drive/BACKGROUND_RESEARCH/Magazines/1980s/1988/Wrestling's Main Event/Wrestling's Main Event - 1988 - April.pdf,https://ia801504.us.archive.org/0/items/wrestlings-main-event-1988-04-rick-rude-lugar-capt.-lou-c/Wrestling%27s%20Main%20Event%2C%201988-04%20%28Rick%20Rude%2C%20Lugar%2C%20Capt.%20Lou%29%20%28C%29.pdf,16386972,
2026-04-26T18:10:34,wrestlings-main-event-february-1985,Wrestling's Main Event,1985,2,dry-run,/Users/jschairb-gwp/Library/CloudStorage/GoogleDrive-josh@greatwesternproductions.com/My Drive/BACKGROUND_RESEARCH/Magazines/1980s/1985/Wrestling's Main Event/Wrestling's Main Event - 1985 - February.pdf,https://ia800300.us.archive.org/16/items/wrestlings-main-event-february-1985/Wrestling%27s%20Main%20Event%20-%20February%201985.pdf,23792111,
2026-04-26T18:10:35,wwf-magazine-december-1989,WWF Magazine,1989,12,dry-run,/Users/jschairb-gwp/Library/CloudStorage/GoogleDrive-josh@greatwesternproductions.com/My Drive/BACKGROUND_RESEARCH/Magazines/1980s/1989/WWF Magazine/WWF Magazine - 1989 - December.pdf,https://ia801702.us.archive.org/33/items/wwf-magazine-december-1989/WWF%20Magazine%20December%201989.pdf,52825520,
2026-04-26T18:10:36,official-wrestling-1983-05-hulk-hogan-c,Official Wrestling,1983,5,dry-run,/Users/jschairb-gwp/Library/CloudStorage/GoogleDrive-josh@greatwesternproductions.com/My Drive/BACKGROUND_RESEARCH/Magazines/1980s/1983/Official Wrestling/Official Wrestling - 1983 - May.pdf,https://ia802907.us.archive.org/13/items/official-wrestling-1983-05-hulk-hogan-c/Official%20Wrestling%2C%201983-05%20%28Hulk%20Hogan%29%20%28C%29.pdf,13586251,
2026-04-26T18:10:37,inside-wrestling-1981-07-hogan-vs-backlund-c,Inside Wrestling,1981,7,dry-run,/Users/jschairb-gwp/Library/CloudStorage/GoogleDrive-josh@greatwesternproductions.com/My Drive/BACKGROUND_RESEARCH/Magazines/1980s/1981/Inside Wrestling/Inside Wrestling - 1981 - July.pdf,https://ia801403.us.archive.org/5/items/inside-wrestling-1981-07-hogan-vs-backlund-c/Inside%20Wrestling%2C%201981-07%20%28Hogan%20vs%20Backlund%29%20%28C%29.pdf,14137097,
2026-04-26T18:10:38,inside-wrestling-1982-08-andre-backlund-mulligan-c,Inside Wrestling,1982,8,dry-run,/Users/jschairb-gwp/Library/CloudStorage/GoogleDrive-josh@greatwesternproductions.com/My Drive/BACKGROUND_RESEARCH/Magazines/1980s/1982/Inside Wrestling/Inside Wrestling - 1982 - August.pdf,https://ia601407.us.archive.org/34/items/inside-wrestling-1982-08-andre-backlund-mulligan-c/Inside%20Wrestling%2C%201982-08%20%28Andre%2C%20Backlund%20%26%20Mulligan%29%20%28C%29.pdf,14293548,
2026-04-26T18:10:39,inside-wrestling-1985-11-c,Inside Wrestling,1985,11,dry-run,/Users/jschairb-gwp/Library/CloudStorage/GoogleDrive-josh@greatwesternproductions.com/My Drive/BACKGROUND_RESEARCH/Magazines/1980s/1985/Inside Wrestling/Inside Wrestling - 1985 - November.pdf,https://ia600300.us.archive.org/22/items/inside-wrestling-1985-11-c/Inside%20Wrestling%2C%201985-11%20%28C%29.pdf,13731587,
2026-04-26T18:10:39,inside-wrestling-1986-04-c,Inside Wrestling,1986,4,dry-run,/Users/jschairb-gwp/Library/CloudStorage/GoogleDrive-josh@greatwesternproductions.com/My Drive/BACKGROUND_RESEARCH/Magazines/1980s/1986/Inside Wrestling/Inside Wrestling - 1986 - April.pdf,https://ia601404.us.archive.org/20/items/inside-wrestling-1986-04-c/Inside%20Wrestling%2C%201986-04%20%28C%29.pdf,13767382,
2026-04-26T18:10:40,inside-wrestling-1988-06-c,Inside Wrestling,1988,6,dry-run,/Users/jschairb-gwp/Library/CloudStorage/GoogleDrive-josh@greatwesternproductions.com/My Drive/BACKGROUND_RESEARCH/Magazines/1980s/1988/Inside Wrestling/Inside Wrestling - 1988 - June.pdf,https://ia600109.us.archive.org/6/items/inside-wrestling-1988-06-c/Inside%20Wrestling%2C%201988-06%20%28C%29.pdf,13717639,
2026-04-26T18:10:41,inside-wrestling-1988-09-c,Inside Wrestling,1988,9,dry-run,/Users/jschairb-gwp/Library/CloudStorage/GoogleDrive-josh@greatwesternproductions.com/My Drive/BACKGROUND_RESEARCH/Magazines/1980s/1988/Inside Wrestling/Inside Wrestling - 1988 - September.pdf,https://ia600705.us.archive.org/11/items/inside-wrestling-1988-09-c/Inside%20Wrestling%2C%201988-09%20%28C%29.pdf,14777409,
2026-04-26T18:10:41,inside-wrestling-1989-05-c,Inside Wrestling,1989,5,dry-run,/Users/jschairb-gwp/Library/CloudStorage/GoogleDrive-josh@greatwesternproductions.com/My Drive/BACKGROUND_RESEARCH/Magazines/1980s/1989/Inside Wrestling/Inside Wrestling - 1989 - May.pdf,https://ia903101.us.archive.org/18/items/inside-wrestling-1989-05-c/Inside%20Wrestling%2C%201989-05%20%28C%29.pdf,13285291,
2026-04-26T18:10:42,inside-wrestling-1978-02-andre-flair-dusty-c,Inside Wrestling,1978,2,dry-run,/Users/jschairb-gwp/Library/CloudStorage/GoogleDrive-josh@greatwesternproductions.com/My Drive/BACKGROUND_RESEARCH/Magazines/1970s/1978/Inside Wrestling/Inside Wrestling - 1978 - February.pdf,https://ia801402.us.archive.org/25/items/inside-wrestling-1978-02-andre-flair-dusty-c/Inside%20Wrestling%2C%201978-02%20%28Andre%2C%20Flair%20%26%20Dusty%29%20%28C%29.pdf,14079212,
2026-04-26T18:10:45,wrestlings-main-event-1986-01-c,Wrestling's Main Event,1986,1,dry-run,/Users/jschairb-gwp/Library/CloudStorage/GoogleDrive-josh@greatwesternproductions.com/My Drive/BACKGROUND_RESEARCH/Magazines/1980s/1986/Wrestling's Main Event/Wrestling's Main Event - 1986 - January.pdf,https://ia801400.us.archive.org/19/items/wrestlings-main-event-1986-01-c/Wrestling%27s%20Main%20Event%2C%201986-01%20%28C%29.pdf,14774054,
2026-04-26T18:10:45,wrestlings-main-event-1989-05-cv-2,Wrestling's Main Event,1989,5,dry-run,/Users/jschairb-gwp/Library/CloudStorage/GoogleDrive-josh@greatwesternproductions.com/My Drive/BACKGROUND_RESEARCH/Magazines/1980s/1989/Wrestling's Main Event/Wrestling's Main Event - 1989 - May.pdf,https://ia801701.us.archive.org/6/items/wrestlings-main-event-1989-05-cv-2/Wrestling%27s%20Main%20Event%2C%201989-05%20%28CV2%29.pdf,36129196,
2026-04-26T18:10:46,wrestling-illustrated-1965-11_202409,Wrestling Illustrated,1965,11,dry-run,/Users/jschairb-gwp/Library/CloudStorage/GoogleDrive-josh@greatwesternproductions.com/My Drive/BACKGROUND_RESEARCH/Magazines/1960s/1965/Wrestling Illustrated/Wrestling Illustrated - 1965 - November.pdf,https://ia601206.us.archive.org/5/items/wrestling-illustrated-1965-11_202409/Wrestling%20Illustrated%201965%2011.pdf,79492759,
2026-04-26T18:10:46,2-wrestler-feb-1980,The Wrestler,1980,2,dry-run,/Users/jschairb-gwp/Library/CloudStorage/GoogleDrive-josh@greatwesternproductions.com/My Drive/BACKGROUND_RESEARCH/Magazines/1980s/1980/The Wrestler/The Wrestler - 1980 - February.pdf,https://ia600809.us.archive.org/8/items/2-wrestler-feb-1980/2%20Wrestler%20Feb%201980.pdf,11255556,
2026-04-26T18:10:47,wcw-magazine-1989-09-wrap-up,WCW Magazine,1989,9,dry-run,/Users/jschairb-gwp/Library/CloudStorage/GoogleDrive-josh@greatwesternproductions.com/My Drive/BACKGROUND_RESEARCH/Magazines/1980s/1989/WCW Magazine/WCW Magazine - 1989 - September.pdf,https://ia601801.us.archive.org/11/items/wcw-magazine-1989-09-wrap-up/WCW%20Magazine%201989-09%20Wrap%20Up.PDF,15361922,
2026-04-26T18:10:48,3-wrestler-mar-1976,The Wrestler,1976,3,dry-run,/Users/jschairb-gwp/Library/CloudStorage/GoogleDrive-josh@greatwesternproductions.com/My Drive/BACKGROUND_RESEARCH/Magazines/1970s/1976/The Wrestler/The Wrestler - 1976 - March.pdf,https://ia600806.us.archive.org/8/items/3-wrestler-mar-1976/3%20Wrestler%20Mar%201976.pdf,57532666,
2026-04-26T18:10:49,2-srw-feb-1982_202209,Sports Review Wrestling,1982,1,dry-run,/Users/jschairb-gwp/Library/CloudStorage/GoogleDrive-josh@greatwesternproductions.com/My Drive/BACKGROUND_RESEARCH/Magazines/1980s/1982/Sports Review Wrestling/Sports Review Wrestling - 1982 - January.pdf,https://ia801507.us.archive.org/15/items/2-srw-feb-1982_202209/1%20SRW%20Jan%201982.pdf,8325253,
2026-04-26T18:10:50,2-srw-feb-1980,Sports Review Wrestling,1980,2,dry-run,/Users/jschairb-gwp/Library/CloudStorage/GoogleDrive-josh@greatwesternproductions.com/My Drive/BACKGROUND_RESEARCH/Magazines/1980s/1980/Sports Review Wrestling/Sports Review Wrestling - 1980 - February.pdf,https://ia801509.us.archive.org/5/items/2-srw-feb-1980/2%20SRW%20Feb%201980.pdf,56180123,
2026-04-26T18:10:51,glow-1988-05-issue-4,GLOW,1988,5,dry-run,/Users/jschairb-gwp/Library/CloudStorage/GoogleDrive-josh@greatwesternproductions.com/My Drive/BACKGROUND_RESEARCH/Magazines/1980s/1988/GLOW/GLOW - 1988 - May.pdf,https://ia801609.us.archive.org/23/items/glow-1988-05-issue-4/Glow%2C%201988-05%20%28Issue%20%234%29.pdf,31268740,
2026-04-26T18:10:52,4-wrestler-apr-1983,The Wrestler,1983,4,dry-run,/Users/jschairb-gwp/Library/CloudStorage/GoogleDrive-josh@greatwesternproductions.com/My Drive/BACKGROUND_RESEARCH/Magazines/1980s/1983/The Wrestler/The Wrestler - 1983 - April.pdf,https://ia800503.us.archive.org/14/items/4-wrestler-apr-1983/4%20Wrestler%20Apr%201983.pdf,8076772,
2026-04-26T18:10:53,1-srw-jan-1975,Sports Review Wrestling,1975,1,dry-run,/Users/jschairb-gwp/Library/CloudStorage/GoogleDrive-josh@greatwesternproductions.com/My Drive/BACKGROUND_RESEARCH/Magazines/1970s/1975/Sports Review Wrestling/Sports Review Wrestling - 1975 - January.pdf,https://ia801407.us.archive.org/27/items/1-srw-jan-1975/1%20SRW%20Jan%201975.pdf,62043424,
2026-04-26T18:10:54,11-pwi-nov-1979_202207,Pro Wrestling Illustrated,1979,11,dry-run,/Users/jschairb-gwp/Library/CloudStorage/GoogleDrive-josh@greatwesternproductions.com/My Drive/BACKGROUND_RESEARCH/Magazines/1970s/1979/Pro Wrestling Illustrated/Pro Wrestling Illustrated - 1979 - November.pdf,https://ia800407.us.archive.org/23/items/11-pwi-nov-1979_202207/11%20PWI%20Nov%201979.pdf,59219404,
2026-04-26T18:10:57,championship-wrestling-1989-10-c,Championship Wrestling,1989,10,dry-run,/Users/jschairb-gwp/Library/CloudStorage/GoogleDrive-josh@greatwesternproductions.com/My Drive/BACKGROUND_RESEARCH/Magazines/1980s/1989/Championship Wrestling/Championship Wrestling - 1989 - October.pdf,https://ia801306.us.archive.org/23/items/championship-wrestling-1989-10-c/Championship%20Wrestling%2C%201989-10%20%28C%29.pdf,17800522,
2026-04-26T18:10:59,7-srw-jul-1983,Sports Review Wrestling,1983,7,dry-run,/Users/jschairb-gwp/Library/CloudStorage/GoogleDrive-josh@greatwesternproductions.com/My Drive/BACKGROUND_RESEARCH/Magazines/1980s/1983/Sports Review Wrestling/Sports Review Wrestling - 1983 - July.pdf,https://ia801408.us.archive.org/27/items/7-srw-jul-1983/7%20SRW%20Jul%201983.pdf,11989994,
2026-04-26T18:11:00,inside-wrestling-1981-11-dusty-andre-vs-khan-c,Inside Wrestling,1981,11,dry-run,/Users/jschairb-gwp/Library/CloudStorage/GoogleDrive-josh@greatwesternproductions.com/My Drive/BACKGROUND_RESEARCH/Magazines/1980s/1981/Inside Wrestling/Inside Wrestling - 1981 - November.pdf,https://ia801506.us.archive.org/13/items/inside-wrestling-1981-11-dusty-andre-vs-khan-c/Inside%20Wrestling%2C%201981-11%20%28Dusty%2C%20Andre%20vs%20Khan%29%20%28C%29.pdf,14211668,
2026-04-26T18:11:01,inside-wrestling-1982-05-backlund-adonis-c,Inside Wrestling,1982,5,dry-run,/Users/jschairb-gwp/Library/CloudStorage/GoogleDrive-josh@greatwesternproductions.com/My Drive/BACKGROUND_RESEARCH/Magazines/1980s/1982/Inside Wrestling/Inside Wrestling - 1982 - May.pdf,https://ia601503.us.archive.org/24/items/inside-wrestling-1982-05-backlund-adonis-c/Inside%20Wrestling%2C%201982-05%20%28Backlund%20%26%20Adonis%29%20%28C%29.pdf,14213312,
2026-04-26T18:11:02,inside-wrestling-1976-03-ernie-ladd-pedro-incomplete-c,Inside Wrestling,1976,3,dry-run,/Users/jschairb-gwp/Library/CloudStorage/GoogleDrive-josh@greatwesternproductions.com/My Drive/BACKGROUND_RESEARCH/Magazines/1970s/1976/Inside Wrestling/Inside Wrestling - 1976 - March.pdf,https://ia801506.us.archive.org/4/items/inside-wrestling-1976-03-ernie-ladd-pedro-incomplete-c/Inside%20Wrestling%2C%201976-03%20%28Ernie%20Ladd%20%26%20Pedro%29%20%23%23Incomplete%23%23%20%28C%29.pdf,13535008,
2026-04-26T18:11:02,inside-wrestling-1976-06-bruno-sammartino-c,Inside Wrestling,1976,6,dry-run,/Users/jschairb-gwp/Library/CloudStorage/GoogleDrive-josh@greatwesternproductions.com/My Drive/BACKGROUND_RESEARCH/Magazines/1970s/1976/Inside Wrestling/Inside Wrestling - 1976 - June.pdf,https://ia600101.us.archive.org/33/items/inside-wrestling-1976-06-bruno-sammartino-c/Inside%20Wrestling%2C%201976-06%20%28Bruno%20Sammartino%29%20%28C%29.pdf,14020194,
2026-04-26T18:11:03,inside-wrestling-1989-06-steamboat-flair,Inside Wrestling,1989,6,dry-run,/Users/jschairb-gwp/Library/CloudStorage/GoogleDrive-josh@greatwesternproductions.com/My Drive/BACKGROUND_RESEARCH/Magazines/1980s/1989/Inside Wrestling/Inside Wrestling - 1989 - June.pdf,https://ia800407.us.archive.org/21/items/inside-wrestling-1989-06-steamboat-flair/Inside%20Wrestling%2C%201989-06%20%28Steamboat%20%26%20Flair%29.pdf,15636033,
2026-04-26T18:11:04,inside-wrestling-1976-01-andre-the-giant-c,Inside Wrestling,1976,1,dry-run,/Users/jschairb-gwp/Library/CloudStorage/GoogleDrive-josh@greatwesternproductions.com/My Drive/BACKGROUND_RESEARCH/Magazines/1970s/1976/Inside Wrestling/Inside Wrestling - 1976 - January.pdf,https://ia601501.us.archive.org/21/items/inside-wrestling-1976-01-andre-the-giant-c/Inside%20Wrestling%2C%201976-01%20%28Andre%20the%20Giant%29%20%28C%29.pdf,13922108,
2026-04-26T18:11:04,inside-wrestling-1976-08-c,Inside Wrestling,1976,8,dry-run,/Users/jschairb-gwp/Library/CloudStorage/GoogleDrive-josh@greatwesternproductions.com/My Drive/BACKGROUND_RESEARCH/Magazines/1970s/1976/Inside Wrestling/Inside Wrestling - 1976 - August.pdf,https://ia600101.us.archive.org/20/items/inside-wrestling-1976-08-c/Inside%20Wrestling%2C%201976-08%20%28C%29.pdf,14441731,
2026-04-26T18:11:05,inside-wrestling-1976-11-mil-mascaras-b,Inside Wrestling,1976,11,dry-run,/Users/jschairb-gwp/Library/CloudStorage/GoogleDrive-josh@greatwesternproductions.com/My Drive/BACKGROUND_RESEARCH/Magazines/1970s/1976/Inside Wrestling/Inside Wrestling - 1976 - November.pdf,https://ia800904.us.archive.org/22/items/inside-wrestling-1976-11-mil-mascaras-b/Inside%20Wrestling%2C%201976-11%20%28Mil%20Mascaras%29%20%28B%29.pdf,18042767,
2026-04-26T18:11:05,inside-wrestling-1978-11-dusty-flair-slater-steamboat-b,Inside Wrestling,1978,11,dry-run,/Users/jschairb-gwp/Library/CloudStorage/GoogleDrive-josh@greatwesternproductions.com/My Drive/BACKGROUND_RESEARCH/Magazines/1970s/1978/Inside Wrestling/Inside Wrestling - 1978 - November.pdf,https://ia800409.us.archive.org/15/items/inside-wrestling-1978-11-dusty-flair-slater-steamboat-b/Inside%20Wrestling%2C%201978-11%20%28Dusty%2C%20Flair%2C%20Slater%20%26%20Steamboat%29%20%28B%29.pdf,13943486,
2026-04-26T18:11:06,inside-wrestling-1979-03-race-mulligan-superstar-ladd-c,Inside Wrestling,1979,3,dry-run,/Users/jschairb-gwp/Library/CloudStorage/GoogleDrive-josh@greatwesternproductions.com/My Drive/BACKGROUND_RESEARCH/Magazines/1970s/1979/Inside Wrestling/Inside Wrestling - 1979 - March.pdf,https://ia801404.us.archive.org/13/items/inside-wrestling-1979-03-race-mulligan-superstar-ladd-c/Inside%20Wrestling%2C%201979-03%20%28Race-Mulligan%2C%20Superstar%2C%20Ladd%29%20%28C%29.pdf,14004106,
2026-04-26T18:11:08,inside-wrestling-1981-12-andre-ernie-ladd-c,Inside Wrestling,1981,12,dry-run,/Users/jschairb-gwp/Library/CloudStorage/GoogleDrive-josh@greatwesternproductions.com/My Drive/BACKGROUND_RESEARCH/Magazines/1980s/1981/Inside Wrestling/Inside Wrestling - 1981 - December.pdf,https://ia801409.us.archive.org/18/items/inside-wrestling-1981-12-andre-ernie-ladd-c/Inside%20Wrestling%2C%201981-12%20%28Andre%2C%20Ernie%20Ladd%29%20%28C%29.pdf,14534295,
2026-04-26T18:11:08,inside-wrestling-1984-11-c,Inside Wrestling,1984,11,dry-run,/Users/jschairb-gwp/Library/CloudStorage/GoogleDrive-josh@greatwesternproductions.com/My Drive/BACKGROUND_RESEARCH/Magazines/1980s/1984/Inside Wrestling/Inside Wrestling - 1984 - November.pdf,https://ia600602.us.archive.org/0/items/inside-wrestling-1984-11-c/Inside%20Wrestling%2C%201984-11%20%28C%29.pdf,15057590,
2026-04-26T18:11:09,inside-wrestling-1986-11-road-warriors-c,Inside Wrestling,1986,11,dry-run,/Users/jschairb-gwp/Library/CloudStorage/GoogleDrive-josh@greatwesternproductions.com/My Drive/BACKGROUND_RESEARCH/Magazines/1980s/1986/Inside Wrestling/Inside Wrestling - 1986 - November.pdf,https://ia800700.us.archive.org/7/items/inside-wrestling-1986-11-road-warriors-c/Inside%20Wrestling%2C%201986-11%20%28Road%20Warriors%29%20%28C%29.pdf,14032842,
2026-04-26T18:11:10,inside-wrestling-1987-04-steamboat-barry-windham-c,Inside Wrestling,1987,4,dry-run,/Users/jschairb-gwp/Library/CloudStorage/GoogleDrive-josh@greatwesternproductions.com/My Drive/BACKGROUND_RESEARCH/Magazines/1980s/1987/Inside Wrestling/Inside Wrestling - 1987 - April.pdf,https://ia801506.us.archive.org/1/items/inside-wrestling-1987-04-steamboat-barry-windham-c/Inside%20Wrestling%2C%201987-04%20%28Steamboat%2C%20Barry%20Windham%29%20%28C%29.pdf,13989015,
2026-04-26T18:11:11,inside-wrestling-1987-12-c,Inside Wrestling,1987,12,dry-run,/Users/jschairb-gwp/Library/CloudStorage/GoogleDrive-josh@greatwesternproductions.com/My Drive/BACKGROUND_RESEARCH/Magazines/1980s/1987/Inside Wrestling/Inside Wrestling - 1987 - December.pdf,https://ia601501.us.archive.org/33/items/inside-wrestling-1987-12-c/Inside%20Wrestling%2C%201987-12%20%28C%29.pdf,14133167,
2026-04-26T18:11:12,wrestling-eye-1986-05-c,Wrestling Eye,1986,5,dry-run,/Users/jschairb-gwp/Library/CloudStorage/GoogleDrive-josh@greatwesternproductions.com/My Drive/BACKGROUND_RESEARCH/Magazines/1980s/1986/Wrestling Eye/Wrestling Eye - 1986 - May.pdf,https://ia801006.us.archive.org/27/items/wrestling-eye-1986-05-c/Wrestling%20Eye%2C%201986-05%20%28C%29.pdf,18470585,
2026-04-26T18:11:16,wrestling-superstars-1989-10-fall,Wrestling Superstars,1989,10,dry-run,/Users/jschairb-gwp/Library/CloudStorage/GoogleDrive-josh@greatwesternproductions.com/My Drive/BACKGROUND_RESEARCH/Magazines/1980s/1989/Wrestling Superstars/Wrestling Superstars - 1989 - October.pdf,https://ia801506.us.archive.org/17/items/wrestling-superstars-1989-10-fall/Wrestling%20Superstars%2C%201989-10%20%28Fall%29.pdf,9469857,
2026-04-26T18:11:16,wrestling-scene-1985-04-c,Wrestling Scene,1985,4,dry-run,/Users/jschairb-gwp/Library/CloudStorage/GoogleDrive-josh@greatwesternproductions.com/My Drive/BACKGROUND_RESEARCH/Magazines/1980s/1985/Wrestling Scene/Wrestling Scene - 1985 - April.pdf,https://ia801500.us.archive.org/9/items/wrestling-scene-1985-04-c/Wrestling%20Scene%2C%201985-04%20%28C%29.pdf,16813166,
2026-04-26T18:11:17,wrestling-world-v-07n-04-1968-08.-complete-sports-darwination-vs-mc-coy,Wrestling World,1968,8,dry-run,/Users/jschairb-gwp/Library/CloudStorage/GoogleDrive-josh@greatwesternproductions.com/My Drive/BACKGROUND_RESEARCH/Magazines/1960s/1968/Wrestling World/Wrestling World - 1968 - August.pdf,https://ia601300.us.archive.org/16/items/wrestling-world-v-07n-04-1968-08.-complete-sports-darwination-vs-mc-coy/Wrestling%20World%20v07n04%20%281968-08.Complete%20Sports%29%28Darwination%20vs%20McCoy%29.pdf,5908511,
2026-04-26T18:11:17,wrestlings-main-event-1983-03-tommy-rich-c,Wrestling's Main Event,1983,3,dry-run,/Users/jschairb-gwp/Library/CloudStorage/GoogleDrive-josh@greatwesternproductions.com/My Drive/BACKGROUND_RESEARCH/Magazines/1980s/1983/Wrestling's Main Event/Wrestling's Main Event - 1983 - March.pdf,https://ia601801.us.archive.org/23/items/wrestlings-main-event-1983-03-tommy-rich-c/Wrestling%27s%20Main%20Event%2C%201983-03%20%28Tommy%20Rich%29%20%28C%29.pdf,14252336,
2026-04-26T18:11:18,wrestlings-main-event-1987-11-cv-2,Wrestling's Main Event,1987,11,dry-run,/Users/jschairb-gwp/Library/CloudStorage/GoogleDrive-josh@greatwesternproductions.com/My Drive/BACKGROUND_RESEARCH/Magazines/1980s/1987/Wrestling's Main Event/Wrestling's Main Event - 1987 - November.pdf,https://ia601804.us.archive.org/30/items/wrestlings-main-event-1987-11-cv-2/Wrestling%27s%20MAIN%20Event%2C%201987-11%20%28CV2%29.pdf,34769195,
2026-04-26T18:11:19,inside-wrestling-1973-12-c,Inside Wrestling,1973,12,dry-run,/Users/jschairb-gwp/Library/CloudStorage/GoogleDrive-josh@greatwesternproductions.com/My Drive/BACKGROUND_RESEARCH/Magazines/1970s/1973/Inside Wrestling/Inside Wrestling - 1973 - December.pdf,https://ia601306.us.archive.org/0/items/inside-wrestling-1973-12-c/Inside%20Wrestling%2C%201973-12%20%28C%29.pdf,14247822,
2026-04-26T18:11:20,inside-wrestling-1974-08-bruno-sheik-rivera-c,Inside Wrestling,1974,8,dry-run,/Users/jschairb-gwp/Library/CloudStorage/GoogleDrive-josh@greatwesternproductions.com/My Drive/BACKGROUND_RESEARCH/Magazines/1970s/1974/Inside Wrestling/Inside Wrestling - 1974 - August.pdf,https://ia801705.us.archive.org/20/items/inside-wrestling-1974-08-bruno-sheik-rivera-c/Inside%20Wrestling%2C%201974-08%20%28Bruno%2C%20Sheik%2C%20Rivera%29%20%28C%29.pdf,12747040,
2026-04-26T18:11:20,inside-wrestling-1975-05-c,Inside Wrestling,1975,5,dry-run,/Users/jschairb-gwp/Library/CloudStorage/GoogleDrive-josh@greatwesternproductions.com/My Drive/BACKGROUND_RESEARCH/Magazines/1970s/1975/Inside Wrestling/Inside Wrestling - 1975 - May.pdf,https://ia801200.us.archive.org/28/items/inside-wrestling-1975-05-c/Inside%20Wrestling%2C%201975-05%20%28C%29.pdf,13581397,
2026-04-26T18:11:21,inside-wrestling-1978-01-superstar-graham-sheik-c,Inside Wrestling,1978,1,dry-run,/Users/jschairb-gwp/Library/CloudStorage/GoogleDrive-josh@greatwesternproductions.com/My Drive/BACKGROUND_RESEARCH/Magazines/1970s/1978/Inside Wrestling/Inside Wrestling - 1978 - January.pdf,https://ia801501.us.archive.org/1/items/inside-wrestling-1978-01-superstar-graham-sheik-c/Inside%20Wrestling%2C%201979-01%20%28Superstar%20Graham%2C%20Sheik%29%20%28C%29.pdf,14430272,
2026-04-26T18:11:22,inside-wrestling-1983-04-patera-vs-koloff-superfly-c,Inside Wrestling,1983,4,dry-run,/Users/jschairb-gwp/Library/CloudStorage/GoogleDrive-josh@greatwesternproductions.com/My Drive/BACKGROUND_RESEARCH/Magazines/1980s/1983/Inside Wrestling/Inside Wrestling - 1983 - April.pdf,https://ia801505.us.archive.org/2/items/inside-wrestling-1983-04-patera-vs-koloff-superfly-c/Inside%20Wrestling%2C%201983-04%20%28Patera%20vs%20Koloff%2C%20Superfly%29%28C%29.pdf,13978036,
2026-04-26T18:11:23,inside-wrestling-1986-02-r-r-rw-shiek-volkoff-c,Inside Wrestling,1986,2,dry-run,/Users/jschairb-gwp/Library/CloudStorage/GoogleDrive-josh@greatwesternproductions.com/My Drive/BACKGROUND_RESEARCH/Magazines/1980s/1986/Inside Wrestling/Inside Wrestling - 1986 - February.pdf,https://ia800505.us.archive.org/1/items/inside-wrestling-1986-02-r-r-rw-shiek-volkoff-c/Inside%20Wrestling%2C%201986-02%20%28R%26R%2C%20RW%2C%20Shiek%20%26%20Volkoff%29%20%28C%29.pdf,14354803,
2026-04-26T18:11:24,inside-wrestling-1987-03-hogan-ronnie-garvin-c,Inside Wrestling,1987,3,dry-run,/Users/jschairb-gwp/Library/CloudStorage/GoogleDrive-josh@greatwesternproductions.com/My Drive/BACKGROUND_RESEARCH/Magazines/1980s/1987/Inside Wrestling/Inside Wrestling - 1987 - March.pdf,https://ia801507.us.archive.org/9/items/inside-wrestling-1987-03-hogan-ronnie-garvin-c/Inside%20Wrestling%2C%201987-03%20%28Hogan%2C%20Ronnie%20Garvin%29%20%28C%29.pdf,13921009,
2026-04-26T18:11:25,inside-wrestling-1988-01-c,Inside Wrestling,1988,1,dry-run,/Users/jschairb-gwp/Library/CloudStorage/GoogleDrive-josh@greatwesternproductions.com/My Drive/BACKGROUND_RESEARCH/Magazines/1980s/1988/Inside Wrestling/Inside Wrestling - 1988 - January.pdf,https://ia801609.us.archive.org/4/items/inside-wrestling-1988-01-c/Inside%20Wrestling%2C%201988-01%20%28C%29.pdf,14027193,
2026-04-26T18:11:27,inside-wrestling-1986-07-c,Inside Wrestling,1986,7,dry-run,/Users/jschairb-gwp/Library/CloudStorage/GoogleDrive-josh@greatwesternproductions.com/My Drive/BACKGROUND_RESEARCH/Magazines/1980s/1986/Inside Wrestling/Inside Wrestling - 1986 - July.pdf,https://ia800307.us.archive.org/33/items/inside-wrestling-1986-07-c/Inside%20Wrestling%2C%201986-07%20%28C%29.pdf,13651858,
2026-04-26T18:11:28,inside-wrestling-1987-06-c,Inside Wrestling,1987,6,dry-run,/Users/jschairb-gwp/Library/CloudStorage/GoogleDrive-josh@greatwesternproductions.com/My Drive/BACKGROUND_RESEARCH/Magazines/1980s/1987/Inside Wrestling/Inside Wrestling - 1987 - June.pdf,https://ia800103.us.archive.org/32/items/inside-wrestling-1987-06-c/Inside%20Wrestling%2C%201987-06%20%28C%29.pdf,13810584,
2026-04-26T18:11:29,inside-wrestling-1987-09-hulk-hogan-c,Inside Wrestling,1987,9,dry-run,/Users/jschairb-gwp/Library/CloudStorage/GoogleDrive-josh@greatwesternproductions.com/My Drive/BACKGROUND_RESEARCH/Magazines/1980s/1987/Inside Wrestling/Inside Wrestling - 1987 - September.pdf,https://ia801705.us.archive.org/23/items/inside-wrestling-1987-09-hulk-hogan-c/Inside%20Wrestling%2C%201987-09%20%28Hulk%20Hogan%29%20%28C%29.pdf,13955977,
2026-04-26T18:11:29,inside-wrestling-1988-03-c,Inside Wrestling,1988,3,dry-run,/Users/jschairb-gwp/Library/CloudStorage/GoogleDrive-josh@greatwesternproductions.com/My Drive/BACKGROUND_RESEARCH/Magazines/1980s/1988/Inside Wrestling/Inside Wrestling - 1988 - March.pdf,https://ia800800.us.archive.org/5/items/inside-wrestling-1988-03-c/Inside%20Wrestling%2C%201988-03%20%28C%29.pdf,13765306,
2026-04-26T18:11:30,inside-wrestling-1988-11-c,Inside Wrestling,1988,11,dry-run,/Users/jschairb-gwp/Library/CloudStorage/GoogleDrive-josh@greatwesternproductions.com/My Drive/BACKGROUND_RESEARCH/Magazines/1980s/1988/Inside Wrestling/Inside Wrestling - 1988 - November.pdf,https://ia800707.us.archive.org/27/items/inside-wrestling-1988-11-c/Inside%20Wrestling%2C%201988-11%20%28C%29.pdf,14187008,
2026-04-26T18:11:31,inside-wrestling-1989-08-c,Inside Wrestling,1989,8,dry-run,/Users/jschairb-gwp/Library/CloudStorage/GoogleDrive-josh@greatwesternproductions.com/My Drive/BACKGROUND_RESEARCH/Magazines/1980s/1989/Inside Wrestling/Inside Wrestling - 1989 - August.pdf,https://ia801902.us.archive.org/30/items/inside-wrestling-1989-08-c/Inside%20Wrestling%2C%201989-08%20%28C%29.pdf,13786545,
2026-04-26T18:11:32,inside-wrestling-1976-04-mil-mascaras-brisco-c,Inside Wrestling,1976,4,dry-run,/Users/jschairb-gwp/Library/CloudStorage/GoogleDrive-josh@greatwesternproductions.com/My Drive/BACKGROUND_RESEARCH/Magazines/1970s/1976/Inside Wrestling/Inside Wrestling - 1976 - April.pdf,https://ia601407.us.archive.org/9/items/inside-wrestling-1976-04-mil-mascaras-brisco-c/Inside%20Wrestling%2C%201976-04%20%28Mil%20Mascaras%2C%20Brisco%29%20%28C%29.pdf,13934253,
2026-04-26T18:11:33,inside-wrestling-1978-03-valentine-backlund-dusty-c,Inside Wrestling,1978,3,dry-run,/Users/jschairb-gwp/Library/CloudStorage/GoogleDrive-josh@greatwesternproductions.com/My Drive/BACKGROUND_RESEARCH/Magazines/1970s/1978/Inside Wrestling/Inside Wrestling - 1978 - March.pdf,https://ia601505.us.archive.org/29/items/inside-wrestling-1978-03-valentine-backlund-dusty-c/Inside%20Wrestling%2C%201978-03%20%28Valentine%2C%20Backlund%20%26%20Dusty%29%20%28C%29.pdf,14376510,
2026-04-26T18:11:34,inside-wrestling-1979-10-dusty-tommy-rich-c,Inside Wrestling,1979,10,dry-run,/Users/jschairb-gwp/Library/CloudStorage/GoogleDrive-josh@greatwesternproductions.com/My Drive/BACKGROUND_RESEARCH/Magazines/1970s/1979/Inside Wrestling/Inside Wrestling - 1979 - October.pdf,https://ia600106.us.archive.org/1/items/inside-wrestling-1979-10-dusty-tommy-rich-c/Inside%20Wrestling%2C%201979-10%20%28Dusty%20%26%20Tommy%20Rich%29%20%28C%29.pdf,15440080,
2026-04-26T18:11:35,inside-wrestling-v-02n-03-1969-05.-jalart-d-vs-m,Inside Wrestling,1969,5,dry-run,/Users/jschairb-gwp/Library/CloudStorage/GoogleDrive-josh@greatwesternproductions.com/My Drive/BACKGROUND_RESEARCH/Magazines/1960s/1969/Inside Wrestling/Inside Wrestling - 1969 - May.pdf,https://ia601004.us.archive.org/2/items/inside-wrestling-v-02n-03-1969-05.-jalart-d-vs-m/Inside%20Wrestling%20v02n03%20%281969-05.Jalart%29%28D%20vs%20M%29.pdf,5203120,
2026-04-26T18:11:36,inside-wrestling-1973-02-pedro-ernie-ladd-c,Inside Wrestling,1973,2,dry-run,/Users/jschairb-gwp/Library/CloudStorage/GoogleDrive-josh@greatwesternproductions.com/My Drive/BACKGROUND_RESEARCH/Magazines/1970s/1973/Inside Wrestling/Inside Wrestling - 1973 - February.pdf,https://ia601405.us.archive.org/21/items/inside-wrestling-1973-02-pedro-ernie-ladd-c/Inside%20Wrestling%2C%201973-02%20%28Pedro-Ernie%20Ladd%29%20%28C%29.pdf,13798261,
2026-04-26T18:11:37,inside-wrestling-1981-04-bruno-son-c-incomplete,Inside Wrestling,1981,4,dry-run,/Users/jschairb-gwp/Library/CloudStorage/GoogleDrive-josh@greatwesternproductions.com/My Drive/BACKGROUND_RESEARCH/Magazines/1980s/1981/Inside Wrestling/Inside Wrestling - 1981 - April.pdf,https://ia601400.us.archive.org/24/items/inside-wrestling-1981-04-bruno-son-c-incomplete/Inside%20Wrestling%2C%201981-04%20%28Bruno%20%26%20Son%29%20%28C%29%20%21%21Incomplete.pdf,11634765,
2026-04-26T18:11:38,inside-wrestling-1977-03-andre-brisco-c,Inside Wrestling,1977,3,dry-run,/Users/jschairb-gwp/Library/CloudStorage/GoogleDrive-josh@greatwesternproductions.com/My Drive/BACKGROUND_RESEARCH/Magazines/1970s/1977/Inside Wrestling/Inside Wrestling - 1977 - March.pdf,https://ia600809.us.archive.org/33/items/inside-wrestling-1977-03-andre-brisco-c/Inside%20Wrestling%2C%201977-03%20%28Andre%2C%20Brisco%29%20%28C%29.pdf,14268342,
2026-04-26T18:11:39,inside-wrestling-1979-02-bockwinkel-race-bruno-incomplete-c,Inside Wrestling,1979,2,dry-run,/Users/jschairb-gwp/Library/CloudStorage/GoogleDrive-josh@greatwesternproductions.com/My Drive/BACKGROUND_RESEARCH/Magazines/1970s/1979/Inside Wrestling/Inside Wrestling - 1979 - February.pdf,https://ia801400.us.archive.org/18/items/inside-wrestling-1979-02-bockwinkel-race-bruno-incomplete-c/Inside%20Wrestling%2C%201979-02%20%28Bockwinkel%2C%20Race%2C%20Bruno%29%20%23%23Incomplete%23%23%20%28C%29.pdf,14403163,
2026-04-26T18:11:41,inside-wrestling-1979-09-steamboat-mil-funk-dino-bravo-c,Inside Wrestling,1979,9,dry-run,/Users/jschairb-gwp/Library/CloudStorage/GoogleDrive-josh@greatwesternproductions.com/My Drive/BACKGROUND_RESEARCH/Magazines/1970s/1979/Inside Wrestling/Inside Wrestling - 1979 - September.pdf,https://ia601400.us.archive.org/10/items/inside-wrestling-1979-09-steamboat-mil-funk-dino-bravo-c/Inside%20Wrestling%2C%201979-09%20%28Steamboat%2C%20Mil%2C%20Funk%2C%20Dino%20Bravo%29%20%28C%29.pdf,14111526,
2026-04-26T18:11:41,inside-wrestling-1979-11-ivan-putski-ken-patera-c,Inside Wrestling,1979,11,dry-run,/Users/jschairb-gwp/Library/CloudStorage/GoogleDrive-josh@greatwesternproductions.com/My Drive/BACKGROUND_RESEARCH/Magazines/1970s/1979/Inside Wrestling/Inside Wrestling - 1979 - November.pdf,https://ia801507.us.archive.org/7/items/inside-wrestling-1979-11-ivan-putski-ken-patera-c/Inside%20Wrestling%2C%201979-11%20%28Ivan%20Putski%2C%20Ken%20Patera%29%20%28C%29.pdf,14386345,
2026-04-26T18:11:42,inside-wrestling-1989-02-c,Inside Wrestling,1989,2,dry-run,/Users/jschairb-gwp/Library/CloudStorage/GoogleDrive-josh@greatwesternproductions.com/My Drive/BACKGROUND_RESEARCH/Magazines/1980s/1989/Inside Wrestling/Inside Wrestling - 1989 - February.pdf,https://ia801309.us.archive.org/27/items/inside-wrestling-1989-02-c/Inside%20Wrestling%2C%201989-02%20%28C%29.pdf,14006686,
2026-04-26T18:11:44,inside-wrestling-1975-09-mil-mascaras-c,Inside Wrestling,1975,9,dry-run,/Users/jschairb-gwp/Library/CloudStorage/GoogleDrive-josh@greatwesternproductions.com/My Drive/BACKGROUND_RESEARCH/Magazines/1970s/1975/Inside Wrestling/Inside Wrestling - 1975 - September.pdf,https://ia801504.us.archive.org/13/items/inside-wrestling-1975-09-mil-mascaras-c/Inside%20Wrestling%2C%201975-09%20%28Mil%20Mascaras%29%20%28C%29.pdf,13907010,
2026-04-26T18:11:44,inside-wrestling-1978-07-backlund-dusty-andre-mil-c,Inside Wrestling,1978,7,dry-run,/Users/jschairb-gwp/Library/CloudStorage/GoogleDrive-josh@greatwesternproductions.com/My Drive/BACKGROUND_RESEARCH/Magazines/1970s/1978/Inside Wrestling/Inside Wrestling - 1978 - July.pdf,https://ia601400.us.archive.org/22/items/inside-wrestling-1978-07-backlund-dusty-andre-mil-c/Inside%20Wrestling%2C%201978-07%20%28Backlund%2C%20Dusty%2C%20Andre%2C%20Mil%29%20%28C%29.pdf,14071048,
2026-04-26T18:11:45,3-iw-mar-1981,Inside Wrestling,1981,3,dry-run,/Users/jschairb-gwp/Library/CloudStorage/GoogleDrive-josh@greatwesternproductions.com/My Drive/BACKGROUND_RESEARCH/Magazines/1980s/1981/Inside Wrestling/Inside Wrestling - 1981 - March.pdf,https://ia803201.us.archive.org/8/items/3-iw-mar-1981/3%20IW%20Mar%201981.pdf,8262000,
2026-04-26T18:11:46,pro-wrestling-illustrated-1986-07-rock-n-roll-express-c,Pro Wrestling Illustrated,1986,7,dry-run,/Users/jschairb-gwp/Library/CloudStorage/GoogleDrive-josh@greatwesternproductions.com/My Drive/BACKGROUND_RESEARCH/Magazines/1980s/1986/Pro Wrestling Illustrated/Pro Wrestling Illustrated - 1986 - July.pdf,https://ia601402.us.archive.org/35/items/pro-wrestling-illustrated-1986-07-rock-n-roll-express-c/Pro%20Wrestling%20Illustrated%2C%201986-07%20%28Rock%20N%20Roll%20Express%29%20%28C%29.pdf,15644997,
2026-04-26T18:11:47,ringside-1983-09-c,Ringside Wrestling,1983,9,dry-run,/Users/jschairb-gwp/Library/CloudStorage/GoogleDrive-josh@greatwesternproductions.com/My Drive/BACKGROUND_RESEARCH/Magazines/1980s/1983/Ringside Wrestling/Ringside Wrestling - 1983 - September.pdf,https://ia800504.us.archive.org/18/items/ringside-1983-09-c/Ringside%2C%201983-09%20%28C%29.pdf,22564733,
2026-04-26T18:11:48,inside-wrestling-1983-06-john-studd-jimmy-garvin-c,Inside Wrestling,1983,6,dry-run,/Users/jschairb-gwp/Library/CloudStorage/GoogleDrive-josh@greatwesternproductions.com/My Drive/BACKGROUND_RESEARCH/Magazines/1980s/1983/Inside Wrestling/Inside Wrestling - 1983 - June.pdf,https://ia601504.us.archive.org/15/items/inside-wrestling-1983-06-john-studd-jimmy-garvin-c/Inside%20Wrestling%2C%201983-06%20%28John%20Studd%20%26%20Jimmy%20Garvin%29%20%28C%29.pdf,14159370,
2026-04-26T18:11:49,inside-wrestling-1975-05-valiants-superstar-graham-c,Inside Wrestling,1975,5,dry-run,/Users/jschairb-gwp/Library/CloudStorage/GoogleDrive-josh@greatwesternproductions.com/My Drive/BACKGROUND_RESEARCH/Magazines/1970s/1975/Inside Wrestling/Inside Wrestling - 1975 - May.pdf,https://ia801401.us.archive.org/5/items/inside-wrestling-1975-05-valiants-superstar-graham-c/Inside%20Wrestling%2C%201975-05%20%28Valiants%2C%20Superstar%20Graham%29%20%28C%29.pdf,14283714,
2026-04-26T18:11:50,inside-wrestling-1977-05-bruno-putski-c,Inside Wrestling,1977,5,dry-run,/Users/jschairb-gwp/Library/CloudStorage/GoogleDrive-josh@greatwesternproductions.com/My Drive/BACKGROUND_RESEARCH/Magazines/1970s/1977/Inside Wrestling/Inside Wrestling - 1977 - May.pdf,https://ia601205.us.archive.org/21/items/inside-wrestling-1977-05-bruno-putski-c/Inside%20Wrestling%2C%201977-05%20%28Bruno%2C%20Putski%29%20%28C%29.pdf,14239990,
2026-04-26T18:11:51,inside-wrestling-1979-08-bruno-backlund-flair-steamboat-c,Inside Wrestling,1979,8,dry-run,/Users/jschairb-gwp/Library/CloudStorage/GoogleDrive-josh@greatwesternproductions.com/My Drive/BACKGROUND_RESEARCH/Magazines/1970s/1979/Inside Wrestling/Inside Wrestling - 1979 - August.pdf,https://ia801503.us.archive.org/17/items/inside-wrestling-1979-08-bruno-backlund-flair-steamboat-c/Inside%20Wrestling%2C%201979-08%20%28Bruno%2CBacklund%2CFlair%20%26%20Steamboat%29%20%28C%29.pdf,14331987,
2026-04-26T18:11:52,inside-wrestling-1989-11-c,Inside Wrestling,1989,11,dry-run,/Users/jschairb-gwp/Library/CloudStorage/GoogleDrive-josh@greatwesternproductions.com/My Drive/BACKGROUND_RESEARCH/Magazines/1980s/1989/Inside Wrestling/Inside Wrestling - 1989 - November.pdf,https://ia600906.us.archive.org/34/items/inside-wrestling-1989-11-c/Inside%20Wrestling%2C%201989-11%20%28C%29.pdf,14131766,
2026-04-26T18:11:54,inside-wrestling-1974-12-billy-robinson-andre-c,Inside Wrestling,1974,12,dry-run,/Users/jschairb-gwp/Library/CloudStorage/GoogleDrive-josh@greatwesternproductions.com/My Drive/BACKGROUND_RESEARCH/Magazines/1970s/1974/Inside Wrestling/Inside Wrestling - 1974 - December.pdf,https://ia600600.us.archive.org/12/items/inside-wrestling-1974-12-billy-robinson-andre-c/Inside%20Wrestling%2C%201974-12%20%28Billy%20Robinson%2C%20Andre%29%28C%29.pdf,14193384,
2026-04-26T18:11:54,sports-review-wrestling-1981-06-c,Sports Review Wrestling,1981,6,dry-run,/Users/jschairb-gwp/Library/CloudStorage/GoogleDrive-josh@greatwesternproductions.com/My Drive/BACKGROUND_RESEARCH/Magazines/1980s/1981/Sports Review Wrestling/Sports Review Wrestling - 1981 - June.pdf,https://ia800504.us.archive.org/11/items/sports-review-wrestling-1981-06-c/Sports%20Review%20Wrestling%2C%201981-06%20%28C%29.pdf,13418242,
2026-04-26T18:11:55,sports-review-wrestling-1986-06-c,Sports Review Wrestling,1986,6,dry-run,/Users/jschairb-gwp/Library/CloudStorage/GoogleDrive-josh@greatwesternproductions.com/My Drive/BACKGROUND_RESEARCH/Magazines/1980s/1986/Sports Review Wrestling/Sports Review Wrestling - 1986 - June.pdf,https://ia801501.us.archive.org/16/items/sports-review-wrestling-1986-06-c/Sports%20Review%20Wrestling%2C%201986-06%20%28C%29.pdf,13664267,
2026-04-26T18:11:56,sports-review-wrestling-1979-10-c,Sports Review Wrestling,1979,10,dry-run,/Users/jschairb-gwp/Library/CloudStorage/GoogleDrive-josh@greatwesternproductions.com/My Drive/BACKGROUND_RESEARCH/Magazines/1970s/1979/Sports Review Wrestling/Sports Review Wrestling - 1979 - October.pdf,https://ia801804.us.archive.org/30/items/sports-review-wrestling-1979-10-c/Sports%20Review%20Wrestling%2C%201979-10%20%28C%29.pdf,13809542,
2026-04-26T18:11:57,sports-review-wrestling-1987-03-kamala-c,Sports Review Wrestling,1987,3,dry-run,/Users/jschairb-gwp/Library/CloudStorage/GoogleDrive-josh@greatwesternproductions.com/My Drive/BACKGROUND_RESEARCH/Magazines/1980s/1987/Sports Review Wrestling/Sports Review Wrestling - 1987 - March.pdf,https://ia600303.us.archive.org/10/items/sports-review-wrestling-1987-03-kamala-c/Sports%20Review%20Wrestling%2C%201987-03%20%28Kamala%29%20%28C%29.pdf,14530900,
2026-04-26T18:11:58,srw-feb-1980-annual,Sports Review Wrestling,1980,2,dry-run,/Users/jschairb-gwp/Library/CloudStorage/GoogleDrive-josh@greatwesternproductions.com/My Drive/BACKGROUND_RESEARCH/Magazines/1980s/1980/Sports Review Wrestling/Sports Review Wrestling - 1980 - February.pdf,https://ia801409.us.archive.org/18/items/srw-feb-1980-annual/SRW%20Feb%201980%20Annual.pdf,7355941,
2026-04-26T18:11:59,the-wrestler-1983-02-nick-bockwinkel-b,The Wrestler,1983,2,dry-run,/Users/jschairb-gwp/Library/CloudStorage/GoogleDrive-josh@greatwesternproductions.com/My Drive/BACKGROUND_RESEARCH/Magazines/1980s/1983/The Wrestler/The Wrestler - 1983 - February.pdf,https://ia800401.us.archive.org/28/items/the-wrestler-1983-02-nick-bockwinkel-b/The%20Wrestler%2C%201983-02%20%28Nick%20Bockwinkel%29%20%28B%29.pdf,17693262,
2026-04-26T18:12:00,the-wrestler-1985-06-c,The Wrestler,1985,6,dry-run,/Users/jschairb-gwp/Library/CloudStorage/GoogleDrive-josh@greatwesternproductions.com/My Drive/BACKGROUND_RESEARCH/Magazines/1980s/1985/The Wrestler/The Wrestler - 1985 - June.pdf,https://ia600309.us.archive.org/19/items/the-wrestler-1985-06-c/The%20Wrestler%2C%201985-06%20%28C%29.pdf,13358413,
2026-04-26T18:12:01,the-wrestler-1988-02-ric-flair-c,The Wrestler,1988,2,dry-run,/Users/jschairb-gwp/Library/CloudStorage/GoogleDrive-josh@greatwesternproductions.com/My Drive/BACKGROUND_RESEARCH/Magazines/1980s/1988/The Wrestler/The Wrestler - 1988 - February.pdf,https://ia601403.us.archive.org/17/items/the-wrestler-1988-02-ric-flair-c/The%20Wrestler%2C%201988-02%20%28Ric%20Flair%29%20%28C%29.pdf,13748119,
2026-04-26T18:12:02,pro-wrestling-illustrated-1986-02-mike-von-erich-b,Pro Wrestling Illustrated,1986,2,dry-run,/Users/jschairb-gwp/Library/CloudStorage/GoogleDrive-josh@greatwesternproductions.com/My Drive/BACKGROUND_RESEARCH/Magazines/1980s/1986/Pro Wrestling Illustrated/Pro Wrestling Illustrated - 1986 - February.pdf,https://ia803201.us.archive.org/8/items/pro-wrestling-illustrated-1986-02-mike-von-erich-b/Pro%20Wrestling%20Illustrated%2C%201986-02%20%28Mike%20Von%20Erich%29%20%28B%29.pdf,19720462,
2026-04-26T18:12:03,the-rings-wrestling-1982-08-martel-backlund-watts-dundee-b,The Ring's Wrestling,1982,8,dry-run,/Users/jschairb-gwp/Library/CloudStorage/GoogleDrive-josh@greatwesternproductions.com/My Drive/BACKGROUND_RESEARCH/Magazines/1980s/1982/The Ring's Wrestling/The Ring's Wrestling - 1982 - August.pdf,https://ia802802.us.archive.org/30/items/the-rings-wrestling-1982-08-martel-backlund-watts-dundee-b/The%20Ring%27s%20Wrestling%2C%201982-08%20%28Martel%2C%20Backlund%2C%20Watts%2C%20Dundee%29%20%28B%29.pdf,20368734,
2026-04-26T18:12:04,pro-wrestling-illustrated-1989-02-lex-lugar,Pro Wrestling Illustrated,1989,2,dry-run,/Users/jschairb-gwp/Library/CloudStorage/GoogleDrive-josh@greatwesternproductions.com/My Drive/BACKGROUND_RESEARCH/Magazines/1980s/1989/Pro Wrestling Illustrated/Pro Wrestling Illustrated - 1989 - February.pdf,https://ia601001.us.archive.org/29/items/pro-wrestling-illustrated-1989-02-lex-lugar/Pro%20Wrestling%20Illustrated%2C%201989-02%20%28Lex%20Lugar%29.pdf,16170438,
2026-04-26T18:12:05,the-big-book-of-wrestling-1968-10,Big Book of Wrestling,1968,10,dry-run,/Users/jschairb-gwp/Library/CloudStorage/GoogleDrive-josh@greatwesternproductions.com/My Drive/BACKGROUND_RESEARCH/Magazines/1960s/1968/Big Book of Wrestling/Big Book of Wrestling - 1968 - October.pdf,https://ia600404.us.archive.org/17/items/the-big-book-of-wrestling-1968-10/The%20Big%20Book%20Of%20Wrestling%201968%2010.pdf,81924636,
2026-04-26T18:12:06,sports-review-wrestling-1974-04-c,Sports Review Wrestling,1974,4,dry-run,/Users/jschairb-gwp/Library/CloudStorage/GoogleDrive-josh@greatwesternproductions.com/My Drive/BACKGROUND_RESEARCH/Magazines/1970s/1974/Sports Review Wrestling/Sports Review Wrestling - 1974 - April.pdf,https://ia800109.us.archive.org/25/items/sports-review-wrestling-1974-04-c/Sports%20Review%20Wrestling%2C%201974-04%20%28C%29.pdf,13593886,
2026-04-26T18:12:07,sports-review-wrestling-1983-04-backlaund-superstar-graham-c,Sports Review Wrestling,1983,4,dry-run,/Users/jschairb-gwp/Library/CloudStorage/GoogleDrive-josh@greatwesternproductions.com/My Drive/BACKGROUND_RESEARCH/Magazines/1980s/1983/Sports Review Wrestling/Sports Review Wrestling - 1983 - April.pdf,https://ia800109.us.archive.org/24/items/sports-review-wrestling-1983-04-backlaund-superstar-graham-c/Sports%20Review%20Wrestling%2C%201983-04%20%28Backlaund-Superstar%20Graham%29%20%28C%29.pdf,13660319,
2026-04-26T18:12:08,sports-review-wrestling-1985-12-c,Sports Review Wrestling,1985,12,dry-run,/Users/jschairb-gwp/Library/CloudStorage/GoogleDrive-josh@greatwesternproductions.com/My Drive/BACKGROUND_RESEARCH/Magazines/1980s/1985/Sports Review Wrestling/Sports Review Wrestling - 1985 - December.pdf,https://ia801708.us.archive.org/27/items/sports-review-wrestling-1985-12-c/Sports%20Review%20Wrestling%2C%201985-12%20%28C%29.pdf,13569690,
2026-04-26T18:12:09,pro-wrestling-illustrated-1985-07-c,Pro Wrestling Illustrated,1985,7,dry-run,/Users/jschairb-gwp/Library/CloudStorage/GoogleDrive-josh@greatwesternproductions.com/My Drive/BACKGROUND_RESEARCH/Magazines/1980s/1985/Pro Wrestling Illustrated/Pro Wrestling Illustrated - 1985 - July.pdf,https://ia801300.us.archive.org/5/items/pro-wrestling-illustrated-1985-07-c/Pro%20Wrestling%20Illustrated%2C%201985-07%20%28C%29.pdf,16493136,
2026-04-26T18:12:10,pro-wrestling-illustrated-1983-09-bruno-c,Pro Wrestling Illustrated,1983,9,dry-run,/Users/jschairb-gwp/Library/CloudStorage/GoogleDrive-josh@greatwesternproductions.com/My Drive/BACKGROUND_RESEARCH/Magazines/1980s/1983/Pro Wrestling Illustrated/Pro Wrestling Illustrated - 1983 - September.pdf,https://ia801509.us.archive.org/16/items/pro-wrestling-illustrated-1983-09-bruno-c/Pro%20Wrestling%20Illustrated%2C%201983-09%20%28Bruno%29%20%28C%29.pdf,16165689,
2026-04-26T18:12:11,ringside-17-1985-01-big-john-studd-c,Ringside Wrestling,1985,1,dry-run,/Users/jschairb-gwp/Library/CloudStorage/GoogleDrive-josh@greatwesternproductions.com/My Drive/BACKGROUND_RESEARCH/Magazines/1980s/1985/Ringside Wrestling/Ringside Wrestling - 1985 - January.pdf,https://ia800701.us.archive.org/27/items/ringside-17-1985-01-big-john-studd-c/Ringside%20%2317%2C%201985-01%20%28Big%20John%20Studd%29%20%28C%29.pdf,17311886,
2026-04-26T18:12:12,sports-review-wrestling-1983-07-c,Sports Review Wrestling,1983,7,dry-run,/Users/jschairb-gwp/Library/CloudStorage/GoogleDrive-josh@greatwesternproductions.com/My Drive/BACKGROUND_RESEARCH/Magazines/1980s/1983/Sports Review Wrestling/Sports Review Wrestling - 1983 - July.pdf,https://ia801307.us.archive.org/5/items/sports-review-wrestling-1983-07-c/Sports%20Review%20Wrestling%2C%201983-07%20%28C%29.pdf,13368161,
2026-04-26T18:12:13,sports-review-wrestling-1986-09-c,Sports Review Wrestling,1986,9,dry-run,/Users/jschairb-gwp/Library/CloudStorage/GoogleDrive-josh@greatwesternproductions.com/My Drive/BACKGROUND_RESEARCH/Magazines/1980s/1986/Sports Review Wrestling/Sports Review Wrestling - 1986 - September.pdf,https://ia801509.us.archive.org/22/items/sports-review-wrestling-1986-09-c/Sports%20Review%20Wrestling%2C%201986-09%20%28C%29.pdf,13762517,
2026-04-26T18:12:14,sports-review-wrestling-1986-01-c,Sports Review Wrestling,1986,1,dry-run,/Users/jschairb-gwp/Library/CloudStorage/GoogleDrive-josh@greatwesternproductions.com/My Drive/BACKGROUND_RESEARCH/Magazines/1980s/1986/Sports Review Wrestling/Sports Review Wrestling - 1986 - January.pdf,https://ia800508.us.archive.org/33/items/sports-review-wrestling-1986-01-c/Sports%20Review%20Wrestling%2C%201986-01%20%28C%29.pdf,13336515,
2026-04-26T18:12:15,sports-review-wrestling-1988-07-c,Sports Review Wrestling,1988,7,dry-run,/Users/jschairb-gwp/Library/CloudStorage/GoogleDrive-josh@greatwesternproductions.com/My Drive/BACKGROUND_RESEARCH/Magazines/1980s/1988/Sports Review Wrestling/Sports Review Wrestling - 1988 - July.pdf,https://ia801204.us.archive.org/13/items/sports-review-wrestling-1988-07-c/Sports%20Review%20Wrestling%2C%201988-07%20%28C%29.pdf,14134449,
2026-04-26T18:12:16,sports-review-wrestling-1988-09-c,Sports Review Wrestling,1988,9,dry-run,/Users/jschairb-gwp/Library/CloudStorage/GoogleDrive-josh@greatwesternproductions.com/My Drive/BACKGROUND_RESEARCH/Magazines/1980s/1988/Sports Review Wrestling/Sports Review Wrestling - 1988 - September.pdf,https://ia800402.us.archive.org/16/items/sports-review-wrestling-1988-09-c/Sports%20Review%20Wrestling%2C%201988-09%20%28C%29.pdf,13405618,
2026-04-26T18:12:17,sports-review-wrestling-1989-10-c,Sports Review Wrestling,1989,10,dry-run,/Users/jschairb-gwp/Library/CloudStorage/GoogleDrive-josh@greatwesternproductions.com/My Drive/BACKGROUND_RESEARCH/Magazines/1980s/1989/Sports Review Wrestling/Sports Review Wrestling - 1989 - October.pdf,https://ia800609.us.archive.org/35/items/sports-review-wrestling-1989-10-c/Sports%20Review%20Wrestling%2C%201989-10%20%28C%29.pdf,13934786,
2026-04-26T18:12:18,sports-review-wrestling-1988-08-c,Sports Review Wrestling,1988,8,dry-run,/Users/jschairb-gwp/Library/CloudStorage/GoogleDrive-josh@greatwesternproductions.com/My Drive/BACKGROUND_RESEARCH/Magazines/1980s/1988/Sports Review Wrestling/Sports Review Wrestling - 1988 - August.pdf,https://ia601307.us.archive.org/24/items/sports-review-wrestling-1988-08-c/Sports%20Review%20Wrestling%2C%201988-08%20%28C%29.pdf,13642020,
2026-04-26T18:12:19,sports-review-wrestling-1989-12-c,Sports Review Wrestling,1989,12,dry-run,/Users/jschairb-gwp/Library/CloudStorage/GoogleDrive-josh@greatwesternproductions.com/My Drive/BACKGROUND_RESEARCH/Magazines/1980s/1989/Sports Review Wrestling/Sports Review Wrestling - 1989 - December.pdf,https://ia800700.us.archive.org/25/items/sports-review-wrestling-1989-12-c/Sports%20Review%20Wrestling%2C%201989-12%20%28C%29.pdf,15348754,
2026-04-26T18:12:20,sports-review-wrestling-1979-09-c,Sports Review Wrestling,1979,9,dry-run,/Users/jschairb-gwp/Library/CloudStorage/GoogleDrive-josh@greatwesternproductions.com/My Drive/BACKGROUND_RESEARCH/Magazines/1970s/1979/Sports Review Wrestling/Sports Review Wrestling - 1979 - September.pdf,https://ia800707.us.archive.org/33/items/sports-review-wrestling-1979-09-c/Sports%20Review%20Wrestling%2C%201979-09%20%28C%29.pdf,13779315,
2026-04-26T18:12:21,the-rings-wrestling-1979-01-c,The Ring's Wrestling,1979,1,dry-run,/Users/jschairb-gwp/Library/CloudStorage/GoogleDrive-josh@greatwesternproductions.com/My Drive/BACKGROUND_RESEARCH/Magazines/1970s/1979/The Ring's Wrestling/The Ring's Wrestling - 1979 - January.pdf,https://ia801608.us.archive.org/9/items/the-rings-wrestling-1979-01-c/The%20Ring%27s%20Wrestling%2C%201979-01%20%28C%29.pdf,14253689,
2026-04-26T18:12:22,the-wrestler-1976-12-funk-strongbow-c,The Wrestler,1976,12,dry-run,/Users/jschairb-gwp/Library/CloudStorage/GoogleDrive-josh@greatwesternproductions.com/My Drive/BACKGROUND_RESEARCH/Magazines/1970s/1976/The Wrestler/The Wrestler - 1976 - December.pdf,https://ia601405.us.archive.org/33/items/the-wrestler-1976-12-funk-strongbow-c/The%20Wrestler%2C%201976-12%20%28Funk%2C%20Strongbow%29%20%28C%29.pdf,14195865,
2026-04-26T18:12:23,the-wrestler-1979-01-rhodes-sueprstar-graham-b,The Wrestler,1979,1,dry-run,/Users/jschairb-gwp/Library/CloudStorage/GoogleDrive-josh@greatwesternproductions.com/My Drive/BACKGROUND_RESEARCH/Magazines/1970s/1979/The Wrestler/The Wrestler - 1979 - January.pdf,https://ia800602.us.archive.org/13/items/the-wrestler-1979-01-rhodes-sueprstar-graham-b/The%20Wrestler%2C%201979-01%20%28Rhodes%20%26%20Sueprstar%20Graham%29%20%28B%29.pdf,13885303,
2026-04-26T18:12:25,the-wrestler-1979-05-race-steamboat-valiants-b,The Wrestler,1979,5,dry-run,/Users/jschairb-gwp/Library/CloudStorage/GoogleDrive-josh@greatwesternproductions.com/My Drive/BACKGROUND_RESEARCH/Magazines/1970s/1979/The Wrestler/The Wrestler - 1979 - May.pdf,https://ia600408.us.archive.org/2/items/the-wrestler-1979-05-race-steamboat-valiants-b/The%20Wrestler%2C%201979-05%20%28Race%2C%20Steamboat%2C%20Valiants%29%20%28B%29.pdf,14006734,
2026-04-26T18:12:25,the-wrestler-1980-02-andre-the-giant,The Wrestler,1980,2,dry-run,/Users/jschairb-gwp/Library/CloudStorage/GoogleDrive-josh@greatwesternproductions.com/My Drive/BACKGROUND_RESEARCH/Magazines/1980s/1980/The Wrestler/The Wrestler - 1980 - February.pdf,https://ia601402.us.archive.org/28/items/the-wrestler-1980-02-andre-the-giant/The%20Wrestler%2C%201980-02%20%28Andre%20the%20Giant%29.pdf,11255556,
2026-04-26T18:12:26,the-wrestler-1982-11-c,The Wrestler,1982,11,dry-run,/Users/jschairb-gwp/Library/CloudStorage/GoogleDrive-josh@greatwesternproductions.com/My Drive/BACKGROUND_RESEARCH/Magazines/1980s/1982/The Wrestler/The Wrestler - 1982 - November.pdf,https://ia800906.us.archive.org/0/items/the-wrestler-1982-11-c/The%20Wrestler%2C%201982-11%20%28C%29.pdf,13590045,
2026-04-26T18:12:27,the-wrestler-1983-10-race-flair-c,The Wrestler,1983,10,dry-run,/Users/jschairb-gwp/Library/CloudStorage/GoogleDrive-josh@greatwesternproductions.com/My Drive/BACKGROUND_RESEARCH/Magazines/1980s/1983/The Wrestler/The Wrestler - 1983 - October.pdf,https://ia601401.us.archive.org/31/items/the-wrestler-1983-10-race-flair-c/The%20Wrestler%2C%201983-10%20%28Race%20%26%20Flair%29%20%28C%29.pdf,13657141,
2026-04-26T18:12:28,the-wrestler-1988-06-c,The Wrestler,1988,6,dry-run,/Users/jschairb-gwp/Library/CloudStorage/GoogleDrive-josh@greatwesternproductions.com/My Drive/BACKGROUND_RESEARCH/Magazines/1980s/1988/The Wrestler/The Wrestler - 1988 - June.pdf,https://ia601200.us.archive.org/32/items/the-wrestler-1988-06-c/The%20Wrestler%2C%201988-06%20%28C%29.pdf,14509982,
2026-04-26T18:12:29,sports-review-wrestling-1986-02-c,Sports Review Wrestling,1986,2,dry-run,/Users/jschairb-gwp/Library/CloudStorage/GoogleDrive-josh@greatwesternproductions.com/My Drive/BACKGROUND_RESEARCH/Magazines/1980s/1986/Sports Review Wrestling/Sports Review Wrestling - 1986 - February.pdf,https://ia800402.us.archive.org/15/items/sports-review-wrestling-1986-02-c/Sports%20Review%20Wrestling%2C%201986-02%20%28C%29.pdf,12989823,
2026-04-26T18:12:30,sports-review-wrestling-1986-08-c,Sports Review Wrestling,1986,8,dry-run,/Users/jschairb-gwp/Library/CloudStorage/GoogleDrive-josh@greatwesternproductions.com/My Drive/BACKGROUND_RESEARCH/Magazines/1980s/1986/Sports Review Wrestling/Sports Review Wrestling - 1986 - August.pdf,https://ia802907.us.archive.org/1/items/sports-review-wrestling-1986-08-c/Sports%20Review%20Wrestling%2C%201986-08%20%28C%29.pdf,13648213,
2026-04-26T18:12:32,pro-wrestling-illustrated-1989-01-miss-elizabeth,Pro Wrestling Illustrated,1989,1,dry-run,/Users/jschairb-gwp/Library/CloudStorage/GoogleDrive-josh@greatwesternproductions.com/My Drive/BACKGROUND_RESEARCH/Magazines/1980s/1989/Pro Wrestling Illustrated/Pro Wrestling Illustrated - 1989 - January.pdf,https://ia600905.us.archive.org/27/items/pro-wrestling-illustrated-1989-01-miss-elizabeth/Pro%20Wrestling%20Illustrated%2C%201989-01%20%28Miss%20Elizabeth%29.pdf,17561082,
2026-04-26T18:12:33,sports-review-series-wrestling-superstars-1978-02-c,Wrestling Superstars,1978,2,dry-run,/Users/jschairb-gwp/Library/CloudStorage/GoogleDrive-josh@greatwesternproductions.com/My Drive/BACKGROUND_RESEARCH/Magazines/1970s/1978/Wrestling Superstars/Wrestling Superstars - 1978 - February.pdf,https://ia801205.us.archive.org/3/items/sports-review-series-wrestling-superstars-1978-02-c/Sports%20Review%20Series%20Wrestling%20Superstars%2C%201978-02%20%28C%29.pdf,14861149,
2026-04-26T18:12:34,sports-review-wrestling-1979-01-c,Sports Review Wrestling,1979,1,dry-run,/Users/jschairb-gwp/Library/CloudStorage/GoogleDrive-josh@greatwesternproductions.com/My Drive/BACKGROUND_RESEARCH/Magazines/1970s/1979/Sports Review Wrestling/Sports Review Wrestling - 1979 - January.pdf,https://ia903200.us.archive.org/21/items/sports-review-wrestling-1979-01-c/Sports%20Review%20Wrestling%2C%201979-01%20%28C%29.pdf,13610873,
2026-04-26T18:12:34,sports-review-wrestling-1979-03-c,Sports Review Wrestling,1979,3,dry-run,/Users/jschairb-gwp/Library/CloudStorage/GoogleDrive-josh@greatwesternproductions.com/My Drive/BACKGROUND_RESEARCH/Magazines/1970s/1979/Sports Review Wrestling/Sports Review Wrestling - 1979 - March.pdf,https://ia601803.us.archive.org/9/items/sports-review-wrestling-1979-03-c/Sports%20Review%20Wrestling%2C%201979-03%20%28C%29.pdf,13756608,
2026-04-26T18:12:35,sports-review-wrestling-1980-06-superstar-graham-c,Sports Review Wrestling,1980,6,dry-run,/Users/jschairb-gwp/Library/CloudStorage/GoogleDrive-josh@greatwesternproductions.com/My Drive/BACKGROUND_RESEARCH/Magazines/1980s/1980/Sports Review Wrestling/Sports Review Wrestling - 1980 - June.pdf,https://ia801409.us.archive.org/33/items/sports-review-wrestling-1980-06-superstar-graham-c/Sports%20Review%20Wrestling%2C%201980-06%20%28Superstar%20Graham%29%20%28C%29.pdf,14125954,
2026-04-26T18:12:36,sports-review-wrestling-1983-12-c,Sports Review Wrestling,1983,12,dry-run,/Users/jschairb-gwp/Library/CloudStorage/GoogleDrive-josh@greatwesternproductions.com/My Drive/BACKGROUND_RESEARCH/Magazines/1980s/1983/Sports Review Wrestling/Sports Review Wrestling - 1983 - December.pdf,https://ia600505.us.archive.org/15/items/sports-review-wrestling-1983-12-c/Sports%20Review%20Wrestling%2C%201983-12%20%28C%29.pdf,13669581,
2026-04-26T18:12:37,sports-review-wrestling-1984-07-c,Sports Review Wrestling,1984,7,dry-run,/Users/jschairb-gwp/Library/CloudStorage/GoogleDrive-josh@greatwesternproductions.com/My Drive/BACKGROUND_RESEARCH/Magazines/1980s/1984/Sports Review Wrestling/Sports Review Wrestling - 1984 - July.pdf,https://ia801309.us.archive.org/19/items/sports-review-wrestling-1984-07-c/Sports%20Review%20Wrestling%2C%201984-07%20%28C%29.pdf,13495579,
2026-04-26T18:12:38,sports-review-wrestling-1988-06-c,Sports Review Wrestling,1988,6,dry-run,/Users/jschairb-gwp/Library/CloudStorage/GoogleDrive-josh@greatwesternproductions.com/My Drive/BACKGROUND_RESEARCH/Magazines/1980s/1988/Sports Review Wrestling/Sports Review Wrestling - 1988 - June.pdf,https://ia801203.us.archive.org/32/items/sports-review-wrestling-1988-06-c/Sports%20Review%20Wrestling%2C%201988-06%20%28C%29.pdf,13632957,
2026-04-26T18:12:39,sports-review-wrestling-1989-02-c,Sports Review Wrestling,1989,2,dry-run,/Users/jschairb-gwp/Library/CloudStorage/GoogleDrive-josh@greatwesternproductions.com/My Drive/BACKGROUND_RESEARCH/Magazines/1980s/1989/Sports Review Wrestling/Sports Review Wrestling - 1989 - February.pdf,https://ia800303.us.archive.org/12/items/sports-review-wrestling-1989-02-c/Sports%20Review%20Wrestling%2C%201989-02%20%28C%29.pdf,13254700,
2026-04-26T18:12:42,sports-review-wrestling-1988-12-c,Sports Review Wrestling,1988,12,dry-run,/Users/jschairb-gwp/Library/CloudStorage/GoogleDrive-josh@greatwesternproductions.com/My Drive/BACKGROUND_RESEARCH/Magazines/1980s/1988/Sports Review Wrestling/Sports Review Wrestling - 1988 - December.pdf,https://ia800108.us.archive.org/1/items/sports-review-wrestling-1988-12-c/Sports%20Review%20Wrestling%2C%201988-12%20%28C%29.pdf,13083746,
2026-04-26T18:12:43,sports-review-wrestling-1978-07-c_202402,Sports Review Wrestling,1978,7,dry-run,/Users/jschairb-gwp/Library/CloudStorage/GoogleDrive-josh@greatwesternproductions.com/My Drive/BACKGROUND_RESEARCH/Magazines/1970s/1978/Sports Review Wrestling/Sports Review Wrestling - 1978 - July.pdf,https://ia800806.us.archive.org/16/items/sports-review-wrestling-1978-07-c_202402/Sports%20Review%20Wrestling%2C%201978-07%20%28C%29.pdf,13082716,
2026-04-26T18:12:43,sports-review-wrestling-1979-08-bruno-c,Sports Review Wrestling,1979,8,dry-run,/Users/jschairb-gwp/Library/CloudStorage/GoogleDrive-josh@greatwesternproductions.com/My Drive/BACKGROUND_RESEARCH/Magazines/1970s/1979/Sports Review Wrestling/Sports Review Wrestling - 1979 - August.pdf,https://ia601705.us.archive.org/13/items/sports-review-wrestling-1979-08-bruno-c/Sports%20Review%20Wrestling%2C%201979-08%20%28Bruno%29%20%28C%29.pdf,13782804,
2026-04-26T18:12:44,sports-review-wrestling-1982-07-c,Sports Review Wrestling,1982,7,dry-run,/Users/jschairb-gwp/Library/CloudStorage/GoogleDrive-josh@greatwesternproductions.com/My Drive/BACKGROUND_RESEARCH/Magazines/1980s/1982/Sports Review Wrestling/Sports Review Wrestling - 1982 - July.pdf,https://ia800100.us.archive.org/22/items/sports-review-wrestling-1982-07-c/Sports%20Review%20Wrestling%2C%201982-07%20%28C%29.pdf,13209899,
2026-04-26T18:12:45,sports-review-wrestling-1986-05-c,Sports Review Wrestling,1986,5,dry-run,/Users/jschairb-gwp/Library/CloudStorage/GoogleDrive-josh@greatwesternproductions.com/My Drive/BACKGROUND_RESEARCH/Magazines/1980s/1986/Sports Review Wrestling/Sports Review Wrestling - 1986 - May.pdf,https://ia803105.us.archive.org/32/items/sports-review-wrestling-1986-05-c/Sports%20Review%20Wrestling%2C%201986-05%20%28C%29.pdf,13675916,
2026-04-26T18:12:45,sports-review-wrestling-1988-05-c,Sports Review Wrestling,1988,5,dry-run,/Users/jschairb-gwp/Library/CloudStorage/GoogleDrive-josh@greatwesternproductions.com/My Drive/BACKGROUND_RESEARCH/Magazines/1980s/1988/Sports Review Wrestling/Sports Review Wrestling - 1988 - May.pdf,https://ia600305.us.archive.org/13/items/sports-review-wrestling-1988-05-c/Sports%20Review%20Wrestling%2C%201988-05%20%28C%29.pdf,13749437,
2026-04-26T18:12:46,sports-review-wrestling-1975-11-c,Sports Review Wrestling,1975,11,dry-run,/Users/jschairb-gwp/Library/CloudStorage/GoogleDrive-josh@greatwesternproductions.com/My Drive/BACKGROUND_RESEARCH/Magazines/1970s/1975/Sports Review Wrestling/Sports Review Wrestling - 1975 - November.pdf,https://ia800706.us.archive.org/22/items/sports-review-wrestling-1975-11-c/Sports%20Review%20Wrestling%2C%201975-11%20%28C%29.pdf,13966653,
2026-04-26T18:12:47,sports-review-wrestling-1985-02-c,Sports Review Wrestling,1985,2,dry-run,/Users/jschairb-gwp/Library/CloudStorage/GoogleDrive-josh@greatwesternproductions.com/My Drive/BACKGROUND_RESEARCH/Magazines/1980s/1985/Sports Review Wrestling/Sports Review Wrestling - 1985 - February.pdf,https://ia600808.us.archive.org/30/items/sports-review-wrestling-1985-02-c/Sports%20Review%20Wrestling%2C%201985-02%20%28C%29.pdf,13680476,
2026-04-26T18:12:49,sports-review-wrestling-1980-02-c,Sports Review Wrestling,1980,2,dry-run,/Users/jschairb-gwp/Library/CloudStorage/GoogleDrive-josh@greatwesternproductions.com/My Drive/BACKGROUND_RESEARCH/Magazines/1980s/1980/Sports Review Wrestling/Sports Review Wrestling - 1980 - February.pdf,https://ia801308.us.archive.org/11/items/sports-review-wrestling-1980-02-c/Sports%20Review%20Wrestling%2C%201980-02%20%28C%29.pdf,13797671,
2026-04-26T18:12:50,the-wrestler-1986-08-bulldogs-road-warriors-c,The Wrestler,1986,8,dry-run,/Users/jschairb-gwp/Library/CloudStorage/GoogleDrive-josh@greatwesternproductions.com/My Drive/BACKGROUND_RESEARCH/Magazines/1980s/1986/The Wrestler/The Wrestler - 1986 - August.pdf,https://ia801409.us.archive.org/21/items/the-wrestler-1986-08-bulldogs-road-warriors-c/The%20Wrestler%2C%201986-08%20%28Bulldogs%2C%20Road%20Warriors%29%20%28C%29.pdf,13768420,
2026-04-26T18:12:51,the-wrestler-1974-06-john-tolos-b,The Wrestler,1974,6,dry-run,/Users/jschairb-gwp/Library/CloudStorage/GoogleDrive-josh@greatwesternproductions.com/My Drive/BACKGROUND_RESEARCH/Magazines/1970s/1974/The Wrestler/The Wrestler - 1974 - June.pdf,https://ia802909.us.archive.org/16/items/the-wrestler-1974-06-john-tolos-b/The%20Wrestler%2C%201974-06%20%28John%20Tolos%29%20%28B%29.pdf,14222164,
2026-04-26T18:12:52,the-wrestler-1975-01-the-shiek-c,The Wrestler,1975,1,dry-run,/Users/jschairb-gwp/Library/CloudStorage/GoogleDrive-josh@greatwesternproductions.com/My Drive/BACKGROUND_RESEARCH/Magazines/1970s/1975/The Wrestler/The Wrestler - 1975 - January.pdf,https://ia600404.us.archive.org/6/items/the-wrestler-1975-01-the-shiek-c/The%20Wrestler%2C%201975-01%20%28The%20Shiek%29%20%28C%29.pdf,14530483,
2026-04-26T18:12:53,the-wrestler-1976-09-bruno-inoki-ali-b,The Wrestler,1976,9,dry-run,/Users/jschairb-gwp/Library/CloudStorage/GoogleDrive-josh@greatwesternproductions.com/My Drive/BACKGROUND_RESEARCH/Magazines/1970s/1976/The Wrestler/The Wrestler - 1976 - September.pdf,https://ia600409.us.archive.org/33/items/the-wrestler-1976-09-bruno-inoki-ali-b/The%20Wrestler%2C%201976-09%20%28Bruno%2C%20Inoki%20%26%20Ali%29%20%28B%29.pdf,14352311,
2026-04-26T18:12:54,the-wrestler-1989-12-c,The Wrestler,1989,12,dry-run,/Users/jschairb-gwp/Library/CloudStorage/GoogleDrive-josh@greatwesternproductions.com/My Drive/BACKGROUND_RESEARCH/Magazines/1980s/1989/The Wrestler/The Wrestler - 1989 - December.pdf,https://ia600707.us.archive.org/25/items/the-wrestler-1989-12-c/The%20Wrestler%2C%201989-12%20%28C%29.pdf,14048488,
2026-04-26T18:12:55,pro-wrestling-illustrated-1983-02-dusty-rhodes-snuka-c,Pro Wrestling Illustrated,1983,2,dry-run,/Users/jschairb-gwp/Library/CloudStorage/GoogleDrive-josh@greatwesternproductions.com/My Drive/BACKGROUND_RESEARCH/Magazines/1980s/1983/Pro Wrestling Illustrated/Pro Wrestling Illustrated - 1983 - February.pdf,https://ia801406.us.archive.org/2/items/pro-wrestling-illustrated-1983-02-dusty-rhodes-snuka-c/Pro%20Wrestling%20Illustrated%2C%201983-02%20%28Dusty%20Rhodes%20%26%20Snuka%29%20%28C%29.pdf,13350852,
2026-04-26T18:12:55,pro-wrestling-illustrated-1983-10-tommy-rich-c,Pro Wrestling Illustrated,1983,10,dry-run,/Users/jschairb-gwp/Library/CloudStorage/GoogleDrive-josh@greatwesternproductions.com/My Drive/BACKGROUND_RESEARCH/Magazines/1980s/1983/Pro Wrestling Illustrated/Pro Wrestling Illustrated - 1983 - October.pdf,https://ia601407.us.archive.org/5/items/pro-wrestling-illustrated-1983-10-tommy-rich-c/Pro%20Wrestling%20Illustrated%2C%201983-10%20%28Tommy%20Rich%29%20%28C%29.pdf,14719112,
2026-04-26T18:12:56,the-wrestler-1973-05-c,The Wrestler,1973,5,dry-run,/Users/jschairb-gwp/Library/CloudStorage/GoogleDrive-josh@greatwesternproductions.com/My Drive/BACKGROUND_RESEARCH/Magazines/1970s/1973/The Wrestler/The Wrestler - 1973 - May.pdf,https://ia601703.us.archive.org/28/items/the-wrestler-1973-05-c/The%20Wrestler%2C%201973-05%20%28C%29.pdf,14413628,
2026-04-26T18:12:57,the-wrestler-1978-11-ric-flair-ernie-ladd,The Wrestler,1978,11,dry-run,/Users/jschairb-gwp/Library/CloudStorage/GoogleDrive-josh@greatwesternproductions.com/My Drive/BACKGROUND_RESEARCH/Magazines/1970s/1978/The Wrestler/The Wrestler - 1978 - November.pdf,https://ia600401.us.archive.org/26/items/the-wrestler-1978-11-ric-flair-ernie-ladd/The%20Wrestler%2C%201978-11%20%28Ric%20Flair-Ernie%20Ladd%29.pdf,14760470,
2026-04-26T18:12:58,the-wrestler-1979-02-ladd-rhodes-b,The Wrestler,1979,2,dry-run,/Users/jschairb-gwp/Library/CloudStorage/GoogleDrive-josh@greatwesternproductions.com/My Drive/BACKGROUND_RESEARCH/Magazines/1970s/1979/The Wrestler/The Wrestler - 1979 - February.pdf,https://ia801808.us.archive.org/25/items/the-wrestler-1979-02-ladd-rhodes-b/The%20Wrestler%2C%201979-02%20%28Ladd%20%26%20Rhodes%29%20%28B%29.pdf,13872456,
2026-04-26T18:13:00,the-wrestler-1982-05-bob-backlund-c,The Wrestler,1982,5,dry-run,/Users/jschairb-gwp/Library/CloudStorage/GoogleDrive-josh@greatwesternproductions.com/My Drive/BACKGROUND_RESEARCH/Magazines/1980s/1982/The Wrestler/The Wrestler - 1982 - May.pdf,https://ia601501.us.archive.org/5/items/the-wrestler-1982-05-bob-backlund-c/The%20Wrestler%2C%201982-05%20%28Bob%20Backlund%29%20%28C%29.pdf,13678581,
2026-04-26T18:13:01,the-wrestler-1982-09-dusty-rhodes-b,The Wrestler,1982,9,dry-run,/Users/jschairb-gwp/Library/CloudStorage/GoogleDrive-josh@greatwesternproductions.com/My Drive/BACKGROUND_RESEARCH/Magazines/1980s/1982/The Wrestler/The Wrestler - 1982 - September.pdf,https://ia801306.us.archive.org/8/items/the-wrestler-1982-09-dusty-rhodes-b/The%20Wrestler%2C%201982-09%20%28Dusty%20Rhodes%29%20%28B%29.pdf,17623655,
2026-04-26T18:13:03,the-wrestler-1972-06,The Wrestler,1972,6,dry-run,/Users/jschairb-gwp/Library/CloudStorage/GoogleDrive-josh@greatwesternproductions.com/My Drive/BACKGROUND_RESEARCH/Magazines/1970s/1972/The Wrestler/The Wrestler - 1972 - June.pdf,https://ia800902.us.archive.org/7/items/the-wrestler-1972-06/The%20Wrestler%2C%201972-06.pdf,21280046,
2026-04-26T18:13:04,the-wrestler-1975-09-valiants-bulldog-brower-b,The Wrestler,1975,9,dry-run,/Users/jschairb-gwp/Library/CloudStorage/GoogleDrive-josh@greatwesternproductions.com/My Drive/BACKGROUND_RESEARCH/Magazines/1970s/1975/The Wrestler/The Wrestler - 1975 - September.pdf,https://ia800902.us.archive.org/7/items/the-wrestler-1975-09-valiants-bulldog-brower-b/The%20Wrestler%2C%201975-09%20%28Valiants%2C%20Bulldog%20Brower%29%20%28B%29.pdf,13739836,
2026-04-26T18:13:05,the-wrestler-1980-03,The Wrestler,1980,3,dry-run,/Users/jschairb-gwp/Library/CloudStorage/GoogleDrive-josh@greatwesternproductions.com/My Drive/BACKGROUND_RESEARCH/Magazines/1980s/1980/The Wrestler/The Wrestler - 1980 - March.pdf,https://ia800903.us.archive.org/25/items/the-wrestler-1980-03/The%20Wrestler%2C%201980-03.pdf,11109137,
2026-04-26T18:13:06,the-wrestler-1980-12-race-rhodes-b,The Wrestler,1980,12,dry-run,/Users/jschairb-gwp/Library/CloudStorage/GoogleDrive-josh@greatwesternproductions.com/My Drive/BACKGROUND_RESEARCH/Magazines/1980s/1980/The Wrestler/The Wrestler - 1980 - December.pdf,https://ia601708.us.archive.org/3/items/the-wrestler-1980-12-race-rhodes-b/The%20Wrestler%2C%201980-12%20%28Race%20%26%20Rhodes%29%20%28B%29.pdf,18031811,
2026-04-26T18:13:06,the-wrestler-1989-11-c,The Wrestler,1989,11,dry-run,/Users/jschairb-gwp/Library/CloudStorage/GoogleDrive-josh@greatwesternproductions.com/My Drive/BACKGROUND_RESEARCH/Magazines/1980s/1989/The Wrestler/The Wrestler - 1989 - November.pdf,https://ia902909.us.archive.org/1/items/the-wrestler-1989-11-c/The%20Wrestler%2C%201989-11%20%28C%29.pdf,14054909,
2026-04-26T18:13:08,pro-wrestling-illustrated-1983-07-tommy-rich-c,Pro Wrestling Illustrated,1983,7,dry-run,/Users/jschairb-gwp/Library/CloudStorage/GoogleDrive-josh@greatwesternproductions.com/My Drive/BACKGROUND_RESEARCH/Magazines/1980s/1983/Pro Wrestling Illustrated/Pro Wrestling Illustrated - 1983 - July.pdf,https://ia801506.us.archive.org/1/items/pro-wrestling-illustrated-1983-07-tommy-rich-c/Pro%20Wrestling%20Illustrated%2C%201983-07%20%28Tommy%20Rich%29%20%28C%29.pdf,15514196,
2026-04-26T18:13:09,the-wrestler-1984-05-c,The Wrestler,1984,5,dry-run,/Users/jschairb-gwp/Library/CloudStorage/GoogleDrive-josh@greatwesternproductions.com/My Drive/BACKGROUND_RESEARCH/Magazines/1980s/1984/The Wrestler/The Wrestler - 1984 - May.pdf,https://ia600807.us.archive.org/22/items/the-wrestler-1984-05-c/The%20Wrestler%2C%201984-05%20%28C%29.pdf,13425318,
2026-04-26T18:13:09,the-wrestler-1984-12-c,The Wrestler,1984,12,dry-run,/Users/jschairb-gwp/Library/CloudStorage/GoogleDrive-josh@greatwesternproductions.com/My Drive/BACKGROUND_RESEARCH/Magazines/1980s/1984/The Wrestler/The Wrestler - 1984 - December.pdf,https://ia800706.us.archive.org/7/items/the-wrestler-1984-12-c/The%20Wrestler%2C%201984-12%20%28C%29.pdf,13523295,
2026-04-26T18:13:10,the-wrestler-1985-08-c,The Wrestler,1985,8,dry-run,/Users/jschairb-gwp/Library/CloudStorage/GoogleDrive-josh@greatwesternproductions.com/My Drive/BACKGROUND_RESEARCH/Magazines/1980s/1985/The Wrestler/The Wrestler - 1985 - August.pdf,https://ia800807.us.archive.org/20/items/the-wrestler-1985-08-c/The%20Wrestler%2C%201985-08%20%28C%29.pdf,14973202,
2026-04-26T18:13:11,the-ring-wrestling-1964-08-c,The Ring's Wrestling,1964,8,dry-run,/Users/jschairb-gwp/Library/CloudStorage/GoogleDrive-josh@greatwesternproductions.com/My Drive/BACKGROUND_RESEARCH/Magazines/1960s/1964/The Ring's Wrestling/The Ring's Wrestling - 1964 - August.pdf,https://ia801501.us.archive.org/16/items/the-ring-wrestling-1964-08-c/The%20Ring%20Wrestling%2C%201964-08%20%28C%29.pdf,14045388,
2026-04-26T18:13:12,the-rings-wrestling-1978-01-patera-gagne-brunzell-c,The Ring's Wrestling,1978,1,dry-run,/Users/jschairb-gwp/Library/CloudStorage/GoogleDrive-josh@greatwesternproductions.com/My Drive/BACKGROUND_RESEARCH/Magazines/1970s/1978/The Ring's Wrestling/The Ring's Wrestling - 1978 - January.pdf,https://ia801505.us.archive.org/29/items/the-rings-wrestling-1978-01-patera-gagne-brunzell-c/The%20Ring%27s%20Wrestling%2C%201978-01%20%28Patera%2C%20Gagne%2C%20Brunzell%29%20%28C%29.pdf,18614857,
2026-04-26T18:13:13,the-wrestler-1972-02,The Wrestler,1972,2,dry-run,/Users/jschairb-gwp/Library/CloudStorage/GoogleDrive-josh@greatwesternproductions.com/My Drive/BACKGROUND_RESEARCH/Magazines/1970s/1972/The Wrestler/The Wrestler - 1972 - February.pdf,https://ia600801.us.archive.org/5/items/the-wrestler-1972-02/The%20Wrestler%2C%201972-02.pdf,20821127,
2026-04-26T18:13:14,the-wrestler-1982-12-rich-dusty-pedro-snuka-b,The Wrestler,1982,12,dry-run,/Users/jschairb-gwp/Library/CloudStorage/GoogleDrive-josh@greatwesternproductions.com/My Drive/BACKGROUND_RESEARCH/Magazines/1980s/1982/The Wrestler/The Wrestler - 1982 - December.pdf,https://ia801807.us.archive.org/14/items/the-wrestler-1982-12-rich-dusty-pedro-snuka-b/The%20Wrestler%2C%201982-12%20%28Rich%2C%20Dusty%2C%20Pedro%20%26%20Snuka%29%20%28B%29.pdf,13604671,
2026-04-26T18:13:15,the-wrestler-1985-10-c,The Wrestler,1985,10,dry-run,/Users/jschairb-gwp/Library/CloudStorage/GoogleDrive-josh@greatwesternproductions.com/My Drive/BACKGROUND_RESEARCH/Magazines/1980s/1985/The Wrestler/The Wrestler - 1985 - October.pdf,https://ia801707.us.archive.org/21/items/the-wrestler-1985-10-c/The%20Wrestler%2C%201985-10%20%28C%29.pdf,13951963,
2026-04-26T18:13:15,the-wrestler-1985-11-c,The Wrestler,1985,11,dry-run,/Users/jschairb-gwp/Library/CloudStorage/GoogleDrive-josh@greatwesternproductions.com/My Drive/BACKGROUND_RESEARCH/Magazines/1980s/1985/The Wrestler/The Wrestler - 1985 - November.pdf,https://ia600401.us.archive.org/7/items/the-wrestler-1985-11-c/The%20Wrestler%2C%201985-11%20%28C%29.pdf,13563635,
2026-04-26T18:13:16,sports-review-wrestling-1982-08-c,Sports Review Wrestling,1982,8,dry-run,/Users/jschairb-gwp/Library/CloudStorage/GoogleDrive-josh@greatwesternproductions.com/My Drive/BACKGROUND_RESEARCH/Magazines/1980s/1982/Sports Review Wrestling/Sports Review Wrestling - 1982 - August.pdf,https://ia600101.us.archive.org/1/items/sports-review-wrestling-1982-08-c/Sports%20Review%20Wrestling%2C%201982-08%20%28C%29.pdf,13240118,
2026-04-26T18:13:17,official-wrestling-annual-1975-06,Official Wrestling,1975,6,dry-run,/Users/jschairb-gwp/Library/CloudStorage/GoogleDrive-josh@greatwesternproductions.com/My Drive/BACKGROUND_RESEARCH/Magazines/1970s/1975/Official Wrestling/Official Wrestling - 1975 - June.pdf,https://ia801604.us.archive.org/15/items/official-wrestling-annual-1975-06/Official%20Wrestling%20Annual%2C%201975-06.pdf,25595901,
2026-04-26T18:13:18,pro-wrestling-illustrated-1985-11-ric-flair-c,Pro Wrestling Illustrated,1985,11,dry-run,/Users/jschairb-gwp/Library/CloudStorage/GoogleDrive-josh@greatwesternproductions.com/My Drive/BACKGROUND_RESEARCH/Magazines/1980s/1985/Pro Wrestling Illustrated/Pro Wrestling Illustrated - 1985 - November.pdf,https://ia801502.us.archive.org/10/items/pro-wrestling-illustrated-1985-11-ric-flair-c/Pro%20Wrestling%20Illustrated%2C%201985-11%20%28Ric%20Flair%29%20%28C%29.pdf,15215812,
2026-04-26T18:13:19,sports-review-wrestling-1988-10-c,Sports Review Wrestling,1988,10,dry-run,/Users/jschairb-gwp/Library/CloudStorage/GoogleDrive-josh@greatwesternproductions.com/My Drive/BACKGROUND_RESEARCH/Magazines/1980s/1988/Sports Review Wrestling/Sports Review Wrestling - 1988 - October.pdf,https://ia800404.us.archive.org/25/items/sports-review-wrestling-1988-10-c/Sports%20Review%20Wrestling%2C%201988-10%20%28C%29.pdf,13515786,
2026-04-26T18:13:20,the-rings-wrestling-1966-03-c,The Ring's Wrestling,1966,3,dry-run,/Users/jschairb-gwp/Library/CloudStorage/GoogleDrive-josh@greatwesternproductions.com/My Drive/BACKGROUND_RESEARCH/Magazines/1960s/1966/The Ring's Wrestling/The Ring's Wrestling - 1966 - March.pdf,https://ia801204.us.archive.org/33/items/the-rings-wrestling-1966-03-c/The%20Ring%27s%20Wrestling%2C%201966-03%20%28C%29.pdf,14675480,
2026-04-26T18:13:21,the-wrestler-1982-10-bob-backlund-c,The Wrestler,1982,10,dry-run,/Users/jschairb-gwp/Library/CloudStorage/GoogleDrive-josh@greatwesternproductions.com/My Drive/BACKGROUND_RESEARCH/Magazines/1980s/1982/The Wrestler/The Wrestler - 1982 - October.pdf,https://ia601409.us.archive.org/6/items/the-wrestler-1982-10-bob-backlund-c/The%20Wrestler%2C%201982-10%20%28Bob%20Backlund%29%20%28C%29.pdf,13509224,
2026-04-26T18:13:22,the-wrestler-1984-03-tito-santana-c,The Wrestler,1984,3,dry-run,/Users/jschairb-gwp/Library/CloudStorage/GoogleDrive-josh@greatwesternproductions.com/My Drive/BACKGROUND_RESEARCH/Magazines/1980s/1984/The Wrestler/The Wrestler - 1984 - March.pdf,https://ia600808.us.archive.org/21/items/the-wrestler-1984-03-tito-santana-c/The%20Wrestler%2C%201984-03%20%28Tito%20Santana%29%20%28C%29.pdf,14022240,
2026-04-26T18:13:23,the-wrestler-1984-06-david-von-erich-c,The Wrestler,1984,6,dry-run,/Users/jschairb-gwp/Library/CloudStorage/GoogleDrive-josh@greatwesternproductions.com/My Drive/BACKGROUND_RESEARCH/Magazines/1980s/1984/The Wrestler/The Wrestler - 1984 - June.pdf,https://ia600501.us.archive.org/20/items/the-wrestler-1984-06-david-von-erich-c/The%20Wrestler%2C%201984-06%20%28David%20Von%20Erich%29%20%28C%29.pdf,14439453,
2026-04-26T18:13:24,the-wrestler-1988-01-c,The Wrestler,1988,1,dry-run,/Users/jschairb-gwp/Library/CloudStorage/GoogleDrive-josh@greatwesternproductions.com/My Drive/BACKGROUND_RESEARCH/Magazines/1980s/1988/The Wrestler/The Wrestler - 1988 - January.pdf,https://ia601608.us.archive.org/21/items/the-wrestler-1988-01-c/The%20Wrestler%2C%201988-01%20%28C%29.pdf,14161081,
2026-04-26T18:13:25,the-wrestler-1989-02-c,The Wrestler,1989,2,dry-run,/Users/jschairb-gwp/Library/CloudStorage/GoogleDrive-josh@greatwesternproductions.com/My Drive/BACKGROUND_RESEARCH/Magazines/1980s/1989/The Wrestler/The Wrestler - 1989 - February.pdf,https://ia801205.us.archive.org/27/items/the-wrestler-1989-02-c/The%20Wrestler%2C%201989-02%20%28C%29.pdf,13741590,
2026-04-26T18:13:27,pro-wrestling-illustrated-1985-03-84-in-review-b,Pro Wrestling Illustrated,1985,3,dry-run,/Users/jschairb-gwp/Library/CloudStorage/GoogleDrive-josh@greatwesternproductions.com/My Drive/BACKGROUND_RESEARCH/Magazines/1980s/1985/Pro Wrestling Illustrated/Pro Wrestling Illustrated - 1985 - March.pdf,https://ia800903.us.archive.org/24/items/pro-wrestling-illustrated-1985-03-84-in-review-b/Pro%20Wrestling%20Illustrated%2C%201985-03%20%2884%20in%20Review%29%20%28B%29.pdf,19724972,
2026-04-26T18:13:27,pro-wrestling-illustrated-1988-12-4-horsemen-b,Pro Wrestling Illustrated,1988,12,dry-run,/Users/jschairb-gwp/Library/CloudStorage/GoogleDrive-josh@greatwesternproductions.com/My Drive/BACKGROUND_RESEARCH/Magazines/1980s/1988/Pro Wrestling Illustrated/Pro Wrestling Illustrated - 1988 - December.pdf,https://ia803103.us.archive.org/1/items/pro-wrestling-illustrated-1988-12-4-horsemen-b/Pro%20Wrestling%20Illustrated%2C%201988-12%20%284%20Horsemen%29%20%28B%29.pdf,27928458,
2026-04-26T18:13:28,the-wrestler-1972-04,The Wrestler,1972,4,dry-run,/Users/jschairb-gwp/Library/CloudStorage/GoogleDrive-josh@greatwesternproductions.com/My Drive/BACKGROUND_RESEARCH/Magazines/1970s/1972/The Wrestler/The Wrestler - 1972 - April.pdf,https://ia800907.us.archive.org/10/items/the-wrestler-1972-04/The%20Wrestler%2C%201972-04.pdf,20423561,
2026-04-26T18:13:29,the-wrestler-1972-10,The Wrestler,1972,10,dry-run,/Users/jschairb-gwp/Library/CloudStorage/GoogleDrive-josh@greatwesternproductions.com/My Drive/BACKGROUND_RESEARCH/Magazines/1970s/1972/The Wrestler/The Wrestler - 1972 - October.pdf,https://ia800701.us.archive.org/9/items/the-wrestler-1972-10/The%20Wrestler%2C%201972-10.pdf,23334781,
2026-04-26T18:13:30,the-wrestler-1973-09-c,The Wrestler,1973,9,dry-run,/Users/jschairb-gwp/Library/CloudStorage/GoogleDrive-josh@greatwesternproductions.com/My Drive/BACKGROUND_RESEARCH/Magazines/1970s/1973/The Wrestler/The Wrestler - 1973 - September.pdf,https://ia801408.us.archive.org/27/items/the-wrestler-1973-09-c/The%20Wrestler%2C%201973-09%20%28C%29.pdf,13778355,
2026-04-26T18:13:31,the-wrestler-1988-09-c,The Wrestler,1988,9,dry-run,/Users/jschairb-gwp/Library/CloudStorage/GoogleDrive-josh@greatwesternproductions.com/My Drive/BACKGROUND_RESEARCH/Magazines/1980s/1988/The Wrestler/The Wrestler - 1988 - September.pdf,https://ia800300.us.archive.org/21/items/the-wrestler-1988-09-c/The%20Wrestler%2C%201988-09%20%28C%29.pdf,13496021,
2026-04-26T18:13:32,the-wrestler-1988-12-c,The Wrestler,1988,12,dry-run,/Users/jschairb-gwp/Library/CloudStorage/GoogleDrive-josh@greatwesternproductions.com/My Drive/BACKGROUND_RESEARCH/Magazines/1980s/1988/The Wrestler/The Wrestler - 1988 - December.pdf,https://ia601400.us.archive.org/29/items/the-wrestler-1988-12-c/The%20Wrestler%2C%201988-12%20%28C%29.pdf,16493688,
2026-04-26T18:13:33,the-wrestler-1972-07,The Wrestler,1972,7,dry-run,/Users/jschairb-gwp/Library/CloudStorage/GoogleDrive-josh@greatwesternproductions.com/My Drive/BACKGROUND_RESEARCH/Magazines/1970s/1972/The Wrestler/The Wrestler - 1972 - July.pdf,https://ia600606.us.archive.org/28/items/the-wrestler-1972-07/The%20Wrestler%2C%201972-07.pdf,20210513,
2026-04-26T18:13:34,the-wrestler-1984-04-hulk-hogan-b,The Wrestler,1984,4,dry-run,/Users/jschairb-gwp/Library/CloudStorage/GoogleDrive-josh@greatwesternproductions.com/My Drive/BACKGROUND_RESEARCH/Magazines/1980s/1984/The Wrestler/The Wrestler - 1984 - April.pdf,https://ia800408.us.archive.org/12/items/the-wrestler-1984-04-hulk-hogan-b/The%20Wrestler%2C%201984-04%20%28Hulk%20Hogan%29%20%28B%29.pdf,18453558,
2026-04-26T18:13:35,the-wrestler-1984-10-c,The Wrestler,1984,10,dry-run,/Users/jschairb-gwp/Library/CloudStorage/GoogleDrive-josh@greatwesternproductions.com/My Drive/BACKGROUND_RESEARCH/Magazines/1980s/1984/The Wrestler/The Wrestler - 1984 - October.pdf,https://ia800703.us.archive.org/0/items/the-wrestler-1984-10-c/The%20Wrestler%2C%201984-10%20%28C%29.pdf,13572324,
2026-04-26T18:13:36,the-wrestler-1986-12-c,The Wrestler,1986,12,dry-run,/Users/jschairb-gwp/Library/CloudStorage/GoogleDrive-josh@greatwesternproductions.com/My Drive/BACKGROUND_RESEARCH/Magazines/1980s/1986/The Wrestler/The Wrestler - 1986 - December.pdf,https://ia803202.us.archive.org/16/items/the-wrestler-1986-12-c/The%20Wrestler%2C%201986-12%20%28C%29.pdf,13642496,
2026-04-26T18:13:37,sports-review-wrestling-1976-05-c,Sports Review Wrestling,1976,5,dry-run,/Users/jschairb-gwp/Library/CloudStorage/GoogleDrive-josh@greatwesternproductions.com/My Drive/BACKGROUND_RESEARCH/Magazines/1970s/1976/Sports Review Wrestling/Sports Review Wrestling - 1976 - May.pdf,https://ia601501.us.archive.org/17/items/sports-review-wrestling-1976-05-c/Sports%20Review%20Wrestling%2C%201976-05%20%28C%29.pdf,13163764,
2026-04-26T18:13:38,sports-review-wrestling-1980-12-c,Sports Review Wrestling,1980,12,dry-run,/Users/jschairb-gwp/Library/CloudStorage/GoogleDrive-josh@greatwesternproductions.com/My Drive/BACKGROUND_RESEARCH/Magazines/1980s/1980/Sports Review Wrestling/Sports Review Wrestling - 1980 - December.pdf,https://ia801304.us.archive.org/2/items/sports-review-wrestling-1980-12-c/Sports%20Review%20Wrestling%2C%201980-12%20%28C%29.pdf,14121291,
2026-04-26T18:13:39,sports-review-wrestling-1983-02-flair-race-c,Sports Review Wrestling,1983,2,dry-run,/Users/jschairb-gwp/Library/CloudStorage/GoogleDrive-josh@greatwesternproductions.com/My Drive/BACKGROUND_RESEARCH/Magazines/1980s/1983/Sports Review Wrestling/Sports Review Wrestling - 1983 - February.pdf,https://ia800700.us.archive.org/10/items/sports-review-wrestling-1983-02-flair-race-c/Sports%20Review%20Wrestling%2C%201983-02%20%28Flair%20%26%20Race%29%20%28C%29.pdf,13711016,
2026-04-26T18:13:40,sports-review-wrestling-1986-07-c,Sports Review Wrestling,1986,7,dry-run,/Users/jschairb-gwp/Library/CloudStorage/GoogleDrive-josh@greatwesternproductions.com/My Drive/BACKGROUND_RESEARCH/Magazines/1980s/1986/Sports Review Wrestling/Sports Review Wrestling - 1986 - July.pdf,https://ia601307.us.archive.org/13/items/sports-review-wrestling-1986-07-c/Sports%20Review%20Wrestling%2C%201986-07%20%28C%29.pdf,13654996,
2026-04-26T18:13:41,sports-review-wrestling-1987-01-c,Sports Review Wrestling,1987,1,dry-run,/Users/jschairb-gwp/Library/CloudStorage/GoogleDrive-josh@greatwesternproductions.com/My Drive/BACKGROUND_RESEARCH/Magazines/1980s/1987/Sports Review Wrestling/Sports Review Wrestling - 1987 - January.pdf,https://ia803109.us.archive.org/14/items/sports-review-wrestling-1987-01-c/Sports%20Review%20Wrestling%2C%201987-01%20%28C%29.pdf,13580086,
2026-04-26T18:13:42,sports-review-wrestling-1988-01-honky-tonk-man-c,Sports Review Wrestling,1988,1,dry-run,/Users/jschairb-gwp/Library/CloudStorage/GoogleDrive-josh@greatwesternproductions.com/My Drive/BACKGROUND_RESEARCH/Magazines/1980s/1988/Sports Review Wrestling/Sports Review Wrestling - 1988 - January.pdf,https://ia801502.us.archive.org/30/items/sports-review-wrestling-1988-01-honky-tonk-man-c/Sports%20Review%20Wrestling%2C%201988-01%20%28Honky%20Tonk%20Man%29%20%28C%29.pdf,13895409,
2026-04-26T18:13:43,sports-review-wrestling-1980-annual-1980-02-c,Sports Review Wrestling,1980,2,dry-run,/Users/jschairb-gwp/Library/CloudStorage/GoogleDrive-josh@greatwesternproductions.com/My Drive/BACKGROUND_RESEARCH/Magazines/1980s/1980/Sports Review Wrestling/Sports Review Wrestling - 1980 - February.pdf,https://ia600807.us.archive.org/4/items/sports-review-wrestling-1980-annual-1980-02-c/Sports%20Review%20Wrestling%201980%20Annual%2C%201980-02%20%28C%29.pdf,13579847,
2026-04-26T18:13:44,sports-review-wrestling-1984-01-andre-bockwinkle-b,Sports Review Wrestling,1984,1,dry-run,/Users/jschairb-gwp/Library/CloudStorage/GoogleDrive-josh@greatwesternproductions.com/My Drive/BACKGROUND_RESEARCH/Magazines/1980s/1984/Sports Review Wrestling/Sports Review Wrestling - 1984 - January.pdf,https://ia600602.us.archive.org/19/items/sports-review-wrestling-1984-01-andre-bockwinkle-b/Sports%20Review%20Wrestling%2C%201984-01%20%28Andre%20%26%20Bockwinkle%29%20%28B%29.pdf,13969735,
2026-04-26T18:13:45,sports-review-wrestling-1985-07-c,Sports Review Wrestling,1985,7,dry-run,/Users/jschairb-gwp/Library/CloudStorage/GoogleDrive-josh@greatwesternproductions.com/My Drive/BACKGROUND_RESEARCH/Magazines/1980s/1985/Sports Review Wrestling/Sports Review Wrestling - 1985 - July.pdf,https://ia801309.us.archive.org/0/items/sports-review-wrestling-1985-07-c/Sports%20Review%20Wrestling%2C%201985-07%20%28C%29.pdf,13539365,
2026-04-26T18:13:46,the-ring-wrestling-v-02n-10-1965-10.-ring-d-m-ia,The Ring's Wrestling,1965,10,dry-run,/Users/jschairb-gwp/Library/CloudStorage/GoogleDrive-josh@greatwesternproductions.com/My Drive/BACKGROUND_RESEARCH/Magazines/1960s/1965/The Ring's Wrestling/The Ring's Wrestling - 1965 - October.pdf,https://ia801801.us.archive.org/16/items/the-ring-wrestling-v-02n-10-1965-10.-ring-d-m-ia/The%20Ring%20Wrestling%20v02n10%201965-10.Ring%20%28D%26M-IA%29.pdf,6322101,
2026-04-26T18:13:47,ringside-1985-03-12-c,Ringside Wrestling,1985,3,dry-run,/Users/jschairb-gwp/Library/CloudStorage/GoogleDrive-josh@greatwesternproductions.com/My Drive/BACKGROUND_RESEARCH/Magazines/1980s/1985/Ringside Wrestling/Ringside Wrestling - 1985 - March.pdf,https://ia600501.us.archive.org/1/items/ringside-1985-03-12-c/Ringside%2C%201985-03%20%28%2312%29%20%28C%29.pdf,19591191,
2026-04-26T18:13:48,sports-review-wrestling-1988-11-c,Sports Review Wrestling,1988,11,dry-run,/Users/jschairb-gwp/Library/CloudStorage/GoogleDrive-josh@greatwesternproductions.com/My Drive/BACKGROUND_RESEARCH/Magazines/1980s/1988/Sports Review Wrestling/Sports Review Wrestling - 1988 - November.pdf,https://ia601307.us.archive.org/11/items/sports-review-wrestling-1988-11-c/Sports%20Review%20Wrestling%2C%201988-11%20%28C%29.pdf,13560511,
2026-04-26T18:13:49,sports-review-wrestling-1989-06-c,Sports Review Wrestling,1989,6,dry-run,/Users/jschairb-gwp/Library/CloudStorage/GoogleDrive-josh@greatwesternproductions.com/My Drive/BACKGROUND_RESEARCH/Magazines/1980s/1989/Sports Review Wrestling/Sports Review Wrestling - 1989 - June.pdf,https://ia800309.us.archive.org/9/items/sports-review-wrestling-1989-06-c/Sports%20Review%20Wrestling%2C%201989-06%20%28C%29.pdf,13509025,
2026-04-26T18:13:51,sports-review-wrestling-1986-04-c,Sports Review Wrestling,1986,4,dry-run,/Users/jschairb-gwp/Library/CloudStorage/GoogleDrive-josh@greatwesternproductions.com/My Drive/BACKGROUND_RESEARCH/Magazines/1980s/1986/Sports Review Wrestling/Sports Review Wrestling - 1986 - April.pdf,https://ia801308.us.archive.org/32/items/sports-review-wrestling-1986-04-c/Sports%20Review%20Wrestling%2C%201986-04%20%28C%29.pdf,13489692,
2026-04-26T18:13:52,the-wrestler-1972-08,The Wrestler,1972,8,dry-run,/Users/jschairb-gwp/Library/CloudStorage/GoogleDrive-josh@greatwesternproductions.com/My Drive/BACKGROUND_RESEARCH/Magazines/1970s/1972/The Wrestler/The Wrestler - 1972 - August.pdf,https://ia801700.us.archive.org/11/items/the-wrestler-1972-08/The%20Wrestler%2C%201972-08.pdf,22391375,
2026-04-26T18:13:54,the-wrestler-1983-01-ivan-putski-c,The Wrestler,1983,1,dry-run,/Users/jschairb-gwp/Library/CloudStorage/GoogleDrive-josh@greatwesternproductions.com/My Drive/BACKGROUND_RESEARCH/Magazines/1980s/1983/The Wrestler/The Wrestler - 1983 - January.pdf,https://ia801400.us.archive.org/11/items/the-wrestler-1983-01-ivan-putski-c/The%20Wrestler%2C%201983-01%20%28Ivan%20Putski%29%20%28C%29.pdf,13833012,
2026-04-26T18:13:54,the-wrestler-1985-02-c,The Wrestler,1985,2,dry-run,/Users/jschairb-gwp/Library/CloudStorage/GoogleDrive-josh@greatwesternproductions.com/My Drive/BACKGROUND_RESEARCH/Magazines/1980s/1985/The Wrestler/The Wrestler - 1985 - February.pdf,https://ia801702.us.archive.org/4/items/the-wrestler-1985-02-c/The%20Wrestler%2C%201985-02%20%28C%29.pdf,13754119,
2026-04-26T18:13:55,the-wrestler-1986-09-c,The Wrestler,1986,9,dry-run,/Users/jschairb-gwp/Library/CloudStorage/GoogleDrive-josh@greatwesternproductions.com/My Drive/BACKGROUND_RESEARCH/Magazines/1980s/1986/The Wrestler/The Wrestler - 1986 - September.pdf,https://ia600302.us.archive.org/30/items/the-wrestler-1986-09-c/The%20Wrestler%2C%201986-09%20%28C%29.pdf,13738222,
2026-04-26T18:13:55,the-wrestler-1988-03-c,The Wrestler,1988,3,dry-run,/Users/jschairb-gwp/Library/CloudStorage/GoogleDrive-josh@greatwesternproductions.com/My Drive/BACKGROUND_RESEARCH/Magazines/1980s/1988/The Wrestler/The Wrestler - 1988 - March.pdf,https://ia800508.us.archive.org/1/items/the-wrestler-1988-03-c/The%20Wrestler%2C%201988-03%20%28C%29.pdf,13935574,
2026-04-26T18:13:56,the-ring-wrestling-1968-12-cv-2,The Ring's Wrestling,1968,12,dry-run,/Users/jschairb-gwp/Library/CloudStorage/GoogleDrive-josh@greatwesternproductions.com/My Drive/BACKGROUND_RESEARCH/Magazines/1960s/1968/The Ring's Wrestling/The Ring's Wrestling - 1968 - December.pdf,https://ia600702.us.archive.org/2/items/the-ring-wrestling-1968-12-cv-2/The%20Ring%20Wrestling%2C%201968-12%20%28CV2%29.pdf,39250504,
2026-04-26T18:13:57,the-wrestler-1985-04-c,The Wrestler,1985,4,dry-run,/Users/jschairb-gwp/Library/CloudStorage/GoogleDrive-josh@greatwesternproductions.com/My Drive/BACKGROUND_RESEARCH/Magazines/1980s/1985/The Wrestler/The Wrestler - 1985 - April.pdf,https://ia600308.us.archive.org/6/items/the-wrestler-1985-04-c/The%20Wrestler%2C%201985-04%20%28C%29.pdf,13582964,
2026-04-26T18:13:58,the-wrestler-1989-03-c,The Wrestler,1989,3,dry-run,/Users/jschairb-gwp/Library/CloudStorage/GoogleDrive-josh@greatwesternproductions.com/My Drive/BACKGROUND_RESEARCH/Magazines/1980s/1989/The Wrestler/The Wrestler - 1989 - March.pdf,https://ia803205.us.archive.org/32/items/the-wrestler-1989-03-c/The%20Wrestler%2C%201989-03%20%28C%29.pdf,13499205,
2026-04-26T18:13:59,the-ring-wrestling-1976-06-c,The Ring's Wrestling,1976,6,dry-run,/Users/jschairb-gwp/Library/CloudStorage/GoogleDrive-josh@greatwesternproductions.com/My Drive/BACKGROUND_RESEARCH/Magazines/1970s/1976/The Ring's Wrestling/The Ring's Wrestling - 1976 - June.pdf,https://ia801606.us.archive.org/32/items/the-ring-wrestling-1976-06-c/The%20Ring%20Wrestling%2C%201976-06%20%28C%29.pdf,12787642,
2026-04-26T18:14:00,the-ring-wrestling-1976-06-cv-2,The Ring's Wrestling,1976,6,dry-run,/Users/jschairb-gwp/Library/CloudStorage/GoogleDrive-josh@greatwesternproductions.com/My Drive/BACKGROUND_RESEARCH/Magazines/1970s/1976/The Ring's Wrestling/The Ring's Wrestling - 1976 - June.pdf,https://ia601503.us.archive.org/7/items/the-ring-wrestling-1976-06-cv-2/The%20Ring%20Wrestling%2C%201976-06%20%28CV2%29.pdf,36830861,
2026-04-26T18:14:01,the-rings-wrestling-1982-06-07-strongbow-jyd-tito-b,The Ring's Wrestling,1982,6,dry-run,/Users/jschairb-gwp/Library/CloudStorage/GoogleDrive-josh@greatwesternproductions.com/My Drive/BACKGROUND_RESEARCH/Magazines/1980s/1982/The Ring's Wrestling/The Ring's Wrestling - 1982 - June.pdf,https://ia803201.us.archive.org/18/items/the-rings-wrestling-1982-06-07-strongbow-jyd-tito-b/The%20Ring%27s%20Wrestling%2C%201982-06%2C07%20%28Strongbow%2C%20JYD%2C%20Tito%29%20%28B%29.pdf,19551224,
2026-04-26T18:14:02,the-wrestler-1988-05-c,The Wrestler,1988,5,dry-run,/Users/jschairb-gwp/Library/CloudStorage/GoogleDrive-josh@greatwesternproductions.com/My Drive/BACKGROUND_RESEARCH/Magazines/1980s/1988/The Wrestler/The Wrestler - 1988 - May.pdf,https://ia802807.us.archive.org/30/items/the-wrestler-1988-05-c/The%20Wrestler%2C%201988-05%20%28C%29.pdf,13637476,
2026-04-26T18:14:03,sports-review-wrestling-1984-10-kevin-sullivan-c,Sports Review Wrestling,1984,10,dry-run,/Users/jschairb-gwp/Library/CloudStorage/GoogleDrive-josh@greatwesternproductions.com/My Drive/BACKGROUND_RESEARCH/Magazines/1980s/1984/Sports Review Wrestling/Sports Review Wrestling - 1984 - October.pdf,https://ia800509.us.archive.org/29/items/sports-review-wrestling-1984-10-kevin-sullivan-c/Sports%20Review%20Wrestling%2C%201984-10%20%28Kevin%20Sullivan%29%20%28C%29.pdf,13845890,
2026-04-26T18:14:05,the-wrestler-1976-05-bruno-superstar-graham-b,The Wrestler,1976,5,dry-run,/Users/jschairb-gwp/Library/CloudStorage/GoogleDrive-josh@greatwesternproductions.com/My Drive/BACKGROUND_RESEARCH/Magazines/1970s/1976/The Wrestler/The Wrestler - 1976 - May.pdf,https://ia800109.us.archive.org/14/items/the-wrestler-1976-05-bruno-superstar-graham-b/The%20Wrestler%2C%201976-05%20%28Bruno%20%26%20Superstar%20Graham%29%20%28B%29.pdf,14108607,
2026-04-26T18:14:06,the-wrestler-1989-06-c,The Wrestler,1989,6,dry-run,/Users/jschairb-gwp/Library/CloudStorage/GoogleDrive-josh@greatwesternproductions.com/My Drive/BACKGROUND_RESEARCH/Magazines/1980s/1989/The Wrestler/The Wrestler - 1989 - June.pdf,https://ia801207.us.archive.org/24/items/the-wrestler-1989-06-c/The%20Wrestler%2C%201989-06%20%28A%29B2.pdf,13337689,
2026-04-26T18:14:07,sports-review-wrestling-1983-11-c,Sports Review Wrestling,1983,11,dry-run,/Users/jschairb-gwp/Library/CloudStorage/GoogleDrive-josh@greatwesternproductions.com/My Drive/BACKGROUND_RESEARCH/Magazines/1980s/1983/Sports Review Wrestling/Sports Review Wrestling - 1983 - November.pdf,https://ia601708.us.archive.org/18/items/sports-review-wrestling-1983-11-c/Sports%20Review%20Wrestling%2C%201983-11%20%28C%29.pdf,12756157,
2026-04-26T18:14:08,sports-review-wrestling-1985-03-starrcade-84,Sports Review Wrestling,1985,3,dry-run,/Users/jschairb-gwp/Library/CloudStorage/GoogleDrive-josh@greatwesternproductions.com/My Drive/BACKGROUND_RESEARCH/Magazines/1980s/1985/Sports Review Wrestling/Sports Review Wrestling - 1985 - March.pdf,https://ia601002.us.archive.org/19/items/sports-review-wrestling-1985-03-starrcade-84/Sports%20Review%20Wrestling%2C%201985-03%20%28Starrcade%20%2784%29.pdf,20197696,
2026-04-26T18:14:09,sports-review-wrestling-1985-05-c,Sports Review Wrestling,1985,5,dry-run,/Users/jschairb-gwp/Library/CloudStorage/GoogleDrive-josh@greatwesternproductions.com/My Drive/BACKGROUND_RESEARCH/Magazines/1980s/1985/Sports Review Wrestling/Sports Review Wrestling - 1985 - May.pdf,https://ia800500.us.archive.org/1/items/sports-review-wrestling-1985-05-c/Sports%20Review%20Wrestling%2C%201985-05%20%28C%29.pdf,13552785,
2026-04-26T18:14:09,ringside-wrestling-1986-03-18-c,Ringside Wrestling,1986,3,dry-run,/Users/jschairb-gwp/Library/CloudStorage/GoogleDrive-josh@greatwesternproductions.com/My Drive/BACKGROUND_RESEARCH/Magazines/1980s/1986/Ringside Wrestling/Ringside Wrestling - 1986 - March.pdf,https://ia902804.us.archive.org/24/items/ringside-wrestling-1986-03-18-c/Ringside%20Wrestling%2C%201986-03%20%28%2318%29%20%28C%29.pdf,17667782,
2026-04-26T18:14:10,the-wrestler-1972-01,The Wrestler,1972,1,dry-run,/Users/jschairb-gwp/Library/CloudStorage/GoogleDrive-josh@greatwesternproductions.com/My Drive/BACKGROUND_RESEARCH/Magazines/1970s/1972/The Wrestler/The Wrestler - 1972 - January.pdf,https://ia600403.us.archive.org/12/items/the-wrestler-1972-01/The%20Wrestler%2C%201972-01.pdf,21867515,
2026-04-26T18:14:11,the-wrestler-1972-05,The Wrestler,1972,5,dry-run,/Users/jschairb-gwp/Library/CloudStorage/GoogleDrive-josh@greatwesternproductions.com/My Drive/BACKGROUND_RESEARCH/Magazines/1970s/1972/The Wrestler/The Wrestler - 1972 - May.pdf,https://ia600606.us.archive.org/1/items/the-wrestler-1972-05/The%20Wrestler%2C%201972-05.pdf,21613893,
2026-04-26T18:14:13,the-wrestler-1976-10-andre-mil-c,The Wrestler,1976,10,dry-run,/Users/jschairb-gwp/Library/CloudStorage/GoogleDrive-josh@greatwesternproductions.com/My Drive/BACKGROUND_RESEARCH/Magazines/1970s/1976/The Wrestler/The Wrestler - 1976 - October.pdf,https://ia800802.us.archive.org/23/items/the-wrestler-1976-10-andre-mil-c/The%20Wrestler%2C%201976-10%20%28Andre%2C%20Mil%29%20%28C%29.pdf,14135040,
2026-04-26T18:14:14,the-wrestler-1983-12-mil-mascaras-masked-superstar-c,The Wrestler,1983,12,dry-run,/Users/jschairb-gwp/Library/CloudStorage/GoogleDrive-josh@greatwesternproductions.com/My Drive/BACKGROUND_RESEARCH/Magazines/1980s/1983/The Wrestler/The Wrestler - 1983 - December.pdf,https://ia601404.us.archive.org/10/items/the-wrestler-1983-12-mil-mascaras-masked-superstar-c/The%20Wrestler%2C%201983-12%20%28Mil%20Mascaras%2C%20Masked%20Superstar%29%20%28C%29.pdf,13871518,
2026-04-26T18:14:15,the-wrestler-1984-07-c,The Wrestler,1984,7,dry-run,/Users/jschairb-gwp/Library/CloudStorage/GoogleDrive-josh@greatwesternproductions.com/My Drive/BACKGROUND_RESEARCH/Magazines/1980s/1984/The Wrestler/The Wrestler - 1984 - July.pdf,https://ia600300.us.archive.org/23/items/the-wrestler-1984-07-c/The%20Wrestler%2C%201984-07%20%28C%29.pdf,13409238,
2026-04-26T18:14:16,the-wrestler-1984-11-billy-jack-haynes-c,The Wrestler,1984,11,dry-run,/Users/jschairb-gwp/Library/CloudStorage/GoogleDrive-josh@greatwesternproductions.com/My Drive/BACKGROUND_RESEARCH/Magazines/1980s/1984/The Wrestler/The Wrestler - 1984 - November.pdf,https://ia601406.us.archive.org/33/items/the-wrestler-1984-11-billy-jack-haynes-c/The%20Wrestler%2C%201984-11%20%28Billy%20Jack%20Haynes%29%20%28C%29.pdf,13842486,
2026-04-26T18:14:17,the-wrestler-1989-05-c,The Wrestler,1989,5,dry-run,/Users/jschairb-gwp/Library/CloudStorage/GoogleDrive-josh@greatwesternproductions.com/My Drive/BACKGROUND_RESEARCH/Magazines/1980s/1989/The Wrestler/The Wrestler - 1989 - May.pdf,https://ia801505.us.archive.org/19/items/the-wrestler-1989-05-c/The%20Wrestler%2C%201989-05%20%28C%29.pdf,13089195,
2026-04-26T18:14:18,the-big-book-of-wrestling-1972-07,Big Book of Wrestling,1972,7,dry-run,/Users/jschairb-gwp/Library/CloudStorage/GoogleDrive-josh@greatwesternproductions.com/My Drive/BACKGROUND_RESEARCH/Magazines/1970s/1972/Big Book of Wrestling/Big Book of Wrestling - 1972 - July.pdf,https://ia800300.us.archive.org/35/items/the-big-book-of-wrestling-1972-07/The%20Big%20Book%20Of%20Wrestling%201972%2007.pdf,123407007,
2026-04-26T18:14:19,the-wrestler-1989-04-hulk-hogan-c,The Wrestler,1989,4,dry-run,/Users/jschairb-gwp/Library/CloudStorage/GoogleDrive-josh@greatwesternproductions.com/My Drive/BACKGROUND_RESEARCH/Magazines/1980s/1989/The Wrestler/The Wrestler - 1989 - April.pdf,https://ia601500.us.archive.org/25/items/the-wrestler-1989-04-hulk-hogan-c/The%20Wrestler%2C%201989-04%20%28Hulk%20Hogan%29%20%28C%29.pdf,14347661,
2026-04-26T18:14:19,the-wrestler-1985-12-c,The Wrestler,1985,12,dry-run,/Users/jschairb-gwp/Library/CloudStorage/GoogleDrive-josh@greatwesternproductions.com/My Drive/BACKGROUND_RESEARCH/Magazines/1980s/1985/The Wrestler/The Wrestler - 1985 - December.pdf,https://ia800503.us.archive.org/29/items/the-wrestler-1985-12-c/The%20Wrestler%2C%201985-12%20%28C%29.pdf,13574844,
2026-04-26T18:14:20,the-wrestler-1986-10-c,The Wrestler,1986,10,dry-run,/Users/jschairb-gwp/Library/CloudStorage/GoogleDrive-josh@greatwesternproductions.com/My Drive/BACKGROUND_RESEARCH/Magazines/1980s/1986/The Wrestler/The Wrestler - 1986 - October.pdf,https://ia800405.us.archive.org/34/items/the-wrestler-1986-10-c/The%20Wrestler%2C%201986-10%20%28C%29.pdf,13406815,
2026-04-26T18:14:21,the-wrestler-1985-07-c,The Wrestler,1985,7,dry-run,/Users/jschairb-gwp/Library/CloudStorage/GoogleDrive-josh@greatwesternproductions.com/My Drive/BACKGROUND_RESEARCH/Magazines/1980s/1985/The Wrestler/The Wrestler - 1985 - July.pdf,https://ia600308.us.archive.org/1/items/the-wrestler-1985-07-c/The%20Wrestler%2C%201985-07%20%28C%29.pdf,13746269,
2026-04-26T18:14:22,the-wrestler-1988-07-c,The Wrestler,1988,7,dry-run,/Users/jschairb-gwp/Library/CloudStorage/GoogleDrive-josh@greatwesternproductions.com/My Drive/BACKGROUND_RESEARCH/Magazines/1980s/1988/The Wrestler/The Wrestler - 1988 - July.pdf,https://ia800908.us.archive.org/31/items/the-wrestler-1988-07-c/The%20Wrestler%2C%201988-07%20%28C%29.pdf,13864356,
2026-04-26T18:14:23,the-wrestler-1989-01-c,The Wrestler,1989,1,dry-run,/Users/jschairb-gwp/Library/CloudStorage/GoogleDrive-josh@greatwesternproductions.com/My Drive/BACKGROUND_RESEARCH/Magazines/1980s/1989/The Wrestler/The Wrestler - 1989 - January.pdf,https://ia800503.us.archive.org/10/items/the-wrestler-1989-01-c/The%20Wrestler%2C%201989-01%20%28C%29.pdf,13892347,
2026-04-26T18:14:24,the-wrestler-1972-03-mil-mascaras-c,The Wrestler,1972,3,dry-run,/Users/jschairb-gwp/Library/CloudStorage/GoogleDrive-josh@greatwesternproductions.com/My Drive/BACKGROUND_RESEARCH/Magazines/1970s/1972/The Wrestler/The Wrestler - 1972 - March.pdf,https://ia601705.us.archive.org/23/items/the-wrestler-1972-03-mil-mascaras-c/The%20Wrestler%2C%201972-03%20%28Mil%20Mascaras%29%20%28C%29.pdf,13691214,
2026-04-26T18:14:25,the-wrestler-1972-12,The Wrestler,1972,12,dry-run,/Users/jschairb-gwp/Library/CloudStorage/GoogleDrive-josh@greatwesternproductions.com/My Drive/BACKGROUND_RESEARCH/Magazines/1970s/1972/The Wrestler/The Wrestler - 1972 - December.pdf,https://ia600909.us.archive.org/28/items/the-wrestler-1972-12/The%20Wrestler%2C%201972-12.pdf,22092134,
2026-04-26T18:14:26,the-wrestler-1979-04-bob-backlund-b,The Wrestler,1979,4,dry-run,/Users/jschairb-gwp/Library/CloudStorage/GoogleDrive-josh@greatwesternproductions.com/My Drive/BACKGROUND_RESEARCH/Magazines/1970s/1979/The Wrestler/The Wrestler - 1979 - April.pdf,https://ia601600.us.archive.org/17/items/the-wrestler-1979-04-bob-backlund-b/The%20Wrestler%2C%201979-04%20%28Bob%20Backlund%29%20%28B%29.pdf,14175702,
2026-04-26T18:14:27,the-wrestler-1978-11-ric-flair-ernie-ladd_202201,The Wrestler,1978,11,dry-run,/Users/jschairb-gwp/Library/CloudStorage/GoogleDrive-josh@greatwesternproductions.com/My Drive/BACKGROUND_RESEARCH/Magazines/1970s/1978/The Wrestler/The Wrestler - 1978 - November.pdf,https://ia600906.us.archive.org/2/items/the-wrestler-1978-11-ric-flair-ernie-ladd_202201/The%20Wrestler%2C%201978-11%20%28Ric%20Flair-Ernie%20Ladd%29.pdf,10433812,
2026-04-26T18:14:28,the-wrestler-1983-06-barry-windham-rick-martel-c,The Wrestler,1983,6,dry-run,/Users/jschairb-gwp/Library/CloudStorage/GoogleDrive-josh@greatwesternproductions.com/My Drive/BACKGROUND_RESEARCH/Magazines/1980s/1983/The Wrestler/The Wrestler - 1983 - June.pdf,https://ia801506.us.archive.org/33/items/the-wrestler-1983-06-barry-windham-rick-martel-c/The%20Wrestler%2C%201983-06%20%28Barry%20Windham%2C%20Rick%20Martel%29%20%28C%29.pdf,14284600,
2026-04-26T18:14:29,the-wrestler-1984-02-c,The Wrestler,1984,2,dry-run,/Users/jschairb-gwp/Library/CloudStorage/GoogleDrive-josh@greatwesternproductions.com/My Drive/BACKGROUND_RESEARCH/Magazines/1980s/1984/The Wrestler/The Wrestler - 1984 - February.pdf,https://ia902800.us.archive.org/16/items/the-wrestler-1984-02-c/The%20Wrestler%2C%201984-02%20%28C%29.pdf,13848785,
2026-04-26T18:14:30,the-wrestler-1975-02-strongbow-firpo-c,The Wrestler,1975,2,dry-run,/Users/jschairb-gwp/Library/CloudStorage/GoogleDrive-josh@greatwesternproductions.com/My Drive/BACKGROUND_RESEARCH/Magazines/1970s/1975/The Wrestler/The Wrestler - 1975 - February.pdf,https://ia600908.us.archive.org/25/items/the-wrestler-1975-02-strongbow-firpo-c/The%20Wrestler%2C%201975-02%20%28Strongbow%2C%20Firpo%29%20%28C%29.pdf,14107662,
2026-04-26T18:14:31,the-wrestler-1986-07-c,The Wrestler,1986,7,dry-run,/Users/jschairb-gwp/Library/CloudStorage/GoogleDrive-josh@greatwesternproductions.com/My Drive/BACKGROUND_RESEARCH/Magazines/1980s/1986/The Wrestler/The Wrestler - 1986 - July.pdf,https://ia800301.us.archive.org/10/items/the-wrestler-1986-07-c/The%20Wrestler%2C%201986-07%20%28C%29.pdf,13810732,
2026-04-26T18:14:32,the-wrestler-1986-11-c,The Wrestler,1986,11,dry-run,/Users/jschairb-gwp/Library/CloudStorage/GoogleDrive-josh@greatwesternproductions.com/My Drive/BACKGROUND_RESEARCH/Magazines/1980s/1986/The Wrestler/The Wrestler - 1986 - November.pdf,https://ia600907.us.archive.org/18/items/the-wrestler-1986-11-c/The%20Wrestler%2C%201986-11%20%28C%29.pdf,13568787,
2026-04-26T18:14:33,the-rings-wrestling-1977-10-sandy-partlow-b,The Ring's Wrestling,1977,10,dry-run,/Users/jschairb-gwp/Library/CloudStorage/GoogleDrive-josh@greatwesternproductions.com/My Drive/BACKGROUND_RESEARCH/Magazines/1970s/1977/The Ring's Wrestling/The Ring's Wrestling - 1977 - October.pdf,https://ia800503.us.archive.org/20/items/the-rings-wrestling-1977-10-sandy-partlow-b/The%20Ring%27s%20Wrestling%2C%201977-10%20%28Sandy%20Partlow%29%20%28B%29.pdf,18332562,
2026-04-26T18:14:34,sports-review-wrestling-1989-01-c,Sports Review Wrestling,1989,1,dry-run,/Users/jschairb-gwp/Library/CloudStorage/GoogleDrive-josh@greatwesternproductions.com/My Drive/BACKGROUND_RESEARCH/Magazines/1980s/1989/Sports Review Wrestling/Sports Review Wrestling - 1989 - January.pdf,https://ia800303.us.archive.org/34/items/sports-review-wrestling-1989-01-c/Sports%20Review%20Wrestling%2C%201989-01%20%28C%29.pdf,13732529,
2026-04-26T18:14:35,sports-review-wrestling-1988-02-c,Sports Review Wrestling,1988,2,dry-run,/Users/jschairb-gwp/Library/CloudStorage/GoogleDrive-josh@greatwesternproductions.com/My Drive/BACKGROUND_RESEARCH/Magazines/1980s/1988/Sports Review Wrestling/Sports Review Wrestling - 1988 - February.pdf,https://ia800306.us.archive.org/22/items/sports-review-wrestling-1988-02-c/Sports%20Review%20Wrestling%2C%201988-02%20%28C%29.pdf,13549216,
2026-04-26T18:14:36,sports-review-wrestling-1989-04-c,Sports Review Wrestling,1989,4,dry-run,/Users/jschairb-gwp/Library/CloudStorage/GoogleDrive-josh@greatwesternproductions.com/My Drive/BACKGROUND_RESEARCH/Magazines/1980s/1989/Sports Review Wrestling/Sports Review Wrestling - 1989 - April.pdf,https://ia600300.us.archive.org/31/items/sports-review-wrestling-1989-04-c/Sports%20Review%20Wrestling%2C%201989-04%20%28C%29.pdf,13499920,
2026-04-26T18:14:37,sports-review-wrestling-1980-10-c,Sports Review Wrestling,1980,10,dry-run,/Users/jschairb-gwp/Library/CloudStorage/GoogleDrive-josh@greatwesternproductions.com/My Drive/BACKGROUND_RESEARCH/Magazines/1980s/1980/Sports Review Wrestling/Sports Review Wrestling - 1980 - October.pdf,https://ia601301.us.archive.org/13/items/sports-review-wrestling-1980-10-c/Sports%20Review%20Wrestling%2C%201980-10%20%28C%29.pdf,13277349,
2026-04-26T18:14:38,the-big-book-of-wrestling-1969-07,Big Book of Wrestling,1969,7,dry-run,/Users/jschairb-gwp/Library/CloudStorage/GoogleDrive-josh@greatwesternproductions.com/My Drive/BACKGROUND_RESEARCH/Magazines/1960s/1969/Big Book of Wrestling/Big Book of Wrestling - 1969 - July.pdf,https://ia800304.us.archive.org/12/items/the-big-book-of-wrestling-1969-07/The%20Big%20Book%20Of%20Wrestling%201969%2007.pdf,102094355,
2026-04-26T18:14:39,the-wrestler-1989-09-c,The Wrestler,1989,9,dry-run,/Users/jschairb-gwp/Library/CloudStorage/GoogleDrive-josh@greatwesternproductions.com/My Drive/BACKGROUND_RESEARCH/Magazines/1980s/1989/The Wrestler/The Wrestler - 1989 - September.pdf,https://ia600500.us.archive.org/25/items/the-wrestler-1989-09-c/The%20Wrestler%2C%201989-09%20%28C%29.pdf,13865085,
2026-04-26T18:14:40,the-wrestler-1985-03-c,The Wrestler,1985,3,dry-run,/Users/jschairb-gwp/Library/CloudStorage/GoogleDrive-josh@greatwesternproductions.com/My Drive/BACKGROUND_RESEARCH/Magazines/1980s/1985/The Wrestler/The Wrestler - 1985 - March.pdf,https://ia601608.us.archive.org/5/items/the-wrestler-1985-03-c/The%20Wrestler%2C%201985-03%20%28C%29.pdf,13727996,
2026-04-26T18:14:41,the-wrestler-1988-08-windham-lugar-demolition-c,The Wrestler,1988,8,dry-run,/Users/jschairb-gwp/Library/CloudStorage/GoogleDrive-josh@greatwesternproductions.com/My Drive/BACKGROUND_RESEARCH/Magazines/1980s/1988/The Wrestler/The Wrestler - 1988 - August.pdf,https://ia801501.us.archive.org/34/items/the-wrestler-1988-08-windham-lugar-demolition-c/The%20Wrestler%2C%201988-08%20%28Windham%2C%20Lugar%2C%20Demolition%29%20%28C%29.pdf,14307884,
2026-04-26T18:14:45,the-wrestler-1975-08-bruno-spiros-arion-c,The Wrestler,1975,8,dry-run,/Users/jschairb-gwp/Library/CloudStorage/GoogleDrive-josh@greatwesternproductions.com/My Drive/BACKGROUND_RESEARCH/Magazines/1970s/1975/The Wrestler/The Wrestler - 1975 - August.pdf,https://ia601407.us.archive.org/26/items/the-wrestler-1975-08-bruno-spiros-arion-c/The%20Wrestler%2C%201975-08%20%28Bruno%20%26%20Spiros%20Arion%29%20%28C%29.pdf,13910250,
2026-04-26T18:14:45,the-wrestler-1977-11-c,The Wrestler,1977,11,dry-run,/Users/jschairb-gwp/Library/CloudStorage/GoogleDrive-josh@greatwesternproductions.com/My Drive/BACKGROUND_RESEARCH/Magazines/1970s/1977/The Wrestler/The Wrestler - 1977 - November.pdf,https://ia800502.us.archive.org/23/items/the-wrestler-1977-11-c/The%20Wrestler%2C%201977-11%20%28C%29.pdf,13459006,
2026-04-26T18:14:45,the-wrestler-1979-12-andre-the-giant-c,The Wrestler,1979,12,dry-run,/Users/jschairb-gwp/Library/CloudStorage/GoogleDrive-josh@greatwesternproductions.com/My Drive/BACKGROUND_RESEARCH/Magazines/1970s/1979/The Wrestler/The Wrestler - 1979 - December.pdf,https://ia600107.us.archive.org/34/items/the-wrestler-1979-12-andre-the-giant-c/The%20Wrestler%2C%201979-12%20%28Andre%20the%20Giant%29%20%28C%29.pdf,13668089,
2026-04-26T18:14:46,the-wrestler-1984-08-c,The Wrestler,1984,8,dry-run,/Users/jschairb-gwp/Library/CloudStorage/GoogleDrive-josh@greatwesternproductions.com/My Drive/BACKGROUND_RESEARCH/Magazines/1980s/1984/The Wrestler/The Wrestler - 1984 - August.pdf,https://ia600703.us.archive.org/4/items/the-wrestler-1984-08-c/The%20Wrestler%2C%201984-08%20%28C%29.pdf,13394464,
2026-04-26T18:14:47,the-wrestler-1985-01-c,The Wrestler,1985,1,dry-run,/Users/jschairb-gwp/Library/CloudStorage/GoogleDrive-josh@greatwesternproductions.com/My Drive/BACKGROUND_RESEARCH/Magazines/1980s/1985/The Wrestler/The Wrestler - 1985 - January.pdf,https://ia801905.us.archive.org/16/items/the-wrestler-1985-01-c/The%20Wrestler%2C%201985-01%20%28C%29.pdf,13740372,
2026-04-26T18:14:48,the-wrestler-1985-09-c,The Wrestler,1985,9,dry-run,/Users/jschairb-gwp/Library/CloudStorage/GoogleDrive-josh@greatwesternproductions.com/My Drive/BACKGROUND_RESEARCH/Magazines/1980s/1985/The Wrestler/The Wrestler - 1985 - September.pdf,https://ia801608.us.archive.org/14/items/the-wrestler-1985-09-c/The%20Wrestler%2C%201985-09%20%28C%29.pdf,13394780,
2026-04-26T18:14:48,the-wrestler-1988-04-c,The Wrestler,1988,4,dry-run,/Users/jschairb-gwp/Library/CloudStorage/GoogleDrive-josh@greatwesternproductions.com/My Drive/BACKGROUND_RESEARCH/Magazines/1980s/1988/The Wrestler/The Wrestler - 1988 - April.pdf,https://ia600101.us.archive.org/3/items/the-wrestler-1988-04-c/The%20Wrestler%2C%201988-04%20%28C%29.pdf,15381489,
2026-04-26T18:14:49,the-wrestler-1989-07-c,The Wrestler,1989,7,dry-run,/Users/jschairb-gwp/Library/CloudStorage/GoogleDrive-josh@greatwesternproductions.com/My Drive/BACKGROUND_RESEARCH/Magazines/1980s/1989/The Wrestler/The Wrestler - 1989 - July.pdf,https://ia601205.us.archive.org/29/items/the-wrestler-1989-07-c/The%20Wrestler%2C%201989-07%20%28C%29.pdf,13538615,
2026-04-26T18:14:50,sports-review-wrestling-1978-07-c,Sports Review Wrestling,1978,7,dry-run,/Users/jschairb-gwp/Library/CloudStorage/GoogleDrive-josh@greatwesternproductions.com/My Drive/BACKGROUND_RESEARCH/Magazines/1970s/1978/Sports Review Wrestling/Sports Review Wrestling - 1978 - July.pdf,https://ia800507.us.archive.org/7/items/sports-review-wrestling-1978-07-c/Sports%20Review%20Wrestling%2C%201978-07%20%28C%29.pdf,13263342,
2026-04-26T18:47:03,1989-03-pwi-1988-the-year-in-wrestling,Pro Wrestling Illustrated,1989,3,downloaded,/Users/jschairb-gwp/Library/CloudStorage/GoogleDrive-josh@greatwesternproductions.com/My Drive/BACKGROUND_RESEARCH/Magazines/1980s/1989/Pro Wrestling Illustrated/Pro Wrestling Illustrated - 1989 - March.pdf,https://ia800401.us.archive.org/2/items/1989-03-pwi-1988-the-year-in-wrestling/1989-03%2C%20PWI%2C%201988%20The%20Year%20In%20Wrestling%20%28B%29.pdf,37923544,
2026-04-26T18:47:04,inside-wrestling-1976-04-mil-mascaras-brisco-c,Inside Wrestling,1976,4,downloaded,/Users/jschairb-gwp/Library/CloudStorage/GoogleDrive-josh@greatwesternproductions.com/My Drive/BACKGROUND_RESEARCH/Magazines/1970s/1976/Inside Wrestling/Inside Wrestling - 1976 - April.pdf,https://ia601407.us.archive.org/9/items/inside-wrestling-1976-04-mil-mascaras-brisco-c/Inside%20Wrestling%2C%201976-04%20%28Mil%20Mascaras%2C%20Brisco%29%20%28C%29.pdf,13934253,
2026-04-26T18:47:07,inside-wrestling-1978-03-valentine-backlund-dusty-c,Inside Wrestling,1978,3,downloaded,/Users/jschairb-gwp/Library/CloudStorage/GoogleDrive-josh@greatwesternproductions.com/My Drive/BACKGROUND_RESEARCH/Magazines/1970s/1978/Inside Wrestling/Inside Wrestling - 1978 - March.pdf,https://ia801505.us.archive.org/29/items/inside-wrestling-1978-03-valentine-backlund-dusty-c/Inside%20Wrestling%2C%201978-03%20%28Valentine%2C%20Backlund%20%26%20Dusty%29%20%28C%29.pdf,14376510,
2026-04-26T18:47:08,inside-wrestling-1979-10-dusty-tommy-rich-c,Inside Wrestling,1979,10,downloaded,/Users/jschairb-gwp/Library/CloudStorage/GoogleDrive-josh@greatwesternproductions.com/My Drive/BACKGROUND_RESEARCH/Magazines/1970s/1979/Inside Wrestling/Inside Wrestling - 1979 - October.pdf,https://ia800106.us.archive.org/1/items/inside-wrestling-1979-10-dusty-tommy-rich-c/Inside%20Wrestling%2C%201979-10%20%28Dusty%20%26%20Tommy%20Rich%29%20%28C%29.pdf,15440080,
2026-04-26T18:47:10,inside-wrestling-1989-08-c,Inside Wrestling,1989,8,downloaded,/Users/jschairb-gwp/Library/CloudStorage/GoogleDrive-josh@greatwesternproductions.com/My Drive/BACKGROUND_RESEARCH/Magazines/1980s/1989/Inside Wrestling/Inside Wrestling - 1989 - August.pdf,https://ia801902.us.archive.org/30/items/inside-wrestling-1989-08-c/Inside%20Wrestling%2C%201989-08%20%28C%29.pdf,13786545,
2026-04-26T18:47:12,inside-wrestling-1986-07-c,Inside Wrestling,1986,7,downloaded,/Users/jschairb-gwp/Library/CloudStorage/GoogleDrive-josh@greatwesternproductions.com/My Drive/BACKGROUND_RESEARCH/Magazines/1980s/1986/Inside Wrestling/Inside Wrestling - 1986 - July.pdf,https://ia800307.us.archive.org/33/items/inside-wrestling-1986-07-c/Inside%20Wrestling%2C%201986-07%20%28C%29.pdf,13651858,
2026-04-26T18:47:15,inside-wrestling-1987-06-c,Inside Wrestling,1987,6,downloaded,/Users/jschairb-gwp/Library/CloudStorage/GoogleDrive-josh@greatwesternproductions.com/My Drive/BACKGROUND_RESEARCH/Magazines/1980s/1987/Inside Wrestling/Inside Wrestling - 1987 - June.pdf,https://ia800103.us.archive.org/32/items/inside-wrestling-1987-06-c/Inside%20Wrestling%2C%201987-06%20%28C%29.pdf,13810584,
2026-04-26T18:47:16,inside-wrestling-1987-09-hulk-hogan-c,Inside Wrestling,1987,9,downloaded,/Users/jschairb-gwp/Library/CloudStorage/GoogleDrive-josh@greatwesternproductions.com/My Drive/BACKGROUND_RESEARCH/Magazines/1980s/1987/Inside Wrestling/Inside Wrestling - 1987 - September.pdf,https://ia801705.us.archive.org/23/items/inside-wrestling-1987-09-hulk-hogan-c/Inside%20Wrestling%2C%201987-09%20%28Hulk%20Hogan%29%20%28C%29.pdf,13955977,
2026-04-26T18:47:18,inside-wrestling-1988-03-c,Inside Wrestling,1988,3,downloaded,/Users/jschairb-gwp/Library/CloudStorage/GoogleDrive-josh@greatwesternproductions.com/My Drive/BACKGROUND_RESEARCH/Magazines/1980s/1988/Inside Wrestling/Inside Wrestling - 1988 - March.pdf,https://ia600800.us.archive.org/5/items/inside-wrestling-1988-03-c/Inside%20Wrestling%2C%201988-03%20%28C%29.pdf,13765306,
2026-04-26T18:47:21,inside-wrestling-1988-11-c,Inside Wrestling,1988,11,downloaded,/Users/jschairb-gwp/Library/CloudStorage/GoogleDrive-josh@greatwesternproductions.com/My Drive/BACKGROUND_RESEARCH/Magazines/1980s/1988/Inside Wrestling/Inside Wrestling - 1988 - November.pdf,https://ia800707.us.archive.org/27/items/inside-wrestling-1988-11-c/Inside%20Wrestling%2C%201988-11%20%28C%29.pdf,14187008,
2026-04-26T18:47:24,wrestling-illustrated-february-1965,Wrestling Illustrated,1965,2,downloaded,/Users/jschairb-gwp/Library/CloudStorage/GoogleDrive-josh@greatwesternproductions.com/My Drive/BACKGROUND_RESEARCH/Magazines/1960s/1965/Wrestling Illustrated/Wrestling Illustrated - 1965 - February.pdf,https://ia801008.us.archive.org/12/items/wrestling-illustrated-february-1965/Wrestling%20Illustrated%20February%201965.pdf,26858228,
2026-04-26T18:47:25,wrestlings_main_event_1985_08_images,Wrestling's Main Event,1985,8,downloaded,/Users/jschairb-gwp/Library/CloudStorage/GoogleDrive-josh@greatwesternproductions.com/My Drive/BACKGROUND_RESEARCH/Magazines/1980s/1985/Wrestling's Main Event/Wrestling's Main Event - 1985 - August.pdf,https://ia800307.us.archive.org/33/items/wrestlings_main_event_1985_08_images/wrestlings_main_event_1985_08.pdf,3407021,
2026-04-26T18:47:40,wrestling-monthly-1971-12,Wrestling Monthly,1971,12,downloaded,/Users/jschairb-gwp/Library/CloudStorage/GoogleDrive-josh@greatwesternproductions.com/My Drive/BACKGROUND_RESEARCH/Magazines/1970s/1971/Wrestling Monthly/Wrestling Monthly - 1971 - December.pdf,https://ia800509.us.archive.org/30/items/wrestling-monthly-1971-12/Wrestling%20Monthly%201971%2012.pdf,100385074,
2026-04-26T18:47:43,1-wrestling-monthly-jan-1978,Wrestling Monthly,1978,1,downloaded,/Users/jschairb-gwp/Library/CloudStorage/GoogleDrive-josh@greatwesternproductions.com/My Drive/BACKGROUND_RESEARCH/Magazines/1970s/1978/Wrestling Monthly/Wrestling Monthly - 1978 - January.pdf,https://ia600301.us.archive.org/10/items/1-wrestling-monthly-jan-1978/1%20Wrestling%20Monthly%20Jan%201978.pdf,62769780,
2026-04-26T18:47:45,wrestling-guide-1975-12-cv-2,Wrestling Guide,1975,12,downloaded,/Users/jschairb-gwp/Library/CloudStorage/GoogleDrive-josh@greatwesternproductions.com/My Drive/BACKGROUND_RESEARCH/Magazines/1970s/1975/Wrestling Guide/Wrestling Guide - 1975 - December.pdf,https://ia801500.us.archive.org/10/items/wrestling-guide-1975-12-cv-2/Wrestling%20Guide%2C%201975-12%20%28CV2%29.pdf,40906799,
2026-04-26T18:47:53,wrestling-revue-1973-02,Wrestling Revue,1973,2,downloaded,/Users/jschairb-gwp/Library/CloudStorage/GoogleDrive-josh@greatwesternproductions.com/My Drive/BACKGROUND_RESEARCH/Magazines/1970s/1973/Wrestling Revue/Wrestling Revue - 1973 - February.pdf,https://ia800506.us.archive.org/2/items/wrestling-revue-1973-02/Wrestling%20Revue%201973%2002.pdf,93610346,
2026-04-26T18:47:55,wrestling-revue-1980-02-mighty-igor-b,Wrestling Revue,1980,2,downloaded,/Users/jschairb-gwp/Library/CloudStorage/GoogleDrive-josh@greatwesternproductions.com/My Drive/BACKGROUND_RESEARCH/Magazines/1980s/1980/Wrestling Revue/Wrestling Revue - 1980 - February.pdf,https://ia801408.us.archive.org/29/items/wrestling-revue-1980-02-mighty-igor-b/Wrestling%20Revue%2C%201980-02%20%28Mighty%20Igor%29%20%28B%29.pdf,13979560,
2026-04-26T18:47:59,wrestlings_main_event_1983_12,Wrestling's Main Event,1983,12,downloaded,/Users/jschairb-gwp/Library/CloudStorage/GoogleDrive-josh@greatwesternproductions.com/My Drive/BACKGROUND_RESEARCH/Magazines/1980s/1983/Wrestling's Main Event/Wrestling's Main Event - 1983 - December.pdf,https://ia600308.us.archive.org/35/items/wrestlings_main_event_1983_12/wrestlings_main_event_1983_12.pdf,17942588,
2026-04-26T18:48:05,wrestling-all-stars-1988-06-23-lex-lugar-c,Wrestling All Stars,1988,6,downloaded,/Users/jschairb-gwp/Library/CloudStorage/GoogleDrive-josh@greatwesternproductions.com/My Drive/BACKGROUND_RESEARCH/Magazines/1980s/1988/Wrestling All Stars/Wrestling All Stars - 1988 - June.pdf,https://ia801505.us.archive.org/18/items/wrestling-all-stars-1988-06-23-lex-lugar-c/Wrestling%20All%20Stars%2C%201988-06%20%28%2323%20Lex%20Lugar%29%20%28C%29.pdf,15468912,
2026-04-26T18:48:10,wrestling-eye-1986-03-sylvester-stallone-b,Wrestling Eye,1986,3,downloaded,/Users/jschairb-gwp/Library/CloudStorage/GoogleDrive-josh@greatwesternproductions.com/My Drive/BACKGROUND_RESEARCH/Magazines/1980s/1986/Wrestling Eye/Wrestling Eye - 1986 - March.pdf,https://ia800404.us.archive.org/31/items/wrestling-eye-1986-03-sylvester-stallone-b/Wrestling%20Eye%2C%201986-03%20%28Sylvester%20Stallone%29%20%28B%29.pdf,18915218,
2026-04-26T18:48:12,wrestling-power-1986-09-incomplete-c,Wrestling Power,1986,9,downloaded,/Users/jschairb-gwp/Library/CloudStorage/GoogleDrive-josh@greatwesternproductions.com/My Drive/BACKGROUND_RESEARCH/Magazines/1980s/1986/Wrestling Power/Wrestling Power - 1986 - September.pdf,https://ia600802.us.archive.org/5/items/wrestling-power-1986-09-incomplete-c/Wrestling%20Power%2C%201986-09%20%23%23Incomplete%23%23%20%28C%29.pdf,13135049,
2026-04-26T18:48:13,wrestlings-main-event-1983-10-race-flair-c,Wrestling's Main Event,1983,10,downloaded,/Users/jschairb-gwp/Library/CloudStorage/GoogleDrive-josh@greatwesternproductions.com/My Drive/BACKGROUND_RESEARCH/Magazines/1980s/1983/Wrestling's Main Event/Wrestling's Main Event - 1983 - October.pdf,https://ia600301.us.archive.org/24/items/wrestlings-main-event-1983-10-race-flair-c/Wrestling%27s%20Main%20Event%2C%201983-10%20%28Race%20%26%20Flair%29%20%28C%29.pdf,13479931,
2026-04-26T18:48:16,wrestlings-main-event-1985-01-superstar-billy-graham-b,Wrestling's Main Event,1985,1,downloaded,/Users/jschairb-gwp/Library/CloudStorage/GoogleDrive-josh@greatwesternproductions.com/My Drive/BACKGROUND_RESEARCH/Magazines/1980s/1985/Wrestling's Main Event/Wrestling's Main Event - 1985 - January.pdf,https://ia601501.us.archive.org/13/items/wrestlings-main-event-1985-01-superstar-billy-graham-b/Wrestling%27s%20Main%20Event%2C%201985-01%20%28Superstar%20Billy%20Graham%29%20%28B%29.pdf,16153975,
2026-04-26T18:48:20,4-main-event-apr-1983,Wrestling's Main Event,1983,4,downloaded,/Users/jschairb-gwp/Library/CloudStorage/GoogleDrive-josh@greatwesternproductions.com/My Drive/BACKGROUND_RESEARCH/Magazines/1980s/1983/Wrestling's Main Event/Wrestling's Main Event - 1983 - April.pdf,https://ia801603.us.archive.org/13/items/4-main-event-apr-1983/4%20Main%20Event%20Apr%201983.pdf,12743537,
2026-04-26T18:48:22,4-srw-apr-1983,Sports Review Wrestling,1983,4,downloaded,/Users/jschairb-gwp/Library/CloudStorage/GoogleDrive-josh@greatwesternproductions.com/My Drive/BACKGROUND_RESEARCH/Magazines/1980s/1983/Sports Review Wrestling/Sports Review Wrestling - 1983 - April.pdf,https://ia801609.us.archive.org/28/items/4-srw-apr-1983/4%20SRW%20Apr%201983.pdf,8213737,
2026-04-26T18:48:28,1-srw-jan-1975,Sports Review Wrestling,1975,1,downloaded,/Users/jschairb-gwp/Library/CloudStorage/GoogleDrive-josh@greatwesternproductions.com/My Drive/BACKGROUND_RESEARCH/Magazines/1970s/1975/Sports Review Wrestling/Sports Review Wrestling - 1975 - January.pdf,https://ia601407.us.archive.org/27/items/1-srw-jan-1975/1%20SRW%20Jan%201975.pdf,62043424,
2026-04-26T18:48:31,1-pwi-jan-1984,Pro Wrestling Illustrated,1984,1,downloaded,/Users/jschairb-gwp/Library/CloudStorage/GoogleDrive-josh@greatwesternproductions.com/My Drive/BACKGROUND_RESEARCH/Magazines/1980s/1984/Pro Wrestling Illustrated/Pro Wrestling Illustrated - 1984 - January.pdf,https://ia801209.us.archive.org/1/items/1-pwi-jan-1984/1%20PWI%20Jan%201984.pdf,8959209,
2026-04-26T18:48:35,11-wrestler-nov-1980,The Wrestler,1980,11,downloaded,/Users/jschairb-gwp/Library/CloudStorage/GoogleDrive-josh@greatwesternproductions.com/My Drive/BACKGROUND_RESEARCH/Magazines/1980s/1980/The Wrestler/The Wrestler - 1980 - November.pdf,https://ia801708.us.archive.org/2/items/11-wrestler-nov-1980/11%20Wrestler%20Nov%201980.pdf,55219937,
2026-04-26T18:48:41,2-srw-feb-1980,Sports Review Wrestling,1980,2,downloaded,/Users/jschairb-gwp/Library/CloudStorage/GoogleDrive-josh@greatwesternproductions.com/My Drive/BACKGROUND_RESEARCH/Magazines/1980s/1980/Sports Review Wrestling/Sports Review Wrestling - 1980 - February.pdf,https://ia801509.us.archive.org/5/items/2-srw-feb-1980/2%20SRW%20Feb%201980.pdf,56180123,
2026-04-26T18:48:43,inside-wrestling-1981-06-harley-race-c,Inside Wrestling,1981,6,downloaded,/Users/jschairb-gwp/Library/CloudStorage/GoogleDrive-josh@greatwesternproductions.com/My Drive/BACKGROUND_RESEARCH/Magazines/1980s/1981/Inside Wrestling/Inside Wrestling - 1981 - June.pdf,https://ia801305.us.archive.org/28/items/inside-wrestling-1981-06-harley-race-c/Inside%20Wrestling%2C%201981-06%20%28Harley%20Race%29%20%28C%29.pdf,14966852,
2026-04-26T18:48:44,inside-wrestling-1987-07,Inside Wrestling,1987,7,downloaded,/Users/jschairb-gwp/Library/CloudStorage/GoogleDrive-josh@greatwesternproductions.com/My Drive/BACKGROUND_RESEARCH/Magazines/1980s/1987/Inside Wrestling/Inside Wrestling - 1987 - July.pdf,https://ia803201.us.archive.org/13/items/inside-wrestling-1987-07/Inside%20Wrestling%2C%201987-07%20%28C%29.pdf,13732742,
2026-04-26T18:48:46,inside-wrestling-1979-12-dusty-rhodes-c,Inside Wrestling,1979,12,downloaded,/Users/jschairb-gwp/Library/CloudStorage/GoogleDrive-josh@greatwesternproductions.com/My Drive/BACKGROUND_RESEARCH/Magazines/1970s/1979/Inside Wrestling/Inside Wrestling - 1979 - December.pdf,https://ia801401.us.archive.org/8/items/inside-wrestling-1979-12-dusty-rhodes-c/Inside%20Wrestling%2C%201979-12%20%28Dusty%20Rhodes%29%20%28C%29.pdf,13877210,
2026-04-26T18:48:51,inside-wrestling-1981-05-iron-shiek-vs-ivan-koloff-c,Inside Wrestling,1981,5,downloaded,/Users/jschairb-gwp/Library/CloudStorage/GoogleDrive-josh@greatwesternproductions.com/My Drive/BACKGROUND_RESEARCH/Magazines/1980s/1981/Inside Wrestling/Inside Wrestling - 1981 - May.pdf,https://ia601500.us.archive.org/7/items/inside-wrestling-1981-05-iron-shiek-vs-ivan-koloff-c/Inside%20Wrestling%2C%201981-05%20%28Iron%20Shiek%20vs%20Ivan%20Koloff%29%20%28C%29.pdf,14416469,
2026-04-26T18:48:55,inside-wrestling-1988-12-c,Inside Wrestling,1988,12,downloaded,/Users/jschairb-gwp/Library/CloudStorage/GoogleDrive-josh@greatwesternproductions.com/My Drive/BACKGROUND_RESEARCH/Magazines/1980s/1988/Inside Wrestling/Inside Wrestling - 1988 - December.pdf,https://ia800707.us.archive.org/5/items/inside-wrestling-1988-12-c/Inside%20Wrestling%2C%201988-12%20%28C%29.pdf,13885212,
2026-04-26T18:48:58,inside-wrestling-1989-09-c,Inside Wrestling,1989,9,downloaded,/Users/jschairb-gwp/Library/CloudStorage/GoogleDrive-josh@greatwesternproductions.com/My Drive/BACKGROUND_RESEARCH/Magazines/1980s/1989/Inside Wrestling/Inside Wrestling - 1989 - September.pdf,https://ia800705.us.archive.org/2/items/inside-wrestling-1989-09-c/Inside%20Wrestling%2C%201989-09%20%28C%29.pdf,14047013,
2026-04-26T18:49:03,inside-wrestling-1972-01-bruiser-kobyashi-valiant-c,Inside Wrestling,1972,1,downloaded,/Users/jschairb-gwp/Library/CloudStorage/GoogleDrive-josh@greatwesternproductions.com/My Drive/BACKGROUND_RESEARCH/Magazines/1970s/1972/Inside Wrestling/Inside Wrestling - 1972 - January.pdf,https://ia601408.us.archive.org/35/items/inside-wrestling-1972-01-bruiser-kobyashi-valiant-c/Inside%20Wrestling%2C%201972-01%20%28Bruiser%2C%20Kobyashi%2C%20Valiant%29%20%28C%29.pdf,13270149,
2026-04-26T18:49:05,inside-wrestling-1974-02-c,Inside Wrestling,1974,2,downloaded,/Users/jschairb-gwp/Library/CloudStorage/GoogleDrive-josh@greatwesternproductions.com/My Drive/BACKGROUND_RESEARCH/Magazines/1970s/1974/Inside Wrestling/Inside Wrestling - 1974 - February.pdf,https://ia801307.us.archive.org/32/items/inside-wrestling-1974-02-c/Inside%20Wrestling%2C%201974-02%20%28C%29.pdf,13404118,
2026-04-26T18:49:08,10-wrestling-superstars-oct-1977,Wrestling Superstars,1977,10,downloaded,/Users/jschairb-gwp/Library/CloudStorage/GoogleDrive-josh@greatwesternproductions.com/My Drive/BACKGROUND_RESEARCH/Magazines/1970s/1977/Wrestling Superstars/Wrestling Superstars - 1977 - October.pdf,https://ia801209.us.archive.org/33/items/10-wrestling-superstars-oct-1977/10%20Wrestling%20Superstars%20Oct%201977.pdf,61752692,
2026-04-26T18:49:09,big-book-of-wrestling-1972-05-fred-blassie-c,Big Book of Wrestling,1972,5,downloaded,/Users/jschairb-gwp/Library/CloudStorage/GoogleDrive-josh@greatwesternproductions.com/My Drive/BACKGROUND_RESEARCH/Magazines/1970s/1972/Big Book of Wrestling/Big Book of Wrestling - 1972 - May.pdf,https://ia800306.us.archive.org/10/items/big-book-of-wrestling-1972-05-fred-blassie-c/Big%20Book%20of%20Wrestling%2C%201972-05%20%28Fred%20Blassie%29%20%28C%29.pdf,14233452,
2026-04-26T18:49:12,wrestling-eye-1989-06-c,Wrestling Eye,1989,6,downloaded,/Users/jschairb-gwp/Library/CloudStorage/GoogleDrive-josh@greatwesternproductions.com/My Drive/BACKGROUND_RESEARCH/Magazines/1980s/1989/Wrestling Eye/Wrestling Eye - 1989 - June.pdf,https://ia601207.us.archive.org/13/items/wrestling-eye-1989-06-c/Wrestling%20Eye%2C%201989-06%20%28C%29.pdf,19463116,
2026-04-26T18:49:18,wrestling-revue-1966-10,Wrestling Revue,1966,10,downloaded,/Users/jschairb-gwp/Library/CloudStorage/GoogleDrive-josh@greatwesternproductions.com/My Drive/BACKGROUND_RESEARCH/Magazines/1960s/1966/Wrestling Revue/Wrestling Revue - 1966 - October.pdf,https://ia600506.us.archive.org/11/items/wrestling-revue-1966-10/Wrestling%20Revue%201966%2010.pdf,105042573,
2026-04-26T18:49:22,wrestlings-main-event-1987-01-c,Wrestling's Main Event,1987,1,downloaded,/Users/jschairb-gwp/Library/CloudStorage/GoogleDrive-josh@greatwesternproductions.com/My Drive/BACKGROUND_RESEARCH/Magazines/1980s/1987/Wrestling's Main Event/Wrestling's Main Event - 1987 - January.pdf,https://ia801208.us.archive.org/4/items/wrestlings-main-event-1987-01-c/Wrestling%27s%20Main%20Event%2C%201987-01%20%28C%29.pdf,15481089,
2026-04-26T18:49:40,wrestling-illustrated-1966-01-c,Wrestling Illustrated,1966,1,downloaded,/Users/jschairb-gwp/Library/CloudStorage/GoogleDrive-josh@greatwesternproductions.com/My Drive/BACKGROUND_RESEARCH/Magazines/1960s/1966/Wrestling Illustrated/Wrestling Illustrated - 1966 - January.pdf,https://ia601509.us.archive.org/1/items/wrestling-illustrated-1966-01-c/Wrestling%20Illustrated%2C%201966-01%20%28C%29.pdf,13273773,
2026-04-26T18:49:45,wrestling-power-1988-06-c,Wrestling Power,1988,6,downloaded,/Users/jschairb-gwp/Library/CloudStorage/GoogleDrive-josh@greatwesternproductions.com/My Drive/BACKGROUND_RESEARCH/Magazines/1980s/1988/Wrestling Power/Wrestling Power - 1988 - June.pdf,https://ia802805.us.archive.org/35/items/wrestling-power-1988-06-c/Wrestling%20Power%2C%201988-06%20%28C%29.pdf,14487260,
2026-04-26T18:49:49,wrestling-ringside-1986-05-19-incomplete-c,Wrestling Ringside,1986,5,downloaded,/Users/jschairb-gwp/Library/CloudStorage/GoogleDrive-josh@greatwesternproductions.com/My Drive/BACKGROUND_RESEARCH/Magazines/1980s/1986/Wrestling Ringside/Wrestling Ringside - 1986 - May.pdf,https://ia801708.us.archive.org/32/items/wrestling-ringside-1986-05-19-incomplete-c/Wrestling%20Ringside%2C%201986-05%20%2319%20%23%23Incomplete%23%23%20%28C%29.pdf,13302937,
2026-04-26T18:49:51,wrestlings-main-event-1987-02-cv-2,Wrestling's Main Event,1987,2,downloaded,/Users/jschairb-gwp/Library/CloudStorage/GoogleDrive-josh@greatwesternproductions.com/My Drive/BACKGROUND_RESEARCH/Magazines/1980s/1987/Wrestling's Main Event/Wrestling's Main Event - 1987 - February.pdf,https://ia800604.us.archive.org/12/items/wrestlings-main-event-1987-02-cv-2/Wrestling%27s%20MAIN%20Event%2C%201987-02%20%28CV2%29.pdf,30772273,
2026-04-26T18:49:53,inside-wrestling-1982-09-tony-atlas-jesse-ventura-c,Inside Wrestling,1982,9,downloaded,/Users/jschairb-gwp/Library/CloudStorage/GoogleDrive-josh@greatwesternproductions.com/My Drive/BACKGROUND_RESEARCH/Magazines/1980s/1982/Inside Wrestling/Inside Wrestling - 1982 - September.pdf,https://ia803106.us.archive.org/11/items/inside-wrestling-1982-09-tony-atlas-jesse-ventura-c/Inside%20Wrestling%2C%201982-09%20%28Tony%20Atlas-Jesse%20Ventura%29%20%28C%29.pdf,14604081,
2026-04-26T18:49:55,inside-wrestling-1983-05-rich-sawyer-kevin-sullivan-c,Inside Wrestling,1983,5,downloaded,/Users/jschairb-gwp/Library/CloudStorage/GoogleDrive-josh@greatwesternproductions.com/My Drive/BACKGROUND_RESEARCH/Magazines/1980s/1983/Inside Wrestling/Inside Wrestling - 1983 - May.pdf,https://ia801707.us.archive.org/14/items/inside-wrestling-1983-05-rich-sawyer-kevin-sullivan-c/Inside%20Wrestling%2C%201983-05%20%28Rich%20%26%20Sawyer%2C%20Kevin%20Sullivan%29%20%28C%29.pdf,13700363,
2026-04-26T18:49:57,inside-wrestling-1985-12-c,Inside Wrestling,1985,12,downloaded,/Users/jschairb-gwp/Library/CloudStorage/GoogleDrive-josh@greatwesternproductions.com/My Drive/BACKGROUND_RESEARCH/Magazines/1980s/1985/Inside Wrestling/Inside Wrestling - 1985 - December.pdf,https://ia800300.us.archive.org/34/items/inside-wrestling-1985-12-c/Inside%20Wrestling%2C%201985-12%20%28C%29.pdf,13718482,
2026-04-26T18:49:58,inside-wrestling-1981-02-backlund-di-biase-c-incomplete,Inside Wrestling,1981,2,downloaded,/Users/jschairb-gwp/Library/CloudStorage/GoogleDrive-josh@greatwesternproductions.com/My Drive/BACKGROUND_RESEARCH/Magazines/1980s/1981/Inside Wrestling/Inside Wrestling - 1981 - February.pdf,https://ia801509.us.archive.org/24/items/inside-wrestling-1981-02-backlund-di-biase-c-incomplete/Inside%20Wrestling%2C%201981-02%20%28Backlund%2C%20DiBiase%29%20%28C%29%20%21%21Incomplete.pdf,13583179,
2026-04-26T18:50:00,inside-wrestling-1989-03-midnight-express-incomplete-c,Inside Wrestling,1989,3,downloaded,/Users/jschairb-gwp/Library/CloudStorage/GoogleDrive-josh@greatwesternproductions.com/My Drive/BACKGROUND_RESEARCH/Magazines/1980s/1989/Inside Wrestling/Inside Wrestling - 1989 - March.pdf,https://ia601705.us.archive.org/9/items/inside-wrestling-1989-03-midnight-express-incomplete-c/Inside%20Wrestling%2C%201989-03%20%28Midnight%20Express%29%20%28C%29.pdf,14396751,
2026-04-26T18:50:02,inside-wrestling-1975-10-superstar-graham-strongbow-c,Inside Wrestling,1975,10,downloaded,/Users/jschairb-gwp/Library/CloudStorage/GoogleDrive-josh@greatwesternproductions.com/My Drive/BACKGROUND_RESEARCH/Magazines/1970s/1975/Inside Wrestling/Inside Wrestling - 1975 - October.pdf,https://ia801501.us.archive.org/33/items/inside-wrestling-1975-10-superstar-graham-strongbow-c/Inside%20Wrestling%2C%201975-10%20%28Superstar%20Graham%2C%20Strongbow%29%20%28C%29.pdf,14327975,
2026-04-26T18:50:13,6-srw-jun-1977,Sports Review Wrestling,1977,6,downloaded,/Users/jschairb-gwp/Library/CloudStorage/GoogleDrive-josh@greatwesternproductions.com/My Drive/BACKGROUND_RESEARCH/Magazines/1970s/1977/Sports Review Wrestling/Sports Review Wrestling - 1977 - June.pdf,https://ia800608.us.archive.org/25/items/6-srw-jun-1977/6%20SRW%20Jun%201977.pdf,64425602,
2026-04-26T18:50:17,6-wrestling-revue-jun-1980,Wrestling Revue,1980,6,downloaded,/Users/jschairb-gwp/Library/CloudStorage/GoogleDrive-josh@greatwesternproductions.com/My Drive/BACKGROUND_RESEARCH/Magazines/1980s/1980/Wrestling Revue/Wrestling Revue - 1980 - June.pdf,https://ia801201.us.archive.org/34/items/6-wrestling-revue-jun-1980/6%20Wrestling%20Revue%20Jun%201980.pdf,61740662,
2026-04-26T18:50:19,wwf-magazine-1988-02,WWF Magazine,1988,2,downloaded,/Users/jschairb-gwp/Library/CloudStorage/GoogleDrive-josh@greatwesternproductions.com/My Drive/BACKGROUND_RESEARCH/Magazines/1980s/1988/WWF Magazine/WWF Magazine - 1988 - February.pdf,https://ia903105.us.archive.org/15/items/wwf-magazine-1988-02/WWF%20Magazine%201988-02.pdf,20948189,
2026-04-26T18:50:21,wrestling-scene-1987-02-c,Wrestling Scene,1987,2,downloaded,/Users/jschairb-gwp/Library/CloudStorage/GoogleDrive-josh@greatwesternproductions.com/My Drive/BACKGROUND_RESEARCH/Magazines/1980s/1987/Wrestling Scene/Wrestling Scene - 1987 - February.pdf,https://ia801902.us.archive.org/23/items/wrestling-scene-1987-02-c/Wrestling%20Scene%2C%201987-02%20%28C%29.pdf,18884011,
2026-04-26T18:50:24,wrestling-superstars-1980,Wrestling Superstars,1980,3,downloaded,/Users/jschairb-gwp/Library/CloudStorage/GoogleDrive-josh@greatwesternproductions.com/My Drive/BACKGROUND_RESEARCH/Magazines/1980s/1980/Wrestling Superstars/Wrestling Superstars - 1980 - March.pdf,https://ia803208.us.archive.org/11/items/wrestling-superstars-1980/Wrestling%20Superstars%20Fall%201980.pdf,49863768,
2026-04-26T18:50:26,championship-wrestling-1986-05-incomplete-c,Championship Wrestling,1986,5,downloaded,/Users/jschairb-gwp/Library/CloudStorage/GoogleDrive-josh@greatwesternproductions.com/My Drive/BACKGROUND_RESEARCH/Magazines/1980s/1986/Championship Wrestling/Championship Wrestling - 1986 - May.pdf,https://ia800801.us.archive.org/22/items/championship-wrestling-1986-05-incomplete-c/Championship%20Wrestling%2C%201986-05%20%23%23Incomplete%23%23%20%28C%29.pdf,13399967,
2026-04-26T18:50:30,2-pwi-feb-1984,Pro Wrestling Illustrated,1984,2,downloaded,/Users/jschairb-gwp/Library/CloudStorage/GoogleDrive-josh@greatwesternproductions.com/My Drive/BACKGROUND_RESEARCH/Magazines/1980s/1984/Pro Wrestling Illustrated/Pro Wrestling Illustrated - 1984 - February.pdf,https://ia601204.us.archive.org/2/items/2-pwi-feb-1984/2%20PWI%20Feb%201984.pdf,8755741,
2026-04-26T18:50:36,victory-sports-wrestling-1979-yearbook-1979-12-c,Victory Sports Wrestling,1979,12,downloaded,/Users/jschairb-gwp/Library/CloudStorage/GoogleDrive-josh@greatwesternproductions.com/My Drive/BACKGROUND_RESEARCH/Magazines/1970s/1979/Victory Sports Wrestling/Victory Sports Wrestling - 1979 - December.pdf,https://ia800702.us.archive.org/12/items/victory-sports-wrestling-1979-yearbook-1979-12-c/Victory%20Sports%20Wrestling%201979%20Yearbook%2C%201979-12%20%28C%29.pdf,16563598,
2026-04-26T18:50:45,wrestling-revue-1962-06,Wrestling Revue,1962,6,downloaded,/Users/jschairb-gwp/Library/CloudStorage/GoogleDrive-josh@greatwesternproductions.com/My Drive/BACKGROUND_RESEARCH/Magazines/1960s/1962/Wrestling Revue/Wrestling Revue - 1962 - June.pdf,https://ia800502.us.archive.org/30/items/wrestling-revue-1962-06/Wrestling%20Revue%201962%2006.pdf,53031596,
2026-04-26T18:50:52,wrestling-revue-1968-09,Wrestling Revue,1968,9,downloaded,/Users/jschairb-gwp/Library/CloudStorage/GoogleDrive-josh@greatwesternproductions.com/My Drive/BACKGROUND_RESEARCH/Magazines/1960s/1968/Wrestling Revue/Wrestling Revue - 1968 - September.pdf,https://ia800602.us.archive.org/22/items/wrestling-revue-1968-09/Wrestling%20Revue%201968%2009.pdf,111297530,
2026-04-26T18:50:54,wrestlings-main-event-1987-12-road-warriors-c,Wrestling's Main Event,1987,12,downloaded,/Users/jschairb-gwp/Library/CloudStorage/GoogleDrive-josh@greatwesternproductions.com/My Drive/BACKGROUND_RESEARCH/Magazines/1980s/1987/Wrestling's Main Event/Wrestling's Main Event - 1987 - December.pdf,https://ia801603.us.archive.org/0/items/wrestlings-main-event-1987-12-road-warriors-c/Wrestling%27s%20Main%20Event%2C%201987-12%20%28Road%20Warriors%29%20%28C%29.pdf,13240185,
2026-04-26T18:50:56,2-srw-feb-1982_202209,Sports Review Wrestling,1982,1,downloaded,/Users/jschairb-gwp/Library/CloudStorage/GoogleDrive-josh@greatwesternproductions.com/My Drive/BACKGROUND_RESEARCH/Magazines/1980s/1982/Sports Review Wrestling/Sports Review Wrestling - 1982 - January.pdf,https://ia601507.us.archive.org/15/items/2-srw-feb-1982_202209/1%20SRW%20Jan%201982.pdf,8325253,
2026-04-26T18:50:59,wwf-magazine-december-1989_202510,WWF Magazine,1989,12,downloaded,/Users/jschairb-gwp/Library/CloudStorage/GoogleDrive-josh@greatwesternproductions.com/My Drive/BACKGROUND_RESEARCH/Magazines/1980s/1989/WWF Magazine/WWF Magazine - 1989 - December.pdf,https://ia600801.us.archive.org/35/items/wwf-magazine-december-1989_202510/WWF%20Magazine%20December%201989.pdf,52825520,
2026-04-26T18:51:03,3-wrestler-mar-1976,The Wrestler,1976,3,downloaded,/Users/jschairb-gwp/Library/CloudStorage/GoogleDrive-josh@greatwesternproductions.com/My Drive/BACKGROUND_RESEARCH/Magazines/1970s/1976/The Wrestler/The Wrestler - 1976 - March.pdf,https://ia600806.us.archive.org/8/items/3-wrestler-mar-1976/3%20Wrestler%20Mar%201976.pdf,57532666,
2026-04-26T18:51:20,10-srw-oct-1982,Sports Review Wrestling,1982,10,downloaded,/Users/jschairb-gwp/Library/CloudStorage/GoogleDrive-josh@greatwesternproductions.com/My Drive/BACKGROUND_RESEARCH/Magazines/1980s/1982/Sports Review Wrestling/Sports Review Wrestling - 1982 - October.pdf,https://ia601504.us.archive.org/15/items/10-srw-oct-1982/10%20SRW%20Oct%201982.pdf,20507606,
2026-04-26T18:51:25,inside-wrestling-1974-04-bruno-strongbow-murdoch-c,Inside Wrestling,1974,4,downloaded,/Users/jschairb-gwp/Library/CloudStorage/GoogleDrive-josh@greatwesternproductions.com/My Drive/BACKGROUND_RESEARCH/Magazines/1970s/1974/Inside Wrestling/Inside Wrestling - 1974 - April.pdf,https://ia600902.us.archive.org/26/items/inside-wrestling-1974-04-bruno-strongbow-murdoch-c/Inside%20Wrestling%2C%201974-04%20%28Bruno%2C%20Strongbow%2C%20Murdoch%29%20%28C%29.pdf,13924223,
2026-04-26T18:51:30,inside-wrestling-1983-01-superfly-albana-studd-c,Inside Wrestling,1983,1,downloaded,/Users/jschairb-gwp/Library/CloudStorage/GoogleDrive-josh@greatwesternproductions.com/My Drive/BACKGROUND_RESEARCH/Magazines/1980s/1983/Inside Wrestling/Inside Wrestling - 1983 - January.pdf,https://ia601503.us.archive.org/33/items/inside-wrestling-1983-01-superfly-albana-studd-c/Inside%20Wrestling%2C%201983-01%20%28Superfly%2C%20Albana%20%26%20Studd%29%20%28C%29.pdf,13581027,
2026-04-26T18:51:31,inside-wrestling-1988-08-c,Inside Wrestling,1988,8,downloaded,/Users/jschairb-gwp/Library/CloudStorage/GoogleDrive-josh@greatwesternproductions.com/My Drive/BACKGROUND_RESEARCH/Magazines/1980s/1988/Inside Wrestling/Inside Wrestling - 1988 - August.pdf,https://ia801905.us.archive.org/8/items/inside-wrestling-1988-08-c/Inside%20Wrestling%2C%201988-08%20%28C%29.pdf,13779592,
2026-04-26T18:51:33,inside-wrestling-1975-12-andre-dino-bravo-c,Inside Wrestling,1975,12,downloaded,/Users/jschairb-gwp/Library/CloudStorage/GoogleDrive-josh@greatwesternproductions.com/My Drive/BACKGROUND_RESEARCH/Magazines/1970s/1975/Inside Wrestling/Inside Wrestling - 1975 - December.pdf,https://ia903206.us.archive.org/7/items/inside-wrestling-1975-12-andre-dino-bravo-c/Inside%20Wrestling%2C%201975-12%20%28Andre%20%26%20Dino%20Bravo%29%20%28C%29.pdf,13307054,
2026-04-26T18:51:35,inside-wrestling-1976-05-andre-ernie-ladd-c,Inside Wrestling,1976,5,downloaded,/Users/jschairb-gwp/Library/CloudStorage/GoogleDrive-josh@greatwesternproductions.com/My Drive/BACKGROUND_RESEARCH/Magazines/1970s/1976/Inside Wrestling/Inside Wrestling - 1976 - May.pdf,https://ia801506.us.archive.org/17/items/inside-wrestling-1976-05-andre-ernie-ladd-c/Inside%20Wrestling%2C%201976-05%20%28Andre%20%26%20Ernie%20Ladd%29%20%28C%29.pdf,13853554,
2026-04-26T18:51:37,inside-wrestling-1976-09-andre-the-giant-c,Inside Wrestling,1976,9,downloaded,/Users/jschairb-gwp/Library/CloudStorage/GoogleDrive-josh@greatwesternproductions.com/My Drive/BACKGROUND_RESEARCH/Magazines/1970s/1976/Inside Wrestling/Inside Wrestling - 1976 - September.pdf,https://ia600803.us.archive.org/27/items/inside-wrestling-1976-09-andre-the-giant-c/Inside%20Wrestling%2C%201976-09%20%28Andre%20the%20Giant%29%20%28C%29.pdf,15262069,
2026-04-26T18:51:39,inside-wrestling-1989-04-c,Inside Wrestling,1989,4,downloaded,/Users/jschairb-gwp/Library/CloudStorage/GoogleDrive-josh@greatwesternproductions.com/My Drive/BACKGROUND_RESEARCH/Magazines/1980s/1989/Inside Wrestling/Inside Wrestling - 1989 - April.pdf,https://ia600505.us.archive.org/11/items/inside-wrestling-1989-04-c/Inside%20Wrestling%2C%201989-04%20%28C%29.pdf,15135839,
2026-04-26T18:51:43,12-iw-dec-1977-miss-pg-41-42,Inside Wrestling,1977,12,downloaded,/Users/jschairb-gwp/Library/CloudStorage/GoogleDrive-josh@greatwesternproductions.com/My Drive/BACKGROUND_RESEARCH/Magazines/1970s/1977/Inside Wrestling/Inside Wrestling - 1977 - December.pdf,https://ia800605.us.archive.org/13/items/12-iw-dec-1977-miss-pg-41-42/12%20IW%20Dec%201977%20miss%20pg%2041-42.pdf,58984394,
2026-04-26T18:51:45,wrestling-revue-1973-01,Wrestling Revue,1973,1,downloaded,/Users/jschairb-gwp/Library/CloudStorage/GoogleDrive-josh@greatwesternproductions.com/My Drive/BACKGROUND_RESEARCH/Magazines/1970s/1973/Wrestling Revue/Wrestling Revue - 1973 - January.pdf,https://ia801400.us.archive.org/2/items/wrestling-revue-1973-01/Wrestling%20Revue%201973%2001.pdf,27091762,
2026-04-26T18:51:48,pro-wrestling-illustrated-1985-11-ric-flair-c,Pro Wrestling Illustrated,1985,11,downloaded,/Users/jschairb-gwp/Library/CloudStorage/GoogleDrive-josh@greatwesternproductions.com/My Drive/BACKGROUND_RESEARCH/Magazines/1980s/1985/Pro Wrestling Illustrated/Pro Wrestling Illustrated - 1985 - November.pdf,https://ia601502.us.archive.org/10/items/pro-wrestling-illustrated-1985-11-ric-flair-c/Pro%20Wrestling%20Illustrated%2C%201985-11%20%28Ric%20Flair%29%20%28C%29.pdf,15215812,
2026-04-26T18:51:54,2-wrestler-feb-1980,The Wrestler,1980,2,downloaded,/Users/jschairb-gwp/Library/CloudStorage/GoogleDrive-josh@greatwesternproductions.com/My Drive/BACKGROUND_RESEARCH/Magazines/1980s/1980/The Wrestler/The Wrestler - 1980 - February.pdf,https://ia800809.us.archive.org/8/items/2-wrestler-feb-1980/2%20Wrestler%20Feb%201980.pdf,11255556,
2026-04-26T18:51:58,wrestling-eye-1986-05-c,Wrestling Eye,1986,5,downloaded,/Users/jschairb-gwp/Library/CloudStorage/GoogleDrive-josh@greatwesternproductions.com/My Drive/BACKGROUND_RESEARCH/Magazines/1980s/1986/Wrestling Eye/Wrestling Eye - 1986 - May.pdf,https://ia801006.us.archive.org/27/items/wrestling-eye-1986-05-c/Wrestling%20Eye%2C%201986-05%20%28C%29.pdf,18470585,
2026-04-26T18:52:04,wrestlings-main-event-1987-11-cv-2,Wrestling's Main Event,1987,11,downloaded,/Users/jschairb-gwp/Library/CloudStorage/GoogleDrive-josh@greatwesternproductions.com/My Drive/BACKGROUND_RESEARCH/Magazines/1980s/1987/Wrestling's Main Event/Wrestling's Main Event - 1987 - November.pdf,https://ia801804.us.archive.org/30/items/wrestlings-main-event-1987-11-cv-2/Wrestling%27s%20MAIN%20Event%2C%201987-11%20%28CV2%29.pdf,34769195,
2026-04-26T18:52:07,wrestling-scene-1985-04-c,Wrestling Scene,1985,4,downloaded,/Users/jschairb-gwp/Library/CloudStorage/GoogleDrive-josh@greatwesternproductions.com/My Drive/BACKGROUND_RESEARCH/Magazines/1980s/1985/Wrestling Scene/Wrestling Scene - 1985 - April.pdf,https://ia801500.us.archive.org/9/items/wrestling-scene-1985-04-c/Wrestling%20Scene%2C%201985-04%20%28C%29.pdf,16813166,
2026-04-26T18:52:09,wrestling-superstars-1989-10-fall,Wrestling Superstars,1989,10,downloaded,/Users/jschairb-gwp/Library/CloudStorage/GoogleDrive-josh@greatwesternproductions.com/My Drive/BACKGROUND_RESEARCH/Magazines/1980s/1989/Wrestling Superstars/Wrestling Superstars - 1989 - October.pdf,https://ia601506.us.archive.org/17/items/wrestling-superstars-1989-10-fall/Wrestling%20Superstars%2C%201989-10%20%28Fall%29.pdf,9469857,
2026-04-26T18:52:11,wrestling-world-v-07n-04-1968-08.-complete-sports-darwination-vs-mc-coy,Wrestling World,1968,8,downloaded,/Users/jschairb-gwp/Library/CloudStorage/GoogleDrive-josh@greatwesternproductions.com/My Drive/BACKGROUND_RESEARCH/Magazines/1960s/1968/Wrestling World/Wrestling World - 1968 - August.pdf,https://ia601300.us.archive.org/16/items/wrestling-world-v-07n-04-1968-08.-complete-sports-darwination-vs-mc-coy/Wrestling%20World%20v07n04%20%281968-08.Complete%20Sports%29%28Darwination%20vs%20McCoy%29.pdf,5908511,
2026-04-26T18:52:12,wrestlings-main-event-1983-03-tommy-rich-c,Wrestling's Main Event,1983,3,downloaded,/Users/jschairb-gwp/Library/CloudStorage/GoogleDrive-josh@greatwesternproductions.com/My Drive/BACKGROUND_RESEARCH/Magazines/1980s/1983/Wrestling's Main Event/Wrestling's Main Event - 1983 - March.pdf,https://ia801801.us.archive.org/23/items/wrestlings-main-event-1983-03-tommy-rich-c/Wrestling%27s%20Main%20Event%2C%201983-03%20%28Tommy%20Rich%29%20%28C%29.pdf,14252336,
2026-04-26T18:52:16,10-srw-oct-1978,Sports Review Wrestling,1978,10,downloaded,/Users/jschairb-gwp/Library/CloudStorage/GoogleDrive-josh@greatwesternproductions.com/My Drive/BACKGROUND_RESEARCH/Magazines/1970s/1978/Sports Review Wrestling/Sports Review Wrestling - 1978 - October.pdf,https://ia601009.us.archive.org/13/items/10-srw-oct-1978/10%20SRW%20Oct%201978.pdf,57207623,
2026-04-26T18:52:21,wrestling-revue-1972-11,Wrestling Revue,1972,11,downloaded,/Users/jschairb-gwp/Library/CloudStorage/GoogleDrive-josh@greatwesternproductions.com/My Drive/BACKGROUND_RESEARCH/Magazines/1970s/1972/Wrestling Revue/Wrestling Revue - 1972 - November.pdf,https://ia800508.us.archive.org/9/items/wrestling-revue-1972-11/Wrestling%20Revue%201972%2011.pdf,101491000,
2026-04-26T18:52:26,wrestling-power-1987-11-incomplete-c,Wrestling Power,1987,11,downloaded,/Users/jschairb-gwp/Library/CloudStorage/GoogleDrive-josh@greatwesternproductions.com/My Drive/BACKGROUND_RESEARCH/Magazines/1980s/1987/Wrestling Power/Wrestling Power - 1987 - November.pdf,https://ia800102.us.archive.org/17/items/wrestling-power-1987-11-incomplete-c/Wrestling%20Power%2C%201987-11%20%23%23INCOMPLETE%23%23%20%28C%29.pdf,15600134,
2026-04-26T18:52:29,wcw-magazine-1989-12-wrap-up,WCW Magazine,1989,12,downloaded,/Users/jschairb-gwp/Library/CloudStorage/GoogleDrive-josh@greatwesternproductions.com/My Drive/BACKGROUND_RESEARCH/Magazines/1980s/1989/WCW Magazine/WCW Magazine - 1989 - December.pdf,https://ia600704.us.archive.org/9/items/wcw-magazine-1989-12-wrap-up/WCW%20Magazine%201989-12%20Wrap%20Up.pdf,7047150,
2026-04-26T18:52:30,wrestling-all-stars-1984-02-abdullah-the-butcher-b,Wrestling All Stars,1984,2,downloaded,/Users/jschairb-gwp/Library/CloudStorage/GoogleDrive-josh@greatwesternproductions.com/My Drive/BACKGROUND_RESEARCH/Magazines/1980s/1984/Wrestling All Stars/Wrestling All Stars - 1984 - February.pdf,https://ia801502.us.archive.org/1/items/wrestling-all-stars-1984-02-abdullah-the-butcher-b/Wrestling%20All%20Stars%2C%201984-02%20%28Abdullah%20the%20Butcher%29%20%28B%29.pdf,16419923,
2026-04-26T18:52:32,wrestling-fury-1987-06-c,Wrestling Fury,1987,6,downloaded,/Users/jschairb-gwp/Library/CloudStorage/GoogleDrive-josh@greatwesternproductions.com/My Drive/BACKGROUND_RESEARCH/Magazines/1980s/1987/Wrestling Fury/Wrestling Fury - 1987 - June.pdf,https://ia600503.us.archive.org/0/items/wrestling-fury-1987-06-c/Wrestling%20Fury%2C%201987-06%20%28C%29.pdf,14333890,
2026-04-26T18:52:34,wrestling-fury-1989-10-incomplete-c,Wrestling Fury,1989,10,downloaded,/Users/jschairb-gwp/Library/CloudStorage/GoogleDrive-josh@greatwesternproductions.com/My Drive/BACKGROUND_RESEARCH/Magazines/1980s/1989/Wrestling Fury/Wrestling Fury - 1989 - October.pdf,https://ia800308.us.archive.org/13/items/wrestling-fury-1989-10-incomplete-c/Wrestling%20Fury%2C%201989-10%20%23%23Incomplete%23%23%20%28C%29.pdf,14488933,
2026-04-26T18:52:37,wrestling-monthly-1972-01-bruno-c,Wrestling Monthly,1972,1,downloaded,/Users/jschairb-gwp/Library/CloudStorage/GoogleDrive-josh@greatwesternproductions.com/My Drive/BACKGROUND_RESEARCH/Magazines/1970s/1972/Wrestling Monthly/Wrestling Monthly - 1972 - January.pdf,https://ia801500.us.archive.org/26/items/wrestling-monthly-1972-01-bruno-c/Wrestling%20Monthly%2C%201972-01%20%28Bruno%29%20%28C%29.pdf,13328148,
2026-04-26T18:52:40,wrestling-revue-1963-10-c,Wrestling Revue,1963,10,downloaded,/Users/jschairb-gwp/Library/CloudStorage/GoogleDrive-josh@greatwesternproductions.com/My Drive/BACKGROUND_RESEARCH/Magazines/1960s/1963/Wrestling Revue/Wrestling Revue - 1963 - October.pdf,https://ia800303.us.archive.org/5/items/wrestling-revue-1963-10-c/Wrestling%20Revue%2C%201963-10%20%28C%29.pdf,14217555,
2026-04-26T18:52:42,wrestlings-main-event-1984-02-brett-wayne-c,Wrestling's Main Event,1984,2,downloaded,/Users/jschairb-gwp/Library/CloudStorage/GoogleDrive-josh@greatwesternproductions.com/My Drive/BACKGROUND_RESEARCH/Magazines/1980s/1984/Wrestling's Main Event/Wrestling's Main Event - 1984 - February.pdf,https://ia600808.us.archive.org/21/items/wrestlings-main-event-1984-02-brett-wayne-c/Wrestling%27s%20Main%20Event%2C%201984-02%20%28Brett%20Wayne%29%20%28C%29.pdf,13101762,
2026-04-26T18:52:43,4-wrestler-apr-1983,The Wrestler,1983,4,downloaded,/Users/jschairb-gwp/Library/CloudStorage/GoogleDrive-josh@greatwesternproductions.com/My Drive/BACKGROUND_RESEARCH/Magazines/1980s/1983/The Wrestler/The Wrestler - 1983 - April.pdf,https://ia800503.us.archive.org/14/items/4-wrestler-apr-1983/4%20Wrestler%20Apr%201983.pdf,8076772,
2026-04-26T18:52:44,wwf-magazine-volume-6-number-3-april-may-1987,WWF Magazine,1987,4,downloaded,/Users/jschairb-gwp/Library/CloudStorage/GoogleDrive-josh@greatwesternproductions.com/My Drive/BACKGROUND_RESEARCH/Magazines/1980s/1987/WWF Magazine/WWF Magazine - 1987 - April.pdf,https://ia800300.us.archive.org/15/items/wwf-magazine-volume-6-number-3-april-may-1987/WWF%20Magazine%20Volume%206%2C%20Number%203%20%28April-May%201987%29.pdf,8634776,
2026-04-26T18:52:49,11-pwi-nov-1979_202207,Pro Wrestling Illustrated,1979,11,downloaded,/Users/jschairb-gwp/Library/CloudStorage/GoogleDrive-josh@greatwesternproductions.com/My Drive/BACKGROUND_RESEARCH/Magazines/1970s/1979/Pro Wrestling Illustrated/Pro Wrestling Illustrated - 1979 - November.pdf,https://ia600407.us.archive.org/23/items/11-pwi-nov-1979_202207/11%20PWI%20Nov%201979.pdf,59219404,
2026-04-26T18:52:51,12-iw-dec-1981,Inside Wrestling,1981,12,downloaded,/Users/jschairb-gwp/Library/CloudStorage/GoogleDrive-josh@greatwesternproductions.com/My Drive/BACKGROUND_RESEARCH/Magazines/1980s/1981/Inside Wrestling/Inside Wrestling - 1981 - December.pdf,https://ia600307.us.archive.org/4/items/12-iw-dec-1981/12%20IW%20Dec%201981.pdf,14534295,
2026-04-26T18:52:54,2-iw-feb-1979,Inside Wrestling,1979,2,downloaded,/Users/jschairb-gwp/Library/CloudStorage/GoogleDrive-josh@greatwesternproductions.com/My Drive/BACKGROUND_RESEARCH/Magazines/1970s/1979/Inside Wrestling/Inside Wrestling - 1979 - February.pdf,https://ia600506.us.archive.org/35/items/2-iw-feb-1979/2%20IW%20Feb%201979.pdf,14403163,
2026-04-26T18:52:55,wrestling-confidential-1964-07-the-sheik-c,Wrestling Confidential,1964,7,downloaded,/Users/jschairb-gwp/Library/CloudStorage/GoogleDrive-josh@greatwesternproductions.com/My Drive/BACKGROUND_RESEARCH/Magazines/1960s/1964/Wrestling Confidential/Wrestling Confidential - 1964 - July.pdf,https://ia601401.us.archive.org/25/items/wrestling-confidential-1964-07-the-sheik-c/Wrestling%20Confidential%2C%201964-07%20%28The%20Sheik%29%20%28C%29.pdf,11476595,
2026-04-26T18:52:57,wrestling-eye-1989-05-jake-roberts-b,Wrestling Eye,1989,5,downloaded,/Users/jschairb-gwp/Library/CloudStorage/GoogleDrive-josh@greatwesternproductions.com/My Drive/BACKGROUND_RESEARCH/Magazines/1980s/1989/Wrestling Eye/Wrestling Eye - 1989 - May.pdf,https://ia800604.us.archive.org/30/items/wrestling-eye-1989-05-jake-roberts-b/Wrestling%20Eye%2C%201989-05%20%28Jake%20Roberts%29%20%28B%29.pdf,17943019,
2026-04-26T18:53:01,wrestling-fury-1988-06-incomplete-c,Wrestling Fury,1988,6,downloaded,/Users/jschairb-gwp/Library/CloudStorage/GoogleDrive-josh@greatwesternproductions.com/My Drive/BACKGROUND_RESEARCH/Magazines/1980s/1988/Wrestling Fury/Wrestling Fury - 1988 - June.pdf,https://ia801609.us.archive.org/31/items/wrestling-fury-1988-06-incomplete-c/Wrestling%20Fury%2C%201988-06%20%23%23Incomplete%23%23%20%28C%29.pdf,15376759,
2026-04-26T18:53:02,wrestling-revue-v-08n-04-1967-03.-champion-sports-d-vs-m-ia,Wrestling Revue,1967,3,downloaded,/Users/jschairb-gwp/Library/CloudStorage/GoogleDrive-josh@greatwesternproductions.com/My Drive/BACKGROUND_RESEARCH/Magazines/1960s/1967/Wrestling Revue/Wrestling Revue - 1967 - March.pdf,https://ia800302.us.archive.org/6/items/wrestling-revue-v-08n-04-1967-03.-champion-sports-d-vs-m-ia/Wrestling%20Revue%20v08n04%20%281967-03.Champion%20Sports%29%20%28D%20vs%20M-IA%29.pdf,5688425,
2026-04-26T18:53:05,wrestling-revue-1962-04,Wrestling Revue,1962,4,downloaded,/Users/jschairb-gwp/Library/CloudStorage/GoogleDrive-josh@greatwesternproductions.com/My Drive/BACKGROUND_RESEARCH/Magazines/1960s/1962/Wrestling Revue/Wrestling Revue - 1962 - April.pdf,https://ia800501.us.archive.org/26/items/wrestling-revue-1962-04/Wrestling%20Revue%201962%2004.pdf,56118992,
2026-04-26T18:53:07,wrestling-revue-1967-08,Wrestling Revue,1967,8,downloaded,/Users/jschairb-gwp/Library/CloudStorage/GoogleDrive-josh@greatwesternproductions.com/My Drive/BACKGROUND_RESEARCH/Magazines/1960s/1967/Wrestling Revue/Wrestling Revue - 1967 - August.pdf,https://ia903200.us.archive.org/20/items/wrestling-revue-1967-08/Wrestling%20Revue%201967%2008.pdf,13963396,
2026-04-26T18:53:14,wrestling-revue-1971-09,Wrestling Revue,1971,9,downloaded,/Users/jschairb-gwp/Library/CloudStorage/GoogleDrive-josh@greatwesternproductions.com/My Drive/BACKGROUND_RESEARCH/Magazines/1970s/1971/Wrestling Revue/Wrestling Revue - 1971 - September.pdf,https://ia801500.us.archive.org/15/items/wrestling-revue-1971-09/Wrestling%20Revue%201971%2009.pdf,97343210,
2026-04-26T18:53:17,wrestlings-main-event-1987-03-cv-2,Wrestling's Main Event,1987,3,downloaded,/Users/jschairb-gwp/Library/CloudStorage/GoogleDrive-josh@greatwesternproductions.com/My Drive/BACKGROUND_RESEARCH/Magazines/1980s/1987/Wrestling's Main Event/Wrestling's Main Event - 1987 - March.pdf,https://ia800606.us.archive.org/23/items/wrestlings-main-event-1987-03-cv-2/Wrestling%27s%20Main%20Event%2C%201987-03%20%28CV2%29.pdf,30899450,
2026-04-26T18:53:19,wrestlings-main-event-1988-10-ulitmate-warrior-flair-c,Wrestling's Main Event,1988,10,downloaded,/Users/jschairb-gwp/Library/CloudStorage/GoogleDrive-josh@greatwesternproductions.com/My Drive/BACKGROUND_RESEARCH/Magazines/1980s/1988/Wrestling's Main Event/Wrestling's Main Event - 1988 - October.pdf,https://ia801403.us.archive.org/26/items/wrestlings-main-event-1988-10-ulitmate-warrior-flair-c/Wrestling%27s%20Main%20Event%2C%201988-10%20%28Ulitmate%20Warrior%2C%20Flair%29%20%28C%29.pdf,19152745,
2026-04-26T18:53:21,wrestlings-main-event-1989-03-cv-2,Wrestling's Main Event,1989,3,downloaded,/Users/jschairb-gwp/Library/CloudStorage/GoogleDrive-josh@greatwesternproductions.com/My Drive/BACKGROUND_RESEARCH/Magazines/1980s/1989/Wrestling's Main Event/Wrestling's Main Event - 1989 - March.pdf,https://ia803202.us.archive.org/7/items/wrestlings-main-event-1989-03-cv-2/Wrestling%27s%20MAIN%20Event%2C%201989-03%20%28CV2%29.pdf,36495874,
2026-04-26T18:53:24,4-iw-apr-1981,Inside Wrestling,1981,4,downloaded,/Users/jschairb-gwp/Library/CloudStorage/GoogleDrive-josh@greatwesternproductions.com/My Drive/BACKGROUND_RESEARCH/Magazines/1980s/1981/Inside Wrestling/Inside Wrestling - 1981 - April.pdf,https://ia801607.us.archive.org/6/items/4-iw-apr-1981/4%20IW%20Apr%201981.pdf,11634765,
2026-04-26T18:53:38,wrestling-monthly-1972-03,Wrestling Monthly,1972,3,downloaded,/Users/jschairb-gwp/Library/CloudStorage/GoogleDrive-josh@greatwesternproductions.com/My Drive/BACKGROUND_RESEARCH/Magazines/1970s/1972/Wrestling Monthly/Wrestling Monthly - 1972 - March.pdf,https://ia601500.us.archive.org/15/items/wrestling-monthly-1972-03/Wrestling%20Monthly%201972%2003.pdf,37859814,
2026-04-26T18:53:41,wrestling-monthly-1972-10,Wrestling Monthly,1972,10,downloaded,/Users/jschairb-gwp/Library/CloudStorage/GoogleDrive-josh@greatwesternproductions.com/My Drive/BACKGROUND_RESEARCH/Magazines/1970s/1972/Wrestling Monthly/Wrestling Monthly - 1972 - October.pdf,https://ia600406.us.archive.org/4/items/wrestling-monthly-1972-10/Wrestling%20Monthly%201972%2010.pdf,26406479,
2026-04-26T18:53:43,wrestling-eye-1986-11-hogan-orndorff-c,Wrestling Eye,1986,11,downloaded,/Users/jschairb-gwp/Library/CloudStorage/GoogleDrive-josh@greatwesternproductions.com/My Drive/BACKGROUND_RESEARCH/Magazines/1980s/1986/Wrestling Eye/Wrestling Eye - 1986 - November.pdf,https://ia800304.us.archive.org/29/items/wrestling-eye-1986-11-hogan-orndorff-c/Wrestling%20Eye%2C%201986-11%20%28Hogan%20%26%20Orndorff%29%20%28C%29.pdf,20479350,
2026-04-26T18:53:45,wrestling-revue-1969-01-c,Wrestling Revue,1969,1,downloaded,/Users/jschairb-gwp/Library/CloudStorage/GoogleDrive-josh@greatwesternproductions.com/My Drive/BACKGROUND_RESEARCH/Magazines/1960s/1969/Wrestling Revue/Wrestling Revue - 1969 - January.pdf,https://ia800703.us.archive.org/29/items/wrestling-revue-1969-01-c/Wrestling%20Revue%2C%201969-01%20%28C%29.pdf,13178106,
2026-04-26T18:53:47,wrestling-revue-1972-09-c,Wrestling Revue,1972,9,downloaded,/Users/jschairb-gwp/Library/CloudStorage/GoogleDrive-josh@greatwesternproductions.com/My Drive/BACKGROUND_RESEARCH/Magazines/1970s/1972/Wrestling Revue/Wrestling Revue - 1972 - September.pdf,https://ia800108.us.archive.org/31/items/wrestling-revue-1972-09-c/Wrestling%20Revue%2C%201972-09%20%28C%29.pdf,13888564,
2026-04-26T18:53:49,wrestlings-main-event-1986-02-cv-2,Wrestling's Main Event,1986,2,downloaded,/Users/jschairb-gwp/Library/CloudStorage/GoogleDrive-josh@greatwesternproductions.com/My Drive/BACKGROUND_RESEARCH/Magazines/1980s/1986/Wrestling's Main Event/Wrestling's Main Event - 1986 - February.pdf,https://ia800705.us.archive.org/19/items/wrestlings-main-event-1986-02-cv-2/Wrestling%27s%20Main%20Event%2C%201986-02%20%28CV2%29.pdf,31748328,
2026-04-26T18:53:51,wrestlings-main-event-1986-11-c,Wrestling's Main Event,1986,11,downloaded,/Users/jschairb-gwp/Library/CloudStorage/GoogleDrive-josh@greatwesternproductions.com/My Drive/BACKGROUND_RESEARCH/Magazines/1980s/1986/Wrestling's Main Event/Wrestling's Main Event - 1986 - November.pdf,https://ia801702.us.archive.org/31/items/wrestlings-main-event-1986-11-c/Wrestling%27s%20Main%20Event%2C%201986-11%20%28C%29.pdf,14488894,
2026-04-26T18:53:54,wrestling-power-1988-12-c,Wrestling Power,1988,12,downloaded,/Users/jschairb-gwp/Library/CloudStorage/GoogleDrive-josh@greatwesternproductions.com/My Drive/BACKGROUND_RESEARCH/Magazines/1980s/1988/Wrestling Power/Wrestling Power - 1988 - December.pdf,https://ia801804.us.archive.org/5/items/wrestling-power-1988-12-c/Wrestling%20Power%2C%201988-12%20%28C%29.pdf,15419078,
2026-04-26T18:54:00,wrestlings_main_event_1985_04_images,Wrestling's Main Event,1985,4,downloaded,/Users/jschairb-gwp/Library/CloudStorage/GoogleDrive-josh@greatwesternproductions.com/My Drive/BACKGROUND_RESEARCH/Magazines/1980s/1985/Wrestling's Main Event/Wrestling's Main Event - 1985 - April.pdf,https://ia800308.us.archive.org/25/items/wrestlings_main_event_1985_04_images/wrestlings_main_event_1985_04.pdf,28413182,
2026-04-26T18:54:05,1986-03-pwi-1985-the-year-in-wrestling-b,Pro Wrestling Illustrated,1986,3,downloaded,/Users/jschairb-gwp/Library/CloudStorage/GoogleDrive-josh@greatwesternproductions.com/My Drive/BACKGROUND_RESEARCH/Magazines/1980s/1986/Pro Wrestling Illustrated/Pro Wrestling Illustrated - 1986 - March.pdf,https://ia600905.us.archive.org/23/items/1986-03-pwi-1985-the-year-in-wrestling-b/1986-03%2C%20PWI%2C%201985%20The%20Year%20in%20Wrestling%20%28B%29.pdf,34809210,
2026-04-26T18:54:07,big-book-of-wrestling-1973-03-strongbow-c,Big Book of Wrestling,1973,3,downloaded,/Users/jschairb-gwp/Library/CloudStorage/GoogleDrive-josh@greatwesternproductions.com/My Drive/BACKGROUND_RESEARCH/Magazines/1970s/1973/Big Book of Wrestling/Big Book of Wrestling - 1973 - March.pdf,https://ia601706.us.archive.org/27/items/big-book-of-wrestling-1973-03-strongbow-c/Big%20Book%20of%20Wrestling%2C%201973-03%20%28Strongbow%29%20%28C%29.pdf,13533608,
2026-04-26T18:54:11,wrestling-yearbook-1973-5,Wrestling Yearbook,1973,5,downloaded,/Users/jschairb-gwp/Library/CloudStorage/GoogleDrive-josh@greatwesternproductions.com/My Drive/BACKGROUND_RESEARCH/Magazines/1970s/1973/Wrestling Yearbook/Wrestling Yearbook - 1973 - May.pdf,https://ia800800.us.archive.org/20/items/wrestling-yearbook-1973-5/Wrestling%20Yearbook%201973%20%235.pdf,65771240,
2026-04-26T18:54:13,wrestling-monthly-1978-08-incomplete-c,Wrestling Monthly,1978,8,downloaded,/Users/jschairb-gwp/Library/CloudStorage/GoogleDrive-josh@greatwesternproductions.com/My Drive/BACKGROUND_RESEARCH/Magazines/1970s/1978/Wrestling Monthly/Wrestling Monthly - 1978 - August.pdf,https://ia801506.us.archive.org/13/items/wrestling-monthly-1978-08-incomplete-c/Wrestling%20Monthly%2C%201978-08%20%23%23Incomplete%23%23%20%28C%29.pdf,10914032,
2026-04-26T18:54:14,wrestlings_main_event_1985_07_images,Wrestling's Main Event,1985,7,downloaded,/Users/jschairb-gwp/Library/CloudStorage/GoogleDrive-josh@greatwesternproductions.com/My Drive/BACKGROUND_RESEARCH/Magazines/1980s/1985/Wrestling's Main Event/Wrestling's Main Event - 1985 - July.pdf,https://ia800308.us.archive.org/24/items/wrestlings_main_event_1985_07_images/wrestlings_main_event_1985_07.pdf,27146092,
2026-04-26T18:54:16,wcw-magazine-1989-08-wrap-up,WCW Magazine,1989,8,downloaded,/Users/jschairb-gwp/Library/CloudStorage/GoogleDrive-josh@greatwesternproductions.com/My Drive/BACKGROUND_RESEARCH/Magazines/1980s/1989/WCW Magazine/WCW Magazine - 1989 - August.pdf,https://ia601804.us.archive.org/27/items/wcw-magazine-1989-08-wrap-up/WCW%20Magazine%201989-08%20Wrap%20Up.pdf,2582724,
2026-04-26T18:54:17,wcw-magazine-1989-06-wrap-up,WCW Magazine,1989,6,downloaded,/Users/jschairb-gwp/Library/CloudStorage/GoogleDrive-josh@greatwesternproductions.com/My Drive/BACKGROUND_RESEARCH/Magazines/1980s/1989/WCW Magazine/WCW Magazine - 1989 - June.pdf,https://ia801809.us.archive.org/16/items/wcw-magazine-1989-06-wrap-up/WCW%20Magazine%201989-06%20Wrap%20Up.pdf,3396648,
2026-04-26T18:54:20,wcw-magazine-1989-11-wrap-up,WCW Magazine,1989,11,downloaded,/Users/jschairb-gwp/Library/CloudStorage/GoogleDrive-josh@greatwesternproductions.com/My Drive/BACKGROUND_RESEARCH/Magazines/1980s/1989/WCW Magazine/WCW Magazine - 1989 - November.pdf,https://ia801807.us.archive.org/34/items/wcw-magazine-1989-11-wrap-up/WCW%20Magazine%201989-11%20Wrap%20Up.pdf,10925088,
2026-04-26T18:54:23,wrestling-ringside-1988-07-35-c,Wrestling Ringside,1988,7,downloaded,/Users/jschairb-gwp/Library/CloudStorage/GoogleDrive-josh@greatwesternproductions.com/My Drive/BACKGROUND_RESEARCH/Magazines/1980s/1988/Wrestling Ringside/Wrestling Ringside - 1988 - July.pdf,https://ia601309.us.archive.org/13/items/wrestling-ringside-1988-07-35-c/Wrestling%20Ringside%2C%201988-07%2C%20%2335%20%28C%29.pdf,19861493,
2026-04-26T18:54:26,wrestling-scene-1983-10-jack-brisco-c,Wrestling Scene,1983,10,downloaded,/Users/jschairb-gwp/Library/CloudStorage/GoogleDrive-josh@greatwesternproductions.com/My Drive/BACKGROUND_RESEARCH/Magazines/1980s/1983/Wrestling Scene/Wrestling Scene - 1983 - October.pdf,https://ia800505.us.archive.org/14/items/wrestling-scene-1983-10-jack-brisco-c/Wrestling%20Scene%2C%201983-10%20%28Jack%20Brisco%29%20%28C%29.pdf,15244912,
2026-04-26T18:54:28,wrestling-scene-1989-06-macho-man-50-c,Wrestling Scene,1989,6,downloaded,/Users/jschairb-gwp/Library/CloudStorage/GoogleDrive-josh@greatwesternproductions.com/My Drive/BACKGROUND_RESEARCH/Magazines/1980s/1989/Wrestling Scene/Wrestling Scene - 1989 - June.pdf,https://ia800300.us.archive.org/6/items/wrestling-scene-1989-06-macho-man-50-c/Wrestling%20Scene%2C%201989-06%20%28Macho%20Man%20%2350%29%20%28C%29.pdf,16146543,
2026-04-26T18:54:29,wrestling-super-stars-1983-07-bob-backlund,Wrestling Superstars,1983,7,downloaded,/Users/jschairb-gwp/Library/CloudStorage/GoogleDrive-josh@greatwesternproductions.com/My Drive/BACKGROUND_RESEARCH/Magazines/1980s/1983/Wrestling Superstars/Wrestling Superstars - 1983 - July.pdf,https://ia803106.us.archive.org/32/items/wrestling-super-stars-1983-07-bob-backlund/Wrestling%20Super%20Stars%2C%201983-07%20%28Bob%20Backlund%29.pdf,10306467,
2026-04-26T18:54:37,wrestling-world-1967-02,Wrestling World,1967,2,downloaded,/Users/jschairb-gwp/Library/CloudStorage/GoogleDrive-josh@greatwesternproductions.com/My Drive/BACKGROUND_RESEARCH/Magazines/1960s/1967/Wrestling World/Wrestling World - 1967 - February.pdf,https://ia800407.us.archive.org/16/items/wrestling-world-1967-02/Wrestling%20World%201967%2002.pdf,114968065,
2026-04-26T18:54:39,wrestlings_main_event_1984_07_images,Wrestling's Main Event,1984,7,downloaded,/Users/jschairb-gwp/Library/CloudStorage/GoogleDrive-josh@greatwesternproductions.com/My Drive/BACKGROUND_RESEARCH/Magazines/1980s/1984/Wrestling's Main Event/Wrestling's Main Event - 1984 - July.pdf,https://ia803207.us.archive.org/1/items/wrestlings_main_event_1984_07_images/wrestlings_main_event_1984_07.pdf,5545739,
2026-04-26T18:54:41,pro-wrestling-illustrated-1983-10-tommy-rich-c,Pro Wrestling Illustrated,1983,10,downloaded,/Users/jschairb-gwp/Library/CloudStorage/GoogleDrive-josh@greatwesternproductions.com/My Drive/BACKGROUND_RESEARCH/Magazines/1980s/1983/Pro Wrestling Illustrated/Pro Wrestling Illustrated - 1983 - October.pdf,https://ia801407.us.archive.org/5/items/pro-wrestling-illustrated-1983-10-tommy-rich-c/Pro%20Wrestling%20Illustrated%2C%201983-10%20%28Tommy%20Rich%29%20%28C%29.pdf,14719112,
2026-04-26T18:54:43,sports-review-wrestling-1988-12-c,Sports Review Wrestling,1988,12,downloaded,/Users/jschairb-gwp/Library/CloudStorage/GoogleDrive-josh@greatwesternproductions.com/My Drive/BACKGROUND_RESEARCH/Magazines/1980s/1988/Sports Review Wrestling/Sports Review Wrestling - 1988 - December.pdf,https://ia600108.us.archive.org/1/items/sports-review-wrestling-1988-12-c/Sports%20Review%20Wrestling%2C%201988-12%20%28C%29.pdf,13083746,
2026-04-26T18:54:51,the-ring-wrestling-1968-12-cv-2,The Ring's Wrestling,1968,12,downloaded,/Users/jschairb-gwp/Library/CloudStorage/GoogleDrive-josh@greatwesternproductions.com/My Drive/BACKGROUND_RESEARCH/Magazines/1960s/1968/The Ring's Wrestling/The Ring's Wrestling - 1968 - December.pdf,https://ia600702.us.archive.org/2/items/the-ring-wrestling-1968-12-cv-2/The%20Ring%20Wrestling%2C%201968-12%20%28CV2%29.pdf,39250504,
2026-04-26T18:55:01,Big_Book_of_Wrestling_The_1971_12DEC,Big Book of Wrestling,1971,12,downloaded,/Users/jschairb-gwp/Library/CloudStorage/GoogleDrive-josh@greatwesternproductions.com/My Drive/BACKGROUND_RESEARCH/Magazines/1970s/1971/Big Book of Wrestling/Big Book of Wrestling - 1971 - December.pdf,https://ia600405.us.archive.org/32/items/Big_Book_of_Wrestling_The_1971_12DEC/Big_Book_of_Wrestling_The_1971_12DEC.pdf,75267898,
2026-04-26T18:55:03,wrestling-world-1972-01-c,Wrestling World,1972,1,downloaded,/Users/jschairb-gwp/Library/CloudStorage/GoogleDrive-josh@greatwesternproductions.com/My Drive/BACKGROUND_RESEARCH/Magazines/1970s/1972/Wrestling World/Wrestling World - 1972 - January.pdf,https://ia601402.us.archive.org/14/items/wrestling-world-1972-01-c/Wrestling%20World%2C%201972-01%20%28C%29.pdf,12464736,
2026-04-26T18:55:10,wrestling-revue-1973-05,Wrestling Revue,1973,5,downloaded,/Users/jschairb-gwp/Library/CloudStorage/GoogleDrive-josh@greatwesternproductions.com/My Drive/BACKGROUND_RESEARCH/Magazines/1970s/1973/Wrestling Revue/Wrestling Revue - 1973 - May.pdf,https://ia800507.us.archive.org/22/items/wrestling-revue-1973-05/Wrestling%20Revue%201973%2005.pdf,102816598,
2026-04-26T18:55:14,Wrestling_World_1966_12DEC,Wrestling World,1966,12,downloaded,/Users/jschairb-gwp/Library/CloudStorage/GoogleDrive-josh@greatwesternproductions.com/My Drive/BACKGROUND_RESEARCH/Magazines/1960s/1966/Wrestling World/Wrestling World - 1966 - December.pdf,https://ia800108.us.archive.org/4/items/Wrestling_World_1966_12DEC/Wrestling_World_1966_12DEC.pdf,65208741,
2026-04-26T18:55:15,3-iw-mar-1981,Inside Wrestling,1981,3,downloaded,/Users/jschairb-gwp/Library/CloudStorage/GoogleDrive-josh@greatwesternproductions.com/My Drive/BACKGROUND_RESEARCH/Magazines/1980s/1981/Inside Wrestling/Inside Wrestling - 1981 - March.pdf,https://ia803201.us.archive.org/8/items/3-iw-mar-1981/3%20IW%20Mar%201981.pdf,8262000,
2026-04-26T18:55:16,pro-wrestling-illustrated-1989-01-miss-elizabeth,Pro Wrestling Illustrated,1989,1,downloaded,/Users/jschairb-gwp/Library/CloudStorage/GoogleDrive-josh@greatwesternproductions.com/My Drive/BACKGROUND_RESEARCH/Magazines/1980s/1989/Pro Wrestling Illustrated/Pro Wrestling Illustrated - 1989 - January.pdf,https://ia600905.us.archive.org/27/items/pro-wrestling-illustrated-1989-01-miss-elizabeth/Pro%20Wrestling%20Illustrated%2C%201989-01%20%28Miss%20Elizabeth%29.pdf,17561082,
2026-04-26T18:55:19,big-book-of-wrestling-1977-11-ken-patera,Big Book of Wrestling,1977,11,downloaded,/Users/jschairb-gwp/Library/CloudStorage/GoogleDrive-josh@greatwesternproductions.com/My Drive/BACKGROUND_RESEARCH/Magazines/1970s/1977/Big Book of Wrestling/Big Book of Wrestling - 1977 - November.pdf,https://ia800504.us.archive.org/0/items/big-book-of-wrestling-1977-11-ken-patera/Big%20Book%20of%20Wrestling%2C%201977-11%20%28Ken%20Patera%29.pdf,22811730,
2026-04-26T18:55:20,inside-wrestling-1983-02-dusty-vs-funk-c,Inside Wrestling,1983,2,downloaded,/Users/jschairb-gwp/Library/CloudStorage/GoogleDrive-josh@greatwesternproductions.com/My Drive/BACKGROUND_RESEARCH/Magazines/1980s/1983/Inside Wrestling/Inside Wrestling - 1983 - February.pdf,https://ia801701.us.archive.org/22/items/inside-wrestling-1983-02-dusty-vs-funk-c/Inside%20Wrestling%2C%201983-02%20%28Dusty%20vs%20Funk%29%20%28C%29.pdf,13899448,
2026-04-26T18:55:22,inside-wrestling-1983-03-superstar-graham-terry-funk-c,Inside Wrestling,1983,3,downloaded,/Users/jschairb-gwp/Library/CloudStorage/GoogleDrive-josh@greatwesternproductions.com/My Drive/BACKGROUND_RESEARCH/Magazines/1980s/1983/Inside Wrestling/Inside Wrestling - 1983 - March.pdf,https://ia800408.us.archive.org/16/items/inside-wrestling-1983-03-superstar-graham-terry-funk-c/Inside%20Wrestling%2C%201983-03%20%28Superstar%20Graham%20%26%20Terry%20Funk%29%20%28C%29.pdf,14152294,
2026-04-26T18:55:24,inside-wrestling-1986-12-c,Inside Wrestling,1986,12,downloaded,/Users/jschairb-gwp/Library/CloudStorage/GoogleDrive-josh@greatwesternproductions.com/My Drive/BACKGROUND_RESEARCH/Magazines/1980s/1986/Inside Wrestling/Inside Wrestling - 1986 - December.pdf,https://ia600307.us.archive.org/12/items/inside-wrestling-1986-12-c/Inside%20Wrestling%2C%201986-12%20%28C%29.pdf,13759699,
2026-04-26T18:55:28,inside-wrestling-1976-02-ladd-andre-strongbow-c,Inside Wrestling,1976,2,downloaded,/Users/jschairb-gwp/Library/CloudStorage/GoogleDrive-josh@greatwesternproductions.com/My Drive/BACKGROUND_RESEARCH/Magazines/1970s/1976/Inside Wrestling/Inside Wrestling - 1976 - February.pdf,https://ia601408.us.archive.org/23/items/inside-wrestling-1976-02-ladd-andre-strongbow-c/Inside%20Wrestling%2C%201976-02%20%28Ladd%20%26%20Andre%2C%20Strongbow%29%20%28C%29.pdf,13522027,
2026-04-26T18:55:37,inside-wrestling-1977-06-superstar-graham-wahoo-andre-c,Inside Wrestling,1977,6,downloaded,/Users/jschairb-gwp/Library/CloudStorage/GoogleDrive-josh@greatwesternproductions.com/My Drive/BACKGROUND_RESEARCH/Magazines/1970s/1977/Inside Wrestling/Inside Wrestling - 1977 - June.pdf,https://ia600409.us.archive.org/1/items/inside-wrestling-1977-06-superstar-graham-wahoo-andre-c/Inside%20Wrestling%2C%201977-06%20V2%20%28C%29.pdf,15361085,
2026-04-26T18:55:41,big-book-of-wrestling-1975-03-c,Big Book of Wrestling,1975,3,downloaded,/Users/jschairb-gwp/Library/CloudStorage/GoogleDrive-josh@greatwesternproductions.com/My Drive/BACKGROUND_RESEARCH/Magazines/1970s/1975/Big Book of Wrestling/Big Book of Wrestling - 1975 - March.pdf,https://ia800907.us.archive.org/0/items/big-book-of-wrestling-1975-03-c/Big%20Book%20of%20Wrestling%2C%201975-03%20%28C%29.pdf,14992089,
2026-04-26T18:55:44,inside-wrestling-1974-01-c,Inside Wrestling,1974,1,downloaded,/Users/jschairb-gwp/Library/CloudStorage/GoogleDrive-josh@greatwesternproductions.com/My Drive/BACKGROUND_RESEARCH/Magazines/1970s/1974/Inside Wrestling/Inside Wrestling - 1974 - January.pdf,https://ia802804.us.archive.org/6/items/inside-wrestling-1974-01-c/Inside%20Wrestling%2C%201974-01%20%28C%29.pdf,13306418,
2026-04-26T18:55:46,inside-wrestling-1987-08-c,Inside Wrestling,1987,8,downloaded,/Users/jschairb-gwp/Library/CloudStorage/GoogleDrive-josh@greatwesternproductions.com/My Drive/BACKGROUND_RESEARCH/Magazines/1980s/1987/Inside Wrestling/Inside Wrestling - 1987 - August.pdf,https://ia801400.us.archive.org/28/items/inside-wrestling-1987-08-c/Inside%20Wrestling%2C%201987-08%20%28C%29.pdf,13808143,
2026-04-26T18:55:46,srw-feb-1980-annual,Sports Review Wrestling,1980,2,skip-exists,/Users/jschairb-gwp/Library/CloudStorage/GoogleDrive-josh@greatwesternproductions.com/My Drive/BACKGROUND_RESEARCH/Magazines/1980s/1980/Sports Review Wrestling/Sports Review Wrestling - 1980 - February.pdf,,,
2026-04-26T18:55:51,wrestling-revue-1962-12,Wrestling Revue,1962,12,downloaded,/Users/jschairb-gwp/Library/CloudStorage/GoogleDrive-josh@greatwesternproductions.com/My Drive/BACKGROUND_RESEARCH/Magazines/1960s/1962/Wrestling Revue/Wrestling Revue - 1962 - December.pdf,https://ia600305.us.archive.org/0/items/wrestling-revue-1962-12/Wrestling%20Revue%201962%2012.pdf,99502117,
2026-04-26T18:55:53,wrestling-eye-1986-08-c,Wrestling Eye,1986,8,downloaded,/Users/jschairb-gwp/Library/CloudStorage/GoogleDrive-josh@greatwesternproductions.com/My Drive/BACKGROUND_RESEARCH/Magazines/1980s/1986/Wrestling Eye/Wrestling Eye - 1986 - August.pdf,https://ia800101.us.archive.org/3/items/wrestling-eye-1986-08-c/Wrestling%20Eye%2C%201986-08%20%28C%29.pdf,13583951,
2026-04-26T18:55:53,wrestling-monthly-1972-01,Wrestling Monthly,1972,1,skip-exists,/Users/jschairb-gwp/Library/CloudStorage/GoogleDrive-josh@greatwesternproductions.com/My Drive/BACKGROUND_RESEARCH/Magazines/1970s/1972/Wrestling Monthly/Wrestling Monthly - 1972 - January.pdf,,,
2026-04-26T18:55:55,wrestling-news-1981-07-issue-71,Wrestling News,1981,7,downloaded,/Users/jschairb-gwp/Library/CloudStorage/GoogleDrive-josh@greatwesternproductions.com/My Drive/BACKGROUND_RESEARCH/Magazines/1980s/1981/Wrestling News/Wrestling News - 1981 - July.pdf,https://ia801205.us.archive.org/0/items/wrestling-news-1981-07-issue-71/Wrestling%20News%2C%201981-05%20Issue%20%2371%20%28C%29.pdf,15070881,
2026-04-26T18:55:56,wrestlings-main-event-1987-10-r-r-express-b,Wrestling's Main Event,1987,10,downloaded,/Users/jschairb-gwp/Library/CloudStorage/GoogleDrive-josh@greatwesternproductions.com/My Drive/BACKGROUND_RESEARCH/Magazines/1980s/1987/Wrestling's Main Event/Wrestling's Main Event - 1987 - October.pdf,https://ia600602.us.archive.org/10/items/wrestlings-main-event-1987-10-r-r-express-b/Wrestling%27s%20Main%20Event%2C%201987-10%20%28R%26R%20Express%29%20%28B%29.pdf,13312042,
2026-04-26T18:55:59,wrestling-revue-1964-02-c,Wrestling Revue,1964,2,downloaded,/Users/jschairb-gwp/Library/CloudStorage/GoogleDrive-josh@greatwesternproductions.com/My Drive/BACKGROUND_RESEARCH/Magazines/1960s/1964/Wrestling Revue/Wrestling Revue - 1964 - February.pdf,https://ia800408.us.archive.org/23/items/wrestling-revue-1964-02-c/Wrestling%20Revue%2C%201964-02%20%28C%29.pdf,14739576,
2026-04-26T18:56:00,wrestling-revue-1968-04-c,Wrestling Revue,1968,4,downloaded,/Users/jschairb-gwp/Library/CloudStorage/GoogleDrive-josh@greatwesternproductions.com/My Drive/BACKGROUND_RESEARCH/Magazines/1960s/1968/Wrestling Revue/Wrestling Revue - 1968 - April.pdf,https://ia800709.us.archive.org/19/items/wrestling-revue-1968-04-c/Wrestling%20Revue%2C%201968-04%20%28C%29.pdf,13835575,
2026-04-26T18:56:04,wrestling-revue-1976-06-c,Wrestling Revue,1976,6,downloaded,/Users/jschairb-gwp/Library/CloudStorage/GoogleDrive-josh@greatwesternproductions.com/My Drive/BACKGROUND_RESEARCH/Magazines/1970s/1976/Wrestling Revue/Wrestling Revue - 1976 - June.pdf,https://ia601408.us.archive.org/7/items/wrestling-revue-1976-06-c/Wrestling%20Revue%2C%201976-06%20%28C%29.pdf,13854656,
2026-04-26T18:56:07,wrestling-revue-1977-08-c,Wrestling Revue,1977,8,downloaded,/Users/jschairb-gwp/Library/CloudStorage/GoogleDrive-josh@greatwesternproductions.com/My Drive/BACKGROUND_RESEARCH/Magazines/1970s/1977/Wrestling Revue/Wrestling Revue - 1977 - August.pdf,https://ia801306.us.archive.org/3/items/wrestling-revue-1977-08-c/Wrestling%20Revue%2C%201977-08%20%28C%29.pdf,14149976,
2026-04-26T18:56:10,wrestlings-main-event-1985-11-cv-2,Wrestling's Main Event,1985,11,downloaded,/Users/jschairb-gwp/Library/CloudStorage/GoogleDrive-josh@greatwesternproductions.com/My Drive/BACKGROUND_RESEARCH/Magazines/1980s/1985/Wrestling's Main Event/Wrestling's Main Event - 1985 - November.pdf,https://ia803100.us.archive.org/14/items/wrestlings-main-event-1985-11-cv-2/Wrestling%27s%20Main%20Event%2C%201985-11%20%28CV2%29.pdf,29520049,
2026-04-26T18:56:14,wrestling-illustrated-1965-11,Wrestling Illustrated,1965,11,downloaded,/Users/jschairb-gwp/Library/CloudStorage/GoogleDrive-josh@greatwesternproductions.com/My Drive/BACKGROUND_RESEARCH/Magazines/1960s/1965/Wrestling Illustrated/Wrestling Illustrated - 1965 - November.pdf,https://ia800102.us.archive.org/30/items/wrestling-illustrated-1965-11/Wrestling%20Illustrated%201965%2011.pdf,79492759,
2026-04-26T18:56:17,wrestling-monthly-1972-05,Wrestling Monthly,1972,5,downloaded,/Users/jschairb-gwp/Library/CloudStorage/GoogleDrive-josh@greatwesternproductions.com/My Drive/BACKGROUND_RESEARCH/Magazines/1970s/1972/Wrestling Monthly/Wrestling Monthly - 1972 - May.pdf,https://ia600509.us.archive.org/3/items/wrestling-monthly-1972-05/Wrestling%20Monthly%201972%2005.pdf,37607987,
2026-04-26T18:56:24,wrestling-revue-1971-10,Wrestling Revue,1971,10,downloaded,/Users/jschairb-gwp/Library/CloudStorage/GoogleDrive-josh@greatwesternproductions.com/My Drive/BACKGROUND_RESEARCH/Magazines/1970s/1971/Wrestling Revue/Wrestling Revue - 1971 - October.pdf,https://ia600101.us.archive.org/1/items/wrestling-revue-1971-10/Wrestling%20Revue%201971%2010.pdf,104438753,
2026-04-26T18:56:24,wwf-magazine-volume-6-number-3-april-may-1987_202510,WWF Magazine,1987,4,skip-exists,/Users/jschairb-gwp/Library/CloudStorage/GoogleDrive-josh@greatwesternproductions.com/My Drive/BACKGROUND_RESEARCH/Magazines/1980s/1987/WWF Magazine/WWF Magazine - 1987 - April.pdf,,,
2026-04-26T18:56:26,inside-wrestling-1983-04-patera-vs-koloff-superfly-c,Inside Wrestling,1983,4,downloaded,/Users/jschairb-gwp/Library/CloudStorage/GoogleDrive-josh@greatwesternproductions.com/My Drive/BACKGROUND_RESEARCH/Magazines/1980s/1983/Inside Wrestling/Inside Wrestling - 1983 - April.pdf,https://ia601505.us.archive.org/2/items/inside-wrestling-1983-04-patera-vs-koloff-superfly-c/Inside%20Wrestling%2C%201983-04%20%28Patera%20vs%20Koloff%2C%20Superfly%29%28C%29.pdf,13978036,
2026-04-26T18:56:27,inside-wrestling-1986-02-r-r-rw-shiek-volkoff-c,Inside Wrestling,1986,2,downloaded,/Users/jschairb-gwp/Library/CloudStorage/GoogleDrive-josh@greatwesternproductions.com/My Drive/BACKGROUND_RESEARCH/Magazines/1980s/1986/Inside Wrestling/Inside Wrestling - 1986 - February.pdf,https://ia800505.us.archive.org/1/items/inside-wrestling-1986-02-r-r-rw-shiek-volkoff-c/Inside%20Wrestling%2C%201986-02%20%28R%26R%2C%20RW%2C%20Shiek%20%26%20Volkoff%29%20%28C%29.pdf,14354803,
2026-04-26T18:56:33,inside-wrestling-1987-03-hogan-ronnie-garvin-c,Inside Wrestling,1987,3,downloaded,/Users/jschairb-gwp/Library/CloudStorage/GoogleDrive-josh@greatwesternproductions.com/My Drive/BACKGROUND_RESEARCH/Magazines/1980s/1987/Inside Wrestling/Inside Wrestling - 1987 - March.pdf,https://ia601507.us.archive.org/9/items/inside-wrestling-1987-03-hogan-ronnie-garvin-c/Inside%20Wrestling%2C%201987-03%20%28Hogan%2C%20Ronnie%20Garvin%29%20%28C%29.pdf,13921009,
2026-04-26T18:56:38,inside-wrestling-1988-01-c,Inside Wrestling,1988,1,downloaded,/Users/jschairb-gwp/Library/CloudStorage/GoogleDrive-josh@greatwesternproductions.com/My Drive/BACKGROUND_RESEARCH/Magazines/1980s/1988/Inside Wrestling/Inside Wrestling - 1988 - January.pdf,https://ia801609.us.archive.org/4/items/inside-wrestling-1988-01-c/Inside%20Wrestling%2C%201988-01%20%28C%29.pdf,14027193,
2026-04-26T18:56:40,inside-wrestling-1973-12-c,Inside Wrestling,1973,12,downloaded,/Users/jschairb-gwp/Library/CloudStorage/GoogleDrive-josh@greatwesternproductions.com/My Drive/BACKGROUND_RESEARCH/Magazines/1970s/1973/Inside Wrestling/Inside Wrestling - 1973 - December.pdf,https://ia601306.us.archive.org/0/items/inside-wrestling-1973-12-c/Inside%20Wrestling%2C%201973-12%20%28C%29.pdf,14247822,
2026-04-26T18:56:42,inside-wrestling-1974-08-bruno-sheik-rivera-c,Inside Wrestling,1974,8,downloaded,/Users/jschairb-gwp/Library/CloudStorage/GoogleDrive-josh@greatwesternproductions.com/My Drive/BACKGROUND_RESEARCH/Magazines/1970s/1974/Inside Wrestling/Inside Wrestling - 1974 - August.pdf,https://ia601705.us.archive.org/20/items/inside-wrestling-1974-08-bruno-sheik-rivera-c/Inside%20Wrestling%2C%201974-08%20%28Bruno%2C%20Sheik%2C%20Rivera%29%20%28C%29.pdf,12747040,
2026-04-26T18:56:44,inside-wrestling-1975-05-c,Inside Wrestling,1975,5,downloaded,/Users/jschairb-gwp/Library/CloudStorage/GoogleDrive-josh@greatwesternproductions.com/My Drive/BACKGROUND_RESEARCH/Magazines/1970s/1975/Inside Wrestling/Inside Wrestling - 1975 - May.pdf,https://ia801200.us.archive.org/28/items/inside-wrestling-1975-05-c/Inside%20Wrestling%2C%201975-05%20%28C%29.pdf,13581397,
2026-04-26T18:56:46,inside-wrestling-1978-01-superstar-graham-sheik-c,Inside Wrestling,1978,1,downloaded,/Users/jschairb-gwp/Library/CloudStorage/GoogleDrive-josh@greatwesternproductions.com/My Drive/BACKGROUND_RESEARCH/Magazines/1970s/1978/Inside Wrestling/Inside Wrestling - 1978 - January.pdf,https://ia801501.us.archive.org/1/items/inside-wrestling-1978-01-superstar-graham-sheik-c/Inside%20Wrestling%2C%201979-01%20%28Superstar%20Graham%2C%20Sheik%29%20%28C%29.pdf,14430272,
2026-04-26T18:56:49,10-iw-oct-1977,Inside Wrestling,1977,10,downloaded,/Users/jschairb-gwp/Library/CloudStorage/GoogleDrive-josh@greatwesternproductions.com/My Drive/BACKGROUND_RESEARCH/Magazines/1970s/1977/Inside Wrestling/Inside Wrestling - 1977 - October.pdf,https://ia600109.us.archive.org/8/items/10-iw-oct-1977/10%20IW%20Oct%201977.pdf,55924191,
2026-04-26T18:56:51,wrestling-all-stars-1987-02-superfly-c,Wrestling All Stars,1987,2,downloaded,/Users/jschairb-gwp/Library/CloudStorage/GoogleDrive-josh@greatwesternproductions.com/My Drive/BACKGROUND_RESEARCH/Magazines/1980s/1987/Wrestling All Stars/Wrestling All Stars - 1987 - February.pdf,https://ia600505.us.archive.org/22/items/wrestling-all-stars-1987-02-superfly-c/Wrestling%20All%20Stars%2C%201987-02%20%28Superfly%29%20%28C%29.pdf,18071842,
2026-04-26T18:56:51,wrestlings-main-event-1983-04-muraco-b,Wrestling's Main Event,1983,4,skip-exists,/Users/jschairb-gwp/Library/CloudStorage/GoogleDrive-josh@greatwesternproductions.com/My Drive/BACKGROUND_RESEARCH/Magazines/1980s/1983/Wrestling's Main Event/Wrestling's Main Event - 1983 - April.pdf,,,
2026-04-26T18:56:53,wrestling-eye-1987-02-c,Wrestling Eye,1987,2,downloaded,/Users/jschairb-gwp/Library/CloudStorage/GoogleDrive-josh@greatwesternproductions.com/My Drive/BACKGROUND_RESEARCH/Magazines/1980s/1987/Wrestling Eye/Wrestling Eye - 1987 - February.pdf,https://ia801901.us.archive.org/33/items/wrestling-eye-1987-02-c/Wrestling%20Eye%2C%201987-02%20%28C%29.pdf,19520352,
2026-04-26T18:56:55,wrestling-fury-1987-10-incomplete-c,Wrestling Fury,1987,10,downloaded,/Users/jschairb-gwp/Library/CloudStorage/GoogleDrive-josh@greatwesternproductions.com/My Drive/BACKGROUND_RESEARCH/Magazines/1980s/1987/Wrestling Fury/Wrestling Fury - 1987 - October.pdf,https://ia801506.us.archive.org/18/items/wrestling-fury-1987-10-incomplete-c/Wrestling%20Fury%2C%201987-10%20%23%23Incomplete%23%23%20%28C%29.pdf,13971888,
2026-04-26T18:56:57,wrestling-fury-1989-02-c,Wrestling Fury,1989,2,downloaded,/Users/jschairb-gwp/Library/CloudStorage/GoogleDrive-josh@greatwesternproductions.com/My Drive/BACKGROUND_RESEARCH/Magazines/1980s/1989/Wrestling Fury/Wrestling Fury - 1989 - February.pdf,https://ia600107.us.archive.org/0/items/wrestling-fury-1989-02-c/Wrestling%20Fury%2C%201989-02%20%28C%29.pdf,15156184,
2026-04-26T18:57:02,wrestling-revue-1973-03,Wrestling Revue,1973,3,downloaded,/Users/jschairb-gwp/Library/CloudStorage/GoogleDrive-josh@greatwesternproductions.com/My Drive/BACKGROUND_RESEARCH/Magazines/1970s/1973/Wrestling Revue/Wrestling Revue - 1973 - March.pdf,https://ia800505.us.archive.org/4/items/wrestling-revue-1973-03/Wrestling%20Revue%201973%2003.pdf,96586130,
2026-04-26T18:57:05,wrestling-revue-1980-10-bruno-vs-backlund-b,Wrestling Revue,1980,10,downloaded,/Users/jschairb-gwp/Library/CloudStorage/GoogleDrive-josh@greatwesternproductions.com/My Drive/BACKGROUND_RESEARCH/Magazines/1980s/1980/Wrestling Revue/Wrestling Revue - 1980 - October.pdf,https://ia903109.us.archive.org/31/items/wrestling-revue-1980-10-bruno-vs-backlund-b/Wrestling%20Revue%2C%201980-10%20%28Bruno%20vs%20Backlund%29%20%28B%29.pdf,13463947,
2026-04-26T18:57:05,wrestlings-main-event-1987-10-c,Wrestling's Main Event,1987,10,skip-exists,/Users/jschairb-gwp/Library/CloudStorage/GoogleDrive-josh@greatwesternproductions.com/My Drive/BACKGROUND_RESEARCH/Magazines/1980s/1987/Wrestling's Main Event/Wrestling's Main Event - 1987 - October.pdf,,,
2026-04-26T18:57:07,wrestlings-main-event-1988-02-ron-garvin-hulk-hogan-c,Wrestling's Main Event,1988,2,downloaded,/Users/jschairb-gwp/Library/CloudStorage/GoogleDrive-josh@greatwesternproductions.com/My Drive/BACKGROUND_RESEARCH/Magazines/1980s/1988/Wrestling's Main Event/Wrestling's Main Event - 1988 - February.pdf,https://ia801405.us.archive.org/33/items/wrestlings-main-event-1988-02-ron-garvin-hulk-hogan-c/Wrestling%27s%20Main%20Event%2C%201988-02%20%28Ron%20Garvin%2C%20Hulk%20Hogan%29%20%28C%29.pdf,14957872,
2026-04-26T18:57:13,wrestlings-main-event-1989-07-cv-2,Wrestling's Main Event,1989,7,downloaded,/Users/jschairb-gwp/Library/CloudStorage/GoogleDrive-josh@greatwesternproductions.com/My Drive/BACKGROUND_RESEARCH/Magazines/1980s/1989/Wrestling's Main Event/Wrestling's Main Event - 1989 - July.pdf,https://ia600709.us.archive.org/29/items/wrestlings-main-event-1989-07-cv-2/Wrestling%27s%20MAIN%20Event%2C%201989-07%20%28CV2%29.pdf,36054251,
2026-04-26T18:57:13,wrestlings_main_event_1987_02_images,Wrestling's Main Event,1987,2,skip-exists,/Users/jschairb-gwp/Library/CloudStorage/GoogleDrive-josh@greatwesternproductions.com/My Drive/BACKGROUND_RESEARCH/Magazines/1980s/1987/Wrestling's Main Event/Wrestling's Main Event - 1987 - February.pdf,,,
2026-04-26T18:57:15,wwf-magazine-1985-08-09-cyndi-lauper,WWF Magazine,1985,8,downloaded,/Users/jschairb-gwp/Library/CloudStorage/GoogleDrive-josh@greatwesternproductions.com/My Drive/BACKGROUND_RESEARCH/Magazines/1980s/1985/WWF Magazine/WWF Magazine - 1985 - August.pdf,https://ia902903.us.archive.org/13/items/wwf-magazine-1985-08-09-cyndi-lauper/WWF%20Magazine%2C%201985-08%2C09%20%28Cyndi%20Lauper%29.pdf,8524100,
2026-04-26T18:57:16,wwf-magazine-volume-6-number-6-june-1987,WWF Magazine,1987,6,downloaded,/Users/jschairb-gwp/Library/CloudStorage/GoogleDrive-josh@greatwesternproductions.com/My Drive/BACKGROUND_RESEARCH/Magazines/1980s/1987/WWF Magazine/WWF Magazine - 1987 - June.pdf,https://ia800308.us.archive.org/22/items/wwf-magazine-volume-6-number-6-june-1987/WWF%20Magazine%20Volume%206%2C%20Number%206%20%28June%201987%29.pdf,8920897,
2026-04-26T18:57:18,inside-wrestling-1971-05-pedro-morales-c,Inside Wrestling,1971,5,downloaded,/Users/jschairb-gwp/Library/CloudStorage/GoogleDrive-josh@greatwesternproductions.com/My Drive/BACKGROUND_RESEARCH/Magazines/1970s/1971/Inside Wrestling/Inside Wrestling - 1971 - May.pdf,https://ia601408.us.archive.org/28/items/inside-wrestling-1971-05-pedro-morales-c/Inside%20Wrestling%2C%201971-05%20%28Pedro%20Morales%29%20%28C%29.pdf,13468665,
2026-04-26T18:57:19,inside-wrestling-1974-03-superstar-graham-pedro-c,Inside Wrestling,1974,3,downloaded,/Users/jschairb-gwp/Library/CloudStorage/GoogleDrive-josh@greatwesternproductions.com/My Drive/BACKGROUND_RESEARCH/Magazines/1970s/1974/Inside Wrestling/Inside Wrestling - 1974 - March.pdf,https://ia601404.us.archive.org/29/items/inside-wrestling-1974-03-superstar-graham-pedro-c/Inside%20Wrestling%2C%201974-03%20%28Superstar%20Graham%2C%20Pedro%29%20%28C%29.pdf,14028278,
2026-04-26T18:57:21,inside-wrestling-1976-10-rocky-johnson-bruno-c,Inside Wrestling,1976,10,downloaded,/Users/jschairb-gwp/Library/CloudStorage/GoogleDrive-josh@greatwesternproductions.com/My Drive/BACKGROUND_RESEARCH/Magazines/1970s/1976/Inside Wrestling/Inside Wrestling - 1976 - October.pdf,https://ia800400.us.archive.org/19/items/inside-wrestling-1976-10-rocky-johnson-bruno-c/Inside%20Wrestling%2C%201976-10%20%28Rocky%20Johnson%2C%20Bruno%29%20%28C%29.pdf,14050666,
2026-04-26T18:57:22,inside-wrestling-1977-11-ivan-putski-c,Inside Wrestling,1977,11,downloaded,/Users/jschairb-gwp/Library/CloudStorage/GoogleDrive-josh@greatwesternproductions.com/My Drive/BACKGROUND_RESEARCH/Magazines/1970s/1977/Inside Wrestling/Inside Wrestling - 1977 - November.pdf,https://ia600504.us.archive.org/23/items/inside-wrestling-1977-11-ivan-putski-c/Inside%20Wrestling%2C%201977-11%20%28Ivan%20Putski%29%20%28C%29.pdf,15336483,
2026-04-26T18:57:25,inside-wrestling-1978-10-c,Inside Wrestling,1978,10,downloaded,/Users/jschairb-gwp/Library/CloudStorage/GoogleDrive-josh@greatwesternproductions.com/My Drive/BACKGROUND_RESEARCH/Magazines/1970s/1978/Inside Wrestling/Inside Wrestling - 1978 - October.pdf,https://ia601705.us.archive.org/21/items/inside-wrestling-1978-10-c/Inside%20Wrestling%2C%201978-10%20%28C%29.pdf,14422056,
2026-04-26T18:57:27,inside-wrestling-1979-01-bruno-sammartino,Inside Wrestling,1979,1,downloaded,/Users/jschairb-gwp/Library/CloudStorage/GoogleDrive-josh@greatwesternproductions.com/My Drive/BACKGROUND_RESEARCH/Magazines/1970s/1979/Inside Wrestling/Inside Wrestling - 1979 - January.pdf,https://ia600909.us.archive.org/22/items/inside-wrestling-1979-01-bruno-sammartino/Inside%20Wrestling%2C%201979-01%20%28Bruno%20Sammartino%29.pdf,22081076,
2026-04-26T18:57:29,inside-wrestling-1977-05-bruno-putski-c,Inside Wrestling,1977,5,downloaded,/Users/jschairb-gwp/Library/CloudStorage/GoogleDrive-josh@greatwesternproductions.com/My Drive/BACKGROUND_RESEARCH/Magazines/1970s/1977/Inside Wrestling/Inside Wrestling - 1977 - May.pdf,https://ia801205.us.archive.org/21/items/inside-wrestling-1977-05-bruno-putski-c/Inside%20Wrestling%2C%201977-05%20%28Bruno%2C%20Putski%29%20%28C%29.pdf,14239990,
2026-04-26T18:57:32,inside-wrestling-1979-08-bruno-backlund-flair-steamboat-c,Inside Wrestling,1979,8,downloaded,/Users/jschairb-gwp/Library/CloudStorage/GoogleDrive-josh@greatwesternproductions.com/My Drive/BACKGROUND_RESEARCH/Magazines/1970s/1979/Inside Wrestling/Inside Wrestling - 1979 - August.pdf,https://ia801503.us.archive.org/17/items/inside-wrestling-1979-08-bruno-backlund-flair-steamboat-c/Inside%20Wrestling%2C%201979-08%20%28Bruno%2CBacklund%2CFlair%20%26%20Steamboat%29%20%28C%29.pdf,14331987,
2026-04-26T18:57:35,inside-wrestling-1989-11-c,Inside Wrestling,1989,11,downloaded,/Users/jschairb-gwp/Library/CloudStorage/GoogleDrive-josh@greatwesternproductions.com/My Drive/BACKGROUND_RESEARCH/Magazines/1980s/1989/Inside Wrestling/Inside Wrestling - 1989 - November.pdf,https://ia800906.us.archive.org/34/items/inside-wrestling-1989-11-c/Inside%20Wrestling%2C%201989-11%20%28C%29.pdf,14131766,
2026-04-26T18:57:35,inside-wrestling-1975-05-valiants-superstar-graham-c,Inside Wrestling,1975,5,skip-exists,/Users/jschairb-gwp/Library/CloudStorage/GoogleDrive-josh@greatwesternproductions.com/My Drive/BACKGROUND_RESEARCH/Magazines/1970s/1975/Inside Wrestling/Inside Wrestling - 1975 - May.pdf,,,
2026-04-26T18:57:38,inside-wrestling-1983-06-john-studd-jimmy-garvin-c,Inside Wrestling,1983,6,downloaded,/Users/jschairb-gwp/Library/CloudStorage/GoogleDrive-josh@greatwesternproductions.com/My Drive/BACKGROUND_RESEARCH/Magazines/1980s/1983/Inside Wrestling/Inside Wrestling - 1983 - June.pdf,https://ia801504.us.archive.org/15/items/inside-wrestling-1983-06-john-studd-jimmy-garvin-c/Inside%20Wrestling%2C%201983-06%20%28John%20Studd%20%26%20Jimmy%20Garvin%29%20%28C%29.pdf,14159370,
2026-04-26T18:57:42,2-wrestler-feb-1976,The Wrestler,1976,2,downloaded,/Users/jschairb-gwp/Library/CloudStorage/GoogleDrive-josh@greatwesternproductions.com/My Drive/BACKGROUND_RESEARCH/Magazines/1970s/1976/The Wrestler/The Wrestler - 1976 - February.pdf,https://ia800908.us.archive.org/8/items/2-wrestler-feb-1976/2%20Wrestler%20Feb%201976.pdf,58535818,
2026-04-26T18:57:44,wrestling-revue-1964-06-c,Wrestling Revue,1964,6,downloaded,/Users/jschairb-gwp/Library/CloudStorage/GoogleDrive-josh@greatwesternproductions.com/My Drive/BACKGROUND_RESEARCH/Magazines/1960s/1964/Wrestling Revue/Wrestling Revue - 1964 - June.pdf,https://ia800906.us.archive.org/28/items/wrestling-revue-1964-06-c/Wrestling%20Revue%2C%201964-06%20%28C%29.pdf,14336338,
2026-04-26T18:57:45,10-iw-oct-1981,Inside Wrestling,1981,10,downloaded,/Users/jschairb-gwp/Library/CloudStorage/GoogleDrive-josh@greatwesternproductions.com/My Drive/BACKGROUND_RESEARCH/Magazines/1980s/1981/Inside Wrestling/Inside Wrestling - 1981 - October.pdf,https://ia800306.us.archive.org/8/items/10-iw-oct-1981/10%20IW%20Oct%201981.pdf,8781644,
2026-04-26T18:57:47,10-wrestler-oct-1983,The Wrestler,1983,10,downloaded,/Users/jschairb-gwp/Library/CloudStorage/GoogleDrive-josh@greatwesternproductions.com/My Drive/BACKGROUND_RESEARCH/Magazines/1980s/1983/The Wrestler/The Wrestler - 1983 - October.pdf,https://ia801009.us.archive.org/21/items/10-wrestler-oct-1983/10%20Wrestler%20Oct%201983.pdf,13657141,
2026-04-26T18:57:51,glow-1988-03-issue-2,GLOW,1988,3,downloaded,/Users/jschairb-gwp/Library/CloudStorage/GoogleDrive-josh@greatwesternproductions.com/My Drive/BACKGROUND_RESEARCH/Magazines/1980s/1988/GLOW/GLOW - 1988 - March.pdf,https://ia600308.us.archive.org/31/items/glow-1988-03-issue-2/Glow%2C%201988-03%20%28Issue%20%232%29.pdf,27680131,
2026-04-26T18:57:53,inside-wrestling-1986-04-dusty-andre-bundy-c,Inside Wrestling,1986,4,downloaded,/Users/jschairb-gwp/Library/CloudStorage/GoogleDrive-josh@greatwesternproductions.com/My Drive/BACKGROUND_RESEARCH/Magazines/1980s/1986/Inside Wrestling/Inside Wrestling - 1986 - April.pdf,https://ia801404.us.archive.org/5/items/inside-wrestling-1986-04-dusty-andre-bundy-c/Inside%20Wrestling%2C%201986-04%20%28Dusty%2C%20Andre%20%26%20Bundy%29%20%28C%29.pdf,14337126,
2026-04-26T18:57:54,wrestlings-main-event-1983-06-mil-mascaras-c,Wrestling's Main Event,1983,6,downloaded,/Users/jschairb-gwp/Library/CloudStorage/GoogleDrive-josh@greatwesternproductions.com/My Drive/BACKGROUND_RESEARCH/Magazines/1980s/1983/Wrestling's Main Event/Wrestling's Main Event - 1983 - June.pdf,https://ia801600.us.archive.org/34/items/wrestlings-main-event-1983-06-mil-mascaras-c/Wrestling%27s%20Main%20Event%2C%201983-06%20%28Mil%20Mascaras%29%20%28C%29.pdf,13734298,
2026-04-26T18:57:58,wrestling-monthly-1978-06-ivan-putski-mil-c,Wrestling Monthly,1978,6,downloaded,/Users/jschairb-gwp/Library/CloudStorage/GoogleDrive-josh@greatwesternproductions.com/My Drive/BACKGROUND_RESEARCH/Magazines/1970s/1978/Wrestling Monthly/Wrestling Monthly - 1978 - June.pdf,https://ia801501.us.archive.org/15/items/wrestling-monthly-1978-06-ivan-putski-mil-c/Wrestling%20Monthly%2C%201978-06%20%28Ivan%20Putski%2C%20Mil%29%20%28C%29.pdf,13822456,
2026-04-26T18:58:08,wrestlings-main-event-1983-08-roddy-piper-a-b,Wrestling's Main Event,1983,8,downloaded,/Users/jschairb-gwp/Library/CloudStorage/GoogleDrive-josh@greatwesternproductions.com/My Drive/BACKGROUND_RESEARCH/Magazines/1980s/1983/Wrestling's Main Event/Wrestling's Main Event - 1983 - August.pdf,https://ia600503.us.archive.org/10/items/wrestlings-main-event-1983-08-roddy-piper-a-b/Wrestling%27s%20Main%20Event%2C%201983-08%20%28Roddy%20Piper%29%20%28A%29%28B%29.pdf,101926381,
2026-04-26T18:58:10,wrestlings-main-event-1986-06-c,Wrestling's Main Event,1986,6,downloaded,/Users/jschairb-gwp/Library/CloudStorage/GoogleDrive-josh@greatwesternproductions.com/My Drive/BACKGROUND_RESEARCH/Magazines/1980s/1986/Wrestling's Main Event/Wrestling's Main Event - 1986 - June.pdf,https://ia601703.us.archive.org/19/items/wrestlings-main-event-1986-06-c/Wrestling%27s%20Main%20Event%2C%201986-06%20%28C%29.pdf,13667607,
2026-04-26T18:58:12,wwf-magazine-1986-08-09-king-kong-bundy-c,WWF Magazine,1986,8,downloaded,/Users/jschairb-gwp/Library/CloudStorage/GoogleDrive-josh@greatwesternproductions.com/My Drive/BACKGROUND_RESEARCH/Magazines/1980s/1986/WWF Magazine/WWF Magazine - 1986 - August.pdf,https://ia601702.us.archive.org/30/items/wwf-magazine-1986-08-09-king-kong-bundy-c/WWF%20Magazine%2C%201986-08%2C09%20%28King%20Kong%20Bundy%29%20%28C%29.pdf,16655850,
2026-04-26T18:58:12,wwf-magazine-1988-02_202510,WWF Magazine,1988,2,skip-exists,/Users/jschairb-gwp/Library/CloudStorage/GoogleDrive-josh@greatwesternproductions.com/My Drive/BACKGROUND_RESEARCH/Magazines/1980s/1988/WWF Magazine/WWF Magazine - 1988 - February.pdf,,,
2026-04-26T18:58:13,3-iw-mar-1979,Inside Wrestling,1979,3,downloaded,/Users/jschairb-gwp/Library/CloudStorage/GoogleDrive-josh@greatwesternproductions.com/My Drive/BACKGROUND_RESEARCH/Magazines/1970s/1979/Inside Wrestling/Inside Wrestling - 1979 - March.pdf,https://ia801509.us.archive.org/11/items/3-iw-mar-1979/3%20IW%20Mar%201979.pdf,14004106,
2026-04-26T18:58:14,5-srw-may-1982,Sports Review Wrestling,1982,5,downloaded,/Users/jschairb-gwp/Library/CloudStorage/GoogleDrive-josh@greatwesternproductions.com/My Drive/BACKGROUND_RESEARCH/Magazines/1980s/1982/Sports Review Wrestling/Sports Review Wrestling - 1982 - May.pdf,https://ia801400.us.archive.org/22/items/5-srw-may-1982/5%20SRW%20May%201982.pdf,6855425,
2026-04-26T18:58:16,wrestling-monthly-1971-11-world-jr.-heavyweight-c,Wrestling Monthly,1971,11,downloaded,/Users/jschairb-gwp/Library/CloudStorage/GoogleDrive-josh@greatwesternproductions.com/My Drive/BACKGROUND_RESEARCH/Magazines/1970s/1971/Wrestling Monthly/Wrestling Monthly - 1971 - November.pdf,https://ia601408.us.archive.org/14/items/wrestling-monthly-1971-11-world-jr.-heavyweight-c/Wrestling%20Monthly%2C%201971-11%20%28World%20Jr.%20Heavyweight%29%20%28C%29.pdf,13221101,
2026-04-26T18:58:18,wrestling-monthly-1972-04-the-kangaroos-c,Wrestling Monthly,1972,4,downloaded,/Users/jschairb-gwp/Library/CloudStorage/GoogleDrive-josh@greatwesternproductions.com/My Drive/BACKGROUND_RESEARCH/Magazines/1970s/1972/Wrestling Monthly/Wrestling Monthly - 1972 - April.pdf,https://ia600508.us.archive.org/33/items/wrestling-monthly-1972-04-the-kangaroos-c/Wrestling%20Monthly%2C%201972-04%20%28The%20Kangaroos%29%20%28C%29.pdf,13457871,
2026-04-26T18:58:20,wrestling-monthly-1972-09,Wrestling Monthly,1972,9,downloaded,/Users/jschairb-gwp/Library/CloudStorage/GoogleDrive-josh@greatwesternproductions.com/My Drive/BACKGROUND_RESEARCH/Magazines/1970s/1972/Wrestling Monthly/Wrestling Monthly - 1972 - September.pdf,https://ia801504.us.archive.org/18/items/wrestling-monthly-1972-09/Wrestling%20Monthly%201972%2009.pdf,27545399,
2026-04-26T18:58:25,wrestling-monthly-1972-12,Wrestling Monthly,1972,12,downloaded,/Users/jschairb-gwp/Library/CloudStorage/GoogleDrive-josh@greatwesternproductions.com/My Drive/BACKGROUND_RESEARCH/Magazines/1970s/1972/Wrestling Monthly/Wrestling Monthly - 1972 - December.pdf,https://ia600507.us.archive.org/10/items/wrestling-monthly-1972-12/Wrestling%20Monthly%201972%2012.pdf,27828278,
2026-04-26T18:58:28,wrestling-monthly-1977-12-c,Wrestling Monthly,1977,12,downloaded,/Users/jschairb-gwp/Library/CloudStorage/GoogleDrive-josh@greatwesternproductions.com/My Drive/BACKGROUND_RESEARCH/Magazines/1970s/1977/Wrestling Monthly/Wrestling Monthly - 1977 - December.pdf,https://ia800502.us.archive.org/27/items/wrestling-monthly-1977-12-c/Wrestling%20Monthly%2C%201977-12%20%28C%29.pdf,13585812,
2026-04-26T18:58:30,wrestling-power-1987-03-vol.-01-no.-4-c,Wrestling Power,1987,3,downloaded,/Users/jschairb-gwp/Library/CloudStorage/GoogleDrive-josh@greatwesternproductions.com/My Drive/BACKGROUND_RESEARCH/Magazines/1980s/1987/Wrestling Power/Wrestling Power - 1987 - March.pdf,https://ia600507.us.archive.org/11/items/wrestling-power-1987-03-vol.-01-no.-4-c/Wrestling%20Power%2C%201987-03%20%28Vol.%2001%2C%20No.%204%29%20%28C%29.pdf,18249526,
2026-04-26T18:58:33,wrestling-revue-1962-08,Wrestling Revue,1962,8,downloaded,/Users/jschairb-gwp/Library/CloudStorage/GoogleDrive-josh@greatwesternproductions.com/My Drive/BACKGROUND_RESEARCH/Magazines/1960s/1962/Wrestling Revue/Wrestling Revue - 1962 - August.pdf,https://ia800503.us.archive.org/31/items/wrestling-revue-1962-08/Wrestling%20Revue%201962%2008.pdf,41320235,
2026-04-26T18:58:35,wrestlings-main-event-1987-04-macho-man-b,Wrestling's Main Event,1987,4,downloaded,/Users/jschairb-gwp/Library/CloudStorage/GoogleDrive-josh@greatwesternproductions.com/My Drive/BACKGROUND_RESEARCH/Magazines/1980s/1987/Wrestling's Main Event/Wrestling's Main Event - 1987 - April.pdf,https://ia803201.us.archive.org/18/items/wrestlings-main-event-1987-04-macho-man-b/Wrestling%27s%20Main%20Event%2C%201987-04%20%28Macho%20Man%29%20%28B%29.pdf,13167681,
2026-04-26T18:58:35,wrestlings-main-event-1985-04-cv-2,Wrestling's Main Event,1985,4,skip-exists,/Users/jschairb-gwp/Library/CloudStorage/GoogleDrive-josh@greatwesternproductions.com/My Drive/BACKGROUND_RESEARCH/Magazines/1980s/1985/Wrestling's Main Event/Wrestling's Main Event - 1985 - April.pdf,,,
2026-04-26T18:58:39,wrestlings-main-event-1985-10-cv-2,Wrestling's Main Event,1985,10,downloaded,/Users/jschairb-gwp/Library/CloudStorage/GoogleDrive-josh@greatwesternproductions.com/My Drive/BACKGROUND_RESEARCH/Magazines/1980s/1985/Wrestling's Main Event/Wrestling's Main Event - 1985 - October.pdf,https://ia903206.us.archive.org/26/items/wrestlings-main-event-1985-10-cv-2/Wrestling%27s%20Main%20Event%2C%201985-10%20%28CV2%29.pdf,32315007,
2026-04-26T18:58:41,wrestling-monthly-1972-11,Wrestling Monthly,1972,11,downloaded,/Users/jschairb-gwp/Library/CloudStorage/GoogleDrive-josh@greatwesternproductions.com/My Drive/BACKGROUND_RESEARCH/Magazines/1970s/1972/Wrestling Monthly/Wrestling Monthly - 1972 - November.pdf,https://ia800507.us.archive.org/10/items/wrestling-monthly-1972-11/Wrestling%20Monthly%201972%2011.pdf,27286874,
2026-04-26T18:58:43,wcw-magazine-1989-09-wrap-up,WCW Magazine,1989,9,downloaded,/Users/jschairb-gwp/Library/CloudStorage/GoogleDrive-josh@greatwesternproductions.com/My Drive/BACKGROUND_RESEARCH/Magazines/1980s/1989/WCW Magazine/WCW Magazine - 1989 - September.pdf,https://ia801801.us.archive.org/11/items/wcw-magazine-1989-09-wrap-up/WCW%20Magazine%201989-09%20Wrap%20Up.PDF,15361922,
2026-04-26T18:58:43,wrestling-illustrated-1965-11_202409,Wrestling Illustrated,1965,11,skip-exists,/Users/jschairb-gwp/Library/CloudStorage/GoogleDrive-josh@greatwesternproductions.com/My Drive/BACKGROUND_RESEARCH/Magazines/1960s/1965/Wrestling Illustrated/Wrestling Illustrated - 1965 - November.pdf,,,
2026-04-26T18:58:58,wrestlings-main-event-1989-05-cv-2,Wrestling's Main Event,1989,5,downloaded,/Users/jschairb-gwp/Library/CloudStorage/GoogleDrive-josh@greatwesternproductions.com/My Drive/BACKGROUND_RESEARCH/Magazines/1980s/1989/Wrestling's Main Event/Wrestling's Main Event - 1989 - May.pdf,https://ia801701.us.archive.org/6/items/wrestlings-main-event-1989-05-cv-2/Wrestling%27s%20Main%20Event%2C%201989-05%20%28CV2%29.pdf,36129196,
2026-04-26T18:58:59,wrestlings-main-event-1986-01-c,Wrestling's Main Event,1986,1,downloaded,/Users/jschairb-gwp/Library/CloudStorage/GoogleDrive-josh@greatwesternproductions.com/My Drive/BACKGROUND_RESEARCH/Magazines/1980s/1986/Wrestling's Main Event/Wrestling's Main Event - 1986 - January.pdf,https://ia601400.us.archive.org/19/items/wrestlings-main-event-1986-01-c/Wrestling%27s%20Main%20Event%2C%201986-01%20%28C%29.pdf,14774054,
2026-04-26T18:59:03,1-srw-jan-1981,Sports Review Wrestling,1981,1,downloaded,/Users/jschairb-gwp/Library/CloudStorage/GoogleDrive-josh@greatwesternproductions.com/My Drive/BACKGROUND_RESEARCH/Magazines/1980s/1981/Sports Review Wrestling/Sports Review Wrestling - 1981 - January.pdf,https://ia801409.us.archive.org/15/items/1-srw-jan-1981/1%20SRW%20Jan%201981.pdf,41203305,
2026-04-26T18:59:06,4-wrestler-apr-1976,The Wrestler,1976,4,downloaded,/Users/jschairb-gwp/Library/CloudStorage/GoogleDrive-josh@greatwesternproductions.com/My Drive/BACKGROUND_RESEARCH/Magazines/1970s/1976/The Wrestler/The Wrestler - 1976 - April.pdf,https://ia801304.us.archive.org/12/items/4-wrestler-apr-1976/4%20Wrestler%20Apr%201976.pdf,63931658,
2026-04-26T18:59:09,4-wrestling-monthly-apr-1978,Wrestling Monthly,1978,4,downloaded,/Users/jschairb-gwp/Library/CloudStorage/GoogleDrive-josh@greatwesternproductions.com/My Drive/BACKGROUND_RESEARCH/Magazines/1970s/1978/Wrestling Monthly/Wrestling Monthly - 1978 - April.pdf,https://ia800803.us.archive.org/22/items/4-wrestling-monthly-apr-1978/4%20Wrestling%20Monthly%20Apr%201978.pdf,59986530,
2026-04-26T18:59:13,3-wrestler-mar-1977,The Wrestler,1977,3,downloaded,/Users/jschairb-gwp/Library/CloudStorage/GoogleDrive-josh@greatwesternproductions.com/My Drive/BACKGROUND_RESEARCH/Magazines/1970s/1977/The Wrestler/The Wrestler - 1977 - March.pdf,https://ia601702.us.archive.org/30/items/3-wrestler-mar-1977/3%20Wrestler%20Mar%201977.pdf,58200284,
2026-04-26T18:59:17,wrestling-confidential-1965-01-c,Wrestling Confidential,1965,1,downloaded,/Users/jschairb-gwp/Library/CloudStorage/GoogleDrive-josh@greatwesternproductions.com/My Drive/BACKGROUND_RESEARCH/Magazines/1960s/1965/Wrestling Confidential/Wrestling Confidential - 1965 - January.pdf,https://ia601801.us.archive.org/35/items/wrestling-confidential-1965-01-c/Wrestling%20Confidential%2C%201965-01%20%28C%29.pdf,13012908,
2026-04-26T18:59:18,wrestlings-main-event-1988-04-rick-rude-lugar-capt.-lou-c,Wrestling's Main Event,1988,4,downloaded,/Users/jschairb-gwp/Library/CloudStorage/GoogleDrive-josh@greatwesternproductions.com/My Drive/BACKGROUND_RESEARCH/Magazines/1980s/1988/Wrestling's Main Event/Wrestling's Main Event - 1988 - April.pdf,https://ia801504.us.archive.org/0/items/wrestlings-main-event-1988-04-rick-rude-lugar-capt.-lou-c/Wrestling%27s%20Main%20Event%2C%201988-04%20%28Rick%20Rude%2C%20Lugar%2C%20Capt.%20Lou%29%20%28C%29.pdf,16386972,
2026-04-26T18:59:49,wrestlings-main-event-february-1985,Wrestling's Main Event,1985,2,error,/Users/jschairb-gwp/Library/CloudStorage/GoogleDrive-josh@greatwesternproductions.com/My Drive/BACKGROUND_RESEARCH/Magazines/1980s/1985/Wrestling's Main Event/Wrestling's Main Event - 1985 - February.pdf,,,"HTTPSConnectionPool(host='archive.org', port=443): Read timed out. (read timeout=30)"
2026-04-26T18:59:50,wrestling-eye-1989-08-c,Wrestling Eye,1989,8,downloaded,/Users/jschairb-gwp/Library/CloudStorage/GoogleDrive-josh@greatwesternproductions.com/My Drive/BACKGROUND_RESEARCH/Magazines/1980s/1989/Wrestling Eye/Wrestling Eye - 1989 - August.pdf,https://ia601303.us.archive.org/13/items/wrestling-eye-1989-08-c/Wrestling%20Eye%2C%201989-08%20%28C%29.pdf,19577854,
2026-04-26T18:59:53,wrestling-ringside-1987-03-25-cv-2,Wrestling Ringside,1987,3,downloaded,/Users/jschairb-gwp/Library/CloudStorage/GoogleDrive-josh@greatwesternproductions.com/My Drive/BACKGROUND_RESEARCH/Magazines/1980s/1987/Wrestling Ringside/Wrestling Ringside - 1987 - March.pdf,https://ia601603.us.archive.org/20/items/wrestling-ringside-1987-03-25-cv-2/Wrestling%20Ringside%2C%201987-03%20%2325%20%28CV2%29.pdf,41501212,
2026-04-26T18:59:55,wrestling-super-stars-1977-07-bruno-sammartino,Wrestling Superstars,1977,7,downloaded,/Users/jschairb-gwp/Library/CloudStorage/GoogleDrive-josh@greatwesternproductions.com/My Drive/BACKGROUND_RESEARCH/Magazines/1970s/1977/Wrestling Superstars/Wrestling Superstars - 1977 - July.pdf,https://ia902901.us.archive.org/24/items/wrestling-super-stars-1977-07-bruno-sammartino/Wrestling%20Super%20Stars%2C%201977-07%20%28Bruno%20Sammartino%29.pdf,10935653,
2026-04-26T18:59:55,wwf-magazine-december-1989,WWF Magazine,1989,12,skip-exists,/Users/jschairb-gwp/Library/CloudStorage/GoogleDrive-josh@greatwesternproductions.com/My Drive/BACKGROUND_RESEARCH/Magazines/1980s/1989/WWF Magazine/WWF Magazine - 1989 - December.pdf,,,
2026-04-26T18:59:56,pro-wrestling-illustrated-1986-02-mike-von-erich-b,Pro Wrestling Illustrated,1986,2,downloaded,/Users/jschairb-gwp/Library/CloudStorage/GoogleDrive-josh@greatwesternproductions.com/My Drive/BACKGROUND_RESEARCH/Magazines/1980s/1986/Pro Wrestling Illustrated/Pro Wrestling Illustrated - 1986 - February.pdf,https://ia903201.us.archive.org/8/items/pro-wrestling-illustrated-1986-02-mike-von-erich-b/Pro%20Wrestling%20Illustrated%2C%201986-02%20%28Mike%20Von%20Erich%29%20%28B%29.pdf,19720462,
2026-04-26T19:00:02,wrestling-revue-1968-05,Wrestling Revue,1968,5,downloaded,/Users/jschairb-gwp/Library/CloudStorage/GoogleDrive-josh@greatwesternproductions.com/My Drive/BACKGROUND_RESEARCH/Magazines/1960s/1968/Wrestling Revue/Wrestling Revue - 1968 - May.pdf,https://ia801602.us.archive.org/25/items/wrestling-revue-1968-05/Wrestling%20Revue%201968%2005.pdf,115670223,
2026-04-26T19:00:06,glow-1988-05-issue-4,GLOW,1988,5,downloaded,/Users/jschairb-gwp/Library/CloudStorage/GoogleDrive-josh@greatwesternproductions.com/My Drive/BACKGROUND_RESEARCH/Magazines/1980s/1988/GLOW/GLOW - 1988 - May.pdf,https://ia601609.us.archive.org/23/items/glow-1988-05-issue-4/Glow%2C%201988-05%20%28Issue%20%234%29.pdf,31268740,
2026-04-26T19:00:06,wrestling-monthly-1972-04,Wrestling Monthly,1972,4,skip-exists,/Users/jschairb-gwp/Library/CloudStorage/GoogleDrive-josh@greatwesternproductions.com/My Drive/BACKGROUND_RESEARCH/Magazines/1970s/1972/Wrestling Monthly/Wrestling Monthly - 1972 - April.pdf,,,
2026-04-26T19:00:08,championship-wrestling-1986-08-incomplete-c,Championship Wrestling,1986,8,downloaded,/Users/jschairb-gwp/Library/CloudStorage/GoogleDrive-josh@greatwesternproductions.com/My Drive/BACKGROUND_RESEARCH/Magazines/1980s/1986/Championship Wrestling/Championship Wrestling - 1986 - August.pdf,https://ia801603.us.archive.org/35/items/championship-wrestling-1986-08-incomplete-c/Championship%20Wrestling%2C%201986-08%20%23%23Incomplete%23%23%20%28C%29.pdf,13222699,
2026-04-26T19:00:11,championship-wrestling-1986-11-c,Championship Wrestling,1986,11,downloaded,/Users/jschairb-gwp/Library/CloudStorage/GoogleDrive-josh@greatwesternproductions.com/My Drive/BACKGROUND_RESEARCH/Magazines/1980s/1986/Championship Wrestling/Championship Wrestling - 1986 - November.pdf,https://ia801209.us.archive.org/29/items/championship-wrestling-1986-11-c/Championship%20Wrestling%2C%201986-11%20%28C%29.pdf,15848967,
2026-04-26T19:00:12,official-wrestling-1983-05-hulk-hogan-c,Official Wrestling,1983,5,downloaded,/Users/jschairb-gwp/Library/CloudStorage/GoogleDrive-josh@greatwesternproductions.com/My Drive/BACKGROUND_RESEARCH/Magazines/1980s/1983/Official Wrestling/Official Wrestling - 1983 - May.pdf,https://ia902907.us.archive.org/13/items/official-wrestling-1983-05-hulk-hogan-c/Official%20Wrestling%2C%201983-05%20%28Hulk%20Hogan%29%20%28C%29.pdf,13586251,
2026-04-26T19:00:14,wrestling-monthly-1978-10-c,Wrestling Monthly,1978,10,downloaded,/Users/jschairb-gwp/Library/CloudStorage/GoogleDrive-josh@greatwesternproductions.com/My Drive/BACKGROUND_RESEARCH/Magazines/1970s/1978/Wrestling Monthly/Wrestling Monthly - 1978 - October.pdf,https://ia601202.us.archive.org/12/items/wrestling-monthly-1978-10-c/Wrestling%20Monthly%2C%201978-10%20%28C%29.pdf,13571490,
2026-04-26T19:00:20,wrestling-revue-1972-07,Wrestling Revue,1972,7,downloaded,/Users/jschairb-gwp/Library/CloudStorage/GoogleDrive-josh@greatwesternproductions.com/My Drive/BACKGROUND_RESEARCH/Magazines/1970s/1972/Wrestling Revue/Wrestling Revue - 1972 - July.pdf,https://ia600101.us.archive.org/12/items/wrestling-revue-1972-07/Wrestling%20Revue%201972%2007.pdf,58012788,
2026-04-26T19:00:23,inside-wrestling-1974-12-billy-robinson-andre-c,Inside Wrestling,1974,12,downloaded,/Users/jschairb-gwp/Library/CloudStorage/GoogleDrive-josh@greatwesternproductions.com/My Drive/BACKGROUND_RESEARCH/Magazines/1970s/1974/Inside Wrestling/Inside Wrestling - 1974 - December.pdf,https://ia600600.us.archive.org/12/items/inside-wrestling-1974-12-billy-robinson-andre-c/Inside%20Wrestling%2C%201974-12%20%28Billy%20Robinson%2C%20Andre%29%28C%29.pdf,14193384,
2026-04-26T19:00:28,wrestling-revue-1964-10-c,Wrestling Revue,1964,10,downloaded,/Users/jschairb-gwp/Library/CloudStorage/GoogleDrive-josh@greatwesternproductions.com/My Drive/BACKGROUND_RESEARCH/Magazines/1960s/1964/Wrestling Revue/Wrestling Revue - 1964 - October.pdf,https://ia801404.us.archive.org/10/items/wrestling-revue-1964-10-c/Wrestling%20Revue%2C%201964-10%20%28C%29.pdf,14674515,
2026-04-26T19:00:31,wrestling-revue-1984-07-c,Wrestling Revue,1984,7,downloaded,/Users/jschairb-gwp/Library/CloudStorage/GoogleDrive-josh@greatwesternproductions.com/My Drive/BACKGROUND_RESEARCH/Magazines/1980s/1984/Wrestling Revue/Wrestling Revue - 1984 - July.pdf,https://ia902906.us.archive.org/35/items/wrestling-revue-1984-07-c/Wrestling%20Revue%2C%201984-07%20%28C%29.pdf,16072848,
2026-04-26T19:00:34,wrestlings-main-event-1982-12-cv-2,Wrestling's Main Event,1982,12,downloaded,/Users/jschairb-gwp/Library/CloudStorage/GoogleDrive-josh@greatwesternproductions.com/My Drive/BACKGROUND_RESEARCH/Magazines/1980s/1982/Wrestling's Main Event/Wrestling's Main Event - 1982 - December.pdf,https://ia600605.us.archive.org/22/items/wrestlings-main-event-1982-12-cv-2/Wrestling%27s%20Main%20Event%2C%201982-12%20%28CV2%29.pdf,29551205,
2026-04-26T19:00:35,wrestlings-main-event-1983-11-outlaw-ron-bass-b,Wrestling's Main Event,1983,11,downloaded,/Users/jschairb-gwp/Library/CloudStorage/GoogleDrive-josh@greatwesternproductions.com/My Drive/BACKGROUND_RESEARCH/Magazines/1980s/1983/Wrestling's Main Event/Wrestling's Main Event - 1983 - November.pdf,https://ia600504.us.archive.org/7/items/wrestlings-main-event-1983-11-outlaw-ron-bass-b/Wrestling%27s%20Main%20Event%2C%201983-11%20%28Outlaw%20Ron%20Bass%29%20%28B%29.pdf,16084147,
2026-04-26T19:00:37,wrestlings-main-event-1984-01-rick-martel-c,Wrestling's Main Event,1984,1,downloaded,/Users/jschairb-gwp/Library/CloudStorage/GoogleDrive-josh@greatwesternproductions.com/My Drive/BACKGROUND_RESEARCH/Magazines/1980s/1984/Wrestling's Main Event/Wrestling's Main Event - 1984 - January.pdf,https://ia801501.us.archive.org/31/items/wrestlings-main-event-1984-01-rick-martel-c/Wrestling%27s%20Main%20Event%2C%201984-01%20%28Rick%20Martel%29%20%28C%29.pdf,14175193,
2026-04-26T19:00:39,wrestlings-main-event-1985-05-sgt.-slaughter-c,Wrestling's Main Event,1985,5,downloaded,/Users/jschairb-gwp/Library/CloudStorage/GoogleDrive-josh@greatwesternproductions.com/My Drive/BACKGROUND_RESEARCH/Magazines/1980s/1985/Wrestling's Main Event/Wrestling's Main Event - 1985 - May.pdf,https://ia800409.us.archive.org/10/items/wrestlings-main-event-1985-05-sgt.-slaughter-c/Wrestling%27s%20Main%20Event%2C%201985-05%20%28Sgt.%20Slaughter%29%20%28C%29.pdf,14802811,
2026-04-26T19:00:42,wrestlings-main-event-1987-08-cv-2,Wrestling's Main Event,1987,8,downloaded,/Users/jschairb-gwp/Library/CloudStorage/GoogleDrive-josh@greatwesternproductions.com/My Drive/BACKGROUND_RESEARCH/Magazines/1980s/1987/Wrestling's Main Event/Wrestling's Main Event - 1987 - August.pdf,https://ia601808.us.archive.org/22/items/wrestlings-main-event-1987-08-cv-2/Wrestling%27s%20MAIN%20Event%2C%201987-08%20%28CV2%29.pdf,33281300,
2026-04-26T19:00:44,wrestling-eye-1986-06-roddy-piper-c,Wrestling Eye,1986,6,downloaded,/Users/jschairb-gwp/Library/CloudStorage/GoogleDrive-josh@greatwesternproductions.com/My Drive/BACKGROUND_RESEARCH/Magazines/1980s/1986/Wrestling Eye/Wrestling Eye - 1986 - June.pdf,https://ia801509.us.archive.org/9/items/wrestling-eye-1986-06-roddy-piper-c/Wrestling%20Eye%2C%201986-06%20%28Roddy%20Piper%29%20%28C%29.pdf,20238831,
2026-04-26T19:00:45,wrestling-guide-1975-10-c,Wrestling Guide,1975,10,downloaded,/Users/jschairb-gwp/Library/CloudStorage/GoogleDrive-josh@greatwesternproductions.com/My Drive/BACKGROUND_RESEARCH/Magazines/1970s/1975/Wrestling Guide/Wrestling Guide - 1975 - October.pdf,https://ia601500.us.archive.org/29/items/wrestling-guide-1975-10-c/Wrestling%20Guide%2C%201975-10%20%28C%29.pdf,13745826,
2026-04-26T19:00:49,wrestling-monthly-1979-01-lou-albano-challenge-c,Wrestling Monthly,1979,1,downloaded,/Users/jschairb-gwp/Library/CloudStorage/GoogleDrive-josh@greatwesternproductions.com/My Drive/BACKGROUND_RESEARCH/Magazines/1970s/1979/Wrestling Monthly/Wrestling Monthly - 1979 - January.pdf,https://ia601400.us.archive.org/4/items/wrestling-monthly-1979-01-lou-albano-challenge-c/Wrestling%20Monthly%2C%201979-01%20%28Lou%20Albano%20Challenge%29%20%28C%29.pdf,13755552,
2026-04-26T19:00:51,wrestling-world-1986-04-c,Wrestling World,1986,4,downloaded,/Users/jschairb-gwp/Library/CloudStorage/GoogleDrive-josh@greatwesternproductions.com/My Drive/BACKGROUND_RESEARCH/Magazines/1980s/1986/Wrestling World/Wrestling World - 1986 - April.pdf,https://ia600709.us.archive.org/13/items/wrestling-world-1986-04-c/Wrestling%20World%2C%201986-04%20%28C%29.pdf,14242468,
2026-04-26T19:00:53,wcw-magazine-1989-07-wrap-up,WCW Magazine,1989,7,downloaded,/Users/jschairb-gwp/Library/CloudStorage/GoogleDrive-josh@greatwesternproductions.com/My Drive/BACKGROUND_RESEARCH/Magazines/1980s/1989/WCW Magazine/WCW Magazine - 1989 - July.pdf,https://ia800401.us.archive.org/5/items/wcw-magazine-1989-07-wrap-up/WCW%20Magazine%201989-07%20Wrap%20Up.pdf,10059350,
2026-04-26T19:00:58,wrestling-all-stars-1983-10-dick-slater-ric-flair-b,Wrestling All Stars,1983,10,downloaded,/Users/jschairb-gwp/Library/CloudStorage/GoogleDrive-josh@greatwesternproductions.com/My Drive/BACKGROUND_RESEARCH/Magazines/1980s/1983/Wrestling All Stars/Wrestling All Stars - 1983 - October.pdf,https://ia803207.us.archive.org/8/items/wrestling-all-stars-1983-10-dick-slater-ric-flair-b/Wrestling%20All%20Stars%2C%201983-10%20%28Dick%20Slater%20%26%20Ric%20Flair%29%20%28B%29.pdf,19347303,
2026-04-26T19:01:00,wrestling-all-stars-1985-10-road-warriors-c,Wrestling All Stars,1985,10,downloaded,/Users/jschairb-gwp/Library/CloudStorage/GoogleDrive-josh@greatwesternproductions.com/My Drive/BACKGROUND_RESEARCH/Magazines/1980s/1985/Wrestling All Stars/Wrestling All Stars - 1985 - October.pdf,https://ia600301.us.archive.org/14/items/wrestling-all-stars-1985-10-road-warriors-c/Wrestling%20All%20Stars%2C%201985-10%20%28Road%20Warriors%29%20%28C%29.pdf,18540074,
2026-04-26T19:01:03,wrestling-eye-1985-11-hulk-hogan-b,Wrestling Eye,1985,11,downloaded,/Users/jschairb-gwp/Library/CloudStorage/GoogleDrive-josh@greatwesternproductions.com/My Drive/BACKGROUND_RESEARCH/Magazines/1980s/1985/Wrestling Eye/Wrestling Eye - 1985 - November.pdf,https://ia601002.us.archive.org/8/items/wrestling-eye-1985-11-hulk-hogan-b/Wrestling%20Eye%2C%201985-11%20%28Hulk%20Hogan%29%20%28B%29.pdf,19101272,
2026-04-26T19:01:05,wrestling-eye-1988-09-hulk-hogan-b,Wrestling Eye,1988,9,downloaded,/Users/jschairb-gwp/Library/CloudStorage/GoogleDrive-josh@greatwesternproductions.com/My Drive/BACKGROUND_RESEARCH/Magazines/1980s/1988/Wrestling Eye/Wrestling Eye - 1988 - September.pdf,https://ia600104.us.archive.org/26/items/wrestling-eye-1988-09-hulk-hogan-b/Wrestling%20Eye%2C%201988-09%20%28Hulk%20Hogan%29%20%28B%29.pdf,18482246,
2026-04-26T19:01:07,wrestling-eye-1988-10-c,Wrestling Eye,1988,10,downloaded,/Users/jschairb-gwp/Library/CloudStorage/GoogleDrive-josh@greatwesternproductions.com/My Drive/BACKGROUND_RESEARCH/Magazines/1980s/1988/Wrestling Eye/Wrestling Eye - 1988 - October.pdf,https://ia601309.us.archive.org/25/items/wrestling-eye-1988-10-c/Wrestling%20Eye%2C%201988-10%20%28C%29.pdf,19426010,
2026-04-26T19:01:48,wrestling-monthly-1977-11-c,Wrestling Monthly,1977,11,downloaded,/Users/jschairb-gwp/Library/CloudStorage/GoogleDrive-josh@greatwesternproductions.com/My Drive/BACKGROUND_RESEARCH/Magazines/1970s/1977/Wrestling Monthly/Wrestling Monthly - 1977 - November.pdf,https://ia800709.us.archive.org/35/items/wrestling-monthly-1977-11-c/Wrestling%20Monthly%2C%201977-11%20%28C%29.pdf,13783168,
2026-04-26T19:01:50,wrestling-scene-1987-06-tony-atlas-39-c,Wrestling Scene,1987,6,downloaded,/Users/jschairb-gwp/Library/CloudStorage/GoogleDrive-josh@greatwesternproductions.com/My Drive/BACKGROUND_RESEARCH/Magazines/1980s/1987/Wrestling Scene/Wrestling Scene - 1987 - June.pdf,https://ia800701.us.archive.org/10/items/wrestling-scene-1987-06-tony-atlas-39-c/Wrestling%20Scene%2C%201987-06%20%28Tony%20Atlas%20%2339%29%20%28C%29.pdf,18386587,
2026-04-26T19:02:51,wrestling-superstars-1977-08-superstar-graham-c,Wrestling Superstars,1977,8,error,/Users/jschairb-gwp/Library/CloudStorage/GoogleDrive-josh@greatwesternproductions.com/My Drive/BACKGROUND_RESEARCH/Magazines/1970s/1977/Wrestling Superstars/Wrestling Superstars - 1977 - August.pdf,,,"HTTPSConnectionPool(host='ia801409.us.archive.org', port=443): Max retries exceeded with url: /20/items/wrestling-superstars-1977-08-superstar-graham-c/Wrestling%20Superstars%2C%201977-08%20%28Superstar%20Graham%29%20%28C%29.pdf (Caused by SSLError(SSLEOFError(8, 'EOF occurred in violation of protocol (_ssl.c:1129)')))"
2026-04-26T19:04:04,wrestlings-main-event-1986-05-c,Wrestling's Main Event,1986,5,error,/Users/jschairb-gwp/Library/CloudStorage/GoogleDrive-josh@greatwesternproductions.com/My Drive/BACKGROUND_RESEARCH/Magazines/1980s/1986/Wrestling's Main Event/Wrestling's Main Event - 1986 - May.pdf,,,"('Connection broken: IncompleteRead(11188300 bytes read, 3027442 more expected)', IncompleteRead(11188300 bytes read, 3027442 more expected))"
2026-04-26T19:04:06,wrestlings-main-event-1986-09-c,Wrestling's Main Event,1986,9,downloaded,/Users/jschairb-gwp/Library/CloudStorage/GoogleDrive-josh@greatwesternproductions.com/My Drive/BACKGROUND_RESEARCH/Magazines/1980s/1986/Wrestling's Main Event/Wrestling's Main Event - 1986 - September.pdf,https://ia800707.us.archive.org/13/items/wrestlings-main-event-1986-09-c/Wrestling%27s%20Main%20Event%2C%201986-09%20%28C%29.pdf,14269154,
2026-04-26T19:04:08,wrestlings-main-event-1987-07-cv-2,Wrestling's Main Event,1987,7,downloaded,/Users/jschairb-gwp/Library/CloudStorage/GoogleDrive-josh@greatwesternproductions.com/My Drive/BACKGROUND_RESEARCH/Magazines/1980s/1987/Wrestling's Main Event/Wrestling's Main Event - 1987 - July.pdf,https://ia800603.us.archive.org/34/items/wrestlings-main-event-1987-07-cv-2/Wrestling%27s%20MAIN%20Event%2C%201987-07%20%28CV2%29.pdf,33550215,
2026-04-26T19:04:10,wrestling-world-1986-10-c,Wrestling World,1986,10,downloaded,/Users/jschairb-gwp/Library/CloudStorage/GoogleDrive-josh@greatwesternproductions.com/My Drive/BACKGROUND_RESEARCH/Magazines/1980s/1986/Wrestling World/Wrestling World - 1986 - October.pdf,https://ia800908.us.archive.org/27/items/wrestling-world-1986-10-c/Wrestling%20World%2C%201986-10%20%28C%29.pdf,17412326,
2026-04-26T19:04:11,wrestlings_main_event_1986_10_images,Wrestling's Main Event,1986,10,downloaded,/Users/jschairb-gwp/Library/CloudStorage/GoogleDrive-josh@greatwesternproductions.com/My Drive/BACKGROUND_RESEARCH/Magazines/1980s/1986/Wrestling's Main Event/Wrestling's Main Event - 1986 - October.pdf,https://ia800303.us.archive.org/31/items/wrestlings_main_event_1986_10_images/wrestlings_main_event_1986_10.pdf,2042820,
2026-04-26T19:06:11,pro-wrestling-illustrated-1983-02-dusty-rhodes-snuka-c,Pro Wrestling Illustrated,1983,2,error,/Users/jschairb-gwp/Library/CloudStorage/GoogleDrive-josh@greatwesternproductions.com/My Drive/BACKGROUND_RESEARCH/Magazines/1980s/1983/Pro Wrestling Illustrated/Pro Wrestling Illustrated - 1983 - February.pdf,,,"HTTPSConnectionPool(host='ia801406.us.archive.org', port=443): Read timed out."
2026-04-26T19:07:28,4-srw-apr-1981,Sports Review Wrestling,1981,4,error,/Users/jschairb-gwp/Library/CloudStorage/GoogleDrive-josh@greatwesternproductions.com/My Drive/BACKGROUND_RESEARCH/Magazines/1980s/1981/Sports Review Wrestling/Sports Review Wrestling - 1981 - April.pdf,,,"('Connection broken: IncompleteRead(26343499 bytes read, 13071938 more expected)', IncompleteRead(26343499 bytes read, 13071938 more expected))"
2026-04-26T19:07:30,inside-wrestling-1976-12-bruno-stasiak-mil-c,Inside Wrestling,1976,12,downloaded,/Users/jschairb-gwp/Library/CloudStorage/GoogleDrive-josh@greatwesternproductions.com/My Drive/BACKGROUND_RESEARCH/Magazines/1970s/1976/Inside Wrestling/Inside Wrestling - 1976 - December.pdf,https://ia601508.us.archive.org/33/items/inside-wrestling-1976-12-bruno-stasiak-mil-c/Inside%20Wrestling%2C%201976-12%20%28Bruno%2C%20Stasiak%2C%20Mil%29%20%28C%29.pdf,14169546,
2026-04-26T19:07:34,inside-wrestling-1977-02-terry-funk-bruno-executioners-c,Inside Wrestling,1977,2,downloaded,/Users/jschairb-gwp/Library/CloudStorage/GoogleDrive-josh@greatwesternproductions.com/My Drive/BACKGROUND_RESEARCH/Magazines/1970s/1977/Inside Wrestling/Inside Wrestling - 1977 - February.pdf,https://ia801404.us.archive.org/23/items/inside-wrestling-1977-02-terry-funk-bruno-executioners-c/Inside%20Wrestling%2C%201977-02%20%28Terry%20Funk%2C%20Bruno%2C%20Executioners%29%20%28C%29.pdf,14164442,
2026-04-26T19:08:12,inside-wrestling-1978-04-backlund-superstar-graham-c,Inside Wrestling,1978,4,downloaded,/Users/jschairb-gwp/Library/CloudStorage/GoogleDrive-josh@greatwesternproductions.com/My Drive/BACKGROUND_RESEARCH/Magazines/1970s/1978/Inside Wrestling/Inside Wrestling - 1978 - April.pdf,https://ia801404.us.archive.org/30/items/inside-wrestling-1978-04-backlund-superstar-graham-c/Inside%20Wrestling%2C%201978-04%20%28Backlund%20%26%20Superstar%20Graham%29%20%28C%29.pdf,14233361,
2026-04-26T19:08:14,inside-wrestling-1979-05-steamboat-c,Inside Wrestling,1979,5,downloaded,/Users/jschairb-gwp/Library/CloudStorage/GoogleDrive-josh@greatwesternproductions.com/My Drive/BACKGROUND_RESEARCH/Magazines/1970s/1979/Inside Wrestling/Inside Wrestling - 1979 - May.pdf,https://ia800108.us.archive.org/16/items/inside-wrestling-1979-05-steamboat-c/Inside%20Wrestling%2C%201979-05%20%28Steamboat%29%20%28C%29.pdf,15144656,
2026-04-26T19:08:15,inside-wrestling-1989-01-c,Inside Wrestling,1989,1,downloaded,/Users/jschairb-gwp/Library/CloudStorage/GoogleDrive-josh@greatwesternproductions.com/My Drive/BACKGROUND_RESEARCH/Magazines/1980s/1989/Inside Wrestling/Inside Wrestling - 1989 - January.pdf,https://ia601306.us.archive.org/17/items/inside-wrestling-1989-01-c/Inside%20Wrestling%2C%201989-01%20%28C%29.pdf,13732646,
2026-04-26T19:08:17,inside-wrestling-1989-07-c,Inside Wrestling,1989,7,downloaded,/Users/jschairb-gwp/Library/CloudStorage/GoogleDrive-josh@greatwesternproductions.com/My Drive/BACKGROUND_RESEARCH/Magazines/1980s/1989/Inside Wrestling/Inside Wrestling - 1989 - July.pdf,https://ia801602.us.archive.org/23/items/inside-wrestling-1989-07-c/Inside%20Wrestling%2C%201989-07%20%28C%29.pdf,14218061,
2026-04-26T19:08:18,inside-wrestling-v-01n-07-1969-10.-jalart-darwination-vs-mc-coy,Inside Wrestling,1969,10,downloaded,/Users/jschairb-gwp/Library/CloudStorage/GoogleDrive-josh@greatwesternproductions.com/My Drive/BACKGROUND_RESEARCH/Magazines/1960s/1969/Inside Wrestling/Inside Wrestling - 1969 - October.pdf,https://ia902900.us.archive.org/25/items/inside-wrestling-v-01n-07-1969-10.-jalart-darwination-vs-mc-coy/Inside%20Wrestling%20v01n07%20%281969-10.Jalart%29%20%28Darwination%20vs%20McCoy%29.pdf,5374998,
2026-04-26T19:08:19,inside-wrestling-1982-01-ric-flair-c,Inside Wrestling,1982,1,downloaded,/Users/jschairb-gwp/Library/CloudStorage/GoogleDrive-josh@greatwesternproductions.com/My Drive/BACKGROUND_RESEARCH/Magazines/1980s/1982/Inside Wrestling/Inside Wrestling - 1982 - January.pdf,https://ia801509.us.archive.org/10/items/inside-wrestling-1982-01-ric-flair-c/Inside%20Wrestling%2C%201982-01%20%28Ric%20Flair%29%20%28C%29.pdf,14826306,
2026-04-26T19:08:21,inside-wrestling-1984-05-mike-rotundo,Inside Wrestling,1984,5,downloaded,/Users/jschairb-gwp/Library/CloudStorage/GoogleDrive-josh@greatwesternproductions.com/My Drive/BACKGROUND_RESEARCH/Magazines/1980s/1984/Inside Wrestling/Inside Wrestling - 1984 - May.pdf,https://ia800407.us.archive.org/24/items/inside-wrestling-1984-05-mike-rotundo/Inside%20Wrestling%2C%201984-05%20%28Mike%20Rotundo%29.pdf,15697837,
2026-04-26T19:08:23,inside-wrestling-1986-01-steamboat-muraco-m-von-erich-c,Inside Wrestling,1986,1,downloaded,/Users/jschairb-gwp/Library/CloudStorage/GoogleDrive-josh@greatwesternproductions.com/My Drive/BACKGROUND_RESEARCH/Magazines/1980s/1986/Inside Wrestling/Inside Wrestling - 1986 - January.pdf,https://ia601408.us.archive.org/28/items/inside-wrestling-1986-01-steamboat-muraco-m-von-erich-c/Inside%20Wrestling%2C%201986-01%20%28Steamboat%2C%20Muraco%2C%20M%20Von%20Erich%29%20%28C%29.pdf,14125442,
2026-04-26T19:08:25,inside-wrestling-1988-02-c,Inside Wrestling,1988,2,downloaded,/Users/jschairb-gwp/Library/CloudStorage/GoogleDrive-josh@greatwesternproductions.com/My Drive/BACKGROUND_RESEARCH/Magazines/1980s/1988/Inside Wrestling/Inside Wrestling - 1988 - February.pdf,https://ia800709.us.archive.org/12/items/inside-wrestling-1988-02-c/Inside%20Wrestling%2C%201988-02%20%28C%29.pdf,14144774,
2026-04-26T19:08:30,wrestling-monthly-1972-08,Wrestling Monthly,1972,8,downloaded,/Users/jschairb-gwp/Library/CloudStorage/GoogleDrive-josh@greatwesternproductions.com/My Drive/BACKGROUND_RESEARCH/Magazines/1970s/1972/Wrestling Monthly/Wrestling Monthly - 1972 - August.pdf,https://ia800508.us.archive.org/6/items/wrestling-monthly-1972-08/Wrestling%20Monthly%201972%2008.pdf,27230674,
2026-04-26T19:09:08,6-wrestler-jun-1976,The Wrestler,1976,6,downloaded,/Users/jschairb-gwp/Library/CloudStorage/GoogleDrive-josh@greatwesternproductions.com/My Drive/BACKGROUND_RESEARCH/Magazines/1970s/1976/The Wrestler/The Wrestler - 1976 - June.pdf,https://ia801304.us.archive.org/33/items/6-wrestler-jun-1976/6%20Wrestler%20Jun%201976.pdf,63416686,
2026-04-26T19:09:12,1-srw-jan-1978,Sports Review Wrestling,1978,1,downloaded,/Users/jschairb-gwp/Library/CloudStorage/GoogleDrive-josh@greatwesternproductions.com/My Drive/BACKGROUND_RESEARCH/Magazines/1970s/1978/Sports Review Wrestling/Sports Review Wrestling - 1978 - January.pdf,https://ia800804.us.archive.org/10/items/1-srw-jan-1978/1%20SRW%20Jan%201978.pdf,60474698,
2026-04-26T19:09:15,10-wrestler-oct-1980,The Wrestler,1980,10,downloaded,/Users/jschairb-gwp/Library/CloudStorage/GoogleDrive-josh@greatwesternproductions.com/My Drive/BACKGROUND_RESEARCH/Magazines/1980s/1980/The Wrestler/The Wrestler - 1980 - October.pdf,https://ia800802.us.archive.org/13/items/10-wrestler-oct-1980/10%20Wrestler%20Oct%201980.pdf,52623249,
2026-04-26T19:09:29,1989-03-wrestling-world,Wrestling World,1989,3,downloaded,/Users/jschairb-gwp/Library/CloudStorage/GoogleDrive-josh@greatwesternproductions.com/My Drive/BACKGROUND_RESEARCH/Magazines/1980s/1989/Wrestling World/Wrestling World - 1989 - March.pdf,https://ia801905.us.archive.org/21/items/1989-03-wrestling-world/1989-03%20Wrestling%20World.pdf,32986881,
2026-04-26T19:09:33,4-srw-apr-1978,Sports Review Wrestling,1978,4,downloaded,/Users/jschairb-gwp/Library/CloudStorage/GoogleDrive-josh@greatwesternproductions.com/My Drive/BACKGROUND_RESEARCH/Magazines/1970s/1978/Sports Review Wrestling/Sports Review Wrestling - 1978 - April.pdf,https://ia601302.us.archive.org/35/items/4-srw-apr-1978/4%20SRW%20Apr%201978.pdf,59508950,
2026-04-26T19:09:34,3-wrestler-mar-1980,The Wrestler,1980,3,downloaded,/Users/jschairb-gwp/Library/CloudStorage/GoogleDrive-josh@greatwesternproductions.com/My Drive/BACKGROUND_RESEARCH/Magazines/1980s/1980/The Wrestler/The Wrestler - 1980 - March.pdf,https://ia801606.us.archive.org/16/items/3-wrestler-mar-1980/3%20Wrestler%20Mar%201980.pdf,11109137,
2026-04-26T19:09:36,6-wrestler-jun-1984,The Wrestler,1984,6,downloaded,/Users/jschairb-gwp/Library/CloudStorage/GoogleDrive-josh@greatwesternproductions.com/My Drive/BACKGROUND_RESEARCH/Magazines/1980s/1984/The Wrestler/The Wrestler - 1984 - June.pdf,https://ia601203.us.archive.org/7/items/6-wrestler-jun-1984/6%20Wrestler%20Jun%201984.pdf,14439453,
2026-04-26T19:09:37,victory-sports-wrestling-1979-yearbook-1979-09-c,Victory Sports Wrestling,1979,9,downloaded,/Users/jschairb-gwp/Library/CloudStorage/GoogleDrive-josh@greatwesternproductions.com/My Drive/BACKGROUND_RESEARCH/Magazines/1970s/1979/Victory Sports Wrestling/Victory Sports Wrestling - 1979 - September.pdf,https://ia600303.us.archive.org/1/items/victory-sports-wrestling-1979-yearbook-1979-09-c/Victory%20Sports%20Wrestling%201979%20Yearbook%2C%201979-09%20%28C%29.pdf,13235526,
2026-04-26T19:09:52,wrestling-revue-1972-08,Wrestling Revue,1972,8,downloaded,/Users/jschairb-gwp/Library/CloudStorage/GoogleDrive-josh@greatwesternproductions.com/My Drive/BACKGROUND_RESEARCH/Magazines/1970s/1972/Wrestling Revue/Wrestling Revue - 1972 - August.pdf,https://ia600906.us.archive.org/33/items/wrestling-revue-1972-08/Wrestling%20Revue%201972%2008.pdf,110566873,
2026-04-26T19:09:54,pro-wrestling-illustrated-1985-03-84-in-review-b,Pro Wrestling Illustrated,1985,3,downloaded,/Users/jschairb-gwp/Library/CloudStorage/GoogleDrive-josh@greatwesternproductions.com/My Drive/BACKGROUND_RESEARCH/Magazines/1980s/1985/Pro Wrestling Illustrated/Pro Wrestling Illustrated - 1985 - March.pdf,https://ia800903.us.archive.org/24/items/pro-wrestling-illustrated-1985-03-84-in-review-b/Pro%20Wrestling%20Illustrated%2C%201985-03%20%2884%20in%20Review%29%20%28B%29.pdf,19724972,
2026-04-26T19:09:56,pro-wrestling-illustrated-1988-12-4-horsemen-b,Pro Wrestling Illustrated,1988,12,downloaded,/Users/jschairb-gwp/Library/CloudStorage/GoogleDrive-josh@greatwesternproductions.com/My Drive/BACKGROUND_RESEARCH/Magazines/1980s/1988/Pro Wrestling Illustrated/Pro Wrestling Illustrated - 1988 - December.pdf,https://ia803103.us.archive.org/1/items/pro-wrestling-illustrated-1988-12-4-horsemen-b/Pro%20Wrestling%20Illustrated%2C%201988-12%20%284%20Horsemen%29%20%28B%29.pdf,27928458,
2026-04-26T19:09:59,2-srw-feb-1982,Sports Review Wrestling,1982,2,downloaded,/Users/jschairb-gwp/Library/CloudStorage/GoogleDrive-josh@greatwesternproductions.com/My Drive/BACKGROUND_RESEARCH/Magazines/1980s/1982/Sports Review Wrestling/Sports Review Wrestling - 1982 - February.pdf,https://ia601709.us.archive.org/20/items/2-srw-feb-1982/2%20SRW%20Feb%201982.pdf,8142328,
2026-04-26T19:10:01,ringside-17-1985-01-big-john-studd-c,Ringside Wrestling,1985,1,downloaded,/Users/jschairb-gwp/Library/CloudStorage/GoogleDrive-josh@greatwesternproductions.com/My Drive/BACKGROUND_RESEARCH/Magazines/1980s/1985/Ringside Wrestling/Ringside Wrestling - 1985 - January.pdf,https://ia800701.us.archive.org/27/items/ringside-17-1985-01-big-john-studd-c/Ringside%20%2317%2C%201985-01%20%28Big%20John%20Studd%29%20%28C%29.pdf,17311886,
2026-04-26T19:10:08,1-wrestler-jan-1986,The Wrestler,1986,1,downloaded,/Users/jschairb-gwp/Library/CloudStorage/GoogleDrive-josh@greatwesternproductions.com/My Drive/BACKGROUND_RESEARCH/Magazines/1980s/1986/The Wrestler/The Wrestler - 1986 - January.pdf,https://ia600400.us.archive.org/0/items/1-wrestler-jan-1986/1%20Wrestler%20Jan%201986.pdf,53423247,
2026-04-26T19:10:11,inside-wrestling-1976-03-ernie-ladd-pedro-incomplete-c,Inside Wrestling,1976,3,downloaded,/Users/jschairb-gwp/Library/CloudStorage/GoogleDrive-josh@greatwesternproductions.com/My Drive/BACKGROUND_RESEARCH/Magazines/1970s/1976/Inside Wrestling/Inside Wrestling - 1976 - March.pdf,https://ia601506.us.archive.org/4/items/inside-wrestling-1976-03-ernie-ladd-pedro-incomplete-c/Inside%20Wrestling%2C%201976-03%20%28Ernie%20Ladd%20%26%20Pedro%29%20%23%23Incomplete%23%23%20%28C%29.pdf,13535008,
2026-04-26T19:10:13,inside-wrestling-1976-06-bruno-sammartino-c,Inside Wrestling,1976,6,downloaded,/Users/jschairb-gwp/Library/CloudStorage/GoogleDrive-josh@greatwesternproductions.com/My Drive/BACKGROUND_RESEARCH/Magazines/1970s/1976/Inside Wrestling/Inside Wrestling - 1976 - June.pdf,https://ia800101.us.archive.org/33/items/inside-wrestling-1976-06-bruno-sammartino-c/Inside%20Wrestling%2C%201976-06%20%28Bruno%20Sammartino%29%20%28C%29.pdf,14020194,
2026-04-26T19:10:15,inside-wrestling-1989-06-steamboat-flair,Inside Wrestling,1989,6,downloaded,/Users/jschairb-gwp/Library/CloudStorage/GoogleDrive-josh@greatwesternproductions.com/My Drive/BACKGROUND_RESEARCH/Magazines/1980s/1989/Inside Wrestling/Inside Wrestling - 1989 - June.pdf,https://ia600407.us.archive.org/21/items/inside-wrestling-1989-06-steamboat-flair/Inside%20Wrestling%2C%201989-06%20%28Steamboat%20%26%20Flair%29.pdf,15636033,
2026-04-26T19:10:16,inside-wrestling-1981-11-dusty-andre-vs-khan-c,Inside Wrestling,1981,11,downloaded,/Users/jschairb-gwp/Library/CloudStorage/GoogleDrive-josh@greatwesternproductions.com/My Drive/BACKGROUND_RESEARCH/Magazines/1980s/1981/Inside Wrestling/Inside Wrestling - 1981 - November.pdf,https://ia801506.us.archive.org/13/items/inside-wrestling-1981-11-dusty-andre-vs-khan-c/Inside%20Wrestling%2C%201981-11%20%28Dusty%2C%20Andre%20vs%20Khan%29%20%28C%29.pdf,14211668,
2026-04-26T19:10:19,inside-wrestling-1982-05-backlund-adonis-c,Inside Wrestling,1982,5,downloaded,/Users/jschairb-gwp/Library/CloudStorage/GoogleDrive-josh@greatwesternproductions.com/My Drive/BACKGROUND_RESEARCH/Magazines/1980s/1982/Inside Wrestling/Inside Wrestling - 1982 - May.pdf,https://ia801503.us.archive.org/24/items/inside-wrestling-1982-05-backlund-adonis-c/Inside%20Wrestling%2C%201982-05%20%28Backlund%20%26%20Adonis%29%20%28C%29.pdf,14213312,
2026-04-26T19:10:21,1-srw-jan-1983_202310,Sports Review Wrestling,1983,1,downloaded,/Users/jschairb-gwp/Library/CloudStorage/GoogleDrive-josh@greatwesternproductions.com/My Drive/BACKGROUND_RESEARCH/Magazines/1980s/1983/Sports Review Wrestling/Sports Review Wrestling - 1983 - January.pdf,https://ia800505.us.archive.org/3/items/1-srw-jan-1983_202310/1%20SRW%20Jan%201983.pdf,11628034,
2026-04-26T19:10:23,wrestling-all-stars-1985-07-12-c,Wrestling All Stars,1985,7,downloaded,/Users/jschairb-gwp/Library/CloudStorage/GoogleDrive-josh@greatwesternproductions.com/My Drive/BACKGROUND_RESEARCH/Magazines/1980s/1985/Wrestling All Stars/Wrestling All Stars - 1985 - July.pdf,https://ia601305.us.archive.org/8/items/wrestling-all-stars-1985-07-12-c/Wrestling%20All%20Stars%2C%201985-07%20%2312%20%28C%29.pdf,18101312,
2026-04-26T19:10:25,wrestling-eye-1986-02-c,Wrestling Eye,1986,2,downloaded,/Users/jschairb-gwp/Library/CloudStorage/GoogleDrive-josh@greatwesternproductions.com/My Drive/BACKGROUND_RESEARCH/Magazines/1980s/1986/Wrestling Eye/Wrestling Eye - 1986 - February.pdf,https://ia601308.us.archive.org/35/items/wrestling-eye-1986-02-c/Wrestling%20Eye%2C%201986-02%20%28C%29.pdf,19220110,
2026-04-26T19:10:25,wrestling-eye-1986-02-incomplete-c,Wrestling Eye,1986,2,skip-exists,/Users/jschairb-gwp/Library/CloudStorage/GoogleDrive-josh@greatwesternproductions.com/My Drive/BACKGROUND_RESEARCH/Magazines/1980s/1986/Wrestling Eye/Wrestling Eye - 1986 - February.pdf,,,
2026-04-26T19:10:27,wrestling-monthly-1978-11-gino-brita-c,Wrestling Monthly,1978,11,downloaded,/Users/jschairb-gwp/Library/CloudStorage/GoogleDrive-josh@greatwesternproductions.com/My Drive/BACKGROUND_RESEARCH/Magazines/1970s/1978/Wrestling Monthly/Wrestling Monthly - 1978 - November.pdf,https://ia600600.us.archive.org/8/items/wrestling-monthly-1978-11-gino-brita-c/Wrestling%20Monthly%2C%201978-11%20%28Gino%20Brita%29%20%28C%29.pdf,13979003,
2026-04-26T19:10:29,wrestling-world-1966-06-bruno-sammartino-c,Wrestling World,1966,6,downloaded,/Users/jschairb-gwp/Library/CloudStorage/GoogleDrive-josh@greatwesternproductions.com/My Drive/BACKGROUND_RESEARCH/Magazines/1960s/1966/Wrestling World/Wrestling World - 1966 - June.pdf,https://ia801509.us.archive.org/18/items/wrestling-world-1966-06-bruno-sammartino-c/Wrestling%20World%2C%201966-06%20%28Bruno%20Sammartino%29%20%28C%29.pdf,13354719,
2026-04-26T19:10:32,wrestling-fury-1988-02-incomplete-c,Wrestling Fury,1988,2,downloaded,/Users/jschairb-gwp/Library/CloudStorage/GoogleDrive-josh@greatwesternproductions.com/My Drive/BACKGROUND_RESEARCH/Magazines/1980s/1988/Wrestling Fury/Wrestling Fury - 1988 - February.pdf,https://ia800602.us.archive.org/7/items/wrestling-fury-1988-02-incomplete-c/Wrestling%20Fury%2C%201988-02%20%23%23Incomplete%23%23%20%28C%29.pdf,13842941,
2026-04-26T19:10:34,wrestling-revue-1969-04-c,Wrestling Revue,1969,4,downloaded,/Users/jschairb-gwp/Library/CloudStorage/GoogleDrive-josh@greatwesternproductions.com/My Drive/BACKGROUND_RESEARCH/Magazines/1960s/1969/Wrestling Revue/Wrestling Revue - 1969 - April.pdf,https://ia802800.us.archive.org/24/items/wrestling-revue-1969-04-c/Wrestling%20Revue%2C%201969-04%20%28C%29.pdf,13933005,
2026-04-26T19:10:36,wrestling-revue-1984-09-111-c,Wrestling Revue,1984,9,downloaded,/Users/jschairb-gwp/Library/CloudStorage/GoogleDrive-josh@greatwesternproductions.com/My Drive/BACKGROUND_RESEARCH/Magazines/1980s/1984/Wrestling Revue/Wrestling Revue - 1984 - September.pdf,https://ia601308.us.archive.org/7/items/wrestling-revue-1984-09-111-c/Wrestling%20Revue%2C%201984-09%20%23111%20%28C%29.pdf,15111452,
2026-04-26T19:10:36,wwf-magazine-volume-6-number-3-april-may-1987_202404,WWF Magazine,1987,4,skip-exists,/Users/jschairb-gwp/Library/CloudStorage/GoogleDrive-josh@greatwesternproductions.com/My Drive/BACKGROUND_RESEARCH/Magazines/1980s/1987/WWF Magazine/WWF Magazine - 1987 - April.pdf,,,
2026-04-26T19:10:37,wcw-magazine-1989-04-wrap-up,WCW Magazine,1989,4,downloaded,/Users/jschairb-gwp/Library/CloudStorage/GoogleDrive-josh@greatwesternproductions.com/My Drive/BACKGROUND_RESEARCH/Magazines/1980s/1989/WCW Magazine/WCW Magazine - 1989 - April.pdf,https://ia801009.us.archive.org/14/items/wcw-magazine-1989-04-wrap-up/WCW%20Magazine%201989-04%20Wrap%20Up.pdf,2282514,
2026-04-26T19:10:43,8-srw-aug-1980,Sports Review Wrestling,1980,8,downloaded,/Users/jschairb-gwp/Library/CloudStorage/GoogleDrive-josh@greatwesternproductions.com/My Drive/BACKGROUND_RESEARCH/Magazines/1980s/1980/Sports Review Wrestling/Sports Review Wrestling - 1980 - August.pdf,https://ia601408.us.archive.org/25/items/8-srw-aug-1980/8%20SRW%20Aug%201980.pdf,55550722,
2026-04-26T19:10:45,wrestling-fury-1987-04-incomplete-c,Wrestling Fury,1987,4,downloaded,/Users/jschairb-gwp/Library/CloudStorage/GoogleDrive-josh@greatwesternproductions.com/My Drive/BACKGROUND_RESEARCH/Magazines/1980s/1987/Wrestling Fury/Wrestling Fury - 1987 - April.pdf,https://ia801808.us.archive.org/16/items/wrestling-fury-1987-04-incomplete-c/Wrestling%20Fury%2C%201987-04%20%23%23Incomplete%23%23%20%28C%29.pdf,13903569,
2026-04-26T19:10:47,wrestling-all-stars-1985-06-11-c,Wrestling All Stars,1985,6,downloaded,/Users/jschairb-gwp/Library/CloudStorage/GoogleDrive-josh@greatwesternproductions.com/My Drive/BACKGROUND_RESEARCH/Magazines/1980s/1985/Wrestling All Stars/Wrestling All Stars - 1985 - June.pdf,https://ia801705.us.archive.org/15/items/wrestling-all-stars-1985-06-11-c/Wrestling%20All%20Stars%2C%201985-06%20%2311%20%28C%29.pdf,17578490,
2026-04-26T19:10:48,2-srw-feb-1984,Sports Review Wrestling,1984,2,downloaded,/Users/jschairb-gwp/Library/CloudStorage/GoogleDrive-josh@greatwesternproductions.com/My Drive/BACKGROUND_RESEARCH/Magazines/1980s/1984/Sports Review Wrestling/Sports Review Wrestling - 1984 - February.pdf,https://ia801508.us.archive.org/33/items/2-srw-feb-1984/2%20SRW%20Feb%201984.pdf,8763147,
2026-04-26T19:10:52,wrestling-monthly-1972-06,Wrestling Monthly,1972,6,downloaded,/Users/jschairb-gwp/Library/CloudStorage/GoogleDrive-josh@greatwesternproductions.com/My Drive/BACKGROUND_RESEARCH/Magazines/1970s/1972/Wrestling Monthly/Wrestling Monthly - 1972 - June.pdf,https://ia800505.us.archive.org/19/items/wrestling-monthly-1972-06/Wrestling%20Monthly%201972%2006.pdf,28437838,
2026-04-26T19:10:54,championship-wrestling-1987-05-c,Championship Wrestling,1987,5,downloaded,/Users/jschairb-gwp/Library/CloudStorage/GoogleDrive-josh@greatwesternproductions.com/My Drive/BACKGROUND_RESEARCH/Magazines/1980s/1987/Championship Wrestling/Championship Wrestling - 1987 - May.pdf,https://ia800402.us.archive.org/24/items/championship-wrestling-1987-05-c/Championship%20Wrestling%2C%201987-05%20%28C%29.pdf,19143871,
2026-04-26T19:10:56,wrestling-power-1987-07-incomplete-c,Wrestling Power,1987,7,downloaded,/Users/jschairb-gwp/Library/CloudStorage/GoogleDrive-josh@greatwesternproductions.com/My Drive/BACKGROUND_RESEARCH/Magazines/1980s/1987/Wrestling Power/Wrestling Power - 1987 - July.pdf,https://ia800100.us.archive.org/28/items/wrestling-power-1987-07-incomplete-c/Wrestling%20Power%2C%201987-07%20%23%23Incomplete%23%23%20%28C%29.pdf,14832179,
2026-04-26T19:10:56,1-srw-jan-1983,Sports Review Wrestling,1983,1,skip-exists,/Users/jschairb-gwp/Library/CloudStorage/GoogleDrive-josh@greatwesternproductions.com/My Drive/BACKGROUND_RESEARCH/Magazines/1980s/1983/Sports Review Wrestling/Sports Review Wrestling - 1983 - January.pdf,,,
2026-04-26T19:11:02,6-srw-jun-1981,Sports Review Wrestling,1981,6,downloaded,/Users/jschairb-gwp/Library/CloudStorage/GoogleDrive-josh@greatwesternproductions.com/My Drive/BACKGROUND_RESEARCH/Magazines/1980s/1981/Sports Review Wrestling/Sports Review Wrestling - 1981 - June.pdf,https://ia601307.us.archive.org/4/items/6-srw-jun-1981/6%20SRW%20Jun%201981.pdf,57813677,
2026-04-26T19:11:07,9-srw-sep-1982,Sports Review Wrestling,1982,9,downloaded,/Users/jschairb-gwp/Library/CloudStorage/GoogleDrive-josh@greatwesternproductions.com/My Drive/BACKGROUND_RESEARCH/Magazines/1980s/1982/Sports Review Wrestling/Sports Review Wrestling - 1982 - September.pdf,https://ia800506.us.archive.org/13/items/9-srw-sep-1982/9%20SRW%20Sep%201982.pdf,54555816,
2026-04-26T19:11:12,wrestling-all-stars-1986-07-5-incomplete-c,Wrestling All Stars,1986,7,downloaded,/Users/jschairb-gwp/Library/CloudStorage/GoogleDrive-josh@greatwesternproductions.com/My Drive/BACKGROUND_RESEARCH/Magazines/1980s/1986/Wrestling All Stars/Wrestling All Stars - 1986 - July.pdf,https://ia601708.us.archive.org/3/items/wrestling-all-stars-1986-07-5-incomplete-c/Wrestling%20All%20Stars%2C%201986-07%20%235%20%23%23Incomplete%23%23%20%28C%29.pdf,13706631,
2026-04-26T19:11:15,wrestling-eye-1987-04-c,Wrestling Eye,1987,4,downloaded,/Users/jschairb-gwp/Library/CloudStorage/GoogleDrive-josh@greatwesternproductions.com/My Drive/BACKGROUND_RESEARCH/Magazines/1980s/1987/Wrestling Eye/Wrestling Eye - 1987 - April.pdf,https://ia600605.us.archive.org/20/items/wrestling-eye-1987-04-c/Wrestling%20Eye%2C%201987-04%20%28C%29.pdf,19426785,
2026-04-26T19:11:16,wrestling-world-1964-04-the-crusher-c,Wrestling World,1964,4,downloaded,/Users/jschairb-gwp/Library/CloudStorage/GoogleDrive-josh@greatwesternproductions.com/My Drive/BACKGROUND_RESEARCH/Magazines/1960s/1964/Wrestling World/Wrestling World - 1964 - April.pdf,https://ia801807.us.archive.org/2/items/wrestling-world-1964-04-the-crusher-c/Wrestling%20World%2C%201964-04%20%28The%20Crusher%29%20%28C%29.pdf,16646869,
2026-04-26T19:11:17,wrestling-world-1983-12-tommy-rich-c,Wrestling World,1983,12,downloaded,/Users/jschairb-gwp/Library/CloudStorage/GoogleDrive-josh@greatwesternproductions.com/My Drive/BACKGROUND_RESEARCH/Magazines/1980s/1983/Wrestling World/Wrestling World - 1983 - December.pdf,https://ia800506.us.archive.org/25/items/wrestling-world-1983-12-tommy-rich-c/Wrestling%20World%2C%201983-12%20%28Tommy%20Rich%29%20%28C%29.pdf,13751257,
2026-04-26T19:11:19,wrestling-world-1986-08-c,Wrestling World,1986,8,downloaded,/Users/jschairb-gwp/Library/CloudStorage/GoogleDrive-josh@greatwesternproductions.com/My Drive/BACKGROUND_RESEARCH/Magazines/1980s/1986/Wrestling World/Wrestling World - 1986 - August.pdf,https://ia802805.us.archive.org/31/items/wrestling-world-1986-08-c/Wrestling%20World%2C%201986-08%20%28C%29.pdf,15544922,
2026-04-26T19:11:22,wrestlings-main-event-1984-11-hulk-hogan-b,Wrestling's Main Event,1984,11,downloaded,/Users/jschairb-gwp/Library/CloudStorage/GoogleDrive-josh@greatwesternproductions.com/My Drive/BACKGROUND_RESEARCH/Magazines/1980s/1984/Wrestling's Main Event/Wrestling's Main Event - 1984 - November.pdf,https://ia800901.us.archive.org/4/items/wrestlings-main-event-1984-11-hulk-hogan-b/Wrestling%27s%20Main%20Event%2C%201984-11%20%28Hulk%20Hogan%29%20%28B%29.pdf,16651286,
2026-04-26T19:11:24,wrestlings-main-event-1985-06-cv-2,Wrestling's Main Event,1985,6,downloaded,/Users/jschairb-gwp/Library/CloudStorage/GoogleDrive-josh@greatwesternproductions.com/My Drive/BACKGROUND_RESEARCH/Magazines/1980s/1985/Wrestling's Main Event/Wrestling's Main Event - 1985 - June.pdf,https://ia800803.us.archive.org/10/items/wrestlings-main-event-1985-06-cv-2/Wrestling%27s%20Main%20Event%2C%201985-06%20%28CV2%29.pdf,33165205,
2026-04-26T19:11:27,wrestlings-main-event-1986-12-cv-2,Wrestling's Main Event,1986,12,downloaded,/Users/jschairb-gwp/Library/CloudStorage/GoogleDrive-josh@greatwesternproductions.com/My Drive/BACKGROUND_RESEARCH/Magazines/1980s/1986/Wrestling's Main Event/Wrestling's Main Event - 1986 - December.pdf,https://ia600404.us.archive.org/2/items/wrestlings-main-event-1986-12-cv-2/Wrestling%27s%20Main%20Event%2C%201986-12%20%28CV2%29.pdf,33875125,
2026-04-26T19:11:30,wrestling-monthly-1972-07,Wrestling Monthly,1972,7,downloaded,/Users/jschairb-gwp/Library/CloudStorage/GoogleDrive-josh@greatwesternproductions.com/My Drive/BACKGROUND_RESEARCH/Magazines/1970s/1972/Wrestling Monthly/Wrestling Monthly - 1972 - July.pdf,https://ia600505.us.archive.org/30/items/wrestling-monthly-1972-07/Wrestling%20Monthly%201972%2007.pdf,27170340,
2026-04-26T19:11:34,wrestling-monthly-1976-04-c,Wrestling Monthly,1976,4,downloaded,/Users/jschairb-gwp/Library/CloudStorage/GoogleDrive-josh@greatwesternproductions.com/My Drive/BACKGROUND_RESEARCH/Magazines/1970s/1976/Wrestling Monthly/Wrestling Monthly - 1976 - April.pdf,https://ia601405.us.archive.org/0/items/wrestling-monthly-1976-04-c/Wrestling%20Monthly%2C%201976-04%20%28C%29.pdf,13897677,
2026-04-26T19:11:41,wrestling-monthly-1977-04-partial-cv-2,Wrestling Monthly,1977,4,downloaded,/Users/jschairb-gwp/Library/CloudStorage/GoogleDrive-josh@greatwesternproductions.com/My Drive/BACKGROUND_RESEARCH/Magazines/1970s/1977/Wrestling Monthly/Wrestling Monthly - 1977 - April.pdf,https://ia801400.us.archive.org/20/items/wrestling-monthly-1977-04-partial-cv-2/Wrestling%20Monthly%2C%201977-04%20%23%23Partial%23%23%20%28CV2%29.pdf,40593509,
2026-04-26T19:11:43,wrestling-scene-may-1986,Wrestling Scene,1986,5,downloaded,/Users/jschairb-gwp/Library/CloudStorage/GoogleDrive-josh@greatwesternproductions.com/My Drive/BACKGROUND_RESEARCH/Magazines/1980s/1986/Wrestling Scene/Wrestling Scene - 1986 - May.pdf,https://ia601602.us.archive.org/5/items/wrestling-scene-may-1986/Wrestling%20Scene%20May%201986.pdf,27008853,
2026-04-26T19:11:52,championship-wrestling-1989-10-c,Championship Wrestling,1989,10,downloaded,/Users/jschairb-gwp/Library/CloudStorage/GoogleDrive-josh@greatwesternproductions.com/My Drive/BACKGROUND_RESEARCH/Magazines/1980s/1989/Championship Wrestling/Championship Wrestling - 1989 - October.pdf,https://ia801306.us.archive.org/23/items/championship-wrestling-1989-10-c/Championship%20Wrestling%2C%201989-10%20%28C%29.pdf,17800522,
2026-04-26T19:11:56,inside-wrestling-1972-09-terry-funk-mil-b,Inside Wrestling,1972,9,downloaded,/Users/jschairb-gwp/Library/CloudStorage/GoogleDrive-josh@greatwesternproductions.com/My Drive/BACKGROUND_RESEARCH/Magazines/1970s/1972/Inside Wrestling/Inside Wrestling - 1972 - September.pdf,https://ia600602.us.archive.org/21/items/inside-wrestling-1972-09-terry-funk-mil-b/Inside%20Wrestling%2C%201972-09%20%28Terry%20Funk%2C%20Mil%29%20%28B%29.pdf,13407824,
2026-04-26T19:11:58,inside-wrestling-1977-04-baron-mascaras-c,Inside Wrestling,1977,4,downloaded,/Users/jschairb-gwp/Library/CloudStorage/GoogleDrive-josh@greatwesternproductions.com/My Drive/BACKGROUND_RESEARCH/Magazines/1970s/1977/Inside Wrestling/Inside Wrestling - 1977 - April.pdf,https://ia801505.us.archive.org/10/items/inside-wrestling-1977-04-baron-mascaras-c/Inside%20Wrestling%2C%201977-04%20%28Baron%2C%20Mascaras%29%20%28C%29.pdf,14199370,
2026-04-26T19:12:01,inside-wrestling-1985-05-sgt.-slaughter-garvin-c,Inside Wrestling,1985,5,downloaded,/Users/jschairb-gwp/Library/CloudStorage/GoogleDrive-josh@greatwesternproductions.com/My Drive/BACKGROUND_RESEARCH/Magazines/1980s/1985/Inside Wrestling/Inside Wrestling - 1985 - May.pdf,https://ia601406.us.archive.org/25/items/inside-wrestling-1985-05-sgt.-slaughter-garvin-c/Inside%20Wrestling%2C%201985-05%20%28Sgt.%20Slaughter%2C%20Garvin%29%20%28C%29.pdf,15416886,
2026-04-26T19:12:03,inside-wrestling-1987-05-c,Inside Wrestling,1987,5,downloaded,/Users/jschairb-gwp/Library/CloudStorage/GoogleDrive-josh@greatwesternproductions.com/My Drive/BACKGROUND_RESEARCH/Magazines/1980s/1987/Inside Wrestling/Inside Wrestling - 1987 - May.pdf,https://ia800307.us.archive.org/15/items/inside-wrestling-1987-05-c/Inside%20Wrestling%2C%201987-05%20%28C%29.pdf,13609699,
2026-04-26T19:12:05,inside-wrestling-1973-02-pedro-ernie-ladd-c,Inside Wrestling,1973,2,downloaded,/Users/jschairb-gwp/Library/CloudStorage/GoogleDrive-josh@greatwesternproductions.com/My Drive/BACKGROUND_RESEARCH/Magazines/1970s/1973/Inside Wrestling/Inside Wrestling - 1973 - February.pdf,https://ia601405.us.archive.org/21/items/inside-wrestling-1973-02-pedro-ernie-ladd-c/Inside%20Wrestling%2C%201973-02%20%28Pedro-Ernie%20Ladd%29%20%28C%29.pdf,13798261,
2026-04-26T19:12:07,inside-wrestling-1977-03-andre-brisco-c,Inside Wrestling,1977,3,downloaded,/Users/jschairb-gwp/Library/CloudStorage/GoogleDrive-josh@greatwesternproductions.com/My Drive/BACKGROUND_RESEARCH/Magazines/1970s/1977/Inside Wrestling/Inside Wrestling - 1977 - March.pdf,https://ia600809.us.archive.org/33/items/inside-wrestling-1977-03-andre-brisco-c/Inside%20Wrestling%2C%201977-03%20%28Andre%2C%20Brisco%29%20%28C%29.pdf,14268342,
2026-04-26T19:12:07,inside-wrestling-1979-02-bockwinkel-race-bruno-incomplete-c,Inside Wrestling,1979,2,skip-exists,/Users/jschairb-gwp/Library/CloudStorage/GoogleDrive-josh@greatwesternproductions.com/My Drive/BACKGROUND_RESEARCH/Magazines/1970s/1979/Inside Wrestling/Inside Wrestling - 1979 - February.pdf,,,
2026-04-26T19:12:08,inside-wrestling-1979-09-steamboat-mil-funk-dino-bravo-c,Inside Wrestling,1979,9,downloaded,/Users/jschairb-gwp/Library/CloudStorage/GoogleDrive-josh@greatwesternproductions.com/My Drive/BACKGROUND_RESEARCH/Magazines/1970s/1979/Inside Wrestling/Inside Wrestling - 1979 - September.pdf,https://ia601400.us.archive.org/10/items/inside-wrestling-1979-09-steamboat-mil-funk-dino-bravo-c/Inside%20Wrestling%2C%201979-09%20%28Steamboat%2C%20Mil%2C%20Funk%2C%20Dino%20Bravo%29%20%28C%29.pdf,14111526,
2026-04-26T19:12:10,inside-wrestling-1979-11-ivan-putski-ken-patera-c,Inside Wrestling,1979,11,downloaded,/Users/jschairb-gwp/Library/CloudStorage/GoogleDrive-josh@greatwesternproductions.com/My Drive/BACKGROUND_RESEARCH/Magazines/1970s/1979/Inside Wrestling/Inside Wrestling - 1979 - November.pdf,https://ia801507.us.archive.org/7/items/inside-wrestling-1979-11-ivan-putski-ken-patera-c/Inside%20Wrestling%2C%201979-11%20%28Ivan%20Putski%2C%20Ken%20Patera%29%20%28C%29.pdf,14386345,
2026-04-26T19:12:10,inside-wrestling-1981-04-bruno-son-c-incomplete,Inside Wrestling,1981,4,skip-exists,/Users/jschairb-gwp/Library/CloudStorage/GoogleDrive-josh@greatwesternproductions.com/My Drive/BACKGROUND_RESEARCH/Magazines/1980s/1981/Inside Wrestling/Inside Wrestling - 1981 - April.pdf,,,
2026-04-26T19:12:12,inside-wrestling-1989-02-c,Inside Wrestling,1989,2,downloaded,/Users/jschairb-gwp/Library/CloudStorage/GoogleDrive-josh@greatwesternproductions.com/My Drive/BACKGROUND_RESEARCH/Magazines/1980s/1989/Inside Wrestling/Inside Wrestling - 1989 - February.pdf,https://ia801309.us.archive.org/27/items/inside-wrestling-1989-02-c/Inside%20Wrestling%2C%201989-02%20%28C%29.pdf,14006686,
2026-04-26T19:12:15,big-book-of-wrestling-1976-05-the-shiek,Big Book of Wrestling,1976,5,downloaded,/Users/jschairb-gwp/Library/CloudStorage/GoogleDrive-josh@greatwesternproductions.com/My Drive/BACKGROUND_RESEARCH/Magazines/1970s/1976/Big Book of Wrestling/Big Book of Wrestling - 1976 - May.pdf,https://ia802905.us.archive.org/31/items/big-book-of-wrestling-1976-05-the-shiek/Big%20Book%20of%20Wrestling%2C%201976-05%20%28The%20Shiek%29.pdf,8056021,
2026-04-26T19:12:17,championship-wrestling-1986-02-c,Championship Wrestling,1986,2,downloaded,/Users/jschairb-gwp/Library/CloudStorage/GoogleDrive-josh@greatwesternproductions.com/My Drive/BACKGROUND_RESEARCH/Magazines/1980s/1986/Championship Wrestling/Championship Wrestling - 1986 - February.pdf,https://ia803105.us.archive.org/19/items/championship-wrestling-1986-02-c/Championship%20Wrestling%2C%201986-02%20%28C%29.pdf,13438942,
2026-04-26T19:12:19,glow-1988-09-issue-6,GLOW,1988,9,downloaded,/Users/jschairb-gwp/Library/CloudStorage/GoogleDrive-josh@greatwesternproductions.com/My Drive/BACKGROUND_RESEARCH/Magazines/1980s/1988/GLOW/GLOW - 1988 - September.pdf,https://ia903101.us.archive.org/17/items/glow-1988-09-issue-6/Glow%2C%201988-09%20%28Issue%20%236%29.pdf,24352967,
2026-04-26T19:12:25,wrestling-revue-1972-12,Wrestling Revue,1972,12,downloaded,/Users/jschairb-gwp/Library/CloudStorage/GoogleDrive-josh@greatwesternproductions.com/My Drive/BACKGROUND_RESEARCH/Magazines/1970s/1972/Wrestling Revue/Wrestling Revue - 1972 - December.pdf,https://ia600508.us.archive.org/25/items/wrestling-revue-1972-12/Wrestling%20Revue%201972%2012.pdf,108169301,
2026-04-26T19:12:27,wrestling-revue-1973-11-c,Wrestling Revue,1973,11,downloaded,/Users/jschairb-gwp/Library/CloudStorage/GoogleDrive-josh@greatwesternproductions.com/My Drive/BACKGROUND_RESEARCH/Magazines/1970s/1973/Wrestling Revue/Wrestling Revue - 1973 - November.pdf,https://ia801204.us.archive.org/21/items/wrestling-revue-1973-11-c/Wrestling%20Revue%2C%201973-11%20%28C%29.pdf,13265849,
2026-04-26T19:12:29,wrestling-revue-1978-04-c,Wrestling Revue,1978,4,downloaded,/Users/jschairb-gwp/Library/CloudStorage/GoogleDrive-josh@greatwesternproductions.com/My Drive/BACKGROUND_RESEARCH/Magazines/1970s/1978/Wrestling Revue/Wrestling Revue - 1978 - April.pdf,https://ia801808.us.archive.org/2/items/wrestling-revue-1978-04-c/Wrestling%20Revue%2C%201978-04%20%28C%29.pdf,13887953,
2026-04-26T19:12:31,wrestling-world-1986-12-c,Wrestling World,1986,12,downloaded,/Users/jschairb-gwp/Library/CloudStorage/GoogleDrive-josh@greatwesternproductions.com/My Drive/BACKGROUND_RESEARCH/Magazines/1980s/1986/Wrestling World/Wrestling World - 1986 - December.pdf,https://ia902808.us.archive.org/4/items/wrestling-world-1986-12-c/Wrestling%20World%2C%201986-12%20%28C%29.pdf,14266369,
2026-04-26T19:12:34,wrestlings-main-event-1989-09-cv-2,Wrestling's Main Event,1989,9,downloaded,/Users/jschairb-gwp/Library/CloudStorage/GoogleDrive-josh@greatwesternproductions.com/My Drive/BACKGROUND_RESEARCH/Magazines/1980s/1989/Wrestling's Main Event/Wrestling's Main Event - 1989 - September.pdf,https://ia801706.us.archive.org/22/items/wrestlings-main-event-1989-09-cv-2/Wrestling%27s%20Main%20Event%2C%201989-09%20%28CV2%29.pdf,30615119,
2026-04-26T19:12:34,wwf-magazine-volume-6-number-6-june-1987_202510,WWF Magazine,1987,6,skip-exists,/Users/jschairb-gwp/Library/CloudStorage/GoogleDrive-josh@greatwesternproductions.com/My Drive/BACKGROUND_RESEARCH/Magazines/1980s/1987/WWF Magazine/WWF Magazine - 1987 - June.pdf,,,
2026-04-26T19:12:36,wrestling-eye-1987-12-c,Wrestling Eye,1987,12,downloaded,/Users/jschairb-gwp/Library/CloudStorage/GoogleDrive-josh@greatwesternproductions.com/My Drive/BACKGROUND_RESEARCH/Magazines/1980s/1987/Wrestling Eye/Wrestling Eye - 1987 - December.pdf,https://ia601406.us.archive.org/22/items/wrestling-eye-1987-12-c/Wrestling%20Eye%2C%201987-12%20%28C%29.pdf,22317992,
2026-04-26T19:12:38,wrestling-eye-1988-07-c,Wrestling Eye,1988,7,downloaded,/Users/jschairb-gwp/Library/CloudStorage/GoogleDrive-josh@greatwesternproductions.com/My Drive/BACKGROUND_RESEARCH/Magazines/1980s/1988/Wrestling Eye/Wrestling Eye - 1988 - July.pdf,https://ia801300.us.archive.org/12/items/wrestling-eye-1988-07-c/Wrestling%20Eye%2C%201988-07%20%28C%29.pdf,18611351,
2026-04-26T19:12:39,wrestling-monthly-1971-10,Wrestling Monthly,1971,10,downloaded,/Users/jschairb-gwp/Library/CloudStorage/GoogleDrive-josh@greatwesternproductions.com/My Drive/BACKGROUND_RESEARCH/Magazines/1970s/1971/Wrestling Monthly/Wrestling Monthly - 1971 - October.pdf,https://ia800508.us.archive.org/17/items/wrestling-monthly-1971-10/Wrestling%20Monthly%201971%2010.pdf,21005868,
2026-04-26T19:12:44,wrestling-monthly-1972-02,Wrestling Monthly,1972,2,downloaded,/Users/jschairb-gwp/Library/CloudStorage/GoogleDrive-josh@greatwesternproductions.com/My Drive/BACKGROUND_RESEARCH/Magazines/1970s/1972/Wrestling Monthly/Wrestling Monthly - 1972 - February.pdf,https://ia601801.us.archive.org/31/items/wrestling-monthly-1972-02/Wrestling%20Monthly%201972%2002.pdf,33116314,
2026-04-26T19:12:48,wrestling-world-1966-08-the-destroyer-c,Wrestling World,1966,8,downloaded,/Users/jschairb-gwp/Library/CloudStorage/GoogleDrive-josh@greatwesternproductions.com/My Drive/BACKGROUND_RESEARCH/Magazines/1960s/1966/Wrestling World/Wrestling World - 1966 - August.pdf,https://ia800507.us.archive.org/26/items/wrestling-world-1966-08-the-destroyer-c/Wrestling%20World%2C%201966-08%20%28The%20Destroyer%29%20%28C%29.pdf,12245833,
2026-04-26T19:12:52,wrestling-world-1984-04-greg-valentine-c,Wrestling World,1984,4,downloaded,/Users/jschairb-gwp/Library/CloudStorage/GoogleDrive-josh@greatwesternproductions.com/My Drive/BACKGROUND_RESEARCH/Magazines/1980s/1984/Wrestling World/Wrestling World - 1984 - April.pdf,https://ia801400.us.archive.org/3/items/wrestling-world-1984-04-greg-valentine-c/Wrestling%20World%2C%201984-04%20%28Greg%20Valentine%29%20%28C%29.pdf,14515628,
2026-04-26T19:12:55,wrestling-world-1986-02-c,Wrestling World,1986,2,downloaded,/Users/jschairb-gwp/Library/CloudStorage/GoogleDrive-josh@greatwesternproductions.com/My Drive/BACKGROUND_RESEARCH/Magazines/1980s/1986/Wrestling World/Wrestling World - 1986 - February.pdf,https://ia800807.us.archive.org/29/items/wrestling-world-1986-02-c/Wrestling%20World%2C%201986-02%20%28C%29.pdf,14517769,
2026-04-26T19:12:59,wrestlings-main-event-1987-06-hulk-hogan-b,Wrestling's Main Event,1987,6,downloaded,/Users/jschairb-gwp/Library/CloudStorage/GoogleDrive-josh@greatwesternproductions.com/My Drive/BACKGROUND_RESEARCH/Magazines/1980s/1987/Wrestling's Main Event/Wrestling's Main Event - 1987 - June.pdf,https://ia802908.us.archive.org/30/items/wrestlings-main-event-1987-06-hulk-hogan-b/Wrestling%27s%20Main%20Event%2C%201987-06%20%28Hulk%20Hogan%29%20%28B%29.pdf,13201244,
2026-04-26T19:12:59,wrestlings_main_event_1985_06_images,Wrestling's Main Event,1985,6,skip-exists,/Users/jschairb-gwp/Library/CloudStorage/GoogleDrive-josh@greatwesternproductions.com/My Drive/BACKGROUND_RESEARCH/Magazines/1980s/1985/Wrestling's Main Event/Wrestling's Main Event - 1985 - June.pdf,,,
2026-04-26T19:13:01,wrestlings-main-event-1986-08-c,Wrestling's Main Event,1986,8,downloaded,/Users/jschairb-gwp/Library/CloudStorage/GoogleDrive-josh@greatwesternproductions.com/My Drive/BACKGROUND_RESEARCH/Magazines/1980s/1986/Wrestling's Main Event/Wrestling's Main Event - 1986 - August.pdf,https://ia601608.us.archive.org/24/items/wrestlings-main-event-1986-08-c/Wrestling%27s%20Main%20Event%2C%201986-08%20%28C%29.pdf,12134388,
2026-04-26T19:13:01,wrestlings-main-event-1986-10-c,Wrestling's Main Event,1986,10,skip-exists,/Users/jschairb-gwp/Library/CloudStorage/GoogleDrive-josh@greatwesternproductions.com/My Drive/BACKGROUND_RESEARCH/Magazines/1980s/1986/Wrestling's Main Event/Wrestling's Main Event - 1986 - October.pdf,,,
2026-04-26T19:13:03,the-wrestler-1982-11-c,The Wrestler,1982,11,downloaded,/Users/jschairb-gwp/Library/CloudStorage/GoogleDrive-josh@greatwesternproductions.com/My Drive/BACKGROUND_RESEARCH/Magazines/1980s/1982/The Wrestler/The Wrestler - 1982 - November.pdf,https://ia600906.us.archive.org/0/items/the-wrestler-1982-11-c/The%20Wrestler%2C%201982-11%20%28C%29.pdf,13590045,
2026-04-26T19:13:03,the-wrestler-1983-10-race-flair-c,The Wrestler,1983,10,skip-exists,/Users/jschairb-gwp/Library/CloudStorage/GoogleDrive-josh@greatwesternproductions.com/My Drive/BACKGROUND_RESEARCH/Magazines/1980s/1983/The Wrestler/The Wrestler - 1983 - October.pdf,,,
2026-04-26T19:13:05,the-wrestler-1988-06-c,The Wrestler,1988,6,downloaded,/Users/jschairb-gwp/Library/CloudStorage/GoogleDrive-josh@greatwesternproductions.com/My Drive/BACKGROUND_RESEARCH/Magazines/1980s/1988/The Wrestler/The Wrestler - 1988 - June.pdf,https://ia601200.us.archive.org/32/items/the-wrestler-1988-06-c/The%20Wrestler%2C%201988-06%20%28C%29.pdf,14509982,
2026-04-26T19:13:07,the-wrestler-1976-12-funk-strongbow-c,The Wrestler,1976,12,downloaded,/Users/jschairb-gwp/Library/CloudStorage/GoogleDrive-josh@greatwesternproductions.com/My Drive/BACKGROUND_RESEARCH/Magazines/1970s/1976/The Wrestler/The Wrestler - 1976 - December.pdf,https://ia801405.us.archive.org/33/items/the-wrestler-1976-12-funk-strongbow-c/The%20Wrestler%2C%201976-12%20%28Funk%2C%20Strongbow%29%20%28C%29.pdf,14195865,
2026-04-26T19:13:10,the-wrestler-1979-01-rhodes-sueprstar-graham-b,The Wrestler,1979,1,downloaded,/Users/jschairb-gwp/Library/CloudStorage/GoogleDrive-josh@greatwesternproductions.com/My Drive/BACKGROUND_RESEARCH/Magazines/1970s/1979/The Wrestler/The Wrestler - 1979 - January.pdf,https://ia800602.us.archive.org/13/items/the-wrestler-1979-01-rhodes-sueprstar-graham-b/The%20Wrestler%2C%201979-01%20%28Rhodes%20%26%20Sueprstar%20Graham%29%20%28B%29.pdf,13885303,
2026-04-26T19:13:12,the-wrestler-1979-05-race-steamboat-valiants-b,The Wrestler,1979,5,downloaded,/Users/jschairb-gwp/Library/CloudStorage/GoogleDrive-josh@greatwesternproductions.com/My Drive/BACKGROUND_RESEARCH/Magazines/1970s/1979/The Wrestler/The Wrestler - 1979 - May.pdf,https://ia800408.us.archive.org/2/items/the-wrestler-1979-05-race-steamboat-valiants-b/The%20Wrestler%2C%201979-05%20%28Race%2C%20Steamboat%2C%20Valiants%29%20%28B%29.pdf,14006734,
2026-04-26T19:13:12,the-wrestler-1980-02-andre-the-giant,The Wrestler,1980,2,skip-exists,/Users/jschairb-gwp/Library/CloudStorage/GoogleDrive-josh@greatwesternproductions.com/My Drive/BACKGROUND_RESEARCH/Magazines/1980s/1980/The Wrestler/The Wrestler - 1980 - February.pdf,,,
2026-04-26T19:13:14,the-rings-wrestling-1979-01-c,The Ring's Wrestling,1979,1,downloaded,/Users/jschairb-gwp/Library/CloudStorage/GoogleDrive-josh@greatwesternproductions.com/My Drive/BACKGROUND_RESEARCH/Magazines/1970s/1979/The Ring's Wrestling/The Ring's Wrestling - 1979 - January.pdf,https://ia801608.us.archive.org/9/items/the-rings-wrestling-1979-01-c/The%20Ring%27s%20Wrestling%2C%201979-01%20%28C%29.pdf,14253689,
2026-04-26T19:13:15,7-srw-jul-1983,Sports Review Wrestling,1983,7,downloaded,/Users/jschairb-gwp/Library/CloudStorage/GoogleDrive-josh@greatwesternproductions.com/My Drive/BACKGROUND_RESEARCH/Magazines/1980s/1983/Sports Review Wrestling/Sports Review Wrestling - 1983 - July.pdf,https://ia801408.us.archive.org/27/items/7-srw-jul-1983/7%20SRW%20Jul%201983.pdf,11989994,
2026-04-26T19:13:18,wrestling-eye-1987-05-rock-roll-express-c,Wrestling Eye,1987,5,downloaded,/Users/jschairb-gwp/Library/CloudStorage/GoogleDrive-josh@greatwesternproductions.com/My Drive/BACKGROUND_RESEARCH/Magazines/1980s/1987/Wrestling Eye/Wrestling Eye - 1987 - May.pdf,https://ia601408.us.archive.org/9/items/wrestling-eye-1987-05-rock-roll-express-c/Wrestling%20Eye%2C%201987-05%20%28Rock%20%26%20Roll%20Express%29%20%28C%29.pdf,20106219,
2026-04-26T19:13:21,inside-wrestling-1981-07-hogan-vs-backlund-c,Inside Wrestling,1981,7,downloaded,/Users/jschairb-gwp/Library/CloudStorage/GoogleDrive-josh@greatwesternproductions.com/My Drive/BACKGROUND_RESEARCH/Magazines/1980s/1981/Inside Wrestling/Inside Wrestling - 1981 - July.pdf,https://ia601403.us.archive.org/5/items/inside-wrestling-1981-07-hogan-vs-backlund-c/Inside%20Wrestling%2C%201981-07%20%28Hogan%20vs%20Backlund%29%20%28C%29.pdf,14137097,
2026-04-26T19:13:23,inside-wrestling-1982-08-andre-backlund-mulligan-c,Inside Wrestling,1982,8,downloaded,/Users/jschairb-gwp/Library/CloudStorage/GoogleDrive-josh@greatwesternproductions.com/My Drive/BACKGROUND_RESEARCH/Magazines/1980s/1982/Inside Wrestling/Inside Wrestling - 1982 - August.pdf,https://ia601407.us.archive.org/34/items/inside-wrestling-1982-08-andre-backlund-mulligan-c/Inside%20Wrestling%2C%201982-08%20%28Andre%2C%20Backlund%20%26%20Mulligan%29%20%28C%29.pdf,14293548,
2026-04-26T19:13:25,inside-wrestling-1985-11-c,Inside Wrestling,1985,11,downloaded,/Users/jschairb-gwp/Library/CloudStorage/GoogleDrive-josh@greatwesternproductions.com/My Drive/BACKGROUND_RESEARCH/Magazines/1980s/1985/Inside Wrestling/Inside Wrestling - 1985 - November.pdf,https://ia600300.us.archive.org/22/items/inside-wrestling-1985-11-c/Inside%20Wrestling%2C%201985-11%20%28C%29.pdf,13731587,
2026-04-26T19:13:25,inside-wrestling-1986-04-c,Inside Wrestling,1986,4,skip-exists,/Users/jschairb-gwp/Library/CloudStorage/GoogleDrive-josh@greatwesternproductions.com/My Drive/BACKGROUND_RESEARCH/Magazines/1980s/1986/Inside Wrestling/Inside Wrestling - 1986 - April.pdf,,,
2026-04-26T19:13:27,inside-wrestling-1988-06-c,Inside Wrestling,1988,6,downloaded,/Users/jschairb-gwp/Library/CloudStorage/GoogleDrive-josh@greatwesternproductions.com/My Drive/BACKGROUND_RESEARCH/Magazines/1980s/1988/Inside Wrestling/Inside Wrestling - 1988 - June.pdf,https://ia800109.us.archive.org/6/items/inside-wrestling-1988-06-c/Inside%20Wrestling%2C%201988-06%20%28C%29.pdf,13717639,
2026-04-26T19:13:29,inside-wrestling-1988-09-c,Inside Wrestling,1988,9,downloaded,/Users/jschairb-gwp/Library/CloudStorage/GoogleDrive-josh@greatwesternproductions.com/My Drive/BACKGROUND_RESEARCH/Magazines/1980s/1988/Inside Wrestling/Inside Wrestling - 1988 - September.pdf,https://ia800705.us.archive.org/11/items/inside-wrestling-1988-09-c/Inside%20Wrestling%2C%201988-09%20%28C%29.pdf,14777409,
2026-04-26T19:13:32,inside-wrestling-1978-02-andre-flair-dusty-c,Inside Wrestling,1978,2,downloaded,/Users/jschairb-gwp/Library/CloudStorage/GoogleDrive-josh@greatwesternproductions.com/My Drive/BACKGROUND_RESEARCH/Magazines/1970s/1978/Inside Wrestling/Inside Wrestling - 1978 - February.pdf,https://ia601402.us.archive.org/25/items/inside-wrestling-1978-02-andre-flair-dusty-c/Inside%20Wrestling%2C%201978-02%20%28Andre%2C%20Flair%20%26%20Dusty%29%20%28C%29.pdf,14079212,
2026-04-26T19:13:34,inside-wrestling-1989-05-c,Inside Wrestling,1989,5,downloaded,/Users/jschairb-gwp/Library/CloudStorage/GoogleDrive-josh@greatwesternproductions.com/My Drive/BACKGROUND_RESEARCH/Magazines/1980s/1989/Inside Wrestling/Inside Wrestling - 1989 - May.pdf,https://ia803101.us.archive.org/18/items/inside-wrestling-1989-05-c/Inside%20Wrestling%2C%201989-05%20%28C%29.pdf,13285291,
2026-04-26T19:13:47,sports-review-wrestling-1986-09-c,Sports Review Wrestling,1986,9,downloaded,/Users/jschairb-gwp/Library/CloudStorage/GoogleDrive-josh@greatwesternproductions.com/My Drive/BACKGROUND_RESEARCH/Magazines/1980s/1986/Sports Review Wrestling/Sports Review Wrestling - 1986 - September.pdf,https://ia601509.us.archive.org/22/items/sports-review-wrestling-1986-09-c/Sports%20Review%20Wrestling%2C%201986-09%20%28C%29.pdf,13762517,
2026-04-26T19:13:52,20231002_20231002_1725,Wrestling Revue,1962,2,downloaded,/Users/jschairb-gwp/Library/CloudStorage/GoogleDrive-josh@greatwesternproductions.com/My Drive/BACKGROUND_RESEARCH/Magazines/1960s/1962/Wrestling Revue/Wrestling Revue - 1962 - February.pdf,https://ia800504.us.archive.org/2/items/20231002_20231002_1725/Wrestling%20Revue%201962%2002.pdf,56917311,
2026-04-26T19:13:52,sports-review-wrestling-1983-07-c,Sports Review Wrestling,1983,7,skip-exists,/Users/jschairb-gwp/Library/CloudStorage/GoogleDrive-josh@greatwesternproductions.com/My Drive/BACKGROUND_RESEARCH/Magazines/1980s/1983/Sports Review Wrestling/Sports Review Wrestling - 1983 - July.pdf,,,
2026-04-26T19:13:54,7-wrestler-jul-1984,The Wrestler,1984,7,downloaded,/Users/jschairb-gwp/Library/CloudStorage/GoogleDrive-josh@greatwesternproductions.com/My Drive/BACKGROUND_RESEARCH/Magazines/1980s/1984/The Wrestler/The Wrestler - 1984 - July.pdf,https://ia800408.us.archive.org/31/items/7-wrestler-jul-1984/7%20Wrestler%20Jul%201984.pdf,7474363,
2026-04-26T19:13:58,5-srw-may-1980,Sports Review Wrestling,1980,5,downloaded,/Users/jschairb-gwp/Library/CloudStorage/GoogleDrive-josh@greatwesternproductions.com/My Drive/BACKGROUND_RESEARCH/Magazines/1980s/1980/Sports Review Wrestling/Sports Review Wrestling - 1980 - May.pdf,https://ia601408.us.archive.org/13/items/5-srw-may-1980/5%20SRW%20May%201980.pdf,41380251,
2026-04-26T19:13:59,pro-wrestling-illustrated-1983-08-roddy-piper-incomplete-c,Pro Wrestling Illustrated,1983,8,downloaded,/Users/jschairb-gwp/Library/CloudStorage/GoogleDrive-josh@greatwesternproductions.com/My Drive/BACKGROUND_RESEARCH/Magazines/1980s/1983/Pro Wrestling Illustrated/Pro Wrestling Illustrated - 1983 - August.pdf,https://ia800500.us.archive.org/4/items/pro-wrestling-illustrated-1983-08-roddy-piper-incomplete-c/Pro%20Wrestling%20Illustrated%2C%201983-08%20%28Roddy%20Piper%29%20-%20%23%23Incomplete%23%23%20%28C%29.pdf,16622158,
2026-04-26T19:14:02,ringside-1985-03-12-c,Ringside Wrestling,1985,3,downloaded,/Users/jschairb-gwp/Library/CloudStorage/GoogleDrive-josh@greatwesternproductions.com/My Drive/BACKGROUND_RESEARCH/Magazines/1980s/1985/Ringside Wrestling/Ringside Wrestling - 1985 - March.pdf,https://ia800501.us.archive.org/1/items/ringside-1985-03-12-c/Ringside%2C%201985-03%20%28%2312%29%20%28C%29.pdf,19591191,
2026-04-26T19:14:06,inside-wrestling-1976-01-andre-the-giant-c,Inside Wrestling,1976,1,downloaded,/Users/jschairb-gwp/Library/CloudStorage/GoogleDrive-josh@greatwesternproductions.com/My Drive/BACKGROUND_RESEARCH/Magazines/1970s/1976/Inside Wrestling/Inside Wrestling - 1976 - January.pdf,https://ia801501.us.archive.org/21/items/inside-wrestling-1976-01-andre-the-giant-c/Inside%20Wrestling%2C%201976-01%20%28Andre%20the%20Giant%29%20%28C%29.pdf,13922108,
2026-04-26T19:14:07,inside-wrestling-1976-08-c,Inside Wrestling,1976,8,downloaded,/Users/jschairb-gwp/Library/CloudStorage/GoogleDrive-josh@greatwesternproductions.com/My Drive/BACKGROUND_RESEARCH/Magazines/1970s/1976/Inside Wrestling/Inside Wrestling - 1976 - August.pdf,https://ia800101.us.archive.org/20/items/inside-wrestling-1976-08-c/Inside%20Wrestling%2C%201976-08%20%28C%29.pdf,14441731,
2026-04-26T19:14:09,inside-wrestling-1976-11-mil-mascaras-b,Inside Wrestling,1976,11,downloaded,/Users/jschairb-gwp/Library/CloudStorage/GoogleDrive-josh@greatwesternproductions.com/My Drive/BACKGROUND_RESEARCH/Magazines/1970s/1976/Inside Wrestling/Inside Wrestling - 1976 - November.pdf,https://ia800904.us.archive.org/22/items/inside-wrestling-1976-11-mil-mascaras-b/Inside%20Wrestling%2C%201976-11%20%28Mil%20Mascaras%29%20%28B%29.pdf,18042767,
2026-04-26T19:14:11,inside-wrestling-1978-11-dusty-flair-slater-steamboat-b,Inside Wrestling,1978,11,downloaded,/Users/jschairb-gwp/Library/CloudStorage/GoogleDrive-josh@greatwesternproductions.com/My Drive/BACKGROUND_RESEARCH/Magazines/1970s/1978/Inside Wrestling/Inside Wrestling - 1978 - November.pdf,https://ia600409.us.archive.org/15/items/inside-wrestling-1978-11-dusty-flair-slater-steamboat-b/Inside%20Wrestling%2C%201978-11%20%28Dusty%2C%20Flair%2C%20Slater%20%26%20Steamboat%29%20%28B%29.pdf,13943486,
2026-04-26T19:14:11,inside-wrestling-1979-03-race-mulligan-superstar-ladd-c,Inside Wrestling,1979,3,skip-exists,/Users/jschairb-gwp/Library/CloudStorage/GoogleDrive-josh@greatwesternproductions.com/My Drive/BACKGROUND_RESEARCH/Magazines/1970s/1979/Inside Wrestling/Inside Wrestling - 1979 - March.pdf,,,
2026-04-26T19:14:11,inside-wrestling-1981-12-andre-ernie-ladd-c,Inside Wrestling,1981,12,skip-exists,/Users/jschairb-gwp/Library/CloudStorage/GoogleDrive-josh@greatwesternproductions.com/My Drive/BACKGROUND_RESEARCH/Magazines/1980s/1981/Inside Wrestling/Inside Wrestling - 1981 - December.pdf,,,
2026-04-26T19:14:14,inside-wrestling-1984-11-c,Inside Wrestling,1984,11,downloaded,/Users/jschairb-gwp/Library/CloudStorage/GoogleDrive-josh@greatwesternproductions.com/My Drive/BACKGROUND_RESEARCH/Magazines/1980s/1984/Inside Wrestling/Inside Wrestling - 1984 - November.pdf,https://ia800602.us.archive.org/0/items/inside-wrestling-1984-11-c/Inside%20Wrestling%2C%201984-11%20%28C%29.pdf,15057590,
2026-04-26T19:14:16,inside-wrestling-1986-11-road-warriors-c,Inside Wrestling,1986,11,downloaded,/Users/jschairb-gwp/Library/CloudStorage/GoogleDrive-josh@greatwesternproductions.com/My Drive/BACKGROUND_RESEARCH/Magazines/1980s/1986/Inside Wrestling/Inside Wrestling - 1986 - November.pdf,https://ia600700.us.archive.org/7/items/inside-wrestling-1986-11-road-warriors-c/Inside%20Wrestling%2C%201986-11%20%28Road%20Warriors%29%20%28C%29.pdf,14032842,
2026-04-26T19:14:18,inside-wrestling-1987-04-steamboat-barry-windham-c,Inside Wrestling,1987,4,downloaded,/Users/jschairb-gwp/Library/CloudStorage/GoogleDrive-josh@greatwesternproductions.com/My Drive/BACKGROUND_RESEARCH/Magazines/1980s/1987/Inside Wrestling/Inside Wrestling - 1987 - April.pdf,https://ia801506.us.archive.org/1/items/inside-wrestling-1987-04-steamboat-barry-windham-c/Inside%20Wrestling%2C%201987-04%20%28Steamboat%2C%20Barry%20Windham%29%20%28C%29.pdf,13989015,
2026-04-26T19:14:20,inside-wrestling-1987-12-c,Inside Wrestling,1987,12,downloaded,/Users/jschairb-gwp/Library/CloudStorage/GoogleDrive-josh@greatwesternproductions.com/My Drive/BACKGROUND_RESEARCH/Magazines/1980s/1987/Inside Wrestling/Inside Wrestling - 1987 - December.pdf,https://ia601501.us.archive.org/33/items/inside-wrestling-1987-12-c/Inside%20Wrestling%2C%201987-12%20%28C%29.pdf,14133167,
2026-04-26T19:14:21,ringside-wrestling-1986-03-18-c,Ringside Wrestling,1986,3,downloaded,/Users/jschairb-gwp/Library/CloudStorage/GoogleDrive-josh@greatwesternproductions.com/My Drive/BACKGROUND_RESEARCH/Magazines/1980s/1986/Ringside Wrestling/Ringside Wrestling - 1986 - March.pdf,https://ia902804.us.archive.org/24/items/ringside-wrestling-1986-03-18-c/Ringside%20Wrestling%2C%201986-03%20%28%2318%29%20%28C%29.pdf,17667782,
2026-04-26T19:14:24,sports-review-wrestling-1978-07-c_202402,Sports Review Wrestling,1978,7,downloaded,/Users/jschairb-gwp/Library/CloudStorage/GoogleDrive-josh@greatwesternproductions.com/My Drive/BACKGROUND_RESEARCH/Magazines/1970s/1978/Sports Review Wrestling/Sports Review Wrestling - 1978 - July.pdf,https://ia800806.us.archive.org/16/items/sports-review-wrestling-1978-07-c_202402/Sports%20Review%20Wrestling%2C%201978-07%20%28C%29.pdf,13082716,
2026-04-26T19:14:27,sports-review-wrestling-1979-08-bruno-c,Sports Review Wrestling,1979,8,downloaded,/Users/jschairb-gwp/Library/CloudStorage/GoogleDrive-josh@greatwesternproductions.com/My Drive/BACKGROUND_RESEARCH/Magazines/1970s/1979/Sports Review Wrestling/Sports Review Wrestling - 1979 - August.pdf,https://ia801705.us.archive.org/13/items/sports-review-wrestling-1979-08-bruno-c/Sports%20Review%20Wrestling%2C%201979-08%20%28Bruno%29%20%28C%29.pdf,13782804,
2026-04-26T19:14:29,sports-review-wrestling-1982-07-c,Sports Review Wrestling,1982,7,downloaded,/Users/jschairb-gwp/Library/CloudStorage/GoogleDrive-josh@greatwesternproductions.com/My Drive/BACKGROUND_RESEARCH/Magazines/1980s/1982/Sports Review Wrestling/Sports Review Wrestling - 1982 - July.pdf,https://ia600100.us.archive.org/22/items/sports-review-wrestling-1982-07-c/Sports%20Review%20Wrestling%2C%201982-07%20%28C%29.pdf,13209899,
2026-04-26T19:14:31,sports-review-wrestling-1986-05-c,Sports Review Wrestling,1986,5,downloaded,/Users/jschairb-gwp/Library/CloudStorage/GoogleDrive-josh@greatwesternproductions.com/My Drive/BACKGROUND_RESEARCH/Magazines/1980s/1986/Sports Review Wrestling/Sports Review Wrestling - 1986 - May.pdf,https://ia903105.us.archive.org/32/items/sports-review-wrestling-1986-05-c/Sports%20Review%20Wrestling%2C%201986-05%20%28C%29.pdf,13675916,
2026-04-26T19:14:32,pro-wrestling-illustrated-1983-09-bruno-c,Pro Wrestling Illustrated,1983,9,downloaded,/Users/jschairb-gwp/Library/CloudStorage/GoogleDrive-josh@greatwesternproductions.com/My Drive/BACKGROUND_RESEARCH/Magazines/1980s/1983/Pro Wrestling Illustrated/Pro Wrestling Illustrated - 1983 - September.pdf,https://ia801509.us.archive.org/16/items/pro-wrestling-illustrated-1983-09-bruno-c/Pro%20Wrestling%20Illustrated%2C%201983-09%20%28Bruno%29%20%28C%29.pdf,16165689,
2026-04-26T19:14:34,inside-wrestling-1988-05-c,Inside Wrestling,1988,5,downloaded,/Users/jschairb-gwp/Library/CloudStorage/GoogleDrive-josh@greatwesternproductions.com/My Drive/BACKGROUND_RESEARCH/Magazines/1980s/1988/Inside Wrestling/Inside Wrestling - 1988 - May.pdf,https://ia600401.us.archive.org/2/items/inside-wrestling-1988-05-c/Inside%20Wrestling%2C%201988-05%20%28C%29.pdf,13678084,
2026-04-26T19:14:36,pro-wrestling-illustrated-1983-06-rick-martel-c,Pro Wrestling Illustrated,1983,6,downloaded,/Users/jschairb-gwp/Library/CloudStorage/GoogleDrive-josh@greatwesternproductions.com/My Drive/BACKGROUND_RESEARCH/Magazines/1980s/1983/Pro Wrestling Illustrated/Pro Wrestling Illustrated - 1983 - June.pdf,https://ia801503.us.archive.org/9/items/pro-wrestling-illustrated-1983-06-rick-martel-c/Pro%20Wrestling%20Illustrated%2C%201983-06%20%28Rick%20Martel%29%20%28C%29.pdf,15094822,
2026-04-26T19:14:38,the-wrestler-1985-04-c,The Wrestler,1985,4,downloaded,/Users/jschairb-gwp/Library/CloudStorage/GoogleDrive-josh@greatwesternproductions.com/My Drive/BACKGROUND_RESEARCH/Magazines/1980s/1985/The Wrestler/The Wrestler - 1985 - April.pdf,https://ia600308.us.archive.org/6/items/the-wrestler-1985-04-c/The%20Wrestler%2C%201985-04%20%28C%29.pdf,13582964,
2026-04-26T19:14:40,the-wrestler-1989-03-c,The Wrestler,1989,3,downloaded,/Users/jschairb-gwp/Library/CloudStorage/GoogleDrive-josh@greatwesternproductions.com/My Drive/BACKGROUND_RESEARCH/Magazines/1980s/1989/The Wrestler/The Wrestler - 1989 - March.pdf,https://ia903205.us.archive.org/32/items/the-wrestler-1989-03-c/The%20Wrestler%2C%201989-03%20%28C%29.pdf,13499205,
2026-04-26T19:14:42,inside-wrestling-1987-02-hogan-piper-orndorff-c,Inside Wrestling,1987,2,downloaded,/Users/jschairb-gwp/Library/CloudStorage/GoogleDrive-josh@greatwesternproductions.com/My Drive/BACKGROUND_RESEARCH/Magazines/1980s/1987/Inside Wrestling/Inside Wrestling - 1987 - February.pdf,https://ia600802.us.archive.org/10/items/inside-wrestling-1987-02-hogan-piper-orndorff-c/Inside%20Wrestling%2C%201987-02%20%28Hogan%2C%20Piper%2C%20Orndorff%29%20%28C%29.pdf,14126413,
2026-04-26T19:14:46,official-wrestling-annual-1975-06,Official Wrestling,1975,6,downloaded,/Users/jschairb-gwp/Library/CloudStorage/GoogleDrive-josh@greatwesternproductions.com/My Drive/BACKGROUND_RESEARCH/Magazines/1970s/1975/Official Wrestling/Official Wrestling - 1975 - June.pdf,https://ia601604.us.archive.org/15/items/official-wrestling-annual-1975-06/Official%20Wrestling%20Annual%2C%201975-06.pdf,25595901,
2026-04-26T19:14:48,inside-wrestling-1977-09-c,Inside Wrestling,1977,9,downloaded,/Users/jschairb-gwp/Library/CloudStorage/GoogleDrive-josh@greatwesternproductions.com/My Drive/BACKGROUND_RESEARCH/Magazines/1970s/1977/Inside Wrestling/Inside Wrestling - 1977 - September.pdf,https://ia800505.us.archive.org/33/items/inside-wrestling-1977-09-c/Inside%20Wrestling%2C%201977-09%20%28C%29.pdf,14864541,
2026-04-26T19:14:51,inside-wrestling-1978-08-backlund-superstar-graham-dusty-andre-c,Inside Wrestling,1978,8,downloaded,/Users/jschairb-gwp/Library/CloudStorage/GoogleDrive-josh@greatwesternproductions.com/My Drive/BACKGROUND_RESEARCH/Magazines/1970s/1978/Inside Wrestling/Inside Wrestling - 1978 - August.pdf,https://ia601408.us.archive.org/23/items/inside-wrestling-1978-08-backlund-superstar-graham-dusty-andre-c/Inside%20Wrestling%2C%201978-08%20%28Backlund%2C%20Superstar%20Graham%2C%20Dusty%2C%20Andre%29%20%28C%29.pdf,14006066,
2026-04-26T19:14:56,inside-wrestling-1982-12-andre-vs-mulligan-c,Inside Wrestling,1982,12,downloaded,/Users/jschairb-gwp/Library/CloudStorage/GoogleDrive-josh@greatwesternproductions.com/My Drive/BACKGROUND_RESEARCH/Magazines/1980s/1982/Inside Wrestling/Inside Wrestling - 1982 - December.pdf,https://ia601508.us.archive.org/33/items/inside-wrestling-1982-12-andre-vs-mulligan-c/Inside%20Wrestling%2C%201982-12%20%28Andre%20vs%20Mulligan%29%20%28C%29.pdf,13823994,
2026-04-26T19:14:58,inside-wrestling-1984-01-david-von-erich-b,Inside Wrestling,1984,1,downloaded,/Users/jschairb-gwp/Library/CloudStorage/GoogleDrive-josh@greatwesternproductions.com/My Drive/BACKGROUND_RESEARCH/Magazines/1980s/1984/Inside Wrestling/Inside Wrestling - 1984 - January.pdf,https://ia601409.us.archive.org/12/items/inside-wrestling-1984-01-david-von-erich-b/Inside%20Wrestling%2C%201984-01%20%28David%20Von%20Erich%29%20%28B%29.pdf,18289313,
2026-04-26T19:15:00,inside-wrestling-1984-08-jimmy-valiant-jyd,Inside Wrestling,1984,8,downloaded,/Users/jschairb-gwp/Library/CloudStorage/GoogleDrive-josh@greatwesternproductions.com/My Drive/BACKGROUND_RESEARCH/Magazines/1980s/1984/Inside Wrestling/Inside Wrestling - 1984 - August.pdf,https://ia801709.us.archive.org/17/items/inside-wrestling-1984-08-jimmy-valiant-jyd/Inside%20Wrestling%2C%201984-08%20%28Jimmy%20Valiant%20%26%20JYD%29.pdf,20687179,
2026-04-26T19:15:02,sports-review-wrestling-1988-05-c,Sports Review Wrestling,1988,5,downloaded,/Users/jschairb-gwp/Library/CloudStorage/GoogleDrive-josh@greatwesternproductions.com/My Drive/BACKGROUND_RESEARCH/Magazines/1980s/1988/Sports Review Wrestling/Sports Review Wrestling - 1988 - May.pdf,https://ia800305.us.archive.org/13/items/sports-review-wrestling-1988-05-c/Sports%20Review%20Wrestling%2C%201988-05%20%28C%29.pdf,13749437,
2026-04-26T19:15:03,the-wrestler-1983-01-ivan-putski-c,The Wrestler,1983,1,downloaded,/Users/jschairb-gwp/Library/CloudStorage/GoogleDrive-josh@greatwesternproductions.com/My Drive/BACKGROUND_RESEARCH/Magazines/1980s/1983/The Wrestler/The Wrestler - 1983 - January.pdf,https://ia801400.us.archive.org/11/items/the-wrestler-1983-01-ivan-putski-c/The%20Wrestler%2C%201983-01%20%28Ivan%20Putski%29%20%28C%29.pdf,13833012,
2026-04-26T19:15:05,the-wrestler-1985-02-c,The Wrestler,1985,2,downloaded,/Users/jschairb-gwp/Library/CloudStorage/GoogleDrive-josh@greatwesternproductions.com/My Drive/BACKGROUND_RESEARCH/Magazines/1980s/1985/The Wrestler/The Wrestler - 1985 - February.pdf,https://ia801702.us.archive.org/4/items/the-wrestler-1985-02-c/The%20Wrestler%2C%201985-02%20%28C%29.pdf,13754119,
2026-04-26T19:15:07,the-wrestler-1986-09-c,The Wrestler,1986,9,downloaded,/Users/jschairb-gwp/Library/CloudStorage/GoogleDrive-josh@greatwesternproductions.com/My Drive/BACKGROUND_RESEARCH/Magazines/1980s/1986/The Wrestler/The Wrestler - 1986 - September.pdf,https://ia800302.us.archive.org/30/items/the-wrestler-1986-09-c/The%20Wrestler%2C%201986-09%20%28C%29.pdf,13738222,
2026-04-26T19:15:09,the-wrestler-1988-03-c,The Wrestler,1988,3,downloaded,/Users/jschairb-gwp/Library/CloudStorage/GoogleDrive-josh@greatwesternproductions.com/My Drive/BACKGROUND_RESEARCH/Magazines/1980s/1988/The Wrestler/The Wrestler - 1988 - March.pdf,https://ia800508.us.archive.org/1/items/the-wrestler-1988-03-c/The%20Wrestler%2C%201988-03%20%28C%29.pdf,13935574,
2026-04-26T19:15:11,the-wrestler-1972-08,The Wrestler,1972,8,downloaded,/Users/jschairb-gwp/Library/CloudStorage/GoogleDrive-josh@greatwesternproductions.com/My Drive/BACKGROUND_RESEARCH/Magazines/1970s/1972/The Wrestler/The Wrestler - 1972 - August.pdf,https://ia801700.us.archive.org/11/items/the-wrestler-1972-08/The%20Wrestler%2C%201972-08.pdf,22391375,
2026-04-26T19:15:13,inside-wrestling-1978-07-backlund-dusty-andre-mil-c,Inside Wrestling,1978,7,downloaded,/Users/jschairb-gwp/Library/CloudStorage/GoogleDrive-josh@greatwesternproductions.com/My Drive/BACKGROUND_RESEARCH/Magazines/1970s/1978/Inside Wrestling/Inside Wrestling - 1978 - July.pdf,https://ia601400.us.archive.org/22/items/inside-wrestling-1978-07-backlund-dusty-andre-mil-c/Inside%20Wrestling%2C%201978-07%20%28Backlund%2C%20Dusty%2C%20Andre%2C%20Mil%29%20%28C%29.pdf,14071048,
2026-04-26T19:15:14,inside-wrestling-v-02n-03-1969-05.-jalart-d-vs-m,Inside Wrestling,1969,5,downloaded,/Users/jschairb-gwp/Library/CloudStorage/GoogleDrive-josh@greatwesternproductions.com/My Drive/BACKGROUND_RESEARCH/Magazines/1960s/1969/Inside Wrestling/Inside Wrestling - 1969 - May.pdf,https://ia801004.us.archive.org/2/items/inside-wrestling-v-02n-03-1969-05.-jalart-d-vs-m/Inside%20Wrestling%20v02n03%20%281969-05.Jalart%29%28D%20vs%20M%29.pdf,5203120,
2026-04-26T19:15:17,inside-wrestling-1975-09-mil-mascaras-c,Inside Wrestling,1975,9,downloaded,/Users/jschairb-gwp/Library/CloudStorage/GoogleDrive-josh@greatwesternproductions.com/My Drive/BACKGROUND_RESEARCH/Magazines/1970s/1975/Inside Wrestling/Inside Wrestling - 1975 - September.pdf,https://ia801504.us.archive.org/13/items/inside-wrestling-1975-09-mil-mascaras-c/Inside%20Wrestling%2C%201975-09%20%28Mil%20Mascaras%29%20%28C%29.pdf,13907010,
2026-04-26T19:15:25,the-big-book-of-wrestling-1972-07,Big Book of Wrestling,1972,7,downloaded,/Users/jschairb-gwp/Library/CloudStorage/GoogleDrive-josh@greatwesternproductions.com/My Drive/BACKGROUND_RESEARCH/Magazines/1970s/1972/Big Book of Wrestling/Big Book of Wrestling - 1972 - July.pdf,https://ia800300.us.archive.org/35/items/the-big-book-of-wrestling-1972-07/The%20Big%20Book%20Of%20Wrestling%201972%2007.pdf,123407007,
2026-04-26T19:15:26,sports-review-wrestling-1982-08-c,Sports Review Wrestling,1982,8,downloaded,/Users/jschairb-gwp/Library/CloudStorage/GoogleDrive-josh@greatwesternproductions.com/My Drive/BACKGROUND_RESEARCH/Magazines/1980s/1982/Sports Review Wrestling/Sports Review Wrestling - 1982 - August.pdf,https://ia600101.us.archive.org/1/items/sports-review-wrestling-1982-08-c/Sports%20Review%20Wrestling%2C%201982-08%20%28C%29.pdf,13240118,
2026-04-26T19:15:28,pro-wrestling-illustrated-1986-07-rock-n-roll-express-c,Pro Wrestling Illustrated,1986,7,downloaded,/Users/jschairb-gwp/Library/CloudStorage/GoogleDrive-josh@greatwesternproductions.com/My Drive/BACKGROUND_RESEARCH/Magazines/1980s/1986/Pro Wrestling Illustrated/Pro Wrestling Illustrated - 1986 - July.pdf,https://ia801402.us.archive.org/35/items/pro-wrestling-illustrated-1986-07-rock-n-roll-express-c/Pro%20Wrestling%20Illustrated%2C%201986-07%20%28Rock%20N%20Roll%20Express%29%20%28C%29.pdf,15644997,
2026-04-26T19:15:30,sports-review-wrestling-1975-11-c,Sports Review Wrestling,1975,11,downloaded,/Users/jschairb-gwp/Library/CloudStorage/GoogleDrive-josh@greatwesternproductions.com/My Drive/BACKGROUND_RESEARCH/Magazines/1970s/1975/Sports Review Wrestling/Sports Review Wrestling - 1975 - November.pdf,https://ia600706.us.archive.org/22/items/sports-review-wrestling-1975-11-c/Sports%20Review%20Wrestling%2C%201975-11%20%28C%29.pdf,13966653,
2026-04-26T19:15:32,sports-review-wrestling-1985-02-c,Sports Review Wrestling,1985,2,downloaded,/Users/jschairb-gwp/Library/CloudStorage/GoogleDrive-josh@greatwesternproductions.com/My Drive/BACKGROUND_RESEARCH/Magazines/1980s/1985/Sports Review Wrestling/Sports Review Wrestling - 1985 - February.pdf,https://ia800808.us.archive.org/30/items/sports-review-wrestling-1985-02-c/Sports%20Review%20Wrestling%2C%201985-02%20%28C%29.pdf,13680476,
2026-04-26T19:15:36,the-wrestler-1972-06,The Wrestler,1972,6,downloaded,/Users/jschairb-gwp/Library/CloudStorage/GoogleDrive-josh@greatwesternproductions.com/My Drive/BACKGROUND_RESEARCH/Magazines/1970s/1972/The Wrestler/The Wrestler - 1972 - June.pdf,https://ia600902.us.archive.org/7/items/the-wrestler-1972-06/The%20Wrestler%2C%201972-06.pdf,21280046,
2026-04-26T19:15:39,the-wrestler-1975-09-valiants-bulldog-brower-b,The Wrestler,1975,9,downloaded,/Users/jschairb-gwp/Library/CloudStorage/GoogleDrive-josh@greatwesternproductions.com/My Drive/BACKGROUND_RESEARCH/Magazines/1970s/1975/The Wrestler/The Wrestler - 1975 - September.pdf,https://ia600902.us.archive.org/7/items/the-wrestler-1975-09-valiants-bulldog-brower-b/The%20Wrestler%2C%201975-09%20%28Valiants%2C%20Bulldog%20Brower%29%20%28B%29.pdf,13739836,
2026-04-26T19:15:39,the-wrestler-1980-03,The Wrestler,1980,3,skip-exists,/Users/jschairb-gwp/Library/CloudStorage/GoogleDrive-josh@greatwesternproductions.com/My Drive/BACKGROUND_RESEARCH/Magazines/1980s/1980/The Wrestler/The Wrestler - 1980 - March.pdf,,,
2026-04-26T19:15:44,the-wrestler-1980-12-race-rhodes-b,The Wrestler,1980,12,downloaded,/Users/jschairb-gwp/Library/CloudStorage/GoogleDrive-josh@greatwesternproductions.com/My Drive/BACKGROUND_RESEARCH/Magazines/1980s/1980/The Wrestler/The Wrestler - 1980 - December.pdf,https://ia801708.us.archive.org/3/items/the-wrestler-1980-12-race-rhodes-b/The%20Wrestler%2C%201980-12%20%28Race%20%26%20Rhodes%29%20%28B%29.pdf,18031811,
2026-04-26T19:15:46,the-wrestler-1984-05-c,The Wrestler,1984,5,downloaded,/Users/jschairb-gwp/Library/CloudStorage/GoogleDrive-josh@greatwesternproductions.com/My Drive/BACKGROUND_RESEARCH/Magazines/1980s/1984/The Wrestler/The Wrestler - 1984 - May.pdf,https://ia800807.us.archive.org/22/items/the-wrestler-1984-05-c/The%20Wrestler%2C%201984-05%20%28C%29.pdf,13425318,
2026-04-26T19:15:48,the-wrestler-1984-12-c,The Wrestler,1984,12,downloaded,/Users/jschairb-gwp/Library/CloudStorage/GoogleDrive-josh@greatwesternproductions.com/My Drive/BACKGROUND_RESEARCH/Magazines/1980s/1984/The Wrestler/The Wrestler - 1984 - December.pdf,https://ia600706.us.archive.org/7/items/the-wrestler-1984-12-c/The%20Wrestler%2C%201984-12%20%28C%29.pdf,13523295,
2026-04-26T19:15:50,the-wrestler-1985-08-c,The Wrestler,1985,8,downloaded,/Users/jschairb-gwp/Library/CloudStorage/GoogleDrive-josh@greatwesternproductions.com/My Drive/BACKGROUND_RESEARCH/Magazines/1980s/1985/The Wrestler/The Wrestler - 1985 - August.pdf,https://ia600807.us.archive.org/20/items/the-wrestler-1985-08-c/The%20Wrestler%2C%201985-08%20%28C%29.pdf,14973202,
2026-04-26T19:15:50,sports-review-wrestling-1978-07-c,Sports Review Wrestling,1978,7,skip-exists,/Users/jschairb-gwp/Library/CloudStorage/GoogleDrive-josh@greatwesternproductions.com/My Drive/BACKGROUND_RESEARCH/Magazines/1970s/1978/Sports Review Wrestling/Sports Review Wrestling - 1978 - July.pdf,,,
2026-04-26T19:15:55,the-wrestler-1989-11-c,The Wrestler,1989,11,downloaded,/Users/jschairb-gwp/Library/CloudStorage/GoogleDrive-josh@greatwesternproductions.com/My Drive/BACKGROUND_RESEARCH/Magazines/1980s/1989/The Wrestler/The Wrestler - 1989 - November.pdf,https://ia802909.us.archive.org/1/items/the-wrestler-1989-11-c/The%20Wrestler%2C%201989-11%20%28C%29.pdf,14054909,
2026-04-26T19:15:59,ringside-1983-09-c,Ringside Wrestling,1983,9,downloaded,/Users/jschairb-gwp/Library/CloudStorage/GoogleDrive-josh@greatwesternproductions.com/My Drive/BACKGROUND_RESEARCH/Magazines/1980s/1983/Ringside Wrestling/Ringside Wrestling - 1983 - September.pdf,https://ia600504.us.archive.org/18/items/ringside-1983-09-c/Ringside%2C%201983-09%20%28C%29.pdf,22564733,
2026-04-26T19:16:02,sports-review-wrestling-1984-10-kevin-sullivan-c,Sports Review Wrestling,1984,10,downloaded,/Users/jschairb-gwp/Library/CloudStorage/GoogleDrive-josh@greatwesternproductions.com/My Drive/BACKGROUND_RESEARCH/Magazines/1980s/1984/Sports Review Wrestling/Sports Review Wrestling - 1984 - October.pdf,https://ia800509.us.archive.org/29/items/sports-review-wrestling-1984-10-kevin-sullivan-c/Sports%20Review%20Wrestling%2C%201984-10%20%28Kevin%20Sullivan%29%20%28C%29.pdf,13845890,
2026-04-26T19:18:04,sports-review-series-wrestling-superstars-1978-02-c,Wrestling Superstars,1978,2,error,/Users/jschairb-gwp/Library/CloudStorage/GoogleDrive-josh@greatwesternproductions.com/My Drive/BACKGROUND_RESEARCH/Magazines/1970s/1978/Wrestling Superstars/Wrestling Superstars - 1978 - February.pdf,,,"HTTPSConnectionPool(host='ia801205.us.archive.org', port=443): Read timed out."
2026-04-26T19:18:05,sports-review-wrestling-1979-01-c,Sports Review Wrestling,1979,1,downloaded,/Users/jschairb-gwp/Library/CloudStorage/GoogleDrive-josh@greatwesternproductions.com/My Drive/BACKGROUND_RESEARCH/Magazines/1970s/1979/Sports Review Wrestling/Sports Review Wrestling - 1979 - January.pdf,https://ia803200.us.archive.org/21/items/sports-review-wrestling-1979-01-c/Sports%20Review%20Wrestling%2C%201979-01%20%28C%29.pdf,13610873,
2026-04-26T19:18:07,sports-review-wrestling-1979-03-c,Sports Review Wrestling,1979,3,downloaded,/Users/jschairb-gwp/Library/CloudStorage/GoogleDrive-josh@greatwesternproductions.com/My Drive/BACKGROUND_RESEARCH/Magazines/1970s/1979/Sports Review Wrestling/Sports Review Wrestling - 1979 - March.pdf,https://ia801803.us.archive.org/9/items/sports-review-wrestling-1979-03-c/Sports%20Review%20Wrestling%2C%201979-03%20%28C%29.pdf,13756608,
2026-04-26T19:18:13,sports-review-wrestling-1980-06-superstar-graham-c,Sports Review Wrestling,1980,6,downloaded,/Users/jschairb-gwp/Library/CloudStorage/GoogleDrive-josh@greatwesternproductions.com/My Drive/BACKGROUND_RESEARCH/Magazines/1980s/1980/Sports Review Wrestling/Sports Review Wrestling - 1980 - June.pdf,https://ia801409.us.archive.org/33/items/sports-review-wrestling-1980-06-superstar-graham-c/Sports%20Review%20Wrestling%2C%201980-06%20%28Superstar%20Graham%29%20%28C%29.pdf,14125954,
2026-04-26T19:18:15,sports-review-wrestling-1983-12-c,Sports Review Wrestling,1983,12,downloaded,/Users/jschairb-gwp/Library/CloudStorage/GoogleDrive-josh@greatwesternproductions.com/My Drive/BACKGROUND_RESEARCH/Magazines/1980s/1983/Sports Review Wrestling/Sports Review Wrestling - 1983 - December.pdf,https://ia600505.us.archive.org/15/items/sports-review-wrestling-1983-12-c/Sports%20Review%20Wrestling%2C%201983-12%20%28C%29.pdf,13669581,
2026-04-26T19:18:17,sports-review-wrestling-1984-07-c,Sports Review Wrestling,1984,7,downloaded,/Users/jschairb-gwp/Library/CloudStorage/GoogleDrive-josh@greatwesternproductions.com/My Drive/BACKGROUND_RESEARCH/Magazines/1980s/1984/Sports Review Wrestling/Sports Review Wrestling - 1984 - July.pdf,https://ia801309.us.archive.org/19/items/sports-review-wrestling-1984-07-c/Sports%20Review%20Wrestling%2C%201984-07%20%28C%29.pdf,13495579,
2026-04-26T19:18:23,sports-review-wrestling-1988-06-c,Sports Review Wrestling,1988,6,downloaded,/Users/jschairb-gwp/Library/CloudStorage/GoogleDrive-josh@greatwesternproductions.com/My Drive/BACKGROUND_RESEARCH/Magazines/1980s/1988/Sports Review Wrestling/Sports Review Wrestling - 1988 - June.pdf,https://ia801203.us.archive.org/32/items/sports-review-wrestling-1988-06-c/Sports%20Review%20Wrestling%2C%201988-06%20%28C%29.pdf,13632957,
2026-04-26T19:18:25,sports-review-wrestling-1989-02-c,Sports Review Wrestling,1989,2,downloaded,/Users/jschairb-gwp/Library/CloudStorage/GoogleDrive-josh@greatwesternproductions.com/My Drive/BACKGROUND_RESEARCH/Magazines/1980s/1989/Sports Review Wrestling/Sports Review Wrestling - 1989 - February.pdf,https://ia800303.us.archive.org/12/items/sports-review-wrestling-1989-02-c/Sports%20Review%20Wrestling%2C%201989-02%20%28C%29.pdf,13254700,
2026-04-26T19:18:28,pro-wrestling-illustrated-1989-02-lex-lugar,Pro Wrestling Illustrated,1989,2,downloaded,/Users/jschairb-gwp/Library/CloudStorage/GoogleDrive-josh@greatwesternproductions.com/My Drive/BACKGROUND_RESEARCH/Magazines/1980s/1989/Pro Wrestling Illustrated/Pro Wrestling Illustrated - 1989 - February.pdf,https://ia801001.us.archive.org/29/items/pro-wrestling-illustrated-1989-02-lex-lugar/Pro%20Wrestling%20Illustrated%2C%201989-02%20%28Lex%20Lugar%29.pdf,16170438,
2026-04-26T19:18:29,the-wrestler-1976-05-bruno-superstar-graham-b,The Wrestler,1976,5,downloaded,/Users/jschairb-gwp/Library/CloudStorage/GoogleDrive-josh@greatwesternproductions.com/My Drive/BACKGROUND_RESEARCH/Magazines/1970s/1976/The Wrestler/The Wrestler - 1976 - May.pdf,https://ia600109.us.archive.org/14/items/the-wrestler-1976-05-bruno-superstar-graham-b/The%20Wrestler%2C%201976-05%20%28Bruno%20%26%20Superstar%20Graham%29%20%28B%29.pdf,14108607,
2026-04-26T19:18:33,pro-wrestling-illustrated-1985-07-c,Pro Wrestling Illustrated,1985,7,downloaded,/Users/jschairb-gwp/Library/CloudStorage/GoogleDrive-josh@greatwesternproductions.com/My Drive/BACKGROUND_RESEARCH/Magazines/1980s/1985/Pro Wrestling Illustrated/Pro Wrestling Illustrated - 1985 - July.pdf,https://ia601300.us.archive.org/5/items/pro-wrestling-illustrated-1985-07-c/Pro%20Wrestling%20Illustrated%2C%201985-07%20%28C%29.pdf,16493136,
2026-04-26T19:18:34,sports-review-wrestling-1988-11-c,Sports Review Wrestling,1988,11,downloaded,/Users/jschairb-gwp/Library/CloudStorage/GoogleDrive-josh@greatwesternproductions.com/My Drive/BACKGROUND_RESEARCH/Magazines/1980s/1988/Sports Review Wrestling/Sports Review Wrestling - 1988 - November.pdf,https://ia801307.us.archive.org/11/items/sports-review-wrestling-1988-11-c/Sports%20Review%20Wrestling%2C%201988-11%20%28C%29.pdf,13560511,
2026-04-26T19:18:36,sports-review-wrestling-1989-06-c,Sports Review Wrestling,1989,6,downloaded,/Users/jschairb-gwp/Library/CloudStorage/GoogleDrive-josh@greatwesternproductions.com/My Drive/BACKGROUND_RESEARCH/Magazines/1980s/1989/Sports Review Wrestling/Sports Review Wrestling - 1989 - June.pdf,https://ia600309.us.archive.org/9/items/sports-review-wrestling-1989-06-c/Sports%20Review%20Wrestling%2C%201989-06%20%28C%29.pdf,13509025,
2026-04-26T19:18:38,pro-wrestling-illustrated-1983-07-tommy-rich-c,Pro Wrestling Illustrated,1983,7,downloaded,/Users/jschairb-gwp/Library/CloudStorage/GoogleDrive-josh@greatwesternproductions.com/My Drive/BACKGROUND_RESEARCH/Magazines/1980s/1983/Pro Wrestling Illustrated/Pro Wrestling Illustrated - 1983 - July.pdf,https://ia801506.us.archive.org/1/items/pro-wrestling-illustrated-1983-07-tommy-rich-c/Pro%20Wrestling%20Illustrated%2C%201983-07%20%28Tommy%20Rich%29%20%28C%29.pdf,15514196,
2026-04-26T19:18:39,the-wrestler-1983-12-mil-mascaras-masked-superstar-c,The Wrestler,1983,12,downloaded,/Users/jschairb-gwp/Library/CloudStorage/GoogleDrive-josh@greatwesternproductions.com/My Drive/BACKGROUND_RESEARCH/Magazines/1980s/1983/The Wrestler/The Wrestler - 1983 - December.pdf,https://ia801404.us.archive.org/10/items/the-wrestler-1983-12-mil-mascaras-masked-superstar-c/The%20Wrestler%2C%201983-12%20%28Mil%20Mascaras%2C%20Masked%20Superstar%29%20%28C%29.pdf,13871518,
2026-04-26T19:18:39,the-wrestler-1984-07-c,The Wrestler,1984,7,skip-exists,/Users/jschairb-gwp/Library/CloudStorage/GoogleDrive-josh@greatwesternproductions.com/My Drive/BACKGROUND_RESEARCH/Magazines/1980s/1984/The Wrestler/The Wrestler - 1984 - July.pdf,,,
2026-04-26T19:18:42,the-wrestler-1984-11-billy-jack-haynes-c,The Wrestler,1984,11,downloaded,/Users/jschairb-gwp/Library/CloudStorage/GoogleDrive-josh@greatwesternproductions.com/My Drive/BACKGROUND_RESEARCH/Magazines/1980s/1984/The Wrestler/The Wrestler - 1984 - November.pdf,https://ia601406.us.archive.org/33/items/the-wrestler-1984-11-billy-jack-haynes-c/The%20Wrestler%2C%201984-11%20%28Billy%20Jack%20Haynes%29%20%28C%29.pdf,13842486,
2026-04-26T19:18:44,the-wrestler-1978-11-ric-flair-ernie-ladd_202201,The Wrestler,1978,11,downloaded,/Users/jschairb-gwp/Library/CloudStorage/GoogleDrive-josh@greatwesternproductions.com/My Drive/BACKGROUND_RESEARCH/Magazines/1970s/1978/The Wrestler/The Wrestler - 1978 - November.pdf,https://ia800906.us.archive.org/2/items/the-wrestler-1978-11-ric-flair-ernie-ladd_202201/The%20Wrestler%2C%201978-11%20%28Ric%20Flair-Ernie%20Ladd%29.pdf,10433812,
2026-04-26T19:18:47,the-wrestler-1983-06-barry-windham-rick-martel-c,The Wrestler,1983,6,downloaded,/Users/jschairb-gwp/Library/CloudStorage/GoogleDrive-josh@greatwesternproductions.com/My Drive/BACKGROUND_RESEARCH/Magazines/1980s/1983/The Wrestler/The Wrestler - 1983 - June.pdf,https://ia601506.us.archive.org/33/items/the-wrestler-1983-06-barry-windham-rick-martel-c/The%20Wrestler%2C%201983-06%20%28Barry%20Windham%2C%20Rick%20Martel%29%20%28C%29.pdf,14284600,
2026-04-26T19:18:51,the-wrestler-1984-02-c,The Wrestler,1984,2,downloaded,/Users/jschairb-gwp/Library/CloudStorage/GoogleDrive-josh@greatwesternproductions.com/My Drive/BACKGROUND_RESEARCH/Magazines/1980s/1984/The Wrestler/The Wrestler - 1984 - February.pdf,https://ia902800.us.archive.org/16/items/the-wrestler-1984-02-c/The%20Wrestler%2C%201984-02%20%28C%29.pdf,13848785,
2026-04-26T19:19:19,the-wrestler-1972-01,The Wrestler,1972,1,downloaded,/Users/jschairb-gwp/Library/CloudStorage/GoogleDrive-josh@greatwesternproductions.com/My Drive/BACKGROUND_RESEARCH/Magazines/1970s/1972/The Wrestler/The Wrestler - 1972 - January.pdf,https://ia800403.us.archive.org/12/items/the-wrestler-1972-01/The%20Wrestler%2C%201972-01.pdf,21867515,
2026-04-26T19:19:21,the-wrestler-1972-05,The Wrestler,1972,5,downloaded,/Users/jschairb-gwp/Library/CloudStorage/GoogleDrive-josh@greatwesternproductions.com/My Drive/BACKGROUND_RESEARCH/Magazines/1970s/1972/The Wrestler/The Wrestler - 1972 - May.pdf,https://ia800606.us.archive.org/1/items/the-wrestler-1972-05/The%20Wrestler%2C%201972-05.pdf,21613893,
2026-04-26T19:19:27,the-wrestler-1976-10-andre-mil-c,The Wrestler,1976,10,downloaded,/Users/jschairb-gwp/Library/CloudStorage/GoogleDrive-josh@greatwesternproductions.com/My Drive/BACKGROUND_RESEARCH/Magazines/1970s/1976/The Wrestler/The Wrestler - 1976 - October.pdf,https://ia800802.us.archive.org/23/items/the-wrestler-1976-10-andre-mil-c/The%20Wrestler%2C%201976-10%20%28Andre%2C%20Mil%29%20%28C%29.pdf,14135040,
2026-04-26T19:19:28,the-wrestler-1989-05-c,The Wrestler,1989,5,downloaded,/Users/jschairb-gwp/Library/CloudStorage/GoogleDrive-josh@greatwesternproductions.com/My Drive/BACKGROUND_RESEARCH/Magazines/1980s/1989/The Wrestler/The Wrestler - 1989 - May.pdf,https://ia601505.us.archive.org/19/items/the-wrestler-1989-05-c/The%20Wrestler%2C%201989-05%20%28C%29.pdf,13089195,
2026-04-26T19:19:30,sports-review-wrestling-1989-01-c,Sports Review Wrestling,1989,1,downloaded,/Users/jschairb-gwp/Library/CloudStorage/GoogleDrive-josh@greatwesternproductions.com/My Drive/BACKGROUND_RESEARCH/Magazines/1980s/1989/Sports Review Wrestling/Sports Review Wrestling - 1989 - January.pdf,https://ia800303.us.archive.org/34/items/sports-review-wrestling-1989-01-c/Sports%20Review%20Wrestling%2C%201989-01%20%28C%29.pdf,13732529,
2026-04-26T19:19:32,inside-wrestling-1986-10-c,Inside Wrestling,1986,10,downloaded,/Users/jschairb-gwp/Library/CloudStorage/GoogleDrive-josh@greatwesternproductions.com/My Drive/BACKGROUND_RESEARCH/Magazines/1980s/1986/Inside Wrestling/Inside Wrestling - 1986 - October.pdf,https://ia800308.us.archive.org/8/items/inside-wrestling-1986-10-c/Inside%20Wrestling%2C%201986-10%20%28C%29.pdf,13626258,
2026-04-26T19:19:33,the-wrestler-1975-02-strongbow-firpo-c,The Wrestler,1975,2,downloaded,/Users/jschairb-gwp/Library/CloudStorage/GoogleDrive-josh@greatwesternproductions.com/My Drive/BACKGROUND_RESEARCH/Magazines/1970s/1975/The Wrestler/The Wrestler - 1975 - February.pdf,https://ia600908.us.archive.org/25/items/the-wrestler-1975-02-strongbow-firpo-c/The%20Wrestler%2C%201975-02%20%28Strongbow%2C%20Firpo%29%20%28C%29.pdf,14107662,
2026-04-26T19:19:35,the-wrestler-1986-07-c,The Wrestler,1986,7,downloaded,/Users/jschairb-gwp/Library/CloudStorage/GoogleDrive-josh@greatwesternproductions.com/My Drive/BACKGROUND_RESEARCH/Magazines/1980s/1986/The Wrestler/The Wrestler - 1986 - July.pdf,https://ia800301.us.archive.org/10/items/the-wrestler-1986-07-c/The%20Wrestler%2C%201986-07%20%28C%29.pdf,13810732,
2026-04-26T19:19:36,the-wrestler-1986-11-c,The Wrestler,1986,11,downloaded,/Users/jschairb-gwp/Library/CloudStorage/GoogleDrive-josh@greatwesternproductions.com/My Drive/BACKGROUND_RESEARCH/Magazines/1980s/1986/The Wrestler/The Wrestler - 1986 - November.pdf,https://ia600907.us.archive.org/18/items/the-wrestler-1986-11-c/The%20Wrestler%2C%201986-11%20%28C%29.pdf,13568787,
2026-04-26T19:19:38,the-wrestler-1988-05-c,The Wrestler,1988,5,downloaded,/Users/jschairb-gwp/Library/CloudStorage/GoogleDrive-josh@greatwesternproductions.com/My Drive/BACKGROUND_RESEARCH/Magazines/1980s/1988/The Wrestler/The Wrestler - 1988 - May.pdf,https://ia802807.us.archive.org/30/items/the-wrestler-1988-05-c/The%20Wrestler%2C%201988-05%20%28C%29.pdf,13637476,
2026-04-26T19:19:39,the-wrestler-1989-06-c,The Wrestler,1989,6,downloaded,/Users/jschairb-gwp/Library/CloudStorage/GoogleDrive-josh@greatwesternproductions.com/My Drive/BACKGROUND_RESEARCH/Magazines/1980s/1989/The Wrestler/The Wrestler - 1989 - June.pdf,https://ia601207.us.archive.org/24/items/the-wrestler-1989-06-c/The%20Wrestler%2C%201989-06%20%28A%29B2.pdf,13337689,
2026-04-26T19:19:43,the-ring-wrestling-1976-06-c,The Ring's Wrestling,1976,6,downloaded,/Users/jschairb-gwp/Library/CloudStorage/GoogleDrive-josh@greatwesternproductions.com/My Drive/BACKGROUND_RESEARCH/Magazines/1970s/1976/The Ring's Wrestling/The Ring's Wrestling - 1976 - June.pdf,https://ia801606.us.archive.org/32/items/the-ring-wrestling-1976-06-c/The%20Ring%20Wrestling%2C%201976-06%20%28C%29.pdf,12787642,
2026-04-26T19:19:43,the-ring-wrestling-1976-06-cv-2,The Ring's Wrestling,1976,6,skip-exists,/Users/jschairb-gwp/Library/CloudStorage/GoogleDrive-josh@greatwesternproductions.com/My Drive/BACKGROUND_RESEARCH/Magazines/1970s/1976/The Ring's Wrestling/The Ring's Wrestling - 1976 - June.pdf,,,
2026-04-26T19:19:55,the-rings-wrestling-1982-06-07-strongbow-jyd-tito-b,The Ring's Wrestling,1982,6,downloaded,/Users/jschairb-gwp/Library/CloudStorage/GoogleDrive-josh@greatwesternproductions.com/My Drive/BACKGROUND_RESEARCH/Magazines/1980s/1982/The Ring's Wrestling/The Ring's Wrestling - 1982 - June.pdf,https://ia903201.us.archive.org/18/items/the-rings-wrestling-1982-06-07-strongbow-jyd-tito-b/The%20Ring%27s%20Wrestling%2C%201982-06%2C07%20%28Strongbow%2C%20JYD%2C%20Tito%29%20%28B%29.pdf,19551224,
2026-04-26T19:19:55,sports-review-wrestling-1980-02-c,Sports Review Wrestling,1980,2,skip-exists,/Users/jschairb-gwp/Library/CloudStorage/GoogleDrive-josh@greatwesternproductions.com/My Drive/BACKGROUND_RESEARCH/Magazines/1980s/1980/Sports Review Wrestling/Sports Review Wrestling - 1980 - February.pdf,,,
2026-04-26T19:19:56,sports-review-wrestling-1979-10-c,Sports Review Wrestling,1979,10,downloaded,/Users/jschairb-gwp/Library/CloudStorage/GoogleDrive-josh@greatwesternproductions.com/My Drive/BACKGROUND_RESEARCH/Magazines/1970s/1979/Sports Review Wrestling/Sports Review Wrestling - 1979 - October.pdf,https://ia801804.us.archive.org/30/items/sports-review-wrestling-1979-10-c/Sports%20Review%20Wrestling%2C%201979-10%20%28C%29.pdf,13809542,
2026-04-26T19:19:58,sports-review-wrestling-1987-03-kamala-c,Sports Review Wrestling,1987,3,downloaded,/Users/jschairb-gwp/Library/CloudStorage/GoogleDrive-josh@greatwesternproductions.com/My Drive/BACKGROUND_RESEARCH/Magazines/1980s/1987/Sports Review Wrestling/Sports Review Wrestling - 1987 - March.pdf,https://ia800303.us.archive.org/10/items/sports-review-wrestling-1987-03-kamala-c/Sports%20Review%20Wrestling%2C%201987-03%20%28Kamala%29%20%28C%29.pdf,14530900,
2026-04-26T19:20:01,the-wrestler-1972-03-mil-mascaras-c,The Wrestler,1972,3,downloaded,/Users/jschairb-gwp/Library/CloudStorage/GoogleDrive-josh@greatwesternproductions.com/My Drive/BACKGROUND_RESEARCH/Magazines/1970s/1972/The Wrestler/The Wrestler - 1972 - March.pdf,https://ia601705.us.archive.org/23/items/the-wrestler-1972-03-mil-mascaras-c/The%20Wrestler%2C%201972-03%20%28Mil%20Mascaras%29%20%28C%29.pdf,13691214,
2026-04-26T19:20:03,the-wrestler-1972-12,The Wrestler,1972,12,downloaded,/Users/jschairb-gwp/Library/CloudStorage/GoogleDrive-josh@greatwesternproductions.com/My Drive/BACKGROUND_RESEARCH/Magazines/1970s/1972/The Wrestler/The Wrestler - 1972 - December.pdf,https://ia600909.us.archive.org/28/items/the-wrestler-1972-12/The%20Wrestler%2C%201972-12.pdf,22092134,
2026-04-26T19:20:05,the-wrestler-1979-04-bob-backlund-b,The Wrestler,1979,4,downloaded,/Users/jschairb-gwp/Library/CloudStorage/GoogleDrive-josh@greatwesternproductions.com/My Drive/BACKGROUND_RESEARCH/Magazines/1970s/1979/The Wrestler/The Wrestler - 1979 - April.pdf,https://ia601600.us.archive.org/17/items/the-wrestler-1979-04-bob-backlund-b/The%20Wrestler%2C%201979-04%20%28Bob%20Backlund%29%20%28B%29.pdf,14175702,
2026-04-26T19:20:07,the-wrestler-1985-07-c,The Wrestler,1985,7,downloaded,/Users/jschairb-gwp/Library/CloudStorage/GoogleDrive-josh@greatwesternproductions.com/My Drive/BACKGROUND_RESEARCH/Magazines/1980s/1985/The Wrestler/The Wrestler - 1985 - July.pdf,https://ia800308.us.archive.org/1/items/the-wrestler-1985-07-c/The%20Wrestler%2C%201985-07%20%28C%29.pdf,13746269,
2026-04-26T19:20:09,the-wrestler-1988-07-c,The Wrestler,1988,7,downloaded,/Users/jschairb-gwp/Library/CloudStorage/GoogleDrive-josh@greatwesternproductions.com/My Drive/BACKGROUND_RESEARCH/Magazines/1980s/1988/The Wrestler/The Wrestler - 1988 - July.pdf,https://ia600908.us.archive.org/31/items/the-wrestler-1988-07-c/The%20Wrestler%2C%201988-07%20%28C%29.pdf,13864356,
2026-04-26T19:20:11,the-wrestler-1989-01-c,The Wrestler,1989,1,downloaded,/Users/jschairb-gwp/Library/CloudStorage/GoogleDrive-josh@greatwesternproductions.com/My Drive/BACKGROUND_RESEARCH/Magazines/1980s/1989/The Wrestler/The Wrestler - 1989 - January.pdf,https://ia800503.us.archive.org/10/items/the-wrestler-1989-01-c/The%20Wrestler%2C%201989-01%20%28C%29.pdf,13892347,
2026-04-26T19:20:17,the-big-book-of-wrestling-1968-10,Big Book of Wrestling,1968,10,downloaded,/Users/jschairb-gwp/Library/CloudStorage/GoogleDrive-josh@greatwesternproductions.com/My Drive/BACKGROUND_RESEARCH/Magazines/1960s/1968/Big Book of Wrestling/Big Book of Wrestling - 1968 - October.pdf,https://ia600404.us.archive.org/17/items/the-big-book-of-wrestling-1968-10/The%20Big%20Book%20Of%20Wrestling%201968%2010.pdf,81924636,
2026-04-26T19:20:18,the-wrestler-1986-08-bulldogs-road-warriors-c,The Wrestler,1986,8,downloaded,/Users/jschairb-gwp/Library/CloudStorage/GoogleDrive-josh@greatwesternproductions.com/My Drive/BACKGROUND_RESEARCH/Magazines/1980s/1986/The Wrestler/The Wrestler - 1986 - August.pdf,https://ia601409.us.archive.org/21/items/the-wrestler-1986-08-bulldogs-road-warriors-c/The%20Wrestler%2C%201986-08%20%28Bulldogs%2C%20Road%20Warriors%29%20%28C%29.pdf,13768420,
2026-04-26T19:20:20,the-wrestler-1983-02-nick-bockwinkel-b,The Wrestler,1983,2,downloaded,/Users/jschairb-gwp/Library/CloudStorage/GoogleDrive-josh@greatwesternproductions.com/My Drive/BACKGROUND_RESEARCH/Magazines/1980s/1983/The Wrestler/The Wrestler - 1983 - February.pdf,https://ia800401.us.archive.org/28/items/the-wrestler-1983-02-nick-bockwinkel-b/The%20Wrestler%2C%201983-02%20%28Nick%20Bockwinkel%29%20%28B%29.pdf,17693262,
2026-04-26T19:20:22,the-wrestler-1985-06-c,The Wrestler,1985,6,downloaded,/Users/jschairb-gwp/Library/CloudStorage/GoogleDrive-josh@greatwesternproductions.com/My Drive/BACKGROUND_RESEARCH/Magazines/1980s/1985/The Wrestler/The Wrestler - 1985 - June.pdf,https://ia800309.us.archive.org/19/items/the-wrestler-1985-06-c/The%20Wrestler%2C%201985-06%20%28C%29.pdf,13358413,
2026-04-26T19:20:27,the-wrestler-1988-02-ric-flair-c,The Wrestler,1988,2,downloaded,/Users/jschairb-gwp/Library/CloudStorage/GoogleDrive-josh@greatwesternproductions.com/My Drive/BACKGROUND_RESEARCH/Magazines/1980s/1988/The Wrestler/The Wrestler - 1988 - February.pdf,https://ia801403.us.archive.org/17/items/the-wrestler-1988-02-ric-flair-c/The%20Wrestler%2C%201988-02%20%28Ric%20Flair%29%20%28C%29.pdf,13748119,
2026-04-26T19:20:29,the-wrestler-1974-06-john-tolos-b,The Wrestler,1974,6,downloaded,/Users/jschairb-gwp/Library/CloudStorage/GoogleDrive-josh@greatwesternproductions.com/My Drive/BACKGROUND_RESEARCH/Magazines/1970s/1974/The Wrestler/The Wrestler - 1974 - June.pdf,https://ia902909.us.archive.org/16/items/the-wrestler-1974-06-john-tolos-b/The%20Wrestler%2C%201974-06%20%28John%20Tolos%29%20%28B%29.pdf,14222164,
2026-04-26T19:20:33,the-wrestler-1975-01-the-shiek-c,The Wrestler,1975,1,downloaded,/Users/jschairb-gwp/Library/CloudStorage/GoogleDrive-josh@greatwesternproductions.com/My Drive/BACKGROUND_RESEARCH/Magazines/1970s/1975/The Wrestler/The Wrestler - 1975 - January.pdf,https://ia600404.us.archive.org/6/items/the-wrestler-1975-01-the-shiek-c/The%20Wrestler%2C%201975-01%20%28The%20Shiek%29%20%28C%29.pdf,14530483,
2026-04-26T19:20:36,the-wrestler-1976-09-bruno-inoki-ali-b,The Wrestler,1976,9,downloaded,/Users/jschairb-gwp/Library/CloudStorage/GoogleDrive-josh@greatwesternproductions.com/My Drive/BACKGROUND_RESEARCH/Magazines/1970s/1976/The Wrestler/The Wrestler - 1976 - September.pdf,https://ia800409.us.archive.org/33/items/the-wrestler-1976-09-bruno-inoki-ali-b/The%20Wrestler%2C%201976-09%20%28Bruno%2C%20Inoki%20%26%20Ali%29%20%28B%29.pdf,14352311,
2026-04-26T19:20:38,the-wrestler-1989-12-c,The Wrestler,1989,12,downloaded,/Users/jschairb-gwp/Library/CloudStorage/GoogleDrive-josh@greatwesternproductions.com/My Drive/BACKGROUND_RESEARCH/Magazines/1980s/1989/The Wrestler/The Wrestler - 1989 - December.pdf,https://ia600707.us.archive.org/25/items/the-wrestler-1989-12-c/The%20Wrestler%2C%201989-12%20%28C%29.pdf,14048488,
2026-04-26T19:20:40,the-wrestler-1973-05-c,The Wrestler,1973,5,downloaded,/Users/jschairb-gwp/Library/CloudStorage/GoogleDrive-josh@greatwesternproductions.com/My Drive/BACKGROUND_RESEARCH/Magazines/1970s/1973/The Wrestler/The Wrestler - 1973 - May.pdf,https://ia601703.us.archive.org/28/items/the-wrestler-1973-05-c/The%20Wrestler%2C%201973-05%20%28C%29.pdf,14413628,
2026-04-26T19:20:40,the-wrestler-1978-11-ric-flair-ernie-ladd,The Wrestler,1978,11,skip-exists,/Users/jschairb-gwp/Library/CloudStorage/GoogleDrive-josh@greatwesternproductions.com/My Drive/BACKGROUND_RESEARCH/Magazines/1970s/1978/The Wrestler/The Wrestler - 1978 - November.pdf,,,
2026-04-26T19:20:42,the-wrestler-1979-02-ladd-rhodes-b,The Wrestler,1979,2,downloaded,/Users/jschairb-gwp/Library/CloudStorage/GoogleDrive-josh@greatwesternproductions.com/My Drive/BACKGROUND_RESEARCH/Magazines/1970s/1979/The Wrestler/The Wrestler - 1979 - February.pdf,https://ia801808.us.archive.org/25/items/the-wrestler-1979-02-ladd-rhodes-b/The%20Wrestler%2C%201979-02%20%28Ladd%20%26%20Rhodes%29%20%28B%29.pdf,13872456,
2026-04-26T19:20:43,the-wrestler-1982-05-bob-backlund-c,The Wrestler,1982,5,downloaded,/Users/jschairb-gwp/Library/CloudStorage/GoogleDrive-josh@greatwesternproductions.com/My Drive/BACKGROUND_RESEARCH/Magazines/1980s/1982/The Wrestler/The Wrestler - 1982 - May.pdf,https://ia801501.us.archive.org/5/items/the-wrestler-1982-05-bob-backlund-c/The%20Wrestler%2C%201982-05%20%28Bob%20Backlund%29%20%28C%29.pdf,13678581,
2026-04-26T19:20:46,the-wrestler-1982-09-dusty-rhodes-b,The Wrestler,1982,9,downloaded,/Users/jschairb-gwp/Library/CloudStorage/GoogleDrive-josh@greatwesternproductions.com/My Drive/BACKGROUND_RESEARCH/Magazines/1980s/1982/The Wrestler/The Wrestler - 1982 - September.pdf,https://ia601306.us.archive.org/8/items/the-wrestler-1982-09-dusty-rhodes-b/The%20Wrestler%2C%201982-09%20%28Dusty%20Rhodes%29%20%28B%29.pdf,17623655,
2026-04-26T19:20:46,sports-review-wrestling-1980-annual-1980-02-c,Sports Review Wrestling,1980,2,skip-exists,/Users/jschairb-gwp/Library/CloudStorage/GoogleDrive-josh@greatwesternproductions.com/My Drive/BACKGROUND_RESEARCH/Magazines/1980s/1980/Sports Review Wrestling/Sports Review Wrestling - 1980 - February.pdf,,,
2026-04-26T19:20:50,sports-review-wrestling-1984-01-andre-bockwinkle-b,Sports Review Wrestling,1984,1,downloaded,/Users/jschairb-gwp/Library/CloudStorage/GoogleDrive-josh@greatwesternproductions.com/My Drive/BACKGROUND_RESEARCH/Magazines/1980s/1984/Sports Review Wrestling/Sports Review Wrestling - 1984 - January.pdf,https://ia600602.us.archive.org/19/items/sports-review-wrestling-1984-01-andre-bockwinkle-b/Sports%20Review%20Wrestling%2C%201984-01%20%28Andre%20%26%20Bockwinkle%29%20%28B%29.pdf,13969735,
2026-04-26T19:20:51,sports-review-wrestling-1985-07-c,Sports Review Wrestling,1985,7,downloaded,/Users/jschairb-gwp/Library/CloudStorage/GoogleDrive-josh@greatwesternproductions.com/My Drive/BACKGROUND_RESEARCH/Magazines/1980s/1985/Sports Review Wrestling/Sports Review Wrestling - 1985 - July.pdf,https://ia801309.us.archive.org/0/items/sports-review-wrestling-1985-07-c/Sports%20Review%20Wrestling%2C%201985-07%20%28C%29.pdf,13539365,
2026-04-26T19:20:55,sports-review-wrestling-1986-07-c,Sports Review Wrestling,1986,7,downloaded,/Users/jschairb-gwp/Library/CloudStorage/GoogleDrive-josh@greatwesternproductions.com/My Drive/BACKGROUND_RESEARCH/Magazines/1980s/1986/Sports Review Wrestling/Sports Review Wrestling - 1986 - July.pdf,https://ia601307.us.archive.org/13/items/sports-review-wrestling-1986-07-c/Sports%20Review%20Wrestling%2C%201986-07%20%28C%29.pdf,13654996,
2026-04-26T19:20:56,sports-review-wrestling-1987-01-c,Sports Review Wrestling,1987,1,downloaded,/Users/jschairb-gwp/Library/CloudStorage/GoogleDrive-josh@greatwesternproductions.com/My Drive/BACKGROUND_RESEARCH/Magazines/1980s/1987/Sports Review Wrestling/Sports Review Wrestling - 1987 - January.pdf,https://ia803109.us.archive.org/14/items/sports-review-wrestling-1987-01-c/Sports%20Review%20Wrestling%2C%201987-01%20%28C%29.pdf,13580086,
2026-04-26T19:20:58,sports-review-wrestling-1988-01-honky-tonk-man-c,Sports Review Wrestling,1988,1,downloaded,/Users/jschairb-gwp/Library/CloudStorage/GoogleDrive-josh@greatwesternproductions.com/My Drive/BACKGROUND_RESEARCH/Magazines/1980s/1988/Sports Review Wrestling/Sports Review Wrestling - 1988 - January.pdf,https://ia601502.us.archive.org/30/items/sports-review-wrestling-1988-01-honky-tonk-man-c/Sports%20Review%20Wrestling%2C%201988-01%20%28Honky%20Tonk%20Man%29%20%28C%29.pdf,13895409,
2026-04-26T19:21:00,official-wrestling-magazine-1975-07-c,Official Wrestling,1975,7,downloaded,/Users/jschairb-gwp/Library/CloudStorage/GoogleDrive-josh@greatwesternproductions.com/My Drive/BACKGROUND_RESEARCH/Magazines/1970s/1975/Official Wrestling/Official Wrestling - 1975 - July.pdf,https://ia800806.us.archive.org/5/items/official-wrestling-magazine-1975-07-c/Official%20Wrestling%20Magazine%2C%201975-07%20%28C%29.pdf,13540041,
2026-04-26T19:21:03,sports-review-wrestling-1988-10-c,Sports Review Wrestling,1988,10,downloaded,/Users/jschairb-gwp/Library/CloudStorage/GoogleDrive-josh@greatwesternproductions.com/My Drive/BACKGROUND_RESEARCH/Magazines/1980s/1988/Sports Review Wrestling/Sports Review Wrestling - 1988 - October.pdf,https://ia800404.us.archive.org/25/items/sports-review-wrestling-1988-10-c/Sports%20Review%20Wrestling%2C%201988-10%20%28C%29.pdf,13515786,
2026-04-26T19:21:05,sports-review-wrestling-1980-10-c,Sports Review Wrestling,1980,10,downloaded,/Users/jschairb-gwp/Library/CloudStorage/GoogleDrive-josh@greatwesternproductions.com/My Drive/BACKGROUND_RESEARCH/Magazines/1980s/1980/Sports Review Wrestling/Sports Review Wrestling - 1980 - October.pdf,https://ia601301.us.archive.org/13/items/sports-review-wrestling-1980-10-c/Sports%20Review%20Wrestling%2C%201980-10%20%28C%29.pdf,13277349,
2026-04-26T19:21:07,sports-review-wrestling-1988-02-c,Sports Review Wrestling,1988,2,downloaded,/Users/jschairb-gwp/Library/CloudStorage/GoogleDrive-josh@greatwesternproductions.com/My Drive/BACKGROUND_RESEARCH/Magazines/1980s/1988/Sports Review Wrestling/Sports Review Wrestling - 1988 - February.pdf,https://ia800306.us.archive.org/22/items/sports-review-wrestling-1988-02-c/Sports%20Review%20Wrestling%2C%201988-02%20%28C%29.pdf,13549216,
2026-04-26T19:21:09,sports-review-wrestling-1989-04-c,Sports Review Wrestling,1989,4,downloaded,/Users/jschairb-gwp/Library/CloudStorage/GoogleDrive-josh@greatwesternproductions.com/My Drive/BACKGROUND_RESEARCH/Magazines/1980s/1989/Sports Review Wrestling/Sports Review Wrestling - 1989 - April.pdf,https://ia800300.us.archive.org/31/items/sports-review-wrestling-1989-04-c/Sports%20Review%20Wrestling%2C%201989-04%20%28C%29.pdf,13499920,
2026-04-26T19:21:11,the-rings-wrestling-1982-08-martel-backlund-watts-dundee-b,The Ring's Wrestling,1982,8,downloaded,/Users/jschairb-gwp/Library/CloudStorage/GoogleDrive-josh@greatwesternproductions.com/My Drive/BACKGROUND_RESEARCH/Magazines/1980s/1982/The Ring's Wrestling/The Ring's Wrestling - 1982 - August.pdf,https://ia802802.us.archive.org/30/items/the-rings-wrestling-1982-08-martel-backlund-watts-dundee-b/The%20Ring%27s%20Wrestling%2C%201982-08%20%28Martel%2C%20Backlund%2C%20Watts%2C%20Dundee%29%20%28B%29.pdf,20368734,
2026-04-26T19:21:13,the-ring-wrestling-v-02n-10-1965-10.-ring-d-m-ia,The Ring's Wrestling,1965,10,downloaded,/Users/jschairb-gwp/Library/CloudStorage/GoogleDrive-josh@greatwesternproductions.com/My Drive/BACKGROUND_RESEARCH/Magazines/1960s/1965/The Ring's Wrestling/The Ring's Wrestling - 1965 - October.pdf,https://ia801801.us.archive.org/16/items/the-ring-wrestling-v-02n-10-1965-10.-ring-d-m-ia/The%20Ring%20Wrestling%20v02n10%201965-10.Ring%20%28D%26M-IA%29.pdf,6322101,
2026-04-26T19:21:15,the-wrestler-1985-12-c,The Wrestler,1985,12,downloaded,/Users/jschairb-gwp/Library/CloudStorage/GoogleDrive-josh@greatwesternproductions.com/My Drive/BACKGROUND_RESEARCH/Magazines/1980s/1985/The Wrestler/The Wrestler - 1985 - December.pdf,https://ia800503.us.archive.org/29/items/the-wrestler-1985-12-c/The%20Wrestler%2C%201985-12%20%28C%29.pdf,13574844,
2026-04-26T19:21:17,the-wrestler-1986-10-c,The Wrestler,1986,10,downloaded,/Users/jschairb-gwp/Library/CloudStorage/GoogleDrive-josh@greatwesternproductions.com/My Drive/BACKGROUND_RESEARCH/Magazines/1980s/1986/The Wrestler/The Wrestler - 1986 - October.pdf,https://ia600405.us.archive.org/34/items/the-wrestler-1986-10-c/The%20Wrestler%2C%201986-10%20%28C%29.pdf,13406815,
2026-04-26T19:21:20,the-wrestler-1989-04-hulk-hogan-c,The Wrestler,1989,4,downloaded,/Users/jschairb-gwp/Library/CloudStorage/GoogleDrive-josh@greatwesternproductions.com/My Drive/BACKGROUND_RESEARCH/Magazines/1980s/1989/The Wrestler/The Wrestler - 1989 - April.pdf,https://ia801500.us.archive.org/25/items/the-wrestler-1989-04-hulk-hogan-c/The%20Wrestler%2C%201989-04%20%28Hulk%20Hogan%29%20%28C%29.pdf,14347661,
2026-04-26T19:21:21,sports-review-wrestling-1988-07-c,Sports Review Wrestling,1988,7,downloaded,/Users/jschairb-gwp/Library/CloudStorage/GoogleDrive-josh@greatwesternproductions.com/My Drive/BACKGROUND_RESEARCH/Magazines/1980s/1988/Sports Review Wrestling/Sports Review Wrestling - 1988 - July.pdf,https://ia801204.us.archive.org/13/items/sports-review-wrestling-1988-07-c/Sports%20Review%20Wrestling%2C%201988-07%20%28C%29.pdf,14134449,
2026-04-26T19:21:23,sports-review-wrestling-1988-09-c,Sports Review Wrestling,1988,9,downloaded,/Users/jschairb-gwp/Library/CloudStorage/GoogleDrive-josh@greatwesternproductions.com/My Drive/BACKGROUND_RESEARCH/Magazines/1980s/1988/Sports Review Wrestling/Sports Review Wrestling - 1988 - September.pdf,https://ia600402.us.archive.org/16/items/sports-review-wrestling-1988-09-c/Sports%20Review%20Wrestling%2C%201988-09%20%28C%29.pdf,13405618,
2026-04-26T19:21:25,sports-review-wrestling-1989-10-c,Sports Review Wrestling,1989,10,downloaded,/Users/jschairb-gwp/Library/CloudStorage/GoogleDrive-josh@greatwesternproductions.com/My Drive/BACKGROUND_RESEARCH/Magazines/1980s/1989/Sports Review Wrestling/Sports Review Wrestling - 1989 - October.pdf,https://ia600609.us.archive.org/35/items/sports-review-wrestling-1989-10-c/Sports%20Review%20Wrestling%2C%201989-10%20%28C%29.pdf,13934786,
2026-04-26T19:21:33,sports-review-wrestling-1974-04-c,Sports Review Wrestling,1974,4,downloaded,/Users/jschairb-gwp/Library/CloudStorage/GoogleDrive-josh@greatwesternproductions.com/My Drive/BACKGROUND_RESEARCH/Magazines/1970s/1974/Sports Review Wrestling/Sports Review Wrestling - 1974 - April.pdf,https://ia800109.us.archive.org/25/items/sports-review-wrestling-1974-04-c/Sports%20Review%20Wrestling%2C%201974-04%20%28C%29.pdf,13593886,
2026-04-26T19:21:33,sports-review-wrestling-1983-04-backlaund-superstar-graham-c,Sports Review Wrestling,1983,4,skip-exists,/Users/jschairb-gwp/Library/CloudStorage/GoogleDrive-josh@greatwesternproductions.com/My Drive/BACKGROUND_RESEARCH/Magazines/1980s/1983/Sports Review Wrestling/Sports Review Wrestling - 1983 - April.pdf,,,
2026-04-26T19:21:35,sports-review-wrestling-1985-12-c,Sports Review Wrestling,1985,12,downloaded,/Users/jschairb-gwp/Library/CloudStorage/GoogleDrive-josh@greatwesternproductions.com/My Drive/BACKGROUND_RESEARCH/Magazines/1980s/1985/Sports Review Wrestling/Sports Review Wrestling - 1985 - December.pdf,https://ia601708.us.archive.org/27/items/sports-review-wrestling-1985-12-c/Sports%20Review%20Wrestling%2C%201985-12%20%28C%29.pdf,13569690,
2026-04-26T19:21:36,sports-review-wrestling-1986-01-c,Sports Review Wrestling,1986,1,downloaded,/Users/jschairb-gwp/Library/CloudStorage/GoogleDrive-josh@greatwesternproductions.com/My Drive/BACKGROUND_RESEARCH/Magazines/1980s/1986/Sports Review Wrestling/Sports Review Wrestling - 1986 - January.pdf,https://ia800508.us.archive.org/33/items/sports-review-wrestling-1986-01-c/Sports%20Review%20Wrestling%2C%201986-01%20%28C%29.pdf,13336515,
2026-04-26T19:21:41,the-big-book-of-wrestling-1969-07,Big Book of Wrestling,1969,7,downloaded,/Users/jschairb-gwp/Library/CloudStorage/GoogleDrive-josh@greatwesternproductions.com/My Drive/BACKGROUND_RESEARCH/Magazines/1960s/1969/Big Book of Wrestling/Big Book of Wrestling - 1969 - July.pdf,https://ia800304.us.archive.org/12/items/the-big-book-of-wrestling-1969-07/The%20Big%20Book%20Of%20Wrestling%201969%2007.pdf,102094355,
2026-04-26T19:21:41,sports-review-wrestling-1981-06-c,Sports Review Wrestling,1981,6,skip-exists,/Users/jschairb-gwp/Library/CloudStorage/GoogleDrive-josh@greatwesternproductions.com/My Drive/BACKGROUND_RESEARCH/Magazines/1980s/1981/Sports Review Wrestling/Sports Review Wrestling - 1981 - June.pdf,,,
2026-04-26T19:21:43,sports-review-wrestling-1986-06-c,Sports Review Wrestling,1986,6,downloaded,/Users/jschairb-gwp/Library/CloudStorage/GoogleDrive-josh@greatwesternproductions.com/My Drive/BACKGROUND_RESEARCH/Magazines/1980s/1986/Sports Review Wrestling/Sports Review Wrestling - 1986 - June.pdf,https://ia801501.us.archive.org/16/items/sports-review-wrestling-1986-06-c/Sports%20Review%20Wrestling%2C%201986-06%20%28C%29.pdf,13664267,
2026-04-26T19:21:46,the-wrestler-1975-08-bruno-spiros-arion-c,The Wrestler,1975,8,downloaded,/Users/jschairb-gwp/Library/CloudStorage/GoogleDrive-josh@greatwesternproductions.com/My Drive/BACKGROUND_RESEARCH/Magazines/1970s/1975/The Wrestler/The Wrestler - 1975 - August.pdf,https://ia601407.us.archive.org/26/items/the-wrestler-1975-08-bruno-spiros-arion-c/The%20Wrestler%2C%201975-08%20%28Bruno%20%26%20Spiros%20Arion%29%20%28C%29.pdf,13910250,
2026-04-26T19:21:47,the-wrestler-1977-11-c,The Wrestler,1977,11,downloaded,/Users/jschairb-gwp/Library/CloudStorage/GoogleDrive-josh@greatwesternproductions.com/My Drive/BACKGROUND_RESEARCH/Magazines/1970s/1977/The Wrestler/The Wrestler - 1977 - November.pdf,https://ia800502.us.archive.org/23/items/the-wrestler-1977-11-c/The%20Wrestler%2C%201977-11%20%28C%29.pdf,13459006,
2026-04-26T19:21:49,the-wrestler-1979-12-andre-the-giant-c,The Wrestler,1979,12,downloaded,/Users/jschairb-gwp/Library/CloudStorage/GoogleDrive-josh@greatwesternproductions.com/My Drive/BACKGROUND_RESEARCH/Magazines/1970s/1979/The Wrestler/The Wrestler - 1979 - December.pdf,https://ia600107.us.archive.org/34/items/the-wrestler-1979-12-andre-the-giant-c/The%20Wrestler%2C%201979-12%20%28Andre%20the%20Giant%29%20%28C%29.pdf,13668089,
2026-04-26T19:21:51,sports-review-wrestling-1983-11-c,Sports Review Wrestling,1983,11,downloaded,/Users/jschairb-gwp/Library/CloudStorage/GoogleDrive-josh@greatwesternproductions.com/My Drive/BACKGROUND_RESEARCH/Magazines/1980s/1983/Sports Review Wrestling/Sports Review Wrestling - 1983 - November.pdf,https://ia601708.us.archive.org/18/items/sports-review-wrestling-1983-11-c/Sports%20Review%20Wrestling%2C%201983-11%20%28C%29.pdf,12756157,
2026-04-26T19:21:55,sports-review-wrestling-1985-03-starrcade-84,Sports Review Wrestling,1985,3,downloaded,/Users/jschairb-gwp/Library/CloudStorage/GoogleDrive-josh@greatwesternproductions.com/My Drive/BACKGROUND_RESEARCH/Magazines/1980s/1985/Sports Review Wrestling/Sports Review Wrestling - 1985 - March.pdf,https://ia801002.us.archive.org/19/items/sports-review-wrestling-1985-03-starrcade-84/Sports%20Review%20Wrestling%2C%201985-03%20%28Starrcade%20%2784%29.pdf,20197696,
2026-04-26T19:21:57,sports-review-wrestling-1985-05-c,Sports Review Wrestling,1985,5,downloaded,/Users/jschairb-gwp/Library/CloudStorage/GoogleDrive-josh@greatwesternproductions.com/My Drive/BACKGROUND_RESEARCH/Magazines/1980s/1985/Sports Review Wrestling/Sports Review Wrestling - 1985 - May.pdf,https://ia600500.us.archive.org/1/items/sports-review-wrestling-1985-05-c/Sports%20Review%20Wrestling%2C%201985-05%20%28C%29.pdf,13552785,
2026-04-26T19:21:59,sports-review-wrestling-1986-04-c,Sports Review Wrestling,1986,4,downloaded,/Users/jschairb-gwp/Library/CloudStorage/GoogleDrive-josh@greatwesternproductions.com/My Drive/BACKGROUND_RESEARCH/Magazines/1980s/1986/Sports Review Wrestling/Sports Review Wrestling - 1986 - April.pdf,https://ia601308.us.archive.org/32/items/sports-review-wrestling-1986-04-c/Sports%20Review%20Wrestling%2C%201986-04%20%28C%29.pdf,13489692,
2026-04-26T19:22:00,the-wrestler-1984-08-c,The Wrestler,1984,8,downloaded,/Users/jschairb-gwp/Library/CloudStorage/GoogleDrive-josh@greatwesternproductions.com/My Drive/BACKGROUND_RESEARCH/Magazines/1980s/1984/The Wrestler/The Wrestler - 1984 - August.pdf,https://ia600703.us.archive.org/4/items/the-wrestler-1984-08-c/The%20Wrestler%2C%201984-08%20%28C%29.pdf,13394464,
2026-04-26T19:22:03,the-wrestler-1985-01-c,The Wrestler,1985,1,downloaded,/Users/jschairb-gwp/Library/CloudStorage/GoogleDrive-josh@greatwesternproductions.com/My Drive/BACKGROUND_RESEARCH/Magazines/1980s/1985/The Wrestler/The Wrestler - 1985 - January.pdf,https://ia801905.us.archive.org/16/items/the-wrestler-1985-01-c/The%20Wrestler%2C%201985-01%20%28C%29.pdf,13740372,
2026-04-26T19:22:06,the-wrestler-1985-09-c,The Wrestler,1985,9,downloaded,/Users/jschairb-gwp/Library/CloudStorage/GoogleDrive-josh@greatwesternproductions.com/My Drive/BACKGROUND_RESEARCH/Magazines/1980s/1985/The Wrestler/The Wrestler - 1985 - September.pdf,https://ia601608.us.archive.org/14/items/the-wrestler-1985-09-c/The%20Wrestler%2C%201985-09%20%28C%29.pdf,13394780,
2026-04-26T19:22:08,the-wrestler-1988-04-c,The Wrestler,1988,4,downloaded,/Users/jschairb-gwp/Library/CloudStorage/GoogleDrive-josh@greatwesternproductions.com/My Drive/BACKGROUND_RESEARCH/Magazines/1980s/1988/The Wrestler/The Wrestler - 1988 - April.pdf,https://ia600101.us.archive.org/3/items/the-wrestler-1988-04-c/The%20Wrestler%2C%201988-04%20%28C%29.pdf,15381489,
2026-04-26T19:22:09,the-wrestler-1989-07-c,The Wrestler,1989,7,downloaded,/Users/jschairb-gwp/Library/CloudStorage/GoogleDrive-josh@greatwesternproductions.com/My Drive/BACKGROUND_RESEARCH/Magazines/1980s/1989/The Wrestler/The Wrestler - 1989 - July.pdf,https://ia801205.us.archive.org/29/items/the-wrestler-1989-07-c/The%20Wrestler%2C%201989-07%20%28C%29.pdf,13538615,
2026-04-26T19:22:10,the-wrestler-1984-04-hulk-hogan-b,The Wrestler,1984,4,downloaded,/Users/jschairb-gwp/Library/CloudStorage/GoogleDrive-josh@greatwesternproductions.com/My Drive/BACKGROUND_RESEARCH/Magazines/1980s/1984/The Wrestler/The Wrestler - 1984 - April.pdf,https://ia800408.us.archive.org/12/items/the-wrestler-1984-04-hulk-hogan-b/The%20Wrestler%2C%201984-04%20%28Hulk%20Hogan%29%20%28B%29.pdf,18453558,
2026-04-26T19:22:13,the-wrestler-1984-10-c,The Wrestler,1984,10,downloaded,/Users/jschairb-gwp/Library/CloudStorage/GoogleDrive-josh@greatwesternproductions.com/My Drive/BACKGROUND_RESEARCH/Magazines/1980s/1984/The Wrestler/The Wrestler - 1984 - October.pdf,https://ia800703.us.archive.org/0/items/the-wrestler-1984-10-c/The%20Wrestler%2C%201984-10%20%28C%29.pdf,13572324,
2026-04-26T19:22:16,the-wrestler-1986-12-c,The Wrestler,1986,12,downloaded,/Users/jschairb-gwp/Library/CloudStorage/GoogleDrive-josh@greatwesternproductions.com/My Drive/BACKGROUND_RESEARCH/Magazines/1980s/1986/The Wrestler/The Wrestler - 1986 - December.pdf,https://ia803202.us.archive.org/16/items/the-wrestler-1986-12-c/The%20Wrestler%2C%201986-12%20%28C%29.pdf,13642496,
2026-04-26T19:22:18,the-wrestler-1972-07,The Wrestler,1972,7,downloaded,/Users/jschairb-gwp/Library/CloudStorage/GoogleDrive-josh@greatwesternproductions.com/My Drive/BACKGROUND_RESEARCH/Magazines/1970s/1972/The Wrestler/The Wrestler - 1972 - July.pdf,https://ia800606.us.archive.org/28/items/the-wrestler-1972-07/The%20Wrestler%2C%201972-07.pdf,20210513,
2026-04-26T19:22:20,the-wrestler-1972-04,The Wrestler,1972,4,downloaded,/Users/jschairb-gwp/Library/CloudStorage/GoogleDrive-josh@greatwesternproductions.com/My Drive/BACKGROUND_RESEARCH/Magazines/1970s/1972/The Wrestler/The Wrestler - 1972 - April.pdf,https://ia600907.us.archive.org/10/items/the-wrestler-1972-04/The%20Wrestler%2C%201972-04.pdf,20423561,
2026-04-26T19:22:22,the-wrestler-1972-10,The Wrestler,1972,10,downloaded,/Users/jschairb-gwp/Library/CloudStorage/GoogleDrive-josh@greatwesternproductions.com/My Drive/BACKGROUND_RESEARCH/Magazines/1970s/1972/The Wrestler/The Wrestler - 1972 - October.pdf,https://ia800701.us.archive.org/9/items/the-wrestler-1972-10/The%20Wrestler%2C%201972-10.pdf,23334781,
2026-04-26T19:22:25,the-wrestler-1973-09-c,The Wrestler,1973,9,downloaded,/Users/jschairb-gwp/Library/CloudStorage/GoogleDrive-josh@greatwesternproductions.com/My Drive/BACKGROUND_RESEARCH/Magazines/1970s/1973/The Wrestler/The Wrestler - 1973 - September.pdf,https://ia801408.us.archive.org/27/items/the-wrestler-1973-09-c/The%20Wrestler%2C%201973-09%20%28C%29.pdf,13778355,
2026-04-26T19:22:28,the-wrestler-1988-09-c,The Wrestler,1988,9,downloaded,/Users/jschairb-gwp/Library/CloudStorage/GoogleDrive-josh@greatwesternproductions.com/My Drive/BACKGROUND_RESEARCH/Magazines/1980s/1988/The Wrestler/The Wrestler - 1988 - September.pdf,https://ia600300.us.archive.org/21/items/the-wrestler-1988-09-c/The%20Wrestler%2C%201988-09%20%28C%29.pdf,13496021,
2026-04-26T19:22:30,the-wrestler-1988-12-c,The Wrestler,1988,12,downloaded,/Users/jschairb-gwp/Library/CloudStorage/GoogleDrive-josh@greatwesternproductions.com/My Drive/BACKGROUND_RESEARCH/Magazines/1980s/1988/The Wrestler/The Wrestler - 1988 - December.pdf,https://ia801400.us.archive.org/29/items/the-wrestler-1988-12-c/The%20Wrestler%2C%201988-12%20%28C%29.pdf,16493688,
2026-04-26T19:22:32,sports-review-wrestling-1988-08-c,Sports Review Wrestling,1988,8,downloaded,/Users/jschairb-gwp/Library/CloudStorage/GoogleDrive-josh@greatwesternproductions.com/My Drive/BACKGROUND_RESEARCH/Magazines/1980s/1988/Sports Review Wrestling/Sports Review Wrestling - 1988 - August.pdf,https://ia801307.us.archive.org/24/items/sports-review-wrestling-1988-08-c/Sports%20Review%20Wrestling%2C%201988-08%20%28C%29.pdf,13642020,
2026-04-26T19:22:35,sports-review-wrestling-1989-12-c,Sports Review Wrestling,1989,12,downloaded,/Users/jschairb-gwp/Library/CloudStorage/GoogleDrive-josh@greatwesternproductions.com/My Drive/BACKGROUND_RESEARCH/Magazines/1980s/1989/Sports Review Wrestling/Sports Review Wrestling - 1989 - December.pdf,https://ia600700.us.archive.org/25/items/sports-review-wrestling-1989-12-c/Sports%20Review%20Wrestling%2C%201989-12%20%28C%29.pdf,15348754,
2026-04-26T19:22:37,the-rings-wrestling-1977-10-sandy-partlow-b,The Ring's Wrestling,1977,10,downloaded,/Users/jschairb-gwp/Library/CloudStorage/GoogleDrive-josh@greatwesternproductions.com/My Drive/BACKGROUND_RESEARCH/Magazines/1970s/1977/The Ring's Wrestling/The Ring's Wrestling - 1977 - October.pdf,https://ia800503.us.archive.org/20/items/the-rings-wrestling-1977-10-sandy-partlow-b/The%20Ring%27s%20Wrestling%2C%201977-10%20%28Sandy%20Partlow%29%20%28B%29.pdf,18332562,
2026-04-26T19:22:39,the-rings-wrestling-1966-03-c,The Ring's Wrestling,1966,3,downloaded,/Users/jschairb-gwp/Library/CloudStorage/GoogleDrive-josh@greatwesternproductions.com/My Drive/BACKGROUND_RESEARCH/Magazines/1960s/1966/The Ring's Wrestling/The Ring's Wrestling - 1966 - March.pdf,https://ia801204.us.archive.org/33/items/the-rings-wrestling-1966-03-c/The%20Ring%27s%20Wrestling%2C%201966-03%20%28C%29.pdf,14675480,
2026-04-26T19:22:41,sports-review-wrestling-1979-09-c,Sports Review Wrestling,1979,9,downloaded,/Users/jschairb-gwp/Library/CloudStorage/GoogleDrive-josh@greatwesternproductions.com/My Drive/BACKGROUND_RESEARCH/Magazines/1970s/1979/Sports Review Wrestling/Sports Review Wrestling - 1979 - September.pdf,https://ia800707.us.archive.org/33/items/sports-review-wrestling-1979-09-c/Sports%20Review%20Wrestling%2C%201979-09%20%28C%29.pdf,13779315,
2026-04-26T19:22:46,sports-review-wrestling-1986-02-c,Sports Review Wrestling,1986,2,downloaded,/Users/jschairb-gwp/Library/CloudStorage/GoogleDrive-josh@greatwesternproductions.com/My Drive/BACKGROUND_RESEARCH/Magazines/1980s/1986/Sports Review Wrestling/Sports Review Wrestling - 1986 - February.pdf,https://ia800402.us.archive.org/15/items/sports-review-wrestling-1986-02-c/Sports%20Review%20Wrestling%2C%201986-02%20%28C%29.pdf,12989823,
2026-04-26T19:22:47,sports-review-wrestling-1976-05-c,Sports Review Wrestling,1976,5,downloaded,/Users/jschairb-gwp/Library/CloudStorage/GoogleDrive-josh@greatwesternproductions.com/My Drive/BACKGROUND_RESEARCH/Magazines/1970s/1976/Sports Review Wrestling/Sports Review Wrestling - 1976 - May.pdf,https://ia801501.us.archive.org/17/items/sports-review-wrestling-1976-05-c/Sports%20Review%20Wrestling%2C%201976-05%20%28C%29.pdf,13163764,
2026-04-26T19:22:48,sports-review-wrestling-1980-12-c,Sports Review Wrestling,1980,12,downloaded,/Users/jschairb-gwp/Library/CloudStorage/GoogleDrive-josh@greatwesternproductions.com/My Drive/BACKGROUND_RESEARCH/Magazines/1980s/1980/Sports Review Wrestling/Sports Review Wrestling - 1980 - December.pdf,https://ia801304.us.archive.org/2/items/sports-review-wrestling-1980-12-c/Sports%20Review%20Wrestling%2C%201980-12%20%28C%29.pdf,14121291,
2026-04-26T19:22:50,sports-review-wrestling-1983-02-flair-race-c,Sports Review Wrestling,1983,2,downloaded,/Users/jschairb-gwp/Library/CloudStorage/GoogleDrive-josh@greatwesternproductions.com/My Drive/BACKGROUND_RESEARCH/Magazines/1980s/1983/Sports Review Wrestling/Sports Review Wrestling - 1983 - February.pdf,https://ia600700.us.archive.org/10/items/sports-review-wrestling-1983-02-flair-race-c/Sports%20Review%20Wrestling%2C%201983-02%20%28Flair%20%26%20Race%29%20%28C%29.pdf,13711016,
2026-04-26T19:22:53,sports-review-wrestling-1986-08-c,Sports Review Wrestling,1986,8,downloaded,/Users/jschairb-gwp/Library/CloudStorage/GoogleDrive-josh@greatwesternproductions.com/My Drive/BACKGROUND_RESEARCH/Magazines/1980s/1986/Sports Review Wrestling/Sports Review Wrestling - 1986 - August.pdf,https://ia802907.us.archive.org/1/items/sports-review-wrestling-1986-08-c/Sports%20Review%20Wrestling%2C%201986-08%20%28C%29.pdf,13648213,
2026-04-26T19:22:55,the-wrestler-1989-09-c,The Wrestler,1989,9,downloaded,/Users/jschairb-gwp/Library/CloudStorage/GoogleDrive-josh@greatwesternproductions.com/My Drive/BACKGROUND_RESEARCH/Magazines/1980s/1989/The Wrestler/The Wrestler - 1989 - September.pdf,https://ia600500.us.archive.org/25/items/the-wrestler-1989-09-c/The%20Wrestler%2C%201989-09%20%28C%29.pdf,13865085,
2026-04-26T19:22:56,the-wrestler-1985-03-c,The Wrestler,1985,3,downloaded,/Users/jschairb-gwp/Library/CloudStorage/GoogleDrive-josh@greatwesternproductions.com/My Drive/BACKGROUND_RESEARCH/Magazines/1980s/1985/The Wrestler/The Wrestler - 1985 - March.pdf,https://ia801608.us.archive.org/5/items/the-wrestler-1985-03-c/The%20Wrestler%2C%201985-03%20%28C%29.pdf,13727996,
2026-04-26T19:22:59,the-wrestler-1988-08-windham-lugar-demolition-c,The Wrestler,1988,8,downloaded,/Users/jschairb-gwp/Library/CloudStorage/GoogleDrive-josh@greatwesternproductions.com/My Drive/BACKGROUND_RESEARCH/Magazines/1980s/1988/The Wrestler/The Wrestler - 1988 - August.pdf,https://ia801501.us.archive.org/34/items/the-wrestler-1988-08-windham-lugar-demolition-c/The%20Wrestler%2C%201988-08%20%28Windham%2C%20Lugar%2C%20Demolition%29%20%28C%29.pdf,14307884,
2026-04-26T19:23:03,the-wrestler-1972-02,The Wrestler,1972,2,downloaded,/Users/jschairb-gwp/Library/CloudStorage/GoogleDrive-josh@greatwesternproductions.com/My Drive/BACKGROUND_RESEARCH/Magazines/1970s/1972/The Wrestler/The Wrestler - 1972 - February.pdf,https://ia800801.us.archive.org/5/items/the-wrestler-1972-02/The%20Wrestler%2C%201972-02.pdf,20821127,
2026-04-26T19:23:05,the-wrestler-1982-12-rich-dusty-pedro-snuka-b,The Wrestler,1982,12,downloaded,/Users/jschairb-gwp/Library/CloudStorage/GoogleDrive-josh@greatwesternproductions.com/My Drive/BACKGROUND_RESEARCH/Magazines/1980s/1982/The Wrestler/The Wrestler - 1982 - December.pdf,https://ia801807.us.archive.org/14/items/the-wrestler-1982-12-rich-dusty-pedro-snuka-b/The%20Wrestler%2C%201982-12%20%28Rich%2C%20Dusty%2C%20Pedro%20%26%20Snuka%29%20%28B%29.pdf,13604671,
2026-04-26T19:23:07,the-wrestler-1985-10-c,The Wrestler,1985,10,downloaded,/Users/jschairb-gwp/Library/CloudStorage/GoogleDrive-josh@greatwesternproductions.com/My Drive/BACKGROUND_RESEARCH/Magazines/1980s/1985/The Wrestler/The Wrestler - 1985 - October.pdf,https://ia601707.us.archive.org/21/items/the-wrestler-1985-10-c/The%20Wrestler%2C%201985-10%20%28C%29.pdf,13951963,
2026-04-26T19:23:09,the-wrestler-1985-11-c,The Wrestler,1985,11,downloaded,/Users/jschairb-gwp/Library/CloudStorage/GoogleDrive-josh@greatwesternproductions.com/My Drive/BACKGROUND_RESEARCH/Magazines/1980s/1985/The Wrestler/The Wrestler - 1985 - November.pdf,https://ia600401.us.archive.org/7/items/the-wrestler-1985-11-c/The%20Wrestler%2C%201985-11%20%28C%29.pdf,13563635,
2026-04-26T19:23:12,the-wrestler-1982-10-bob-backlund-c,The Wrestler,1982,10,downloaded,/Users/jschairb-gwp/Library/CloudStorage/GoogleDrive-josh@greatwesternproductions.com/My Drive/BACKGROUND_RESEARCH/Magazines/1980s/1982/The Wrestler/The Wrestler - 1982 - October.pdf,https://ia601409.us.archive.org/6/items/the-wrestler-1982-10-bob-backlund-c/The%20Wrestler%2C%201982-10%20%28Bob%20Backlund%29%20%28C%29.pdf,13509224,
2026-04-26T19:23:14,the-wrestler-1984-03-tito-santana-c,The Wrestler,1984,3,downloaded,/Users/jschairb-gwp/Library/CloudStorage/GoogleDrive-josh@greatwesternproductions.com/My Drive/BACKGROUND_RESEARCH/Magazines/1980s/1984/The Wrestler/The Wrestler - 1984 - March.pdf,https://ia600808.us.archive.org/21/items/the-wrestler-1984-03-tito-santana-c/The%20Wrestler%2C%201984-03%20%28Tito%20Santana%29%20%28C%29.pdf,14022240,
2026-04-26T19:23:14,the-wrestler-1984-06-david-von-erich-c,The Wrestler,1984,6,skip-exists,/Users/jschairb-gwp/Library/CloudStorage/GoogleDrive-josh@greatwesternproductions.com/My Drive/BACKGROUND_RESEARCH/Magazines/1980s/1984/The Wrestler/The Wrestler - 1984 - June.pdf,,,
2026-04-26T19:23:18,the-wrestler-1988-01-c,The Wrestler,1988,1,downloaded,/Users/jschairb-gwp/Library/CloudStorage/GoogleDrive-josh@greatwesternproductions.com/My Drive/BACKGROUND_RESEARCH/Magazines/1980s/1988/The Wrestler/The Wrestler - 1988 - January.pdf,https://ia801608.us.archive.org/21/items/the-wrestler-1988-01-c/The%20Wrestler%2C%201988-01%20%28C%29.pdf,14161081,
2026-04-26T19:23:20,the-wrestler-1989-02-c,The Wrestler,1989,2,downloaded,/Users/jschairb-gwp/Library/CloudStorage/GoogleDrive-josh@greatwesternproductions.com/My Drive/BACKGROUND_RESEARCH/Magazines/1980s/1989/The Wrestler/The Wrestler - 1989 - February.pdf,https://ia601205.us.archive.org/27/items/the-wrestler-1989-02-c/The%20Wrestler%2C%201989-02%20%28C%29.pdf,13741590,
2026-04-26T19:23:22,the-ring-wrestling-1964-08-c,The Ring's Wrestling,1964,8,downloaded,/Users/jschairb-gwp/Library/CloudStorage/GoogleDrive-josh@greatwesternproductions.com/My Drive/BACKGROUND_RESEARCH/Magazines/1960s/1964/The Ring's Wrestling/The Ring's Wrestling - 1964 - August.pdf,https://ia801501.us.archive.org/16/items/the-ring-wrestling-1964-08-c/The%20Ring%20Wrestling%2C%201964-08%20%28C%29.pdf,14045388,
2026-04-26T19:23:24,the-rings-wrestling-1978-01-patera-gagne-brunzell-c,The Ring's Wrestling,1978,1,downloaded,/Users/jschairb-gwp/Library/CloudStorage/GoogleDrive-josh@greatwesternproductions.com/My Drive/BACKGROUND_RESEARCH/Magazines/1970s/1978/The Ring's Wrestling/The Ring's Wrestling - 1978 - January.pdf,https://ia801505.us.archive.org/29/items/the-rings-wrestling-1978-01-patera-gagne-brunzell-c/The%20Ring%27s%20Wrestling%2C%201978-01%20%28Patera%2C%20Gagne%2C%20Brunzell%29%20%28C%29.pdf,18614857,
