publication_date	list_label	scope	rank	entry_name	issue_url
1984-02-01	Top 10	singles	3	Dusty Rhodes	http://www.profightdb.com/pwi-monthly/february-1984-276.html
1984-02-01	Top 10	singles	5	David Von Erich	http://www.profightdb.com/pwi-monthly/february-1984-276.html
1984-02-01	Top 10	singles	6	Barry Windham	http://www.profightdb.com/pwi-monthly/february-1984-276.html
1984-02-01	Top 10	singles	7	Mil Mascaras	http://www.profightdb.com/pwi-monthly/february-1984-276.html
1984-02-01	Top 10	singles	8	Bob Backlund	http://www.profightdb.com/pwi-monthly/february-1984-276.html
1984-02-01	Top 10	singles	9	Hulk Hogan	http://www.profightdb.com/pwi-monthly/february-1984-276.html
1984-02-01	Top 10	singles	10	Greg Valentine	http://www.profightdb.com/pwi-monthly/february-1984-276.html
1984-02-01	Most Popular	most_popular	2	Dusty Rhodes	http://www.profightdb.com/pwi-monthly/february-1984-276.html
1984-02-01	Most Popular	most_popular	3	Tommy Rich	http://www.profightdb.com/pwi-monthly/february-1984-276.html
1984-02-01	Most Popular	most_popular	4	Junkyard Dog	http://www.profightdb.com/pwi-monthly/february-1984-276.html
1984-02-01	Most Popular	most_popular	5	Roddy Piper	http://www.profightdb.com/pwi-monthly/february-1984-276.html
1984-02-01	Most Popular	most_popular	6	Jimmy Snuka	http://www.profightdb.com/pwi-monthly/february-1984-276.html
1984-02-01	Most Popular	most_popular	7	Kerry Von Erich	http://www.profightdb.com/pwi-monthly/february-1984-276.html
1984-02-01	Most Popular	most_popular	8	Barry Windham	http://www.profightdb.com/pwi-monthly/february-1984-276.html
1984-02-01	Most Popular	most_popular	9	Bob Backlund	http://www.profightdb.com/pwi-monthly/february-1984-276.html
1984-02-01	Most Popular	most_popular	10	Scott Casey	http://www.profightdb.com/pwi-monthly/february-1984-276.html
1984-02-01	Most Hated	most_hated	1	Butch Reed	http://www.profightdb.com/pwi-monthly/february-1984-276.html
1984-02-01	Most Hated	most_hated	2	Ron Bass	http://www.profightdb.com/pwi-monthly/february-1984-276.html
1984-02-01	Most Hated	most_hated	3	Jake Roberts	http://www.profightdb.com/pwi-monthly/february-1984-276.html
1984-02-01	Most Hated	most_hated	4	Mr. Saito	http://www.profightdb.com/pwi-monthly/february-1984-276.html
1984-02-01	Most Hated	most_hated	5	Greg Valentine	http://www.profightdb.com/pwi-monthly/february-1984-276.html
1984-02-01	Most Hated	most_hated	6	Ted DiBiase	http://www.profightdb.com/pwi-monthly/february-1984-276.html
1984-02-01	Most Hated	most_hated	7	Buzz Sawyer	http://www.profightdb.com/pwi-monthly/february-1984-276.html
1984-02-01	Most Hated	most_hated	8	Abdullah The Butcher	http://www.profightdb.com/pwi-monthly/february-1984-276.html
1984-02-01	Most Hated	most_hated	9	The Magnificent Muraco	http://www.profightdb.com/pwi-monthly/february-1984-276.html
1984-02-01	Most Hated	most_hated	10	Kevin Sullivan	http://www.profightdb.com/pwi-monthly/february-1984-276.html
1984-02-01	WWF	promotion	1	The Masked Superstar	http://www.profightdb.com/pwi-monthly/february-1984-276.html
1984-02-01	WWF	promotion	2	The Magnificent Muraco	http://www.profightdb.com/pwi-monthly/february-1984-276.html
1984-02-01	WWF	promotion	3	Jimmy Snuka	http://www.profightdb.com/pwi-monthly/february-1984-276.html
1984-02-01	WWF	promotion	4	Sergeant Slaughter	http://www.profightdb.com/pwi-monthly/february-1984-276.html
1984-02-01	WWF	promotion	5	Tito Santana	http://www.profightdb.com/pwi-monthly/february-1984-276.html
1984-02-01	WWF	promotion	7	Tony Atlas	http://www.profightdb.com/pwi-monthly/february-1984-276.html
1984-02-01	WWF	promotion	8	Rocky Johnson	http://www.profightdb.com/pwi-monthly/february-1984-276.html
1984-02-01	WWF	promotion	9	Ivan Putski	http://www.profightdb.com/pwi-monthly/february-1984-276.html
1984-02-01	WWF	promotion	10	The Iron Sheik	http://www.profightdb.com/pwi-monthly/february-1984-276.html
1984-02-01	AWA	promotion	1	Hulk Hogan	http://www.profightdb.com/pwi-monthly/february-1984-276.html
1984-02-01	AWA	promotion	2	Brad Rheingans	http://www.profightdb.com/pwi-monthly/february-1984-276.html
1984-02-01	AWA	promotion	4	Rick Martel	http://www.profightdb.com/pwi-monthly/february-1984-276.html
1984-02-01	AWA	promotion	5	Mr. Saito	http://www.profightdb.com/pwi-monthly/february-1984-276.html
1984-02-01	AWA	promotion	6	Ken Patera	http://www.profightdb.com/pwi-monthly/february-1984-276.html
1984-02-01	AWA	promotion	7	Wahoo McDaniel	http://www.profightdb.com/pwi-monthly/february-1984-276.html
1984-02-01	AWA	promotion	8	Crusher Blackwell	http://www.profightdb.com/pwi-monthly/february-1984-276.html
1984-02-01	AWA	promotion	10	David Schultz	http://www.profightdb.com/pwi-monthly/february-1984-276.html
1984-02-01	NWA	promotion	1	Greg Valentine	http://www.profightdb.com/pwi-monthly/february-1984-276.html
1984-02-01	NWA	promotion	2	David Von Erich	http://www.profightdb.com/pwi-monthly/february-1984-276.html
1984-02-01	NWA	promotion	3	Barry Windham	http://www.profightdb.com/pwi-monthly/february-1984-276.html
1984-02-01	NWA	promotion	4	Brett Wayne	http://www.profightdb.com/pwi-monthly/february-1984-276.html
1984-02-01	NWA	promotion	6	Mike Rotundo	http://www.profightdb.com/pwi-monthly/february-1984-276.html
1984-02-01	NWA	promotion	7	Ric Flair	http://www.profightdb.com/pwi-monthly/february-1984-276.html
1984-02-01	NWA	promotion	8	Bill Irwin	http://www.profightdb.com/pwi-monthly/february-1984-276.html
1984-02-01	NWA	promotion	9	Bob Armstrong	http://www.profightdb.com/pwi-monthly/february-1984-276.html
1984-02-01	NWA	promotion	10	Carlos Colon	http://www.profightdb.com/pwi-monthly/february-1984-276.html
1984-02-01	Florida	territory	1	Mike Rotundo	http://www.profightdb.com/pwi-monthly/february-1984-276.html
1984-02-01	Florida	territory	2	Barry Windham	http://www.profightdb.com/pwi-monthly/february-1984-276.html
1984-02-01	Florida	territory	3	Dusty Rhodes	http://www.profightdb.com/pwi-monthly/february-1984-276.html
1984-02-01	Florida	territory	4	Ron Bass	http://www.profightdb.com/pwi-monthly/february-1984-276.html
1984-02-01	Florida	territory	6	Jos LeDuc	http://www.profightdb.com/pwi-monthly/february-1984-276.html
1984-02-01	Florida	territory	7	Angelo Mosca	http://www.profightdb.com/pwi-monthly/february-1984-276.html
1984-02-01	Florida	territory	9	Abdullah The Butcher	http://www.profightdb.com/pwi-monthly/february-1984-276.html
1984-02-01	Florida	territory	10	Angelo Mosca Jr.	http://www.profightdb.com/pwi-monthly/february-1984-276.html
1984-02-01	Georgia	territory	1	Brett Wayne	http://www.profightdb.com/pwi-monthly/february-1984-276.html
1984-02-01	Georgia	territory	2	Jake Roberts	http://www.profightdb.com/pwi-monthly/february-1984-276.html
1984-02-01	Georgia	territory	4	Buzz Sawyer	http://www.profightdb.com/pwi-monthly/february-1984-276.html
1984-02-01	Georgia	territory	5	Tommy Rich	http://www.profightdb.com/pwi-monthly/february-1984-276.html
1984-02-01	Georgia	territory	6	Pez Whatley	http://www.profightdb.com/pwi-monthly/february-1984-276.html
1984-02-01	Georgia	territory	7	Ronnie Garvin	http://www.profightdb.com/pwi-monthly/february-1984-276.html
1984-02-01	Georgia	territory	8	Roddy Piper	http://www.profightdb.com/pwi-monthly/february-1984-276.html
1984-02-01	Georgia	territory	9	Ted DiBiase	http://www.profightdb.com/pwi-monthly/february-1984-276.html
1984-02-01	Georgia	territory	10	King Kong Bundy	http://www.profightdb.com/pwi-monthly/february-1984-276.html
1984-02-01	Mid-Atlantic	territory	1	Greg Valentine	http://www.profightdb.com/pwi-monthly/february-1984-276.html
1984-02-01	Mid-Atlantic	territory	3	Roddy Piper	http://www.profightdb.com/pwi-monthly/february-1984-276.html
1984-02-01	Mid-Atlantic	territory	5	Ric Flair	http://www.profightdb.com/pwi-monthly/february-1984-276.html
1984-02-01	Mid-Atlantic	territory	6	Dick Slater	http://www.profightdb.com/pwi-monthly/february-1984-276.html
1984-02-01	Mid-Atlantic	territory	7	The Great Kabuki	http://www.profightdb.com/pwi-monthly/february-1984-276.html
1984-02-01	Mid-Atlantic	territory	8	Charlie Brown	http://www.profightdb.com/pwi-monthly/february-1984-276.html
1984-02-01	Mid-Atlantic	territory	9	Bugsy McGraw	http://www.profightdb.com/pwi-monthly/february-1984-276.html
1984-02-01	Mid-Atlantic	territory	10	Kevin Sullivan	http://www.profightdb.com/pwi-monthly/february-1984-276.html
1984-02-01	Mid-South	territory	1	Butch Reed	http://www.profightdb.com/pwi-monthly/february-1984-276.html
1984-02-01	Mid-South	territory	2	Jim Duggan	http://www.profightdb.com/pwi-monthly/february-1984-276.html
1984-02-01	Mid-South	territory	3	Junkyard Dog	http://www.profightdb.com/pwi-monthly/february-1984-276.html
1984-02-01	Mid-South	territory	4	King Kong Bundy	http://www.profightdb.com/pwi-monthly/february-1984-276.html
1984-02-01	Mid-South	territory	5	Kamala	http://www.profightdb.com/pwi-monthly/february-1984-276.html
1984-02-01	Mid-South	territory	7	Dusty Rhodes	http://www.profightdb.com/pwi-monthly/february-1984-276.html
1984-02-01	Mid-South	territory	8	Terry Allen	http://www.profightdb.com/pwi-monthly/february-1984-276.html
1984-02-01	Mid-South	territory	9	Boris Zhukov	http://www.profightdb.com/pwi-monthly/february-1984-276.html
1984-02-01	Mid-South	territory	10	Johnny Rich	http://www.profightdb.com/pwi-monthly/february-1984-276.html
1984-02-01	Northwest	territory	1	Dynamite Kid	http://www.profightdb.com/pwi-monthly/february-1984-276.html
1984-02-01	Northwest	territory	2	Curt Hennig	http://www.profightdb.com/pwi-monthly/february-1984-276.html
1984-02-01	Northwest	territory	4	Rip Oliver	http://www.profightdb.com/pwi-monthly/february-1984-276.html
1984-02-01	Northwest	territory	5	Billy Jack	http://www.profightdb.com/pwi-monthly/february-1984-276.html
1984-02-01	Northwest	territory	7	Al Madril	http://www.profightdb.com/pwi-monthly/february-1984-276.html
1984-02-01	Northwest	territory	8	Matt Borne	http://www.profightdb.com/pwi-monthly/february-1984-276.html
1984-02-01	Northwest	territory	10	Ron Ritchie	http://www.profightdb.com/pwi-monthly/february-1984-276.html
1984-02-01	Southwest	territory	1	Adrian Adonis	http://www.profightdb.com/pwi-monthly/february-1984-276.html
1984-02-01	Southwest	territory	2	Scott Casey	http://www.profightdb.com/pwi-monthly/february-1984-276.html
1984-02-01	Southwest	territory	3	Tully Blanchard	http://www.profightdb.com/pwi-monthly/february-1984-276.html
1984-02-01	Southwest	territory	4	Eric Embry	http://www.profightdb.com/pwi-monthly/february-1984-276.html
1984-02-01	Southwest	territory	5	Bobby Jaggers	http://www.profightdb.com/pwi-monthly/february-1984-276.html
1984-02-01	Southwest	territory	6	Ken Timbs	http://www.profightdb.com/pwi-monthly/february-1984-276.html
1984-02-01	Southwest	territory	7	Adrian Street	http://www.profightdb.com/pwi-monthly/february-1984-276.html
1984-02-01	Southwest	territory	8	Luke Williams	http://www.profightdb.com/pwi-monthly/february-1984-276.html
1984-02-01	Southwest	territory	9	Al Perez	http://www.profightdb.com/pwi-monthly/february-1984-276.html
1984-02-01	Southwest	territory	10	Black Gordman	http://www.profightdb.com/pwi-monthly/february-1984-276.html
1984-02-01	World Class	territory	1	Jim Garvin	http://www.profightdb.com/pwi-monthly/february-1984-276.html
1984-02-01	World Class	territory	2	David Von Erich	http://www.profightdb.com/pwi-monthly/february-1984-276.html
1984-02-01	World Class	territory	3	Kevin Von Erich	http://www.profightdb.com/pwi-monthly/february-1984-276.html
1984-02-01	World Class	territory	4	Michael Hayes	http://www.profightdb.com/pwi-monthly/february-1984-276.html
1984-02-01	World Class	territory	5	Kerry Von Erich	http://www.profightdb.com/pwi-monthly/february-1984-276.html
1984-02-01	World Class	territory	6	Kamala	http://www.profightdb.com/pwi-monthly/february-1984-276.html
1984-02-01	World Class	territory	9	Terry Gordy	http://www.profightdb.com/pwi-monthly/february-1984-276.html
1984-02-01	World Class	territory	10	Chris Adams	http://www.profightdb.com/pwi-monthly/february-1984-276.html
1984-03-01	Top 10	singles	3	Hulk Hogan	http://www.profightdb.com/pwi-monthly/march-1984-277.html
1984-03-01	Top 10	singles	5	Dusty Rhodes	http://www.profightdb.com/pwi-monthly/march-1984-277.html
1984-03-01	Top 10	singles	6	Barry Windham	http://www.profightdb.com/pwi-monthly/march-1984-277.html
1984-03-01	Top 10	singles	7	David Von Erich	http://www.profightdb.com/pwi-monthly/march-1984-277.html
1984-03-01	Top 10	singles	8	Bob Backlund	http://www.profightdb.com/pwi-monthly/march-1984-277.html
1984-03-01	Top 10	singles	9	Mil Mascaras	http://www.profightdb.com/pwi-monthly/march-1984-277.html
1984-03-01	Top 10	singles	10	Greg Valentine	http://www.profightdb.com/pwi-monthly/march-1984-277.html
1984-03-01	Most Popular	most_popular	1	Jimmy Snuka	http://www.profightdb.com/pwi-monthly/march-1984-277.html
1984-03-01	Most Popular	most_popular	2	Dusty Rhodes	http://www.profightdb.com/pwi-monthly/march-1984-277.html
1984-03-01	Most Popular	most_popular	4	Junkyard Dog	http://www.profightdb.com/pwi-monthly/march-1984-277.html
1984-03-01	Most Popular	most_popular	5	Hulk Hogan	http://www.profightdb.com/pwi-monthly/march-1984-277.html
1984-03-01	Most Popular	most_popular	6	David Von Erich	http://www.profightdb.com/pwi-monthly/march-1984-277.html
1984-03-01	Most Popular	most_popular	7	Tommy Rich	http://www.profightdb.com/pwi-monthly/march-1984-277.html
1984-03-01	Most Popular	most_popular	8	Barry Windham	http://www.profightdb.com/pwi-monthly/march-1984-277.html
1984-03-01	Most Popular	most_popular	9	Bob Backlund	http://www.profightdb.com/pwi-monthly/march-1984-277.html
1984-03-01	Most Popular	most_popular	10	Mike Rotundo	http://www.profightdb.com/pwi-monthly/march-1984-277.html
1984-03-01	Most Hated	most_hated	1	Greg Valentine	http://www.profightdb.com/pwi-monthly/march-1984-277.html
1984-03-01	Most Hated	most_hated	2	Abdullah The Butcher	http://www.profightdb.com/pwi-monthly/march-1984-277.html
1984-03-01	Most Hated	most_hated	3	Jake Roberts	http://www.profightdb.com/pwi-monthly/march-1984-277.html
1984-03-01	Most Hated	most_hated	4	Butch Reed	http://www.profightdb.com/pwi-monthly/march-1984-277.html
1984-03-01	Most Hated	most_hated	5	Mr. Saito	http://www.profightdb.com/pwi-monthly/march-1984-277.html
1984-03-01	Most Hated	most_hated	6	Ted DiBiase	http://www.profightdb.com/pwi-monthly/march-1984-277.html
1984-03-01	Most Hated	most_hated	7	Ron Bass	http://www.profightdb.com/pwi-monthly/march-1984-277.html
1984-03-01	Most Hated	most_hated	8	The Magnificent Muraco	http://www.profightdb.com/pwi-monthly/march-1984-277.html
1984-03-01	Most Hated	most_hated	9	Kevin Sullivan	http://www.profightdb.com/pwi-monthly/march-1984-277.html
1984-03-01	Most Hated	most_hated	10	Michael Hayes	http://www.profightdb.com/pwi-monthly/march-1984-277.html
1984-03-01	WWF	promotion	1	The Masked Superstar	http://www.profightdb.com/pwi-monthly/march-1984-277.html
1984-03-01	WWF	promotion	2	The Magnificent Muraco	http://www.profightdb.com/pwi-monthly/march-1984-277.html
1984-03-01	WWF	promotion	3	Jimmy Snuka	http://www.profightdb.com/pwi-monthly/march-1984-277.html
1984-03-01	WWF	promotion	4	Sergeant Slaughter	http://www.profightdb.com/pwi-monthly/march-1984-277.html
1984-03-01	WWF	promotion	5	Tito Santana	http://www.profightdb.com/pwi-monthly/march-1984-277.html
1984-03-01	WWF	promotion	6	The Iron Sheik	http://www.profightdb.com/pwi-monthly/march-1984-277.html
1984-03-01	WWF	promotion	7	Tony Atlas	http://www.profightdb.com/pwi-monthly/march-1984-277.html
1984-03-01	WWF	promotion	8	Rocky Johnson	http://www.profightdb.com/pwi-monthly/march-1984-277.html
1984-03-01	WWF	promotion	9	Ivan Putski	http://www.profightdb.com/pwi-monthly/march-1984-277.html
1984-03-01	AWA	promotion	1	Hulk Hogan	http://www.profightdb.com/pwi-monthly/march-1984-277.html
1984-03-01	AWA	promotion	3	Rick Martel	http://www.profightdb.com/pwi-monthly/march-1984-277.html
1984-03-01	AWA	promotion	4	Brad Rheingans	http://www.profightdb.com/pwi-monthly/march-1984-277.html
1984-03-01	AWA	promotion	5	Mr. Saito	http://www.profightdb.com/pwi-monthly/march-1984-277.html
1984-03-01	AWA	promotion	6	Ken Patera	http://www.profightdb.com/pwi-monthly/march-1984-277.html
1984-03-01	AWA	promotion	7	Billy Robinson	http://www.profightdb.com/pwi-monthly/march-1984-277.html
1984-03-01	AWA	promotion	9	David Schultz	http://www.profightdb.com/pwi-monthly/march-1984-277.html
1984-03-01	NWA	promotion	1	Greg Valentine	http://www.profightdb.com/pwi-monthly/march-1984-277.html
1984-03-01	NWA	promotion	2	David Von Erich	http://www.profightdb.com/pwi-monthly/march-1984-277.html
1984-03-01	NWA	promotion	3	Barry Windham	http://www.profightdb.com/pwi-monthly/march-1984-277.html
1984-03-01	NWA	promotion	4	Brett Wayne	http://www.profightdb.com/pwi-monthly/march-1984-277.html
1984-03-01	NWA	promotion	6	Mike Rotundo	http://www.profightdb.com/pwi-monthly/march-1984-277.html
1984-03-01	NWA	promotion	7	Ric Flair	http://www.profightdb.com/pwi-monthly/march-1984-277.html
1984-03-01	NWA	promotion	8	Tommy Rich	http://www.profightdb.com/pwi-monthly/march-1984-277.html
1984-03-01	NWA	promotion	9	Buzz Tyler	http://www.profightdb.com/pwi-monthly/march-1984-277.html
1984-03-01	NWA	promotion	10	Carlos Colon	http://www.profightdb.com/pwi-monthly/march-1984-277.html
1984-03-01	Florida	territory	1	Mike Rotundo	http://www.profightdb.com/pwi-monthly/march-1984-277.html
1984-03-01	Florida	territory	2	Barry Windham	http://www.profightdb.com/pwi-monthly/march-1984-277.html
1984-03-01	Florida	territory	3	Dusty Rhodes	http://www.profightdb.com/pwi-monthly/march-1984-277.html
1984-03-01	Florida	territory	4	Abdullah The Butcher	http://www.profightdb.com/pwi-monthly/march-1984-277.html
1984-03-01	Florida	territory	5	Ron Bass	http://www.profightdb.com/pwi-monthly/march-1984-277.html
1984-03-01	Florida	territory	8	Elijah Akeem	http://www.profightdb.com/pwi-monthly/march-1984-277.html
1984-03-01	Florida	territory	9	Kareem Muhammad	http://www.profightdb.com/pwi-monthly/march-1984-277.html
1984-03-01	Florida	territory	10	Mike Davis	http://www.profightdb.com/pwi-monthly/march-1984-277.html
1984-03-01	Georgia	territory	1	Brett Wayne	http://www.profightdb.com/pwi-monthly/march-1984-277.html
1984-03-01	Georgia	territory	2	Jake Roberts	http://www.profightdb.com/pwi-monthly/march-1984-277.html
1984-03-01	Georgia	territory	4	Buzz Sawyer	http://www.profightdb.com/pwi-monthly/march-1984-277.html
1984-03-01	Georgia	territory	5	Tommy Rich	http://www.profightdb.com/pwi-monthly/march-1984-277.html
1984-03-01	Georgia	territory	6	Ronnie Garvin	http://www.profightdb.com/pwi-monthly/march-1984-277.html
1984-03-01	Georgia	territory	7	Pez Whatley	http://www.profightdb.com/pwi-monthly/march-1984-277.html
1984-03-01	Georgia	territory	8	Abdullah The Butcher	http://www.profightdb.com/pwi-monthly/march-1984-277.html
1984-03-01	Georgia	territory	9	King Kong Bundy	http://www.profightdb.com/pwi-monthly/march-1984-277.html
1984-03-01	Georgia	territory	10	Ted DiBiase	http://www.profightdb.com/pwi-monthly/march-1984-277.html
1984-03-01	Mid-Atlantic	territory	1	Greg Valentine	http://www.profightdb.com/pwi-monthly/march-1984-277.html
1984-03-01	Mid-Atlantic	territory	3	Roddy Piper	http://www.profightdb.com/pwi-monthly/march-1984-277.html
1984-03-01	Mid-Atlantic	territory	4	Dick Slater	http://www.profightdb.com/pwi-monthly/march-1984-277.html
1984-03-01	Mid-Atlantic	territory	5	Ric Flair	http://www.profightdb.com/pwi-monthly/march-1984-277.html
1984-03-01	Mid-Atlantic	territory	7	The Great Kabuki	http://www.profightdb.com/pwi-monthly/march-1984-277.html
1984-03-01	Mid-Atlantic	territory	8	Charlie Brown	http://www.profightdb.com/pwi-monthly/march-1984-277.html
1984-03-01	Mid-Atlantic	territory	9	Bugsy McGraw	http://www.profightdb.com/pwi-monthly/march-1984-277.html
1984-03-01	Mid-Atlantic	territory	10	Kevin Sullivan	http://www.profightdb.com/pwi-monthly/march-1984-277.html
1984-03-01	Mid-South	territory	1	Terry Allen	http://www.profightdb.com/pwi-monthly/march-1984-277.html
1984-03-01	Mid-South	territory	2	Butch Reed	http://www.profightdb.com/pwi-monthly/march-1984-277.html
1984-03-01	Mid-South	territory	3	Nikolai Volkoff	http://www.profightdb.com/pwi-monthly/march-1984-277.html
1984-03-01	Mid-South	territory	4	Jim Duggan	http://www.profightdb.com/pwi-monthly/march-1984-277.html
1984-03-01	Mid-South	territory	5	Junkyard Dog	http://www.profightdb.com/pwi-monthly/march-1984-277.html
1984-03-01	Mid-South	territory	6	Kamala	http://www.profightdb.com/pwi-monthly/march-1984-277.html
1984-03-01	Mid-South	territory	7	King Kong Bundy	http://www.profightdb.com/pwi-monthly/march-1984-277.html
1984-03-01	Mid-South	territory	8	Krusher Darsow	http://www.profightdb.com/pwi-monthly/march-1984-277.html
1984-03-01	Mid-South	territory	9	Boris Zhukov	http://www.profightdb.com/pwi-monthly/march-1984-277.html
1984-03-01	Mid-South	territory	10	Steve Williams	http://www.profightdb.com/pwi-monthly/march-1984-277.html
1984-03-01	Mid-Southern	territory	1	Austin Idol	http://www.profightdb.com/pwi-monthly/march-1984-277.html
1984-03-01	Mid-Southern	territory	2	Jesse Ventura	http://www.profightdb.com/pwi-monthly/march-1984-277.html
1984-03-01	Mid-Southern	territory	3	Jerry Lawler	http://www.profightdb.com/pwi-monthly/march-1984-277.html
1984-03-01	Mid-Southern	territory	4	Stan Hansen	http://www.profightdb.com/pwi-monthly/march-1984-277.html
1984-03-01	Mid-Southern	territory	5	Bill Dundee	http://www.profightdb.com/pwi-monthly/march-1984-277.html
1984-03-01	Mid-Southern	territory	8	Stan Lane	http://www.profightdb.com/pwi-monthly/march-1984-277.html
1984-03-01	Mid-Southern	territory	9	Dennis Condrey	http://www.profightdb.com/pwi-monthly/march-1984-277.html
1984-03-01	Mid-Southern	territory	10	Koko Ware	http://www.profightdb.com/pwi-monthly/march-1984-277.html
1984-03-01	Northwest	territory	1	Billy Jack	http://www.profightdb.com/pwi-monthly/march-1984-277.html
1984-03-01	Northwest	territory	3	Dynamite Kid	http://www.profightdb.com/pwi-monthly/march-1984-277.html
1984-03-01	Northwest	territory	4	Jules Strongbow	http://www.profightdb.com/pwi-monthly/march-1984-277.html
1984-03-01	Northwest	territory	5	Rip Oliver	http://www.profightdb.com/pwi-monthly/march-1984-277.html
1984-03-01	Northwest	territory	7	Curt Hennig	http://www.profightdb.com/pwi-monthly/march-1984-277.html
1984-03-01	Northwest	territory	8	Matt Borne	http://www.profightdb.com/pwi-monthly/march-1984-277.html
1984-03-01	Northwest	territory	9	Sheik Abdullah	http://www.profightdb.com/pwi-monthly/march-1984-277.html
1984-03-01	World Class	territory	1	Jim Garvin	http://www.profightdb.com/pwi-monthly/march-1984-277.html
1984-03-01	World Class	territory	2	David Von Erich	http://www.profightdb.com/pwi-monthly/march-1984-277.html
1984-03-01	World Class	territory	3	Kevin Von Erich	http://www.profightdb.com/pwi-monthly/march-1984-277.html
1984-03-01	World Class	territory	4	Michael Hayes	http://www.profightdb.com/pwi-monthly/march-1984-277.html
1984-03-01	World Class	territory	5	Kerry Von Erich	http://www.profightdb.com/pwi-monthly/march-1984-277.html
1984-03-01	World Class	territory	7	Kamala	http://www.profightdb.com/pwi-monthly/march-1984-277.html
1984-03-01	World Class	territory	8	Chris Adams	http://www.profightdb.com/pwi-monthly/march-1984-277.html
1984-03-01	World Class	territory	9	Terry Gordy	http://www.profightdb.com/pwi-monthly/march-1984-277.html
1984-03-01	World Class	territory	10	Super Destroyer #1	http://www.profightdb.com/pwi-monthly/march-1984-277.html
1984-06-15	Top 10	singles	1	Ric Flair	http://www.profightdb.com/pwi-monthly/summer-1984-386.html
1984-06-15	Top 10	singles	4	Dusty Rhodes	http://www.profightdb.com/pwi-monthly/summer-1984-386.html
1984-06-15	Top 10	singles	6	Hulk Hogan	http://www.profightdb.com/pwi-monthly/summer-1984-386.html
1984-06-15	Top 10	singles	8	David Von Erich	http://www.profightdb.com/pwi-monthly/summer-1984-386.html
1984-06-15	Top 10	singles	9	Dino Bravo	http://www.profightdb.com/pwi-monthly/summer-1984-386.html
1984-06-15	Top 10	singles	10	Dick Slater	http://www.profightdb.com/pwi-monthly/summer-1984-386.html
1984-06-15	Most Popular	most_popular	2	Buzz Sawyer	http://www.profightdb.com/pwi-monthly/summer-1984-386.html
1984-06-15	Most Popular	most_popular	3	Dusty Rhodes	http://www.profightdb.com/pwi-monthly/summer-1984-386.html
1984-06-15	Most Popular	most_popular	4	Jimmy Snuka	http://www.profightdb.com/pwi-monthly/summer-1984-386.html
1984-06-15	Most Popular	most_popular	5	Junkyard Dog	http://www.profightdb.com/pwi-monthly/summer-1984-386.html
1984-06-15	Most Popular	most_popular	6	Kerry Von Erich	http://www.profightdb.com/pwi-monthly/summer-1984-386.html
1984-06-15	Most Popular	most_popular	7	Hulk Hogan	http://www.profightdb.com/pwi-monthly/summer-1984-386.html
1984-06-15	Most Popular	most_popular	8	Mike Rotundo	http://www.profightdb.com/pwi-monthly/summer-1984-386.html
1984-06-15	Most Popular	most_popular	9	Magnum T. A.	http://www.profightdb.com/pwi-monthly/summer-1984-386.html
1984-06-15	Most Popular	most_popular	10	Billy Jack	http://www.profightdb.com/pwi-monthly/summer-1984-386.html
1984-06-15	Most Hated	most_hated	1	Nikolai Volkoff	http://www.profightdb.com/pwi-monthly/summer-1984-386.html
1984-06-15	Most Hated	most_hated	2	Greg Valentine	http://www.profightdb.com/pwi-monthly/summer-1984-386.html
1984-06-15	Most Hated	most_hated	3	King Kong Bundy	http://www.profightdb.com/pwi-monthly/summer-1984-386.html
1984-06-15	Most Hated	most_hated	4	Butch Reed	http://www.profightdb.com/pwi-monthly/summer-1984-386.html
1984-06-15	Most Hated	most_hated	5	Ted DiBiase	http://www.profightdb.com/pwi-monthly/summer-1984-386.html
1984-06-15	Most Hated	most_hated	7	Ron Bass	http://www.profightdb.com/pwi-monthly/summer-1984-386.html
1984-06-15	Most Hated	most_hated	8	The Iron Sheik	http://www.profightdb.com/pwi-monthly/summer-1984-386.html
1984-06-15	Most Hated	most_hated	9	Jim Garvin	http://www.profightdb.com/pwi-monthly/summer-1984-386.html
1984-06-15	Most Hated	most_hated	10	Kendo Nagasaki	http://www.profightdb.com/pwi-monthly/summer-1984-386.html
1984-06-15	WWF	promotion	1	Bob Backlund	http://www.profightdb.com/pwi-monthly/summer-1984-386.html
1984-06-15	WWF	promotion	2	The Magnificent Muraco	http://www.profightdb.com/pwi-monthly/summer-1984-386.html
1984-06-15	WWF	promotion	3	Paul Orndorff	http://www.profightdb.com/pwi-monthly/summer-1984-386.html
1984-06-15	WWF	promotion	4	Jimmy Snuka	http://www.profightdb.com/pwi-monthly/summer-1984-386.html
1984-06-15	WWF	promotion	5	The Masked Superstar	http://www.profightdb.com/pwi-monthly/summer-1984-386.html
1984-06-15	WWF	promotion	6	Tito Santana	http://www.profightdb.com/pwi-monthly/summer-1984-386.html
1984-06-15	WWF	promotion	7	Sergeant Slaughter	http://www.profightdb.com/pwi-monthly/summer-1984-386.html
1984-06-15	WWF	promotion	8	Rocky Johnson	http://www.profightdb.com/pwi-monthly/summer-1984-386.html
1984-06-15	WWF	promotion	9	Tony Atlas	http://www.profightdb.com/pwi-monthly/summer-1984-386.html
1984-06-15	WWF	promotion	10	Ivan Putski	http://www.profightdb.com/pwi-monthly/summer-1984-386.html
1984-06-15	AWA	promotion	2	Billy Robinson	http://www.profightdb.com/pwi-monthly/summer-1984-386.html
1984-06-15	AWA	promotion	3	Jerry Lawler	http://www.profightdb.com/pwi-monthly/summer-1984-386.html
1984-06-15	AWA	promotion	4	Mr. Saito	http://www.profightdb.com/pwi-monthly/summer-1984-386.html
1984-06-15	AWA	promotion	5	Ken Patera	http://www.profightdb.com/pwi-monthly/summer-1984-386.html
1984-06-15	AWA	promotion	7	Brad Rheingans	http://www.profightdb.com/pwi-monthly/summer-1984-386.html
1984-06-15	AWA	promotion	8	Billy Graham	http://www.profightdb.com/pwi-monthly/summer-1984-386.html
1984-06-15	AWA	promotion	9	Crusher Blackwell	http://www.profightdb.com/pwi-monthly/summer-1984-386.html
1984-06-15	AWA	promotion	10	Jesse Ventura	http://www.profightdb.com/pwi-monthly/summer-1984-386.html
1984-06-15	NWA	promotion	1	Dick Slater	http://www.profightdb.com/pwi-monthly/summer-1984-386.html
1984-06-15	NWA	promotion	2	Ted DiBiase	http://www.profightdb.com/pwi-monthly/summer-1984-386.html
1984-06-15	NWA	promotion	4	Mike Rotundo	http://www.profightdb.com/pwi-monthly/summer-1984-386.html
1984-06-15	NWA	promotion	5	Ron Bass	http://www.profightdb.com/pwi-monthly/summer-1984-386.html
1984-06-15	NWA	promotion	6	Greg Valentine	http://www.profightdb.com/pwi-monthly/summer-1984-386.html
1984-06-15	NWA	promotion	7	Carlos Colon	http://www.profightdb.com/pwi-monthly/summer-1984-386.html
1984-06-15	NWA	promotion	8	Chris Adams	http://www.profightdb.com/pwi-monthly/summer-1984-386.html
1984-06-15	NWA	promotion	9	David Von Erich	http://www.profightdb.com/pwi-monthly/summer-1984-386.html
1984-06-15	NWA	promotion	10	Rip Oliver	http://www.profightdb.com/pwi-monthly/summer-1984-386.html
1984-06-15	Florida	territory	1	Ron Bass	http://www.profightdb.com/pwi-monthly/summer-1984-386.html
1984-06-15	Florida	territory	2	Mike Rotundo	http://www.profightdb.com/pwi-monthly/summer-1984-386.html
1984-06-15	Florida	territory	3	Dusty Rhodes	http://www.profightdb.com/pwi-monthly/summer-1984-386.html
1984-06-15	Florida	territory	5	Dirty Yellow Dog	http://www.profightdb.com/pwi-monthly/summer-1984-386.html
1984-06-15	Florida	territory	7	Mike Davis	http://www.profightdb.com/pwi-monthly/summer-1984-386.html
1984-06-15	Florida	territory	8	One Man Gang	http://www.profightdb.com/pwi-monthly/summer-1984-386.html
1984-06-15	Florida	territory	9	Kendo Nagasaki	http://www.profightdb.com/pwi-monthly/summer-1984-386.html
1984-06-15	Florida	territory	10	Hector Guerrero	http://www.profightdb.com/pwi-monthly/summer-1984-386.html
1984-06-15	Georgia	territory	1	Ted DiBiase	http://www.profightdb.com/pwi-monthly/summer-1984-386.html
1984-06-15	Georgia	territory	2	Jake Roberts	http://www.profightdb.com/pwi-monthly/summer-1984-386.html
1984-06-15	Georgia	territory	3	Buzz Sawyer	http://www.profightdb.com/pwi-monthly/summer-1984-386.html
1984-06-15	Georgia	territory	5	King Kong Bundy	http://www.profightdb.com/pwi-monthly/summer-1984-386.html
1984-06-15	Georgia	territory	7	Pez Whatley	http://www.profightdb.com/pwi-monthly/summer-1984-386.html
1984-06-15	Georgia	territory	8	Ronnie Garvin	http://www.profightdb.com/pwi-monthly/summer-1984-386.html
1984-06-15	Georgia	territory	9	Bugsy McGraw	http://www.profightdb.com/pwi-monthly/summer-1984-386.html
1984-06-15	Georgia	territory	10	Tommy Rogers	http://www.profightdb.com/pwi-monthly/summer-1984-386.html
1984-06-15	Mid-Atlantic	territory	1	Dick Slater	http://www.profightdb.com/pwi-monthly/summer-1984-386.html
1984-06-15	Mid-Atlantic	territory	2	Greg Valentine	http://www.profightdb.com/pwi-monthly/summer-1984-386.html
1984-06-15	Mid-Atlantic	territory	3	Dory Funk, Jr.	http://www.profightdb.com/pwi-monthly/summer-1984-386.html
1984-06-15	Mid-Atlantic	territory	5	Wahoo McDaniel	http://www.profightdb.com/pwi-monthly/summer-1984-386.html
1984-06-15	Mid-Atlantic	territory	7	The Great Kabuki	http://www.profightdb.com/pwi-monthly/summer-1984-386.html
1984-06-15	Mid-Atlantic	territory	8	Roddy Piper	http://www.profightdb.com/pwi-monthly/summer-1984-386.html
1984-06-15	Mid-Atlantic	territory	9	Mark Youngblood	http://www.profightdb.com/pwi-monthly/summer-1984-386.html
1984-06-15	Mid-South	territory	1	Junkyard Dog	http://www.profightdb.com/pwi-monthly/summer-1984-386.html
1984-06-15	Mid-South	territory	2	Nikolai Volkoff	http://www.profightdb.com/pwi-monthly/summer-1984-386.html
1984-06-15	Mid-South	territory	3	Krusher Darsow	http://www.profightdb.com/pwi-monthly/summer-1984-386.html
1984-06-15	Mid-South	territory	4	Butch Reed	http://www.profightdb.com/pwi-monthly/summer-1984-386.html
1984-06-15	Mid-South	territory	5	Magnum T. A.	http://www.profightdb.com/pwi-monthly/summer-1984-386.html
1984-06-15	Mid-South	territory	7	Jim Duggan	http://www.profightdb.com/pwi-monthly/summer-1984-386.html
1984-06-15	Mid-South	territory	8	Kamala	http://www.profightdb.com/pwi-monthly/summer-1984-386.html
1984-06-15	Mid-South	territory	10	Steve Williams	http://www.profightdb.com/pwi-monthly/summer-1984-386.html
1984-06-15	Mid-Southern	territory	1	Austin Idol	http://www.profightdb.com/pwi-monthly/summer-1984-386.html
1984-06-15	Mid-Southern	territory	2	Jerry Lawler	http://www.profightdb.com/pwi-monthly/summer-1984-386.html
1984-06-15	Mid-Southern	territory	3	Jos LeDuc	http://www.profightdb.com/pwi-monthly/summer-1984-386.html
1984-06-15	Mid-Southern	territory	4	Randy Savage	http://www.profightdb.com/pwi-monthly/summer-1984-386.html
1984-06-15	Mid-Southern	territory	5	King Konga	http://www.profightdb.com/pwi-monthly/summer-1984-386.html
1984-06-15	Mid-Southern	territory	8	Stan Lane	http://www.profightdb.com/pwi-monthly/summer-1984-386.html
1984-06-15	Mid-Southern	territory	9	Mr. Ebony	http://www.profightdb.com/pwi-monthly/summer-1984-386.html
1984-06-15	Mid-Southern	territory	10	Koko Ware	http://www.profightdb.com/pwi-monthly/summer-1984-386.html
1984-06-15	Northwest	territory	1	Rip Oliver	http://www.profightdb.com/pwi-monthly/summer-1984-386.html
1984-06-15	Northwest	territory	2	Billy Jack	http://www.profightdb.com/pwi-monthly/summer-1984-386.html
1984-06-15	Northwest	territory	3	Dynamite Kid	http://www.profightdb.com/pwi-monthly/summer-1984-386.html
1984-06-15	Northwest	territory	4	Jules Strongbow	http://www.profightdb.com/pwi-monthly/summer-1984-386.html
1984-06-15	Northwest	territory	7	Curt Hennig	http://www.profightdb.com/pwi-monthly/summer-1984-386.html
1984-06-15	Northwest	territory	8	Scott McGhee	http://www.profightdb.com/pwi-monthly/summer-1984-386.html
1984-06-15	Northwest	territory	9	Chavo Guerrero	http://www.profightdb.com/pwi-monthly/summer-1984-386.html
1984-06-15	Northwest	territory	10	Matt Borne	http://www.profightdb.com/pwi-monthly/summer-1984-386.html
1984-06-15	World Class	territory	1	Chris Adams	http://www.profightdb.com/pwi-monthly/summer-1984-386.html
1984-06-15	World Class	territory	2	David Von Erich	http://www.profightdb.com/pwi-monthly/summer-1984-386.html
1984-06-15	World Class	territory	3	Kevin Von Erich	http://www.profightdb.com/pwi-monthly/summer-1984-386.html
1984-06-15	World Class	territory	4	Jim Garvin	http://www.profightdb.com/pwi-monthly/summer-1984-386.html
1984-06-15	World Class	territory	5	Kerry Von Erich	http://www.profightdb.com/pwi-monthly/summer-1984-386.html
1984-06-15	World Class	territory	7	Kamala	http://www.profightdb.com/pwi-monthly/summer-1984-386.html
1984-06-15	World Class	territory	8	Super Destroyer #1	http://www.profightdb.com/pwi-monthly/summer-1984-386.html
1984-06-15	World Class	territory	10	Super Destroyer #2	http://www.profightdb.com/pwi-monthly/summer-1984-386.html
1984-07-01	Top 10	singles	1	Ric Flair	http://www.profightdb.com/pwi-monthly/july-1984-281.html
1984-07-01	Top 10	singles	4	Dusty Rhodes	http://www.profightdb.com/pwi-monthly/july-1984-281.html
1984-07-01	Top 10	singles	5	Hulk Hogan	http://www.profightdb.com/pwi-monthly/july-1984-281.html
1984-07-01	Top 10	singles	6	Carlos Colon	http://www.profightdb.com/pwi-monthly/july-1984-281.html
1984-07-01	Top 10	singles	7	Dick Slater	http://www.profightdb.com/pwi-monthly/july-1984-281.html
1984-07-01	Top 10	singles	8	Jumbo Tsuruta	http://www.profightdb.com/pwi-monthly/july-1984-281.html
1984-07-01	Top 10	singles	9	Dino Bravo	http://www.profightdb.com/pwi-monthly/july-1984-281.html
1984-07-01	Top 10	singles	10	Kerry Von Erich	http://www.profightdb.com/pwi-monthly/july-1984-281.html
1984-07-01	Most Popular	most_popular	3	Dusty Rhodes	http://www.profightdb.com/pwi-monthly/july-1984-281.html
1984-07-01	Most Popular	most_popular	4	Hulk Hogan	http://www.profightdb.com/pwi-monthly/july-1984-281.html
1984-07-01	Most Popular	most_popular	5	Jerry Lawler	http://www.profightdb.com/pwi-monthly/july-1984-281.html
1984-07-01	Most Popular	most_popular	6	Junkyard Dog	http://www.profightdb.com/pwi-monthly/july-1984-281.html
1984-07-01	Most Popular	most_popular	7	Tito Santana	http://www.profightdb.com/pwi-monthly/july-1984-281.html
1984-07-01	Most Popular	most_popular	8	Kerry Von Erich	http://www.profightdb.com/pwi-monthly/july-1984-281.html
1984-07-01	Most Hated	most_hated	1	Dick Slater	http://www.profightdb.com/pwi-monthly/july-1984-281.html
1984-07-01	Most Hated	most_hated	2	Jake Roberts	http://www.profightdb.com/pwi-monthly/july-1984-281.html
1984-07-01	Most Hated	most_hated	3	Kendo Nagasaki	http://www.profightdb.com/pwi-monthly/july-1984-281.html
1984-07-01	Most Hated	most_hated	4	Nikolai Volkoff	http://www.profightdb.com/pwi-monthly/july-1984-281.html
1984-07-01	Most Hated	most_hated	5	Butch Reed	http://www.profightdb.com/pwi-monthly/july-1984-281.html
1984-07-01	Most Hated	most_hated	6	Krusher Kruschev	http://www.profightdb.com/pwi-monthly/july-1984-281.html
1984-07-01	Most Hated	most_hated	7	The Iron Sheik	http://www.profightdb.com/pwi-monthly/july-1984-281.html
1984-07-01	Most Hated	most_hated	8	Jim Garvin	http://www.profightdb.com/pwi-monthly/july-1984-281.html
1984-07-01	Most Hated	most_hated	9	Crusher Blackwell	http://www.profightdb.com/pwi-monthly/july-1984-281.html
1984-07-01	Most Hated	most_hated	10	Jos LeDuc	http://www.profightdb.com/pwi-monthly/july-1984-281.html
1984-07-01	WWF	promotion	1	Paul Orndorff	http://www.profightdb.com/pwi-monthly/july-1984-281.html
1984-07-01	WWF	promotion	2	Tito Santana	http://www.profightdb.com/pwi-monthly/july-1984-281.html
1984-07-01	WWF	promotion	3	The Iron Sheik	http://www.profightdb.com/pwi-monthly/july-1984-281.html
1984-07-01	WWF	promotion	4	Sergeant Slaughter	http://www.profightdb.com/pwi-monthly/july-1984-281.html
1984-07-01	WWF	promotion	5	Jimmy Snuka	http://www.profightdb.com/pwi-monthly/july-1984-281.html
1984-07-01	WWF	promotion	6	Greg Valentine	http://www.profightdb.com/pwi-monthly/july-1984-281.html
1984-07-01	WWF	promotion	7	The Magnificent Muraco	http://www.profightdb.com/pwi-monthly/july-1984-281.html
1984-07-01	WWF	promotion	8	Bob Backlund	http://www.profightdb.com/pwi-monthly/july-1984-281.html
1984-07-01	WWF	promotion	9	David Schultz	http://www.profightdb.com/pwi-monthly/july-1984-281.html
1984-07-01	WWF	promotion	10	The Masked Superstar	http://www.profightdb.com/pwi-monthly/july-1984-281.html
1984-07-01	AWA	promotion	3	Jerry Lawler	http://www.profightdb.com/pwi-monthly/july-1984-281.html
1984-07-01	AWA	promotion	5	Brad Rheingans	http://www.profightdb.com/pwi-monthly/july-1984-281.html
1984-07-01	AWA	promotion	7	Mr. Saito	http://www.profightdb.com/pwi-monthly/july-1984-281.html
1984-07-01	AWA	promotion	8	Jim Brunzell	http://www.profightdb.com/pwi-monthly/july-1984-281.html
1984-07-01	AWA	promotion	10	Jesse Ventura	http://www.profightdb.com/pwi-monthly/july-1984-281.html
1984-07-01	NWA	promotion	1	Dick Slater	http://www.profightdb.com/pwi-monthly/july-1984-281.html
1984-07-01	NWA	promotion	4	Ron Bass	http://www.profightdb.com/pwi-monthly/july-1984-281.html
1984-07-01	NWA	promotion	5	Angelo Mosca Jr.	http://www.profightdb.com/pwi-monthly/july-1984-281.html
1984-07-01	NWA	promotion	6	Kendo Nagasaki	http://www.profightdb.com/pwi-monthly/july-1984-281.html
1984-07-01	NWA	promotion	7	Carlos Colon	http://www.profightdb.com/pwi-monthly/july-1984-281.html
1984-07-01	NWA	promotion	8	Chris Adams	http://www.profightdb.com/pwi-monthly/july-1984-281.html
1984-07-01	NWA	promotion	9	Kevin Von Erich	http://www.profightdb.com/pwi-monthly/july-1984-281.html
1984-07-01	NWA	promotion	10	Giant Baba	http://www.profightdb.com/pwi-monthly/july-1984-281.html
1984-07-01	Florida	territory	1	Ron Bass	http://www.profightdb.com/pwi-monthly/july-1984-281.html
1984-07-01	Florida	territory	2	Kendo Nagasaki	http://www.profightdb.com/pwi-monthly/july-1984-281.html
1984-07-01	Florida	territory	3	Dusty Rhodes	http://www.profightdb.com/pwi-monthly/july-1984-281.html
1984-07-01	Florida	territory	4	Barry Windham	http://www.profightdb.com/pwi-monthly/july-1984-281.html
1984-07-01	Florida	territory	5	Mike Rotundo	http://www.profightdb.com/pwi-monthly/july-1984-281.html
1984-07-01	Florida	territory	6	Billy Jack	http://www.profightdb.com/pwi-monthly/july-1984-281.html
1984-07-01	Florida	territory	7	Kevin Sullivan	http://www.profightdb.com/pwi-monthly/july-1984-281.html
1984-07-01	Florida	territory	8	One Man Gang	http://www.profightdb.com/pwi-monthly/july-1984-281.html
1984-07-01	Florida	territory	10	Kamala	http://www.profightdb.com/pwi-monthly/july-1984-281.html
1984-07-01	Georgia	territory	2	Jake Roberts	http://www.profightdb.com/pwi-monthly/july-1984-281.html
1984-07-01	Georgia	territory	3	King Kong Bundy	http://www.profightdb.com/pwi-monthly/july-1984-281.html
1984-07-01	Georgia	territory	4	Ted DiBiase	http://www.profightdb.com/pwi-monthly/july-1984-281.html
1984-07-01	Georgia	territory	5	Nikolai Volkoff	http://www.profightdb.com/pwi-monthly/july-1984-281.html
1984-07-01	Georgia	territory	6	Ronnie Garvin	http://www.profightdb.com/pwi-monthly/july-1984-281.html
1984-07-01	Georgia	territory	7	Jay Youngblood	http://www.profightdb.com/pwi-monthly/july-1984-281.html
1984-07-01	Georgia	territory	8	The Spoiler	http://www.profightdb.com/pwi-monthly/july-1984-281.html
1984-07-01	Georgia	territory	9	Pez Whatley	http://www.profightdb.com/pwi-monthly/july-1984-281.html
1984-07-01	Georgia	territory	10	Tommy Rogers	http://www.profightdb.com/pwi-monthly/july-1984-281.html
1984-07-01	Mid-Atlantic	territory	1	Dick Slater	http://www.profightdb.com/pwi-monthly/july-1984-281.html
1984-07-01	Mid-Atlantic	territory	2	Angelo Mosca Jr.	http://www.profightdb.com/pwi-monthly/july-1984-281.html
1984-07-01	Mid-Atlantic	territory	3	Mark Youngblood	http://www.profightdb.com/pwi-monthly/july-1984-281.html
1984-07-01	Mid-Atlantic	territory	5	Wahoo McDaniel	http://www.profightdb.com/pwi-monthly/july-1984-281.html
1984-07-01	Mid-Atlantic	territory	6	Dory Funk, Jr.	http://www.profightdb.com/pwi-monthly/july-1984-281.html
1984-07-01	Mid-Atlantic	territory	7	Angelo Mosca	http://www.profightdb.com/pwi-monthly/july-1984-281.html
1984-07-01	Mid-Atlantic	territory	9	Junkyard Dog	http://www.profightdb.com/pwi-monthly/july-1984-281.html
1984-07-01	Mid-South	territory	1	Junkyard Dog	http://www.profightdb.com/pwi-monthly/july-1984-281.html
1984-07-01	Mid-South	territory	2	Nikolai Volkoff	http://www.profightdb.com/pwi-monthly/july-1984-281.html
1984-07-01	Mid-South	territory	4	Krusher Kruschev	http://www.profightdb.com/pwi-monthly/july-1984-281.html
1984-07-01	Mid-South	territory	6	Butch Reed	http://www.profightdb.com/pwi-monthly/july-1984-281.html
1984-07-01	Mid-South	territory	7	Magnum T. A.	http://www.profightdb.com/pwi-monthly/july-1984-281.html
1984-07-01	Mid-South	territory	8	Lanny Poffo	http://www.profightdb.com/pwi-monthly/july-1984-281.html
1984-07-01	Mid-South	territory	9	Kamala	http://www.profightdb.com/pwi-monthly/july-1984-281.html
1984-07-01	Mid-South	territory	10	Steve Williams	http://www.profightdb.com/pwi-monthly/july-1984-281.html
1984-07-01	Mid-Southern	territory	1	Austin Idol	http://www.profightdb.com/pwi-monthly/july-1984-281.html
1984-07-01	Mid-Southern	territory	2	Jerry Lawler	http://www.profightdb.com/pwi-monthly/july-1984-281.html
1984-07-01	Mid-Southern	territory	3	Jos LeDuc	http://www.profightdb.com/pwi-monthly/july-1984-281.html
1984-07-01	Mid-Southern	territory	4	Rick Rude	http://www.profightdb.com/pwi-monthly/july-1984-281.html
1984-07-01	Mid-Southern	territory	6	Eddie Gilbert	http://www.profightdb.com/pwi-monthly/july-1984-281.html
1984-07-01	Mid-Southern	territory	8	Randy Savage	http://www.profightdb.com/pwi-monthly/july-1984-281.html
1984-07-01	Mid-Southern	territory	9	Stagger Lee	http://www.profightdb.com/pwi-monthly/july-1984-281.html
1984-07-01	Mid-Southern	territory	10	Terry Gibbs	http://www.profightdb.com/pwi-monthly/july-1984-281.html
1984-07-01	Northwest	territory	1	Rip Oliver	http://www.profightdb.com/pwi-monthly/july-1984-281.html
1984-07-01	Northwest	territory	2	Matt Borne	http://www.profightdb.com/pwi-monthly/july-1984-281.html
1984-07-01	Northwest	territory	4	Curt Hennig	http://www.profightdb.com/pwi-monthly/july-1984-281.html
1984-07-01	Northwest	territory	6	Scott McGhee	http://www.profightdb.com/pwi-monthly/july-1984-281.html
1984-07-01	Northwest	territory	7	Jules Strongbow	http://www.profightdb.com/pwi-monthly/july-1984-281.html
1984-07-01	Northwest	territory	8	Tom Prichard	http://www.profightdb.com/pwi-monthly/july-1984-281.html
1984-07-01	Northwest	territory	9	Mike Miller	http://www.profightdb.com/pwi-monthly/july-1984-281.html
1984-07-01	Northwest	territory	10	Jerry O	http://www.profightdb.com/pwi-monthly/july-1984-281.html
1984-07-01	World Class	territory	1	Chris Adams	http://www.profightdb.com/pwi-monthly/july-1984-281.html
1984-07-01	World Class	territory	2	Jim Garvin	http://www.profightdb.com/pwi-monthly/july-1984-281.html
1984-07-01	World Class	territory	3	Kerry Von Erich	http://www.profightdb.com/pwi-monthly/july-1984-281.html
1984-07-01	World Class	territory	4	Kevin Von Erich	http://www.profightdb.com/pwi-monthly/july-1984-281.html
1984-07-01	World Class	territory	6	Mike Von Erich	http://www.profightdb.com/pwi-monthly/july-1984-281.html
1984-07-01	World Class	territory	7	Butch Reed	http://www.profightdb.com/pwi-monthly/july-1984-281.html
1984-07-01	World Class	territory	8	Johnny Mantell	http://www.profightdb.com/pwi-monthly/july-1984-281.html
1984-07-01	World Class	territory	9	Kamala	http://www.profightdb.com/pwi-monthly/july-1984-281.html
1984-07-01	World Class	territory	10	Chick Donovan	http://www.profightdb.com/pwi-monthly/july-1984-281.html
1984-09-15	Top 10	singles	1	Ric Flair	http://www.profightdb.com/pwi-monthly/fall-1984-387.html
1984-09-15	Top 10	singles	3	Jumbo Tsuruta	http://www.profightdb.com/pwi-monthly/fall-1984-387.html
1984-09-15	Top 10	singles	4	Hulk Hogan	http://www.profightdb.com/pwi-monthly/fall-1984-387.html
1984-09-15	Top 10	singles	6	Dusty Rhodes	http://www.profightdb.com/pwi-monthly/fall-1984-387.html
1984-09-15	Top 10	singles	7	Kerry Von Erich	http://www.profightdb.com/pwi-monthly/fall-1984-387.html
1984-09-15	Top 10	singles	8	Dick Slater	http://www.profightdb.com/pwi-monthly/fall-1984-387.html
1984-09-15	Top 10	singles	9	Carlos Colon	http://www.profightdb.com/pwi-monthly/fall-1984-387.html
1984-09-15	Top 10	singles	10	Dino Bravo	http://www.profightdb.com/pwi-monthly/fall-1984-387.html
1984-09-15	Most Popular	most_popular	3	Dusty Rhodes	http://www.profightdb.com/pwi-monthly/fall-1984-387.html
1984-09-15	Most Popular	most_popular	4	Hulk Hogan	http://www.profightdb.com/pwi-monthly/fall-1984-387.html
1984-09-15	Most Popular	most_popular	5	Junkyard Dog	http://www.profightdb.com/pwi-monthly/fall-1984-387.html
1984-09-15	Most Popular	most_popular	6	Kerry Von Erich	http://www.profightdb.com/pwi-monthly/fall-1984-387.html
1984-09-15	Most Popular	most_popular	7	Jerry Lawler	http://www.profightdb.com/pwi-monthly/fall-1984-387.html
1984-09-15	Most Popular	most_popular	8	Sergeant Slaughter	http://www.profightdb.com/pwi-monthly/fall-1984-387.html
1984-09-15	Most Popular	most_popular	9	Austin Idol	http://www.profightdb.com/pwi-monthly/fall-1984-387.html
1984-09-15	Most Hated	most_hated	2	Jake Roberts	http://www.profightdb.com/pwi-monthly/fall-1984-387.html
1984-09-15	Most Hated	most_hated	3	Kendo Nagasaki	http://www.profightdb.com/pwi-monthly/fall-1984-387.html
1984-09-15	Most Hated	most_hated	4	Dick Slater	http://www.profightdb.com/pwi-monthly/fall-1984-387.html
1984-09-15	Most Hated	most_hated	5	Butch Reed	http://www.profightdb.com/pwi-monthly/fall-1984-387.html
1984-09-15	Most Hated	most_hated	6	Krusher Kruschev	http://www.profightdb.com/pwi-monthly/fall-1984-387.html
1984-09-15	Most Hated	most_hated	7	The Iron Sheik	http://www.profightdb.com/pwi-monthly/fall-1984-387.html
1984-09-15	Most Hated	most_hated	8	Jos LeDuc	http://www.profightdb.com/pwi-monthly/fall-1984-387.html
1984-09-15	Most Hated	most_hated	9	Ken Patera	http://www.profightdb.com/pwi-monthly/fall-1984-387.html
1984-09-15	Most Hated	most_hated	10	Jim Garvin	http://www.profightdb.com/pwi-monthly/fall-1984-387.html
1984-09-15	WWF	promotion	1	Greg Valentine	http://www.profightdb.com/pwi-monthly/fall-1984-387.html
1984-09-15	WWF	promotion	2	Tito Santana	http://www.profightdb.com/pwi-monthly/fall-1984-387.html
1984-09-15	WWF	promotion	3	Bob Backlund	http://www.profightdb.com/pwi-monthly/fall-1984-387.html
1984-09-15	WWF	promotion	4	Sergeant Slaughter	http://www.profightdb.com/pwi-monthly/fall-1984-387.html
1984-09-15	WWF	promotion	5	Paul Orndorff	http://www.profightdb.com/pwi-monthly/fall-1984-387.html
1984-09-15	WWF	promotion	6	Jimmy Snuka	http://www.profightdb.com/pwi-monthly/fall-1984-387.html
1984-09-15	WWF	promotion	7	The Iron Sheik	http://www.profightdb.com/pwi-monthly/fall-1984-387.html
1984-09-15	WWF	promotion	8	David Schultz	http://www.profightdb.com/pwi-monthly/fall-1984-387.html
1984-09-15	WWF	promotion	9	Roddy Piper	http://www.profightdb.com/pwi-monthly/fall-1984-387.html
1984-09-15	AWA	promotion	4	Jerry Lawler	http://www.profightdb.com/pwi-monthly/fall-1984-387.html
1984-09-15	AWA	promotion	5	Larry Zbyszko	http://www.profightdb.com/pwi-monthly/fall-1984-387.html
1984-09-15	AWA	promotion	6	Brad Rheingans	http://www.profightdb.com/pwi-monthly/fall-1984-387.html
1984-09-15	AWA	promotion	8	Mr. Saito	http://www.profightdb.com/pwi-monthly/fall-1984-387.html
1984-09-15	AWA	promotion	9	Rick Martel	http://www.profightdb.com/pwi-monthly/fall-1984-387.html
1984-09-15	NWA	promotion	1	Dick Slater	http://www.profightdb.com/pwi-monthly/fall-1984-387.html
1984-09-15	NWA	promotion	2	The Spoiler	http://www.profightdb.com/pwi-monthly/fall-1984-387.html
1984-09-15	NWA	promotion	4	Ron Bass	http://www.profightdb.com/pwi-monthly/fall-1984-387.html
1984-09-15	NWA	promotion	6	Carlos Colon	http://www.profightdb.com/pwi-monthly/fall-1984-387.html
1984-09-15	NWA	promotion	7	Billy Jack	http://www.profightdb.com/pwi-monthly/fall-1984-387.html
1984-09-15	NWA	promotion	8	Chris Adams	http://www.profightdb.com/pwi-monthly/fall-1984-387.html
1984-09-15	NWA	promotion	9	Kerry Von Erich	http://www.profightdb.com/pwi-monthly/fall-1984-387.html
1984-09-15	NWA	promotion	10	Stan Hansen	http://www.profightdb.com/pwi-monthly/fall-1984-387.html
1984-09-15	Florida	territory	1	Ron Bass	http://www.profightdb.com/pwi-monthly/fall-1984-387.html
1984-09-15	Florida	territory	2	Billy Jack	http://www.profightdb.com/pwi-monthly/fall-1984-387.html
1984-09-15	Florida	territory	3	Dusty Rhodes	http://www.profightdb.com/pwi-monthly/fall-1984-387.html
1984-09-15	Florida	territory	4	Mike Rotundo	http://www.profightdb.com/pwi-monthly/fall-1984-387.html
1984-09-15	Florida	territory	5	Barry Windham	http://www.profightdb.com/pwi-monthly/fall-1984-387.html
1984-09-15	Florida	territory	6	Kendo Nagasaki	http://www.profightdb.com/pwi-monthly/fall-1984-387.html
1984-09-15	Florida	territory	7	Kevin Sullivan	http://www.profightdb.com/pwi-monthly/fall-1984-387.html
1984-09-15	Florida	territory	8	Buzz Sawyer	http://www.profightdb.com/pwi-monthly/fall-1984-387.html
1984-09-15	Florida	territory	9	Mike Davis	http://www.profightdb.com/pwi-monthly/fall-1984-387.html
1984-09-15	Georgia	territory	1	The Spoiler	http://www.profightdb.com/pwi-monthly/fall-1984-387.html
1984-09-15	Georgia	territory	2	Ronnie Garvin	http://www.profightdb.com/pwi-monthly/fall-1984-387.html
1984-09-15	Georgia	territory	3	Jake Roberts	http://www.profightdb.com/pwi-monthly/fall-1984-387.html
1984-09-15	Georgia	territory	4	King Kong Bundy	http://www.profightdb.com/pwi-monthly/fall-1984-387.html
1984-09-15	Georgia	territory	6	Sweet Brown Sugar	http://www.profightdb.com/pwi-monthly/fall-1984-387.html
1984-09-15	Georgia	territory	7	Jack Brisco	http://www.profightdb.com/pwi-monthly/fall-1984-387.html
1984-09-15	Georgia	territory	8	Wahoo McDaniel	http://www.profightdb.com/pwi-monthly/fall-1984-387.html
1984-09-15	Georgia	territory	9	Tommy Rogers	http://www.profightdb.com/pwi-monthly/fall-1984-387.html
1984-09-15	Mid-Atlantic	territory	1	Dick Slater	http://www.profightdb.com/pwi-monthly/fall-1984-387.html
1984-09-15	Mid-Atlantic	territory	3	Tully Blanchard	http://www.profightdb.com/pwi-monthly/fall-1984-387.html
1984-09-15	Mid-Atlantic	territory	5	Junkyard Dog	http://www.profightdb.com/pwi-monthly/fall-1984-387.html
1984-09-15	Mid-Atlantic	territory	6	Angelo Mosca Jr.	http://www.profightdb.com/pwi-monthly/fall-1984-387.html
1984-09-15	Mid-Atlantic	territory	7	Wahoo McDaniel	http://www.profightdb.com/pwi-monthly/fall-1984-387.html
1984-09-15	Mid-Atlantic	territory	8	Adrian Street	http://www.profightdb.com/pwi-monthly/fall-1984-387.html
1984-09-15	Mid-Atlantic	territory	9	Mark Youngblood	http://www.profightdb.com/pwi-monthly/fall-1984-387.html
1984-09-15	Mid-South	territory	2	Magnum T. A.	http://www.profightdb.com/pwi-monthly/fall-1984-387.html
1984-09-15	Mid-South	territory	4	Nikolai Volkoff	http://www.profightdb.com/pwi-monthly/fall-1984-387.html
1984-09-15	Mid-South	territory	5	Sheik Abdullah	http://www.profightdb.com/pwi-monthly/fall-1984-387.html
1984-09-15	Mid-South	territory	6	Krusher Kruschev	http://www.profightdb.com/pwi-monthly/fall-1984-387.html
1984-09-15	Mid-South	territory	7	Butch Reed	http://www.profightdb.com/pwi-monthly/fall-1984-387.html
1984-09-15	Mid-South	territory	8	Lanny Poffo	http://www.profightdb.com/pwi-monthly/fall-1984-387.html
1984-09-15	Mid-South	territory	9	Kamala	http://www.profightdb.com/pwi-monthly/fall-1984-387.html
1984-09-15	Mid-South	territory	10	Joe Savoldi	http://www.profightdb.com/pwi-monthly/fall-1984-387.html
1984-09-15	Mid-Southern	territory	1	Austin Idol	http://www.profightdb.com/pwi-monthly/fall-1984-387.html
1984-09-15	Mid-Southern	territory	2	Jerry Lawler	http://www.profightdb.com/pwi-monthly/fall-1984-387.html
1984-09-15	Mid-Southern	territory	3	Jos LeDuc	http://www.profightdb.com/pwi-monthly/fall-1984-387.html
1984-09-15	Mid-Southern	territory	4	Rick Rude	http://www.profightdb.com/pwi-monthly/fall-1984-387.html
1984-09-15	Mid-Southern	territory	6	Eddie Gilbert	http://www.profightdb.com/pwi-monthly/fall-1984-387.html
1984-09-15	Mid-Southern	territory	7	Tommy Rich	http://www.profightdb.com/pwi-monthly/fall-1984-387.html
1984-09-15	Mid-Southern	territory	8	Randy Savage	http://www.profightdb.com/pwi-monthly/fall-1984-387.html
1984-09-15	Mid-Southern	territory	9	Sheik Abdullah	http://www.profightdb.com/pwi-monthly/fall-1984-387.html
1984-09-15	Mid-Southern	territory	10	Norvell Austin	http://www.profightdb.com/pwi-monthly/fall-1984-387.html
1984-09-15	Northwest	territory	1	Rip Oliver	http://www.profightdb.com/pwi-monthly/fall-1984-387.html
1984-09-15	Northwest	territory	2	Matt Borne	http://www.profightdb.com/pwi-monthly/fall-1984-387.html
1984-09-15	Northwest	territory	4	Curt Hennig	http://www.profightdb.com/pwi-monthly/fall-1984-387.html
1984-09-15	Northwest	territory	7	Jules Strongbow	http://www.profightdb.com/pwi-monthly/fall-1984-387.html
1984-09-15	Northwest	territory	8	Ed Wiskowski	http://www.profightdb.com/pwi-monthly/fall-1984-387.html
1984-09-15	Northwest	territory	9	Tom Prichard	http://www.profightdb.com/pwi-monthly/fall-1984-387.html
1984-09-15	Northwest	territory	10	Mike Miller	http://www.profightdb.com/pwi-monthly/fall-1984-387.html
1984-09-15	World Class	territory	1	Chris Adams	http://www.profightdb.com/pwi-monthly/fall-1984-387.html
1984-09-15	World Class	territory	2	Jim Garvin	http://www.profightdb.com/pwi-monthly/fall-1984-387.html
1984-09-15	World Class	territory	3	Kerry Von Erich	http://www.profightdb.com/pwi-monthly/fall-1984-387.html
1984-09-15	World Class	territory	4	Kevin Von Erich	http://www.profightdb.com/pwi-monthly/fall-1984-387.html
1984-09-15	World Class	territory	6	Mike Von Erich	http://www.profightdb.com/pwi-monthly/fall-1984-387.html
1984-09-15	World Class	territory	7	Butch Reed	http://www.profightdb.com/pwi-monthly/fall-1984-387.html
1984-09-15	World Class	territory	8	Johnny Mantell	http://www.profightdb.com/pwi-monthly/fall-1984-387.html
1984-09-15	World Class	territory	9	Kamala	http://www.profightdb.com/pwi-monthly/fall-1984-387.html
1984-09-15	World Class	territory	10	The Missing Link	http://www.profightdb.com/pwi-monthly/fall-1984-387.html
1984-09-01	Top 10	singles	1	Ric Flair	http://www.profightdb.com/pwi-monthly/september-1984-283.html
1984-09-01	Top 10	singles	3	Jumbo Tsuruta	http://www.profightdb.com/pwi-monthly/september-1984-283.html
1984-09-01	Top 10	singles	4	Hulk Hogan	http://www.profightdb.com/pwi-monthly/september-1984-283.html
1984-09-01	Top 10	singles	6	Dusty Rhodes	http://www.profightdb.com/pwi-monthly/september-1984-283.html
1984-09-01	Top 10	singles	7	Kerry Von Erich	http://www.profightdb.com/pwi-monthly/september-1984-283.html
1984-09-01	Top 10	singles	8	Carlos Colon	http://www.profightdb.com/pwi-monthly/september-1984-283.html
1984-09-01	Top 10	singles	9	Ricky Steamboat	http://www.profightdb.com/pwi-monthly/september-1984-283.html
1984-09-01	Top 10	singles	10	Rick Martel	http://www.profightdb.com/pwi-monthly/september-1984-283.html
1984-09-01	Most Popular	most_popular	3	Dusty Rhodes	http://www.profightdb.com/pwi-monthly/september-1984-283.html
1984-09-01	Most Popular	most_popular	4	Hulk Hogan	http://www.profightdb.com/pwi-monthly/september-1984-283.html
1984-09-01	Most Popular	most_popular	5	Kerry Von Erich	http://www.profightdb.com/pwi-monthly/september-1984-283.html
1984-09-01	Most Popular	most_popular	6	Junkyard Dog	http://www.profightdb.com/pwi-monthly/september-1984-283.html
1984-09-01	Most Popular	most_popular	7	Sergeant Slaughter	http://www.profightdb.com/pwi-monthly/september-1984-283.html
1984-09-01	Most Popular	most_popular	8	Jerry Lawler	http://www.profightdb.com/pwi-monthly/september-1984-283.html
1984-09-01	Most Popular	most_popular	9	Ricky Steamboat	http://www.profightdb.com/pwi-monthly/september-1984-283.html
1984-09-01	Most Hated	most_hated	2	Kevin Sullivan	http://www.profightdb.com/pwi-monthly/september-1984-283.html
1984-09-01	Most Hated	most_hated	3	The Spoiler	http://www.profightdb.com/pwi-monthly/september-1984-283.html
1984-09-01	Most Hated	most_hated	4	Buzz Sawyer	http://www.profightdb.com/pwi-monthly/september-1984-283.html
1984-09-01	Most Hated	most_hated	5	The Iron Sheik	http://www.profightdb.com/pwi-monthly/september-1984-283.html
1984-09-01	Most Hated	most_hated	6	Krusher Kruschev	http://www.profightdb.com/pwi-monthly/september-1984-283.html
1984-09-01	Most Hated	most_hated	8	Butch Reed	http://www.profightdb.com/pwi-monthly/september-1984-283.html
1984-09-01	Most Hated	most_hated	9	Jim Garvin	http://www.profightdb.com/pwi-monthly/september-1984-283.html
1984-09-01	Most Hated	most_hated	10	Ken Patera	http://www.profightdb.com/pwi-monthly/september-1984-283.html
1984-09-01	WWF	promotion	1	David Schultz	http://www.profightdb.com/pwi-monthly/september-1984-283.html
1984-09-01	WWF	promotion	2	Tito Santana	http://www.profightdb.com/pwi-monthly/september-1984-283.html
1984-09-01	WWF	promotion	3	Bob Backlund	http://www.profightdb.com/pwi-monthly/september-1984-283.html
1984-09-01	WWF	promotion	4	Sergeant Slaughter	http://www.profightdb.com/pwi-monthly/september-1984-283.html
1984-09-01	WWF	promotion	5	Greg Valentine	http://www.profightdb.com/pwi-monthly/september-1984-283.html
1984-09-01	WWF	promotion	6	Paul Orndorff	http://www.profightdb.com/pwi-monthly/september-1984-283.html
1984-09-01	WWF	promotion	7	The Iron Sheik	http://www.profightdb.com/pwi-monthly/september-1984-283.html
1984-09-01	WWF	promotion	8	Jimmy Snuka	http://www.profightdb.com/pwi-monthly/september-1984-283.html
1984-09-01	AWA	promotion	1	Rick Martel	http://www.profightdb.com/pwi-monthly/september-1984-283.html
1984-09-01	AWA	promotion	5	Jerry Lawler	http://www.profightdb.com/pwi-monthly/september-1984-283.html
1984-09-01	AWA	promotion	6	Larry Zbyszko	http://www.profightdb.com/pwi-monthly/september-1984-283.html
1984-09-01	AWA	promotion	7	Brad Rheingans	http://www.profightdb.com/pwi-monthly/september-1984-283.html
1984-09-01	AWA	promotion	9	Mr. Saito	http://www.profightdb.com/pwi-monthly/september-1984-283.html
1984-09-01	AWA	promotion	10	Billy Robinson	http://www.profightdb.com/pwi-monthly/september-1984-283.html
1984-09-01	NWA	promotion	1	Ricky Steamboat	http://www.profightdb.com/pwi-monthly/september-1984-283.html
1984-09-01	NWA	promotion	2	The Spoiler	http://www.profightdb.com/pwi-monthly/september-1984-283.html
1984-09-01	NWA	promotion	4	Ron Bass	http://www.profightdb.com/pwi-monthly/september-1984-283.html
1984-09-01	NWA	promotion	5	Angelo Mosca Jr.	http://www.profightdb.com/pwi-monthly/september-1984-283.html
1984-09-01	NWA	promotion	6	Carlos Colon	http://www.profightdb.com/pwi-monthly/september-1984-283.html
1984-09-01	NWA	promotion	7	Billy Jack	http://www.profightdb.com/pwi-monthly/september-1984-283.html
1984-09-01	NWA	promotion	8	Chris Adams	http://www.profightdb.com/pwi-monthly/september-1984-283.html
1984-09-01	NWA	promotion	9	Kerry Von Erich	http://www.profightdb.com/pwi-monthly/september-1984-283.html
1984-09-01	NWA	promotion	10	Stan Hansen	http://www.profightdb.com/pwi-monthly/september-1984-283.html
1984-09-01	Florida	territory	1	Ron Bass	http://www.profightdb.com/pwi-monthly/september-1984-283.html
1984-09-01	Florida	territory	2	Billy Jack	http://www.profightdb.com/pwi-monthly/september-1984-283.html
1984-09-01	Florida	territory	3	Dusty Rhodes	http://www.profightdb.com/pwi-monthly/september-1984-283.html
1984-09-01	Florida	territory	4	Mike Rotundo	http://www.profightdb.com/pwi-monthly/september-1984-283.html
1984-09-01	Florida	territory	5	Barry Windham	http://www.profightdb.com/pwi-monthly/september-1984-283.html
1984-09-01	Florida	territory	6	Kendo Nagasaki	http://www.profightdb.com/pwi-monthly/september-1984-283.html
1984-09-01	Florida	territory	7	Kevin Sullivan	http://www.profightdb.com/pwi-monthly/september-1984-283.html
1984-09-01	Florida	territory	8	Buzz Sawyer	http://www.profightdb.com/pwi-monthly/september-1984-283.html
1984-09-01	Florida	territory	10	Mike Davis	http://www.profightdb.com/pwi-monthly/september-1984-283.html
1984-09-01	Georgia	territory	1	The Spoiler	http://www.profightdb.com/pwi-monthly/september-1984-283.html
1984-09-01	Georgia	territory	2	Ronnie Garvin	http://www.profightdb.com/pwi-monthly/september-1984-283.html
1984-09-01	Georgia	territory	3	Jake Roberts	http://www.profightdb.com/pwi-monthly/september-1984-283.html
1984-09-01	Georgia	territory	4	King Kong Bundy	http://www.profightdb.com/pwi-monthly/september-1984-283.html
1984-09-01	Georgia	territory	6	Ted DiBiase	http://www.profightdb.com/pwi-monthly/september-1984-283.html
1984-09-01	Georgia	territory	7	Sweet Brown Sugar	http://www.profightdb.com/pwi-monthly/september-1984-283.html
1984-09-01	Georgia	territory	8	Wahoo McDaniel	http://www.profightdb.com/pwi-monthly/september-1984-283.html
1984-09-01	Georgia	territory	9	Tommy Rogers	http://www.profightdb.com/pwi-monthly/september-1984-283.html
1984-09-01	Mid-Atlantic	territory	1	Ricky Steamboat	http://www.profightdb.com/pwi-monthly/september-1984-283.html
1984-09-01	Mid-Atlantic	territory	2	Angelo Mosca Jr.	http://www.profightdb.com/pwi-monthly/september-1984-283.html
1984-09-01	Mid-Atlantic	territory	4	Mark Youngblood	http://www.profightdb.com/pwi-monthly/september-1984-283.html
1984-09-01	Mid-Atlantic	territory	5	Tully Blanchard	http://www.profightdb.com/pwi-monthly/september-1984-283.html
1984-09-01	Mid-Atlantic	territory	6	Dick Slater	http://www.profightdb.com/pwi-monthly/september-1984-283.html
1984-09-01	Mid-Atlantic	territory	7	Junkyard Dog	http://www.profightdb.com/pwi-monthly/september-1984-283.html
1984-09-01	Mid-Atlantic	territory	8	Wahoo McDaniel	http://www.profightdb.com/pwi-monthly/september-1984-283.html
1984-09-01	Mid-South	territory	2	Magnum T. A.	http://www.profightdb.com/pwi-monthly/september-1984-283.html
1984-09-01	Mid-South	territory	3	Krusher Kruschev	http://www.profightdb.com/pwi-monthly/september-1984-283.html
1984-09-01	Mid-South	territory	4	Nikolai Volkoff	http://www.profightdb.com/pwi-monthly/september-1984-283.html
1984-09-01	Mid-South	territory	6	Butch Reed	http://www.profightdb.com/pwi-monthly/september-1984-283.html
1984-09-01	Mid-South	territory	7	Sheik Abdullah	http://www.profightdb.com/pwi-monthly/september-1984-283.html
1984-09-01	Mid-South	territory	9	Masao Ito	http://www.profightdb.com/pwi-monthly/september-1984-283.html
1984-09-01	Mid-South	territory	10	Joe Savoldi	http://www.profightdb.com/pwi-monthly/september-1984-283.html
1984-09-01	Mid-Southern	territory	1	Randy Savage	http://www.profightdb.com/pwi-monthly/september-1984-283.html
1984-09-01	Mid-Southern	territory	2	Humongus	http://www.profightdb.com/pwi-monthly/september-1984-283.html
1984-09-01	Mid-Southern	territory	3	Austin Idol	http://www.profightdb.com/pwi-monthly/september-1984-283.html
1984-09-01	Mid-Southern	territory	4	Jerry Lawler	http://www.profightdb.com/pwi-monthly/september-1984-283.html
1984-09-01	Mid-Southern	territory	5	Jos LeDuc	http://www.profightdb.com/pwi-monthly/september-1984-283.html
1984-09-01	Mid-Southern	territory	6	Rick Rude	http://www.profightdb.com/pwi-monthly/september-1984-283.html
1984-09-01	Mid-Southern	territory	7	Tommy Rich	http://www.profightdb.com/pwi-monthly/september-1984-283.html
1984-09-01	Mid-Southern	territory	8	Eddie Gilbert	http://www.profightdb.com/pwi-monthly/september-1984-283.html
1984-09-01	Mid-Southern	territory	10	Norvell Austin	http://www.profightdb.com/pwi-monthly/september-1984-283.html
1984-09-01	Northwest	territory	2	Rip Oliver	http://www.profightdb.com/pwi-monthly/september-1984-283.html
1984-09-01	Northwest	territory	4	Matt Borne	http://www.profightdb.com/pwi-monthly/september-1984-283.html
1984-09-01	Northwest	territory	6	Curt Hennig	http://www.profightdb.com/pwi-monthly/september-1984-283.html
1984-09-01	Northwest	territory	7	Ed Wiskowski	http://www.profightdb.com/pwi-monthly/september-1984-283.html
1984-09-01	Northwest	territory	8	Jules Strongbow	http://www.profightdb.com/pwi-monthly/september-1984-283.html
1984-09-01	Northwest	territory	9	Tom Prichard	http://www.profightdb.com/pwi-monthly/september-1984-283.html
1984-09-01	Northwest	territory	10	Mike Miller	http://www.profightdb.com/pwi-monthly/september-1984-283.html
1984-09-01	World Class	territory	1	Chris Adams	http://www.profightdb.com/pwi-monthly/september-1984-283.html
1984-09-01	World Class	territory	2	Jim Garvin	http://www.profightdb.com/pwi-monthly/september-1984-283.html
1984-09-01	World Class	territory	3	Kerry Von Erich	http://www.profightdb.com/pwi-monthly/september-1984-283.html
1984-09-01	World Class	territory	4	Kevin Von Erich	http://www.profightdb.com/pwi-monthly/september-1984-283.html
1984-09-01	World Class	territory	6	Mike Von Erich	http://www.profightdb.com/pwi-monthly/september-1984-283.html
1984-09-01	World Class	territory	7	The Missing Link	http://www.profightdb.com/pwi-monthly/september-1984-283.html
1984-09-01	World Class	territory	8	Butch Reed	http://www.profightdb.com/pwi-monthly/september-1984-283.html
1984-09-01	World Class	territory	9	Kamala	http://www.profightdb.com/pwi-monthly/september-1984-283.html
1984-09-01	World Class	territory	10	Johnny Mantell	http://www.profightdb.com/pwi-monthly/september-1984-283.html
1984-11-01	Top 10	singles	1	Ric Flair	http://www.profightdb.com/pwi-monthly/november-1984-285.html
1984-11-01	Top 10	singles	3	Rick Martel	http://www.profightdb.com/pwi-monthly/november-1984-285.html
1984-11-01	Top 10	singles	4	Hulk Hogan	http://www.profightdb.com/pwi-monthly/november-1984-285.html
1984-11-01	Top 10	singles	6	Dusty Rhodes	http://www.profightdb.com/pwi-monthly/november-1984-285.html
1984-11-01	Top 10	singles	7	Kerry Von Erich	http://www.profightdb.com/pwi-monthly/november-1984-285.html
1984-11-01	Top 10	singles	8	Wahoo McDaniel	http://www.profightdb.com/pwi-monthly/november-1984-285.html
1984-11-01	Top 10	singles	9	Tully Blanchard	http://www.profightdb.com/pwi-monthly/november-1984-285.html
1984-11-01	Top 10	singles	10	Carlos Colon	http://www.profightdb.com/pwi-monthly/november-1984-285.html
1984-11-01	Most Popular	most_popular	2	Dusty Rhodes	http://www.profightdb.com/pwi-monthly/november-1984-285.html
1984-11-01	Most Popular	most_popular	4	Hulk Hogan	http://www.profightdb.com/pwi-monthly/november-1984-285.html
1984-11-01	Most Popular	most_popular	5	Rick Martel	http://www.profightdb.com/pwi-monthly/november-1984-285.html
1984-11-01	Most Popular	most_popular	6	Kerry Von Erich	http://www.profightdb.com/pwi-monthly/november-1984-285.html
1984-11-01	Most Popular	most_popular	7	Sergeant Slaughter	http://www.profightdb.com/pwi-monthly/november-1984-285.html
1984-11-01	Most Popular	most_popular	8	Billy Jack	http://www.profightdb.com/pwi-monthly/november-1984-285.html
1984-11-01	Most Popular	most_popular	9	Ricky Steamboat	http://www.profightdb.com/pwi-monthly/november-1984-285.html
1984-11-01	Most Popular	most_popular	10	Junkyard Dog	http://www.profightdb.com/pwi-monthly/november-1984-285.html
1984-11-01	Most Hated	most_hated	1	Tully Blanchard	http://www.profightdb.com/pwi-monthly/november-1984-285.html
1984-11-01	Most Hated	most_hated	2	Ted DiBiase	http://www.profightdb.com/pwi-monthly/november-1984-285.html
1984-11-01	Most Hated	most_hated	3	Kevin Sullivan	http://www.profightdb.com/pwi-monthly/november-1984-285.html
1984-11-01	Most Hated	most_hated	4	Abdullah The Butcher	http://www.profightdb.com/pwi-monthly/november-1984-285.html
1984-11-01	Most Hated	most_hated	6	Nikolai Volkoff	http://www.profightdb.com/pwi-monthly/november-1984-285.html
1984-11-01	Most Hated	most_hated	7	The Iron Sheik	http://www.profightdb.com/pwi-monthly/november-1984-285.html
1984-11-01	Most Hated	most_hated	8	Angelo Mosca	http://www.profightdb.com/pwi-monthly/november-1984-285.html
1984-11-01	Most Hated	most_hated	9	Jim Garvin	http://www.profightdb.com/pwi-monthly/november-1984-285.html
1984-11-01	Most Hated	most_hated	10	Butch Reed	http://www.profightdb.com/pwi-monthly/november-1984-285.html
1984-11-01	WWF	promotion	1	Tito Santana	http://www.profightdb.com/pwi-monthly/november-1984-285.html
1984-11-01	WWF	promotion	2	Greg Valentine	http://www.profightdb.com/pwi-monthly/november-1984-285.html
1984-11-01	WWF	promotion	3	Bob Backlund	http://www.profightdb.com/pwi-monthly/november-1984-285.html
1984-11-01	WWF	promotion	4	Sergeant Slaughter	http://www.profightdb.com/pwi-monthly/november-1984-285.html
1984-11-01	WWF	promotion	5	Jimmy Snuka	http://www.profightdb.com/pwi-monthly/november-1984-285.html
1984-11-01	WWF	promotion	7	Paul Orndorff	http://www.profightdb.com/pwi-monthly/november-1984-285.html
1984-11-01	WWF	promotion	8	The Iron Sheik	http://www.profightdb.com/pwi-monthly/november-1984-285.html
1984-11-01	WWF	promotion	9	David Schultz	http://www.profightdb.com/pwi-monthly/november-1984-285.html
1984-11-01	WWF	promotion	10	George Steele	http://www.profightdb.com/pwi-monthly/november-1984-285.html
1984-11-01	AWA	promotion	2	Abdullah The Butcher	http://www.profightdb.com/pwi-monthly/november-1984-285.html
1984-11-01	AWA	promotion	5	Jumbo Tsuruta	http://www.profightdb.com/pwi-monthly/november-1984-285.html
1984-11-01	AWA	promotion	6	Jerry Lawler	http://www.profightdb.com/pwi-monthly/november-1984-285.html
1984-11-01	AWA	promotion	7	Larry Zbyszko	http://www.profightdb.com/pwi-monthly/november-1984-285.html
1984-11-01	AWA	promotion	8	Billy Robinson	http://www.profightdb.com/pwi-monthly/november-1984-285.html
1984-11-01	AWA	promotion	9	Brad Rheingans	http://www.profightdb.com/pwi-monthly/november-1984-285.html
1984-11-01	AWA	promotion	10	Curt Hennig	http://www.profightdb.com/pwi-monthly/november-1984-285.html
1984-11-01	NWA	promotion	1	Wahoo McDaniel	http://www.profightdb.com/pwi-monthly/november-1984-285.html
1984-11-01	NWA	promotion	2	The Spoiler	http://www.profightdb.com/pwi-monthly/november-1984-285.html
1984-11-01	NWA	promotion	4	Angelo Mosca	http://www.profightdb.com/pwi-monthly/november-1984-285.html
1984-11-01	NWA	promotion	5	Kerry Von Erich	http://www.profightdb.com/pwi-monthly/november-1984-285.html
1984-11-01	NWA	promotion	6	Angelo Mosca Jr.	http://www.profightdb.com/pwi-monthly/november-1984-285.html
1984-11-01	NWA	promotion	7	Billy Graham	http://www.profightdb.com/pwi-monthly/november-1984-285.html
1984-11-01	NWA	promotion	8	Carlos Colon	http://www.profightdb.com/pwi-monthly/november-1984-285.html
1984-11-01	NWA	promotion	9	Gino Hernandez	http://www.profightdb.com/pwi-monthly/november-1984-285.html
1984-11-01	NWA	promotion	10	Ricky Steamboat	http://www.profightdb.com/pwi-monthly/november-1984-285.html
1984-11-01	Florida	territory	1	Angelo Mosca	http://www.profightdb.com/pwi-monthly/november-1984-285.html
1984-11-01	Florida	territory	2	Billy Graham	http://www.profightdb.com/pwi-monthly/november-1984-285.html
1984-11-01	Florida	territory	3	Billy Jack	http://www.profightdb.com/pwi-monthly/november-1984-285.html
1984-11-01	Florida	territory	4	Dusty Rhodes	http://www.profightdb.com/pwi-monthly/november-1984-285.html
1984-11-01	Florida	territory	5	Mike Rotunda	http://www.profightdb.com/pwi-monthly/november-1984-285.html
1984-11-01	Florida	territory	6	Barry Windham	http://www.profightdb.com/pwi-monthly/november-1984-285.html
1984-11-01	Florida	territory	7	Dick Slater	http://www.profightdb.com/pwi-monthly/november-1984-285.html
1984-11-01	Florida	territory	8	Ron Bass	http://www.profightdb.com/pwi-monthly/november-1984-285.html
1984-11-01	Florida	territory	9	Kevin Sullivan	http://www.profightdb.com/pwi-monthly/november-1984-285.html
1984-11-01	Georgia	territory	1	The Spoiler	http://www.profightdb.com/pwi-monthly/november-1984-285.html
1984-11-01	Georgia	territory	2	Ronnie Garvin	http://www.profightdb.com/pwi-monthly/november-1984-285.html
1984-11-01	Georgia	territory	3	Ted DiBiase	http://www.profightdb.com/pwi-monthly/november-1984-285.html
1984-11-01	Georgia	territory	5	Jake Roberts	http://www.profightdb.com/pwi-monthly/november-1984-285.html
1984-11-01	Georgia	territory	6	Billy Jack	http://www.profightdb.com/pwi-monthly/november-1984-285.html
1984-11-01	Georgia	territory	7	Nikolai Volkoff	http://www.profightdb.com/pwi-monthly/november-1984-285.html
1984-11-01	Georgia	territory	8	Krusher Kruschev	http://www.profightdb.com/pwi-monthly/november-1984-285.html
1984-11-01	Georgia	territory	10	Jerry Oates	http://www.profightdb.com/pwi-monthly/november-1984-285.html
1984-11-01	Mid-Atlantic	territory	1	Wahoo McDaniel	http://www.profightdb.com/pwi-monthly/november-1984-285.html
1984-11-01	Mid-Atlantic	territory	2	Angelo Mosca Jr.	http://www.profightdb.com/pwi-monthly/november-1984-285.html
1984-11-01	Mid-Atlantic	territory	3	Tully Blanchard	http://www.profightdb.com/pwi-monthly/november-1984-285.html
1984-11-01	Mid-Atlantic	territory	5	Junkyard Dog	http://www.profightdb.com/pwi-monthly/november-1984-285.html
1984-11-01	Mid-Atlantic	territory	6	Ricky Steamboat	http://www.profightdb.com/pwi-monthly/november-1984-285.html
1984-11-01	Mid-Atlantic	territory	7	Mark Youngblood	http://www.profightdb.com/pwi-monthly/november-1984-285.html
1984-11-01	Mid-Atlantic	territory	8	Buzz Sawyer	http://www.profightdb.com/pwi-monthly/november-1984-285.html
1984-11-01	Mid-Atlantic	territory	9	The Masked Outlaw	http://www.profightdb.com/pwi-monthly/november-1984-285.html
1984-11-01	Mid-Atlantic	territory	10	Adrian Street	http://www.profightdb.com/pwi-monthly/november-1984-285.html
1984-11-01	Mid-South	territory	1	Magnum T. A.	http://www.profightdb.com/pwi-monthly/november-1984-285.html
1984-11-01	Mid-South	territory	3	Krusher Kruschev	http://www.profightdb.com/pwi-monthly/november-1984-285.html
1984-11-01	Mid-South	territory	5	Junkyard Dog	http://www.profightdb.com/pwi-monthly/november-1984-285.html
1984-11-01	Mid-South	territory	6	Butch Reed	http://www.profightdb.com/pwi-monthly/november-1984-285.html
1984-11-01	Mid-South	territory	8	Nikolai Volkoff	http://www.profightdb.com/pwi-monthly/november-1984-285.html
1984-11-01	Mid-South	territory	9	Jay Youngblood	http://www.profightdb.com/pwi-monthly/november-1984-285.html
1984-11-01	Mid-Southern	territory	1	Rick Rude	http://www.profightdb.com/pwi-monthly/november-1984-285.html
1984-11-01	Mid-Southern	territory	2	Jerry Lawler	http://www.profightdb.com/pwi-monthly/november-1984-285.html
1984-11-01	Mid-Southern	territory	3	Masao Ito	http://www.profightdb.com/pwi-monthly/november-1984-285.html
1984-11-01	Mid-Southern	territory	4	Randy Savage	http://www.profightdb.com/pwi-monthly/november-1984-285.html
1984-11-01	Mid-Southern	territory	5	Austin Idol	http://www.profightdb.com/pwi-monthly/november-1984-285.html
1984-11-01	Mid-Southern	territory	6	Tommy Rich	http://www.profightdb.com/pwi-monthly/november-1984-285.html
1984-11-01	Mid-Southern	territory	7	Eddie Gilbert	http://www.profightdb.com/pwi-monthly/november-1984-285.html
1984-11-01	Mid-Southern	territory	8	Ricky Morton	http://www.profightdb.com/pwi-monthly/november-1984-285.html
1984-11-01	Mid-Southern	territory	9	Robert Gibson	http://www.profightdb.com/pwi-monthly/november-1984-285.html
1984-11-01	Mid-Southern	territory	10	Jim Neidhart	http://www.profightdb.com/pwi-monthly/november-1984-285.html
1984-11-01	Northwest	territory	1	Rip Oliver	http://www.profightdb.com/pwi-monthly/november-1984-285.html
1984-11-01	Northwest	territory	4	Mr. Ebony	http://www.profightdb.com/pwi-monthly/november-1984-285.html
1984-11-01	Northwest	territory	5	Tom Prichard	http://www.profightdb.com/pwi-monthly/november-1984-285.html
1984-11-01	Northwest	territory	6	Armando Guerrero	http://www.profightdb.com/pwi-monthly/november-1984-285.html
1984-11-01	Northwest	territory	8	Mike Miller	http://www.profightdb.com/pwi-monthly/november-1984-285.html
1984-11-01	Northwest	territory	9	Doug Somers	http://www.profightdb.com/pwi-monthly/november-1984-285.html
1984-11-01	World Class	territory	1	Gino Hernandez	http://www.profightdb.com/pwi-monthly/november-1984-285.html
1984-11-01	World Class	territory	2	Jim Garvin	http://www.profightdb.com/pwi-monthly/november-1984-285.html
1984-11-01	World Class	territory	3	Kerry Von Erich	http://www.profightdb.com/pwi-monthly/november-1984-285.html
1984-11-01	World Class	territory	4	Chris Adams	http://www.profightdb.com/pwi-monthly/november-1984-285.html
1984-11-01	World Class	territory	5	Kevin Von Erich	http://www.profightdb.com/pwi-monthly/november-1984-285.html
1984-11-01	World Class	territory	6	Terry Gordy	http://www.profightdb.com/pwi-monthly/november-1984-285.html
1984-11-01	World Class	territory	7	The Missing Link	http://www.profightdb.com/pwi-monthly/november-1984-285.html
1984-11-01	World Class	territory	8	Mike Von Erich	http://www.profightdb.com/pwi-monthly/november-1984-285.html
1984-11-01	World Class	territory	9	Killer Khan	http://www.profightdb.com/pwi-monthly/november-1984-285.html
1984-11-01	World Class	territory	10	Butch Reed	http://www.profightdb.com/pwi-monthly/november-1984-285.html
1984-12-15	Top 10	singles	1	Ric Flair	http://www.profightdb.com/pwi-monthly/winter-1984-415.html
1984-12-15	Top 10	singles	3	Rick Martel	http://www.profightdb.com/pwi-monthly/winter-1984-415.html
1984-12-15	Top 10	singles	4	Hulk Hogan	http://www.profightdb.com/pwi-monthly/winter-1984-415.html
1984-12-15	Top 10	singles	6	Dusty Rhodes	http://www.profightdb.com/pwi-monthly/winter-1984-415.html
1984-12-15	Top 10	singles	7	Kerry Von Erich	http://www.profightdb.com/pwi-monthly/winter-1984-415.html
1984-12-15	Top 10	singles	8	Wahoo McDaniel	http://www.profightdb.com/pwi-monthly/winter-1984-415.html
1984-12-15	Top 10	singles	9	Tully Blanchard	http://www.profightdb.com/pwi-monthly/winter-1984-415.html
1984-12-15	Top 10	singles	10	Carlos Colon	http://www.profightdb.com/pwi-monthly/winter-1984-415.html
1984-12-15	Most Popular	most_popular	2	Dusty Rhodes	http://www.profightdb.com/pwi-monthly/winter-1984-415.html
1984-12-15	Most Popular	most_popular	4	Hulk Hogan	http://www.profightdb.com/pwi-monthly/winter-1984-415.html
1984-12-15	Most Popular	most_popular	5	Rick Martel	http://www.profightdb.com/pwi-monthly/winter-1984-415.html
1984-12-15	Most Popular	most_popular	6	Kerry Von Erich	http://www.profightdb.com/pwi-monthly/winter-1984-415.html
1984-12-15	Most Popular	most_popular	7	Billy Jack	http://www.profightdb.com/pwi-monthly/winter-1984-415.html
1984-12-15	Most Popular	most_popular	8	Sergeant Slaughter	http://www.profightdb.com/pwi-monthly/winter-1984-415.html
1984-12-15	Most Popular	most_popular	9	Ricky Steamboat	http://www.profightdb.com/pwi-monthly/winter-1984-415.html
1984-12-15	Most Popular	most_popular	10	Junkyard Dog	http://www.profightdb.com/pwi-monthly/winter-1984-415.html
1984-12-15	Most Hated	most_hated	1	Tully Blanchard	http://www.profightdb.com/pwi-monthly/winter-1984-415.html
1984-12-15	Most Hated	most_hated	2	Kevin Sullivan	http://www.profightdb.com/pwi-monthly/winter-1984-415.html
1984-12-15	Most Hated	most_hated	3	Ted DiBiase	http://www.profightdb.com/pwi-monthly/winter-1984-415.html
1984-12-15	Most Hated	most_hated	4	Abdullah The Butcher	http://www.profightdb.com/pwi-monthly/winter-1984-415.html
1984-12-15	Most Hated	most_hated	6	Roddy Piper	http://www.profightdb.com/pwi-monthly/winter-1984-415.html
1984-12-15	Most Hated	most_hated	7	Nikolai Volkoff	http://www.profightdb.com/pwi-monthly/winter-1984-415.html
1984-12-15	Most Hated	most_hated	8	Angelo Mosca	http://www.profightdb.com/pwi-monthly/winter-1984-415.html
1984-12-15	Most Hated	most_hated	9	Jim Garvin	http://www.profightdb.com/pwi-monthly/winter-1984-415.html
1984-12-15	Most Hated	most_hated	10	Butch Reed	http://www.profightdb.com/pwi-monthly/winter-1984-415.html
1984-12-15	WWF	promotion	1	Tito Santana	http://www.profightdb.com/pwi-monthly/winter-1984-415.html
1984-12-15	WWF	promotion	2	Greg Valentine	http://www.profightdb.com/pwi-monthly/winter-1984-415.html
1984-12-15	WWF	promotion	3	Jimmy Snuka	http://www.profightdb.com/pwi-monthly/winter-1984-415.html
1984-12-15	WWF	promotion	4	Sergeant Slaughter	http://www.profightdb.com/pwi-monthly/winter-1984-415.html
1984-12-15	WWF	promotion	6	Bob Backlund	http://www.profightdb.com/pwi-monthly/winter-1984-415.html
1984-12-15	WWF	promotion	7	Paul Orndorff	http://www.profightdb.com/pwi-monthly/winter-1984-415.html
1984-12-15	WWF	promotion	8	The Iron Sheik	http://www.profightdb.com/pwi-monthly/winter-1984-415.html
1984-12-15	WWF	promotion	9	David Schultz	http://www.profightdb.com/pwi-monthly/winter-1984-415.html
1984-12-15	WWF	promotion	10	Roddy Piper	http://www.profightdb.com/pwi-monthly/winter-1984-415.html
1984-12-15	AWA	promotion	2	Abdullah The Butcher	http://www.profightdb.com/pwi-monthly/winter-1984-415.html
1984-12-15	AWA	promotion	5	Jumbo Tsuruta	http://www.profightdb.com/pwi-monthly/winter-1984-415.html
1984-12-15	AWA	promotion	6	Jerry Lawler	http://www.profightdb.com/pwi-monthly/winter-1984-415.html
1984-12-15	AWA	promotion	7	Larry Zbyszko	http://www.profightdb.com/pwi-monthly/winter-1984-415.html
1984-12-15	AWA	promotion	8	Billy Robinson	http://www.profightdb.com/pwi-monthly/winter-1984-415.html
1984-12-15	AWA	promotion	9	Brad Rheingans	http://www.profightdb.com/pwi-monthly/winter-1984-415.html
1984-12-15	AWA	promotion	10	Tony Atlas	http://www.profightdb.com/pwi-monthly/winter-1984-415.html
1984-12-15	NWA	promotion	1	Wahoo McDaniel	http://www.profightdb.com/pwi-monthly/winter-1984-415.html
1984-12-15	NWA	promotion	2	The Spoiler	http://www.profightdb.com/pwi-monthly/winter-1984-415.html
1984-12-15	NWA	promotion	4	Angelo Mosca	http://www.profightdb.com/pwi-monthly/winter-1984-415.html
1984-12-15	NWA	promotion	5	Kerry Von Erich	http://www.profightdb.com/pwi-monthly/winter-1984-415.html
1984-12-15	NWA	promotion	6	Angelo Mosca Jr.	http://www.profightdb.com/pwi-monthly/winter-1984-415.html
1984-12-15	NWA	promotion	7	Billy Graham	http://www.profightdb.com/pwi-monthly/winter-1984-415.html
1984-12-15	NWA	promotion	8	Carlos Colon	http://www.profightdb.com/pwi-monthly/winter-1984-415.html
1984-12-15	NWA	promotion	9	Gino Hernandez	http://www.profightdb.com/pwi-monthly/winter-1984-415.html
1984-12-15	NWA	promotion	10	Ricky Steamboat	http://www.profightdb.com/pwi-monthly/winter-1984-415.html
1984-12-15	Florida	territory	1	Angelo Mosca	http://www.profightdb.com/pwi-monthly/winter-1984-415.html
1984-12-15	Florida	territory	2	Billy Graham	http://www.profightdb.com/pwi-monthly/winter-1984-415.html
1984-12-15	Florida	territory	3	Billy Jack	http://www.profightdb.com/pwi-monthly/winter-1984-415.html
1984-12-15	Florida	territory	4	Dusty Rhodes	http://www.profightdb.com/pwi-monthly/winter-1984-415.html
1984-12-15	Florida	territory	5	Barry Windham	http://www.profightdb.com/pwi-monthly/winter-1984-415.html
1984-12-15	Florida	territory	6	Mike Rotundo	http://www.profightdb.com/pwi-monthly/winter-1984-415.html
1984-12-15	Florida	territory	7	Dick Slater	http://www.profightdb.com/pwi-monthly/winter-1984-415.html
1984-12-15	Florida	territory	8	Ron Bass	http://www.profightdb.com/pwi-monthly/winter-1984-415.html
1984-12-15	Florida	territory	9	Kevin Sullivan	http://www.profightdb.com/pwi-monthly/winter-1984-415.html
1984-12-15	Georgia	territory	1	The Spoiler	http://www.profightdb.com/pwi-monthly/winter-1984-415.html
1984-12-15	Georgia	territory	2	Ronnie Garvin	http://www.profightdb.com/pwi-monthly/winter-1984-415.html
1984-12-15	Georgia	territory	3	Ted DiBiase	http://www.profightdb.com/pwi-monthly/winter-1984-415.html
1984-12-15	Georgia	territory	5	Jake Roberts	http://www.profightdb.com/pwi-monthly/winter-1984-415.html
1984-12-15	Georgia	territory	6	Nikolai Volkoff	http://www.profightdb.com/pwi-monthly/winter-1984-415.html
1984-12-15	Georgia	territory	7	Billy Jack	http://www.profightdb.com/pwi-monthly/winter-1984-415.html
1984-12-15	Georgia	territory	8	Krusher Kruschev	http://www.profightdb.com/pwi-monthly/winter-1984-415.html
1984-12-15	Georgia	territory	10	Jerry Oates	http://www.profightdb.com/pwi-monthly/winter-1984-415.html
1984-12-15	Mid-Atlantic	territory	1	Wahoo McDaniel	http://www.profightdb.com/pwi-monthly/winter-1984-415.html
1984-12-15	Mid-Atlantic	territory	2	Angelo Mosca Jr.	http://www.profightdb.com/pwi-monthly/winter-1984-415.html
1984-12-15	Mid-Atlantic	territory	3	Tully Blanchard	http://www.profightdb.com/pwi-monthly/winter-1984-415.html
1984-12-15	Mid-Atlantic	territory	4	Junkyard Dog	http://www.profightdb.com/pwi-monthly/winter-1984-415.html
1984-12-15	Mid-Atlantic	territory	5	Ricky Steamboat	http://www.profightdb.com/pwi-monthly/winter-1984-415.html
1984-12-15	Mid-Atlantic	territory	7	Mark Youngblood	http://www.profightdb.com/pwi-monthly/winter-1984-415.html
1984-12-15	Mid-Atlantic	territory	8	Buzz Sawyer	http://www.profightdb.com/pwi-monthly/winter-1984-415.html
1984-12-15	Mid-Atlantic	territory	9	The Masked Outlaw	http://www.profightdb.com/pwi-monthly/winter-1984-415.html
1984-12-15	Mid-Atlantic	territory	10	Adrian Street	http://www.profightdb.com/pwi-monthly/winter-1984-415.html
1984-12-15	Mid-South	territory	1	Magnum T. A.	http://www.profightdb.com/pwi-monthly/winter-1984-415.html
1984-12-15	Mid-South	territory	3	Krusher Kruschev	http://www.profightdb.com/pwi-monthly/winter-1984-415.html
1984-12-15	Mid-South	territory	5	Junkyard Dog	http://www.profightdb.com/pwi-monthly/winter-1984-415.html
1984-12-15	Mid-South	territory	6	Butch Reed	http://www.profightdb.com/pwi-monthly/winter-1984-415.html
1984-12-15	Mid-South	territory	7	Nikolai Volkoff	http://www.profightdb.com/pwi-monthly/winter-1984-415.html
1984-12-15	Mid-South	territory	9	Jay Youngblood	http://www.profightdb.com/pwi-monthly/winter-1984-415.html
1984-12-15	Mid-Southern	territory	1	Tommy Rich	http://www.profightdb.com/pwi-monthly/winter-1984-415.html
1984-12-15	Mid-Southern	territory	2	Rick Rude	http://www.profightdb.com/pwi-monthly/winter-1984-415.html
1984-12-15	Mid-Southern	territory	3	Jerry Lawler	http://www.profightdb.com/pwi-monthly/winter-1984-415.html
1984-12-15	Mid-Southern	territory	4	Masao Ito	http://www.profightdb.com/pwi-monthly/winter-1984-415.html
1984-12-15	Mid-Southern	territory	5	Randy Savage	http://www.profightdb.com/pwi-monthly/winter-1984-415.html
1984-12-15	Mid-Southern	territory	6	King Kong Bundy	http://www.profightdb.com/pwi-monthly/winter-1984-415.html
1984-12-15	Mid-Southern	territory	7	Eddie Gilbert	http://www.profightdb.com/pwi-monthly/winter-1984-415.html
1984-12-15	Mid-Southern	territory	8	Ricky Morton	http://www.profightdb.com/pwi-monthly/winter-1984-415.html
1984-12-15	Mid-Southern	territory	9	Robert Gibson	http://www.profightdb.com/pwi-monthly/winter-1984-415.html
1984-12-15	Mid-Southern	territory	10	Jim Neidhart	http://www.profightdb.com/pwi-monthly/winter-1984-415.html
1984-12-15	Northwest	territory	1	Rip Oliver	http://www.profightdb.com/pwi-monthly/winter-1984-415.html
1984-12-15	Northwest	territory	4	Mr. Ebony	http://www.profightdb.com/pwi-monthly/winter-1984-415.html
1984-12-15	Northwest	territory	5	Tom Prichard	http://www.profightdb.com/pwi-monthly/winter-1984-415.html
1984-12-15	Northwest	territory	6	Armando Guerrero	http://www.profightdb.com/pwi-monthly/winter-1984-415.html
1984-12-15	Northwest	territory	8	Mike Miller	http://www.profightdb.com/pwi-monthly/winter-1984-415.html
1984-12-15	Northwest	territory	9	Doug Somers	http://www.profightdb.com/pwi-monthly/winter-1984-415.html
1984-12-15	World Class	territory	1	Gino Hernandez	http://www.profightdb.com/pwi-monthly/winter-1984-415.html
1984-12-15	World Class	territory	2	Jim Garvin	http://www.profightdb.com/pwi-monthly/winter-1984-415.html
1984-12-15	World Class	territory	3	Kerry Von Erich	http://www.profightdb.com/pwi-monthly/winter-1984-415.html
1984-12-15	World Class	territory	4	Chris Adams	http://www.profightdb.com/pwi-monthly/winter-1984-415.html
1984-12-15	World Class	territory	5	Kevin Von Erich	http://www.profightdb.com/pwi-monthly/winter-1984-415.html
1984-12-15	World Class	territory	6	Terry Gordy	http://www.profightdb.com/pwi-monthly/winter-1984-415.html
1984-12-15	World Class	territory	7	Mike Von Erich	http://www.profightdb.com/pwi-monthly/winter-1984-415.html
1984-12-15	World Class	territory	8	The Missing Link	http://www.profightdb.com/pwi-monthly/winter-1984-415.html
1984-12-15	World Class	territory	9	Killer Khan	http://www.profightdb.com/pwi-monthly/winter-1984-415.html
1984-12-15	World Class	territory	10	Butch Reed	http://www.profightdb.com/pwi-monthly/winter-1984-415.html
1984-12-01	Top 10	singles	1	Ric Flair	http://www.profightdb.com/pwi-monthly/december-1984-286.html
1984-12-01	Top 10	singles	2	Rick Martel	http://www.profightdb.com/pwi-monthly/december-1984-286.html
1984-12-01	Top 10	singles	4	Hulk Hogan	http://www.profightdb.com/pwi-monthly/december-1984-286.html
1984-12-01	Top 10	singles	5	Dusty Rhodes	http://www.profightdb.com/pwi-monthly/december-1984-286.html
1984-12-01	Top 10	singles	6	Kerry Von Erich	http://www.profightdb.com/pwi-monthly/december-1984-286.html
1984-12-01	Top 10	singles	8	Barry Windham	http://www.profightdb.com/pwi-monthly/december-1984-286.html
1984-12-01	Top 10	singles	9	Wahoo McDaniel	http://www.profightdb.com/pwi-monthly/december-1984-286.html
1984-12-01	Top 10	singles	10	Tully Blanchard	http://www.profightdb.com/pwi-monthly/december-1984-286.html
1984-12-01	Most Popular	most_popular	1	Dusty Rhodes	http://www.profightdb.com/pwi-monthly/december-1984-286.html
1984-12-01	Most Popular	most_popular	4	Hulk Hogan	http://www.profightdb.com/pwi-monthly/december-1984-286.html
1984-12-01	Most Popular	most_popular	5	Rick Martel	http://www.profightdb.com/pwi-monthly/december-1984-286.html
1984-12-01	Most Popular	most_popular	6	Kerry Von Erich	http://www.profightdb.com/pwi-monthly/december-1984-286.html
1984-12-01	Most Popular	most_popular	7	Barry Windham	http://www.profightdb.com/pwi-monthly/december-1984-286.html
1984-12-01	Most Popular	most_popular	8	Billy Jack	http://www.profightdb.com/pwi-monthly/december-1984-286.html
1984-12-01	Most Popular	most_popular	9	Sergeant Slaughter	http://www.profightdb.com/pwi-monthly/december-1984-286.html
1984-12-01	Most Popular	most_popular	10	Ricky Steamboat	http://www.profightdb.com/pwi-monthly/december-1984-286.html
1984-12-01	Most Hated	most_hated	1	Kevin Sullivan	http://www.profightdb.com/pwi-monthly/december-1984-286.html
1984-12-01	Most Hated	most_hated	3	Wahoo McDaniel	http://www.profightdb.com/pwi-monthly/december-1984-286.html
1984-12-01	Most Hated	most_hated	4	Tully Blanchard	http://www.profightdb.com/pwi-monthly/december-1984-286.html
1984-12-01	Most Hated	most_hated	5	Abdullah The Butcher	http://www.profightdb.com/pwi-monthly/december-1984-286.html
1984-12-01	Most Hated	most_hated	6	Roddy Piper	http://www.profightdb.com/pwi-monthly/december-1984-286.html
1984-12-01	Most Hated	most_hated	8	Ted DiBiase	http://www.profightdb.com/pwi-monthly/december-1984-286.html
1984-12-01	Most Hated	most_hated	9	Angelo Mosca	http://www.profightdb.com/pwi-monthly/december-1984-286.html
1984-12-01	Most Hated	most_hated	10	Billy Graham	http://www.profightdb.com/pwi-monthly/december-1984-286.html
1984-12-01	WWF	promotion	1	Tito Santana	http://www.profightdb.com/pwi-monthly/december-1984-286.html
1984-12-01	WWF	promotion	2	Greg Valentine	http://www.profightdb.com/pwi-monthly/december-1984-286.html
1984-12-01	WWF	promotion	3	Jimmy Snuka	http://www.profightdb.com/pwi-monthly/december-1984-286.html
1984-12-01	WWF	promotion	4	Bob Backlund	http://www.profightdb.com/pwi-monthly/december-1984-286.html
1984-12-01	WWF	promotion	5	Sergeant Slaughter	http://www.profightdb.com/pwi-monthly/december-1984-286.html
1984-12-01	WWF	promotion	6	Roddy Piper	http://www.profightdb.com/pwi-monthly/december-1984-286.html
1984-12-01	WWF	promotion	8	Paul Orndorff	http://www.profightdb.com/pwi-monthly/december-1984-286.html
1984-12-01	WWF	promotion	9	The Iron Sheik	http://www.profightdb.com/pwi-monthly/december-1984-286.html
1984-12-01	WWF	promotion	10	Ken Patera	http://www.profightdb.com/pwi-monthly/december-1984-286.html
1984-12-01	AWA	promotion	2	Jumbo Tsuruta	http://www.profightdb.com/pwi-monthly/december-1984-286.html
1984-12-01	AWA	promotion	4	Tony Atlas	http://www.profightdb.com/pwi-monthly/december-1984-286.html
1984-12-01	AWA	promotion	5	Abdullah The Butcher	http://www.profightdb.com/pwi-monthly/december-1984-286.html
1984-12-01	AWA	promotion	6	Mr. Saito	http://www.profightdb.com/pwi-monthly/december-1984-286.html
1984-12-01	AWA	promotion	7	Jerry Lawler	http://www.profightdb.com/pwi-monthly/december-1984-286.html
1984-12-01	AWA	promotion	9	Jim Brunzell	http://www.profightdb.com/pwi-monthly/december-1984-286.html
1984-12-01	AWA	promotion	10	Brad Rheingans	http://www.profightdb.com/pwi-monthly/december-1984-286.html
1984-12-01	NWA	promotion	1	Wahoo McDaniel	http://www.profightdb.com/pwi-monthly/december-1984-286.html
1984-12-01	NWA	promotion	2	Ted DiBiase	http://www.profightdb.com/pwi-monthly/december-1984-286.html
1984-12-01	NWA	promotion	4	Angelo Mosca	http://www.profightdb.com/pwi-monthly/december-1984-286.html
1984-12-01	NWA	promotion	5	Kerry Von Erich	http://www.profightdb.com/pwi-monthly/december-1984-286.html
1984-12-01	NWA	promotion	6	Scott McGhee	http://www.profightdb.com/pwi-monthly/december-1984-286.html
1984-12-01	NWA	promotion	7	Angelo Mosca Jr.	http://www.profightdb.com/pwi-monthly/december-1984-286.html
1984-12-01	NWA	promotion	8	Mike Von Erich	http://www.profightdb.com/pwi-monthly/december-1984-286.html
1984-12-01	NWA	promotion	9	Dusty Rhodes	http://www.profightdb.com/pwi-monthly/december-1984-286.html
1984-12-01	NWA	promotion	10	Carlos Colon	http://www.profightdb.com/pwi-monthly/december-1984-286.html
1984-12-01	Florida	territory	1	Angelo Mosca	http://www.profightdb.com/pwi-monthly/december-1984-286.html
1984-12-01	Florida	territory	2	Scott McGhee	http://www.profightdb.com/pwi-monthly/december-1984-286.html
1984-12-01	Florida	territory	3	Billy Jack	http://www.profightdb.com/pwi-monthly/december-1984-286.html
1984-12-01	Florida	territory	4	Billy Graham	http://www.profightdb.com/pwi-monthly/december-1984-286.html
1984-12-01	Florida	territory	5	Dusty Rhodes	http://www.profightdb.com/pwi-monthly/december-1984-286.html
1984-12-01	Florida	territory	6	Kevin Sullivan	http://www.profightdb.com/pwi-monthly/december-1984-286.html
1984-12-01	Florida	territory	7	Dory Funk, Jr.	http://www.profightdb.com/pwi-monthly/december-1984-286.html
1984-12-01	Florida	territory	9	One Man Gang	http://www.profightdb.com/pwi-monthly/december-1984-286.html
1984-12-01	Florida	territory	10	Ron Bass	http://www.profightdb.com/pwi-monthly/december-1984-286.html
1984-12-01	Georgia	territory	1	Ted DiBiase	http://www.profightdb.com/pwi-monthly/december-1984-286.html
1984-12-01	Georgia	territory	2	Ronnie Garvin	http://www.profightdb.com/pwi-monthly/december-1984-286.html
1984-12-01	Georgia	territory	4	Buzz Sawyer	http://www.profightdb.com/pwi-monthly/december-1984-286.html
1984-12-01	Georgia	territory	5	Jake Roberts	http://www.profightdb.com/pwi-monthly/december-1984-286.html
1984-12-01	Georgia	territory	6	Tommy Rich	http://www.profightdb.com/pwi-monthly/december-1984-286.html
1984-12-01	Georgia	territory	8	Billy Jack	http://www.profightdb.com/pwi-monthly/december-1984-286.html
1984-12-01	Georgia	territory	10	Jerry Oates	http://www.profightdb.com/pwi-monthly/december-1984-286.html
1984-12-01	Mid-Atlantic	territory	1	Wahoo McDaniel	http://www.profightdb.com/pwi-monthly/december-1984-286.html
1984-12-01	Mid-Atlantic	territory	2	Angelo Mosca Jr.	http://www.profightdb.com/pwi-monthly/december-1984-286.html
1984-12-01	Mid-Atlantic	territory	3	Tully Blanchard	http://www.profightdb.com/pwi-monthly/december-1984-286.html
1984-12-01	Mid-Atlantic	territory	4	Ricky Steamboat	http://www.profightdb.com/pwi-monthly/december-1984-286.html
1984-12-01	Mid-Atlantic	territory	6	Mark Youngblood	http://www.profightdb.com/pwi-monthly/december-1984-286.html
1984-12-01	Mid-Atlantic	territory	7	Nikita Koloff	http://www.profightdb.com/pwi-monthly/december-1984-286.html
1984-12-01	Mid-Atlantic	territory	8	Buzz Sawyer	http://www.profightdb.com/pwi-monthly/december-1984-286.html
1984-12-01	Mid-Atlantic	territory	9	The Renegade	http://www.profightdb.com/pwi-monthly/december-1984-286.html
1984-12-01	Mid-Atlantic	territory	10	Adrian Street	http://www.profightdb.com/pwi-monthly/december-1984-286.html
1984-12-01	Mid-South	territory	1	Magnum T. A.	http://www.profightdb.com/pwi-monthly/december-1984-286.html
1984-12-01	Mid-South	territory	2	Butch Reed	http://www.profightdb.com/pwi-monthly/december-1984-286.html
1984-12-01	Mid-South	territory	3	Hercules Hernandez	http://www.profightdb.com/pwi-monthly/december-1984-286.html
1984-12-01	Mid-South	territory	4	Junkyard Dog	http://www.profightdb.com/pwi-monthly/december-1984-286.html
1984-12-01	Mid-South	territory	6	Ted DiBiase	http://www.profightdb.com/pwi-monthly/december-1984-286.html
1984-12-01	Mid-South	territory	7	Jim Duggan	http://www.profightdb.com/pwi-monthly/december-1984-286.html
1984-12-01	Mid-South	territory	8	Steve Williams	http://www.profightdb.com/pwi-monthly/december-1984-286.html
1984-12-01	Mid-South	territory	9	Krusher Kruschev	http://www.profightdb.com/pwi-monthly/december-1984-286.html
1984-12-01	Mid-Southern	territory	1	Tommy Rich	http://www.profightdb.com/pwi-monthly/december-1984-286.html
1984-12-01	Mid-Southern	territory	2	King Kong Bundy	http://www.profightdb.com/pwi-monthly/december-1984-286.html
1984-12-01	Mid-Southern	territory	3	Jerry Lawler	http://www.profightdb.com/pwi-monthly/december-1984-286.html
1984-12-01	Mid-Southern	territory	4	Eddie Gilbert	http://www.profightdb.com/pwi-monthly/december-1984-286.html
1984-12-01	Mid-Southern	territory	5	Rick Rude	http://www.profightdb.com/pwi-monthly/december-1984-286.html
1984-12-01	Mid-Southern	territory	6	Randy Savage	http://www.profightdb.com/pwi-monthly/december-1984-286.html
1984-12-01	Mid-Southern	territory	7	Masao Ito	http://www.profightdb.com/pwi-monthly/december-1984-286.html
1984-12-01	Mid-Southern	territory	8	Ricky Morton	http://www.profightdb.com/pwi-monthly/december-1984-286.html
1984-12-01	Mid-Southern	territory	9	Robert Gibson	http://www.profightdb.com/pwi-monthly/december-1984-286.html
1984-12-01	Mid-Southern	territory	10	Jim Neidhart	http://www.profightdb.com/pwi-monthly/december-1984-286.html
1984-12-01	Northwest	territory	1	Rip Oliver	http://www.profightdb.com/pwi-monthly/december-1984-286.html
1984-12-01	Northwest	territory	4	Matt Borne	http://www.profightdb.com/pwi-monthly/december-1984-286.html
1984-12-01	Northwest	territory	5	Tom Prichard	http://www.profightdb.com/pwi-monthly/december-1984-286.html
1984-12-01	Northwest	territory	6	Kevin Kelly	http://www.profightdb.com/pwi-monthly/december-1984-286.html
1984-12-01	Northwest	territory	7	Mr. Ebony	http://www.profightdb.com/pwi-monthly/december-1984-286.html
1984-12-01	Northwest	territory	8	Mike Miller	http://www.profightdb.com/pwi-monthly/december-1984-286.html
1984-12-01	Northwest	territory	9	Doug Somers	http://www.profightdb.com/pwi-monthly/december-1984-286.html
1984-12-01	Northwest	territory	10	Ron Pope	http://www.profightdb.com/pwi-monthly/december-1984-286.html
1984-12-01	World Class	territory	1	Mike Von Erich	http://www.profightdb.com/pwi-monthly/december-1984-286.html
1984-12-01	World Class	territory	2	Kerry Von Erich	http://www.profightdb.com/pwi-monthly/december-1984-286.html
1984-12-01	World Class	territory	3	Gino Hernandez	http://www.profightdb.com/pwi-monthly/december-1984-286.html
1984-12-01	World Class	territory	4	Kevin Von Erich	http://www.profightdb.com/pwi-monthly/december-1984-286.html
1984-12-01	World Class	territory	5	Killer Khan	http://www.profightdb.com/pwi-monthly/december-1984-286.html
1984-12-01	World Class	territory	6	Chris Adams	http://www.profightdb.com/pwi-monthly/december-1984-286.html
1984-12-01	World Class	territory	7	The Missing Link	http://www.profightdb.com/pwi-monthly/december-1984-286.html
1984-12-01	World Class	territory	8	Kelly Kiniski	http://www.profightdb.com/pwi-monthly/december-1984-286.html
1984-12-01	World Class	territory	9	Butch Reed	http://www.profightdb.com/pwi-monthly/december-1984-286.html
1984-12-01	World Class	territory	10	Jake Roberts	http://www.profightdb.com/pwi-monthly/december-1984-286.html
