{"type":"FeatureCollection", "features": [
{"type":"Feature","geometry":{"type":"Polygon","coordinates":[[[-109.045,36.999],[-109.626,36.998],[-111.349,37.001],[-112.537,37],[-114.052,37],[-114.048,36.194],[-114.152,36.024],[-114.371,36.143],[-114.755,36.091],[-114.702,35.902],[-114.666,35.45],[-114.572,35.139],[-114.633,35.001],[-114.637,34.875],[-114.472,34.713],[-114.339,34.452],[-114.134,34.261],[-114.536,33.928],[-114.558,33.532],[-114.73,33.306],[-114.709,33.091],[-114.515,33.027],[-114.526,32.757],[-114.72,32.719],[-114.781,32.63],[-114.809,32.617],[-114.813,32.565],[-114.795,32.551],[-114.813,32.494],[-113.492,32.089],[-112.365,31.741],[-111.367,31.426],[-111.076,31.332],[-110.459,31.332],[-110,31.333],[-109.048,31.332],[-109.048,32.426],[-109.048,33.209],[-109.045,34.58],[-109.045,36.003],[-109.045,36.999]]]},"properties":{"name":"Arizona","admin":"United States of America"}},
{"type":"Feature","geometry":{"type":"Polygon","coordinates":[[[-89.526,30.18],[-89.616,30.223],[-89.691,30.46],[-89.849,30.666],[-89.727,31.003],[-90.826,30.999],[-91.637,30.999],[-91.472,31.396],[-91.339,31.851],[-91.181,31.918],[-91.03,32.114],[-90.994,32.354],[-91.113,32.476],[-91.167,33.004],[-92.724,33.014],[-94.042,33.02],[-94.042,31.992],[-93.909,31.893],[-93.801,31.698],[-93.833,31.586],[-93.701,31.438],[-93.518,31.024],[-93.553,30.825],[-93.679,30.6],[-93.74,30.021],[-93.923,29.819],[-93.837,29.691],[-93.474,29.769],[-93.177,29.771],[-92.617,29.586],[-92.322,29.532],[-92.107,29.613],[-92.2,29.753],[-91.888,29.836],[-91.856,29.708],[-91.622,29.735],[-91.533,29.532],[-91.238,29.351],[-91.278,29.247],[-90.79,29.107],[-90.599,29.289],[-90.305,29.266],[-90.223,29.085],[-89.842,29.319],[-89.483,29.215],[-89.343,29.053],[-89.149,29.029],[-89.092,29.191],[-89.2,29.348],[-89.508,29.386],[-89.684,29.625],[-89.533,29.649],[-89.314,29.924],[-89.494,30.041],[-89.659,29.863],[-89.846,29.955],[-89.526,30.18]]]},"properties":{"name":"Louisiana","admin":"United States of America"}},
{"type":"Feature","geometry":{"type":"Polygon","coordinates":[[[-117.027,42],[-115.315,41.996],[-114.041,41.993],[-113,41.998],[-111.048,42.002],[-111.044,43.019],[-111.048,44.474],[-111.378,44.752],[-111.586,44.563],[-112.107,44.521],[-112.286,44.569],[-112.473,44.48],[-113.004,44.451],[-113.133,44.773],[-113.456,44.865],[-113.452,45.059],[-113.74,45.33],[-113.944,45.686],[-114.346,45.46],[-114.565,45.637],[-114.565,45.774],[-114.386,45.889],[-114.479,46.001],[-114.422,46.387],[-114.321,46.611],[-114.594,46.633],[-114.888,46.808],[-114.931,46.92],[-115.326,47.256],[-115.721,47.424],[-115.725,47.697],[-116.048,47.978],[-116.048,48.502],[-116.048,49.001],[-117.031,48.999],[-117.031,48.847],[-117.035,48.75],[-117.035,48.371],[-117.042,48.045],[-117.038,46.426],[-116.92,46.165],[-116.916,45.996],[-116.762,45.816],[-116.593,45.778],[-116.464,45.603],[-116.848,45.022],[-116.931,44.787],[-117.045,44.745],[-117.243,44.396],[-116.902,44.18],[-117.02,43.859],[-117.027,42]]]},"properties":{"name":"Idaho","admin":"United States of America"}},
{"type":"Feature","geometry":{"type":"Polygon","coordinates":[[[-97.229,49.001],[-97.24,48.966],[-97.179,48.862],[-97.15,48.755],[-97.096,48.686],[-97.164,48.544],[-97.146,48.173],[-96.856,47.611],[-96.863,47.414],[-96.784,46.925],[-96.798,46.665],[-96.719,46.438],[-96.601,46.331],[-96.565,45.936],[-96.579,45.826],[-96.859,45.606],[-96.683,45.412],[-96.454,45.269],[-96.454,44.544],[-96.454,43.5],[-94.914,43.5],[-93.97,43.499],[-92.448,43.5],[-91.217,43.5],[-91.246,43.773],[-91.439,44.002],[-91.816,44.164],[-91.974,44.368],[-92.215,44.438],[-92.337,44.554],[-92.541,44.567],[-92.803,44.746],[-92.749,44.937],[-92.76,45.291],[-92.649,45.399],[-92.864,45.723],[-92.714,45.892],[-92.294,46.075],[-92.294,46.663],[-92.014,46.706],[-92.093,46.789],[-91.479,47.125],[-91.127,47.399],[-90.736,47.624],[-89.975,47.831],[-89.874,47.985],[-89.996,48.031],[-90.029,48.088],[-90.133,48.112],[-90.305,48.105],[-90.373,48.094],[-90.467,48.109],[-90.556,48.096],[-90.578,48.121],[-90.761,48.099],[-90.887,48.246],[-91.249,48.084],[-91.439,48.049],[-91.716,48.199],[-91.863,48.207],[-92.006,48.265],[-91.999,48.321],[-92.057,48.359],[-92.207,48.345],[-92.261,48.355],[-92.308,48.316],[-92.509,48.447],[-92.656,48.436],[-92.714,48.463],[-92.631,48.501],[-92.635,48.543],[-92.728,48.539],[-92.929,48.607],[-92.95,48.63],[-93.087,48.628],[-93.177,48.624],[-93.209,48.642],[-93.349,48.627],[-93.467,48.587],[-93.464,48.546],[-93.643,48.518],[-93.794,48.516],[-93.815,48.526],[-93.805,48.569],[-93.833,48.625],[-94.006,48.643],[-94.225,48.649],[-94.264,48.699],[-94.383,48.712],[-94.537,48.703],[-94.641,48.741],[-94.691,48.778],[-94.706,48.825],[-94.684,48.884],[-94.824,49.294],[-94.957,49.37],[-95.154,49.385],[-95.154,48.999],[-95.319,48.999],[-96.407,49],[-97.229,49.001]]]},"properties":{"name":"Minnesota","admin":"United States of America"}},
{"type":"Feature","geometry":{"type":"Polygon","coordinates":[[[-96.565,45.936],[-96.601,46.331],[-96.719,46.438],[-96.798,46.665],[-96.784,46.925],[-96.863,47.414],[-96.856,47.611],[-97.146,48.173],[-97.164,48.544],[-97.096,48.686],[-97.15,48.755],[-97.179,48.862],[-97.24,48.966],[-97.229,49.001],[-98.998,49],[-100.183,48.999],[-101.127,48.999],[-101.497,49],[-102.021,48.999],[-104.049,49],[-104.049,48.634],[-104.049,48.389],[-104.045,47.996],[-104.045,46.642],[-104.045,45.945],[-101.999,45.944],[-100.513,45.943],[-98.413,45.936],[-96.565,45.936]]]},"properties":{"name":"North Dakota","admin":"United States of America"}},
{"type":"Feature","geometry":{"type":"Polygon","coordinates":[[[-104.059,44.997],[-104.056,44.181],[-104.052,43.001],[-102.792,43],[-101.626,42.996],[-100.197,42.998],[-98.499,42.998],[-98.019,42.762],[-97.846,42.868],[-97.308,42.867],[-96.687,42.653],[-96.612,42.506],[-96.446,42.491],[-96.629,42.705],[-96.454,43.083],[-96.561,43.224],[-96.454,43.5],[-96.454,44.544],[-96.454,45.269],[-96.683,45.412],[-96.859,45.606],[-96.579,45.826],[-96.565,45.936],[-98.413,45.936],[-100.513,45.943],[-101.999,45.944],[-104.045,45.945],[-104.059,44.997]]]},"properties":{"name":"South Dakota","admin":"United States of America"}},
{"type":"Feature","geometry":{"type":"Polygon","coordinates":[[[-79.763,42.27],[-79.763,42],[-77.75,41.998],[-76.145,41.998],[-75.359,41.999],[-75.262,41.866],[-75.054,41.753],[-74.986,41.509],[-74.695,41.358],[-73.906,40.998],[-74.046,40.69],[-73.934,40.569],[-73.209,40.631],[-72.395,40.866],[-72.104,40.992],[-72.402,41.097],[-72.585,40.998],[-73.141,40.966],[-73.64,40.893],[-73.658,40.985],[-73.726,41.101],[-73.482,41.212],[-73.55,41.296],[-73.486,42.05],[-73.507,42.086],[-73.263,42.746],[-73.249,43.554],[-73.439,44.045],[-73.313,44.264],[-73.292,44.441],[-73.389,44.636],[-73.331,44.789],[-73.378,44.838],[-73.339,44.918],[-73.342,45.011],[-73.676,45.003],[-74.146,44.991],[-74.663,44.999],[-74.728,44.995],[-74.828,45.016],[-74.907,44.984],[-74.972,44.984],[-75.065,44.93],[-75.309,44.837],[-75.506,44.705],[-75.765,44.516],[-75.822,44.432],[-75.969,44.343],[-76.163,44.281],[-76.163,44.24],[-76.246,44.204],[-76.314,44.199],[-76.371,44.101],[-76.375,44.032],[-76.138,43.935],[-76.228,43.804],[-76.203,43.575],[-76.418,43.522],[-76.698,43.345],[-76.953,43.271],[-77.577,43.243],[-77.714,43.323],[-78.105,43.376],[-78.489,43.375],[-78.834,43.317],[-78.97,43.281],[-79.071,43.262],[-79.06,43.251],[-79.074,43.077],[-79.02,43.066],[-79.006,43.047],[-79.013,42.986],[-78.931,42.955],[-78.906,42.924],[-78.913,42.887],[-78.866,42.852],[-78.852,42.784],[-79.049,42.689],[-79.15,42.553],[-79.763,42.27]]]},"properties":{"name":"New York","admin":"United States of America"}},
{"type":"Feature","geometry":{"type":"MultiPolygon","coordinates":[[[[-133.696,57.794],[-133.678,57.625],[-133.355,57.334],[-133.545,57.243],[-133.323,57.113],[-132.917,57.04],[-132.77,56.838],[-132.558,56.757],[-132.339,56.341],[-132.72,56.218],[-132.451,55.956],[-132.16,55.922],[-132.224,55.701],[-132.149,55.562],[-131.844,55.457],[-131.428,55.239],[-131.094,55.193],[-130.983,55.085],[-130.947,54.826],[-130.627,54.739],[-130.34,54.921],[-129.981,55.284],[-130.128,55.581],[-130.15,55.767],[-130.085,55.824],[-130.013,55.916],[-130.003,55.993],[-130.103,56.116],[-130.247,56.097],[-130.344,56.127],[-130.426,56.14],[-130.466,56.24],[-130.782,56.367],[-131.087,56.407],[-131.582,56.614],[-131.837,56.602],[-131.901,56.753],[-131.873,56.805],[-132.128,56.875],[-132.12,56.891],[-132.052,57.051],[-132.372,57.096],[-132.253,57.216],[-132.558,57.504],[-133.176,58.151],[-133.344,58.271],[-133.463,58.386],[-133.38,58.428],[-133.84,58.728],[-134.249,58.858],[-134.328,58.919],[-134.328,58.963],[-134.4,58.976],[-134.378,59.035],[-134.482,59.128],[-134.701,59.248],[-134.963,59.28],[-135.028,59.345],[-135.01,59.382],[-135.067,59.422],[-135.071,59.454],[-135.028,59.474],[-135.028,59.564],[-135.114,59.624],[-135.153,59.626],[-135.254,59.701],[-135.476,59.8],[-136.191,59.64],[-136.352,59.599],[-136.237,59.559],[-136.234,59.525],[-136.302,59.464],[-136.367,59.448],[-136.474,59.464],[-136.467,59.284],[-136.489,59.26],[-136.582,59.165],[-136.826,59.158],[-137.264,59.003],[-137.447,58.91],[-137.526,58.909],[-137.497,58.986],[-137.605,59.243],[-138.56,59.742],[-138.703,59.91],[-139.033,59.994],[-139.202,60.09],[-139.084,60.324],[-139.087,60.357],[-139.697,60.34],[-139.988,60.186],[-140.473,60.31],[-140.534,60.224],[-141,60.306],[-141,60.392],[-140.997,61.07],[-141.004,61.904],[-141.004,65.839],[-141.004,68.499],[-141.004,69.646],[-141.212,69.684],[-141.431,69.695],[-143.254,70.152],[-144.457,70.036],[-145.175,69.992],[-145.857,70.166],[-147.68,70.2],[-148.107,70.343],[-148.351,70.305],[-149.18,70.486],[-150.519,70.483],[-151.147,70.377],[-151.818,70.546],[-152.421,70.609],[-152.224,70.824],[-153.24,70.922],[-153.889,70.886],[-154.169,70.768],[-154.571,70.826],[-154.615,71.026],[-155.031,71.146],[-155.645,70.824],[-155.831,70.966],[-155.566,71.165],[-156.524,71.294],[-156.811,71.287],[-157.504,70.949],[-158.032,70.832],[-158.656,70.786],[-159.173,70.875],[-159.647,70.794],[-160.214,70.559],[-160.813,70.377],[-161.287,70.297],[-161.879,70.329],[-162.342,70.19],[-163.01,69.813],[-163.243,69.306],[-163.534,69.141],[-164.252,68.931],[-165.329,68.858],[-166.215,68.879],[-166.226,68.576],[-166.377,68.422],[-165.975,68.141],[-165.314,68.017],[-164.008,67.536],[-163.746,67.126],[-162.5,66.977],[-161.811,67.05],[-161.711,67.001],[-161.883,66.717],[-161.326,66.478],[-161.574,66.439],[-162.069,66.646],[-162.324,66.943],[-162.601,66.898],[-161.876,66.512],[-161.912,66.344],[-161.524,66.397],[-161.108,66.329],[-161.549,66.24],[-161.84,66.023],[-162.393,66.029],[-162.751,66.09],[-163.767,66.061],[-163.918,66.19],[-163.728,66.585],[-164.395,66.581],[-165.189,66.465],[-165.806,66.333],[-167.54,65.821],[-167.981,65.728],[-168.074,65.576],[-167.4,65.4],[-166.348,65.276],[-166.692,64.985],[-166.43,64.883],[-166.484,64.734],[-166.237,64.583],[-165.016,64.435],[-164.42,64.545],[-163.599,64.563],[-163.143,64.609],[-162.633,64.386],[-162.54,64.531],[-162.17,64.68],[-161.667,64.789],[-160.935,64.822],[-160.792,64.619],[-161.262,64.398],[-160.975,64.236],[-160.767,63.774],[-161.136,63.504],[-161.585,63.447],[-162.27,63.488],[-162.662,63.23],[-163.053,63.058],[-163.315,63.038],[-163.731,63.213],[-164.036,63.261],[-164.424,63.212],[-164.632,63.098],[-165.095,62.522],[-165.673,62.14],[-165.745,61.962],[-166.14,61.632],[-165.914,61.556],[-165.817,61.303],[-165.623,61.278],[-165.555,61.093],[-165.12,61.079],[-164.966,60.724],[-165.268,60.579],[-165.131,60.434],[-164.7,60.296],[-164.385,60.077],[-164.191,60.024],[-164.115,59.837],[-163.663,59.796],[-163.085,59.861],[-162.504,59.999],[-162.371,60.167],[-162.102,59.944],[-161.703,59.491],[-162.055,59.271],[-161.782,58.969],[-161.872,58.638],[-161.682,58.565],[-161.341,58.739],[-160.752,58.911],[-160.321,58.954],[-159.909,58.78],[-159.733,58.931],[-159.356,58.735],[-159.047,58.418],[-158.703,58.483],[-158.861,58.695],[-158.767,58.864],[-158.52,58.857],[-158.333,58.665],[-158.139,58.615],[-157.07,58.888],[-157.077,58.708],[-157.454,58.505],[-157.712,57.64],[-158.085,57.357],[-158.394,57.236],[-158.645,57.032],[-158.645,56.847],[-159.019,56.815],[-159.83,56.544],[-160.357,56.279],[-160.591,55.983],[-160.494,55.865],[-160.942,55.822],[-160.828,56.027],[-161.133,56.015],[-161.807,55.892],[-162.263,55.688],[-162.493,55.512],[-162.5,55.39],[-162.798,55.311],[-162.881,55.183],[-163.315,55.127],[-163.534,55.048],[-163.896,55.039],[-164.56,54.851],[-164.711,54.662],[-164.919,54.605],[-164.844,54.418],[-164.639,54.391],[-164.352,54.465],[-164.234,54.585],[-163.803,54.636],[-163.588,54.612],[-163.035,54.943],[-162.769,54.932],[-162.471,55.052],[-162.052,55.074],[-161.685,55.408],[-161.614,55.606],[-161.362,55.619],[-161.506,55.363],[-160.537,55.475],[-160.393,55.603],[-159.812,55.857],[-159.607,55.813],[-158.911,55.935],[-158.398,56.109],[-158.207,56.294],[-158.491,56.342],[-158.329,56.484],[-157.92,56.643],[-157.676,56.609],[-157.378,56.862],[-157.202,56.767],[-156.782,56.972],[-156.556,56.984],[-156.334,57.182],[-156.341,57.418],[-155.968,57.544],[-155.734,57.55],[-155.544,57.787],[-155.095,57.865],[-154.991,58.013],[-154.582,58.019],[-154.144,58.211],[-154.177,58.32],[-153.904,58.597],[-153.678,58.612],[-153.401,58.742],[-153.398,58.966],[-154.195,59.07],[-154.119,59.365],[-153.699,59.463],[-153.477,59.643],[-153.053,59.692],[-153.003,59.887],[-152.705,59.915],[-152.569,60.071],[-152.734,60.174],[-152.235,60.394],[-152.31,60.506],[-152.023,60.674],[-151.704,60.732],[-151.793,60.863],[-151.481,61.011],[-151.165,61.046],[-151.025,61.179],[-150.713,61.251],[-150.203,61.259],[-149.74,61.017],[-149.999,60.864],[-150.376,61.04],[-151.025,60.797],[-151.409,60.721],[-151.266,60.543],[-151.42,60.213],[-151.704,60.032],[-151.869,59.778],[-151.797,59.705],[-151.276,59.595],[-151.887,59.421],[-151.98,59.254],[-151.739,59.156],[-151.449,59.248],[-151.108,59.217],[-150.742,59.425],[-150.354,59.416],[-149.428,59.98],[-148.635,59.916],[-148.315,60.034],[-148.039,59.939],[-147.816,60.058],[-148.129,60.237],[-147.942,60.444],[-148.154,60.818],[-147.73,60.818],[-147.181,60.933],[-146.736,60.911],[-146.557,60.81],[-146.668,60.692],[-146,60.641],[-145.95,60.577],[-146.639,60.467],[-146.693,60.284],[-146.147,60.367],[-146.216,60.45],[-145.828,60.55],[-145.254,60.311],[-144.966,60.309],[-144.654,60.205],[-144.109,60.099],[-143.893,59.986],[-142.91,60.09],[-142.537,60.084],[-141.596,59.962],[-140.889,59.742],[-140.308,59.693],[-139.633,59.875],[-139.586,59.643],[-139.855,59.537],[-139.421,59.38],[-138.29,59.054],[-137.931,58.869],[-137.68,58.622],[-136.596,58.215],[-136.044,58.38],[-136.248,58.753],[-135.911,58.619],[-135.907,58.381],[-135.448,58.4],[-135.279,58.234],[-135.056,58.35],[-135.143,58.616],[-134.92,58.681],[-134.633,58.248],[-134.087,58.182],[-134.048,58.062],[-133.696,57.794]]],[[[-133.068,56.357],[-132.878,56.24],[-132.662,56.275],[-132.634,56.422],[-132.928,56.456],[-133.068,56.357]]],[[[-134.177,58.158],[-134.558,58.195],[-134.97,58.368],[-134.705,57.829],[-134.608,57.513],[-134.647,57.226],[-134.497,57.031],[-133.872,57.358],[-133.904,57.808],[-134.188,58.084],[-134.177,58.158]]],[[[-136.37,57.832],[-135.893,57.408],[-135.566,57.486],[-135.573,57.675],[-135.085,57.465],[-134.823,57.5],[-134.949,57.805],[-134.967,58.047],[-135.451,58.134],[-135.785,58.287],[-135.975,58.202],[-136.399,58.272],[-136.575,57.927],[-136.37,57.832]]],[[[-133.326,57.011],[-133.886,57.097],[-134.414,56.848],[-134.321,56.554],[-134.26,56.121],[-133.962,56.091],[-133.782,56.393],[-133.14,56.533],[-132.817,56.495],[-132.54,56.584],[-132.935,56.823],[-133.104,57.005],[-133.326,57.011]]],[[[-153.419,58.064],[-152.981,57.985],[-152.569,58.114],[-152.08,58.154],[-151.973,58.23],[-152.278,58.416],[-152.353,58.638],[-152.666,58.565],[-152.838,58.372],[-153.046,58.306],[-153.419,58.064]]],[[[-154.78,57.366],[-154.575,57.24],[-154.525,56.992],[-154.23,56.872],[-153.545,56.995],[-152.87,57.151],[-152.518,57.432],[-152.339,57.423],[-152.163,57.584],[-152.468,57.681],[-152.468,57.889],[-153.024,57.957],[-153.452,57.963],[-153.936,57.813],[-153.983,57.65],[-154.227,57.662],[-154.629,57.511],[-154.78,57.366]]],[[[-133.818,55.964],[-133.7,55.779],[-133.262,55.569],[-133.079,55.41],[-133.452,55.32],[-133.161,54.959],[-132.871,54.702],[-132.673,54.675],[-132.63,54.884],[-132.889,54.896],[-132.917,55.044],[-132.483,54.899],[-132.307,54.719],[-131.959,54.792],[-131.977,55.181],[-132.142,55.238],[-132.357,55.649],[-132.634,55.922],[-133.007,56.12],[-133.165,56.317],[-133.581,56.353],[-133.549,56.158],[-133.818,55.964]]],[[[-134.633,56.283],[-134.633,56.729],[-134.841,57.249],[-134.848,57.41],[-135.064,57.419],[-135.419,57.564],[-135.688,57.367],[-135.494,57.095],[-135.354,57.021],[-135.505,56.781],[-135.318,56.749],[-135.06,56.542],[-134.805,56.236],[-134.633,56.283]]],[[[-167.443,60.21],[-167.13,59.996],[-166.19,59.75],[-166.025,59.862],[-165.583,59.908],[-165.723,60.236],[-165.881,60.344],[-166.491,60.389],[-166.843,60.211],[-167.443,60.21]]],[[[172.46,52.927],[172.639,52.926],[172.808,52.789],[173.135,52.784],[173.296,52.927],[173.106,52.994],[172.629,53.001],[172.46,52.927]]],[[[-167.852,53.316],[-167.622,53.25],[-167.134,53.427],[-166.75,53.441],[-166.553,53.623],[-166.283,53.684],[-166.118,53.855],[-166.373,54.01],[-166.646,54.014],[-167.03,53.945],[-167.026,53.757],[-167.188,53.524],[-167.852,53.316]]],[[[-169.054,52.863],[-168.498,53.036],[-168.272,53.243],[-167.841,53.386],[-168.006,53.566],[-168.408,53.411],[-168.764,53.183],[-168.785,53.045],[-169.054,52.863]]],[[[-175.328,52.027],[-174.736,52.007],[-174.417,52.028],[-174.079,52.128],[-173.986,52.299],[-174.323,52.379],[-174.298,52.214],[-174.693,52.107],[-175.328,52.027]]],[[[-176.99,51.629],[-176.631,51.657],[-176.29,51.873],[-176.789,51.818],[-176.99,51.629]]],[[[-171.84,63.548],[-171.739,63.366],[-171.463,63.307],[-171.1,63.423],[-170.364,63.286],[-169.83,63.079],[-169.377,63.151],[-168.86,63.147],[-168.685,63.296],[-169.546,63.373],[-170.048,63.49],[-170.095,63.612],[-170.49,63.697],[-170.906,63.572],[-171.61,63.679],[-171.84,63.548]]]]},"properties":{"name":"Alaska","admin":"United States of America"}},
{"type":"Feature","geometry":{"type":"Polygon","coordinates":[[[-85.607,34.984],[-85.42,34.081],[-85.187,32.87],[-85.104,32.645],[-84.892,32.264],[-85.058,32.136],[-85.129,31.878],[-85.126,31.695],[-85.047,31.517],[-85.108,31.186],[-85.004,31.001],[-84.864,30.711],[-83.744,30.658],[-82.215,30.569],[-82.172,30.359],[-82.05,30.363],[-82.007,30.577],[-82.039,30.749],[-81.949,30.827],[-81.72,30.745],[-81.443,30.71],[-81.4,31.134],[-81.292,31.206],[-81.26,31.405],[-81.131,31.722],[-80.862,31.969],[-80.887,32.034],[-81.113,32.113],[-81.12,32.284],[-81.278,32.535],[-81.389,32.595],[-81.49,33.008],[-81.745,33.142],[-81.938,33.343],[-81.913,33.441],[-82.197,33.63],[-82.247,33.752],[-82.563,33.956],[-82.717,34.15],[-82.875,34.476],[-83.051,34.495],[-83.338,34.687],[-83.324,34.79],[-83.109,35.001],[-84.322,34.989],[-85.607,34.984]]]},"properties":{"name":"Georgia","admin":"United States of America"}},
{"type":"Feature","geometry":{"type":"Polygon","coordinates":[[[-87.523,41.708],[-87.527,40.477],[-87.531,39.348],[-87.642,39.158],[-87.513,38.955],[-87.495,38.743],[-87.854,38.275],[-88.091,37.891],[-88.03,37.799],[-87.94,37.871],[-87.38,37.936],[-87.222,37.849],[-86.795,37.989],[-86.716,37.894],[-86.375,38.131],[-86.174,38.01],[-85.944,38.008],[-85.829,38.277],[-85.675,38.301],[-85.607,38.439],[-85.417,38.541],[-85.452,38.709],[-85.172,38.688],[-84.889,38.795],[-84.799,38.891],[-84.821,39.105],[-84.803,40.31],[-84.806,41.696],[-84.806,41.761],[-85.661,41.759],[-86.824,41.761],[-87.222,41.624],[-87.523,41.708]]]},"properties":{"name":"Indiana","admin":"United States of America"}},
{"type":"Feature","geometry":{"type":"MultiPolygon","coordinates":[[[[-83.453,41.733],[-83.442,41.809],[-83.317,41.936],[-83.191,42.006],[-83.188,42.066],[-83.134,42.088],[-83.123,42.126],[-83.13,42.235],[-83.066,42.318],[-82.958,42.34],[-82.897,42.385],[-82.875,42.523],[-82.782,42.565],[-82.796,42.654],[-82.674,42.687],[-82.678,42.612],[-82.714,42.598],[-82.681,42.575],[-82.685,42.518],[-82.642,42.554],[-82.588,42.551],[-82.524,42.608],[-82.466,42.762],[-82.48,42.803],[-82.455,42.927],[-82.423,43.008],[-82.488,43.102],[-82.524,43.225],[-82.538,43.437],[-82.642,43.852],[-82.915,44.071],[-83.263,43.973],[-83.647,43.604],[-83.956,43.751],[-83.83,43.989],[-83.582,44.057],[-83.55,44.227],[-83.331,44.34],[-83.274,44.714],[-83.439,44.941],[-83.421,45.29],[-84.056,45.49],[-84.203,45.627],[-84.462,45.652],[-84.774,45.79],[-85.119,45.575],[-85.09,45.477],[-85.37,45.271],[-85.395,44.931],[-85.567,45.044],[-86.073,44.885],[-86.088,44.741],[-86.224,44.595],[-86.267,44.345],[-86.515,44.048],[-86.432,43.856],[-86.54,43.618],[-86.231,43.016],[-86.206,42.719],[-86.249,42.48],[-86.364,42.243],[-86.619,41.894],[-86.824,41.761],[-85.661,41.759],[-84.806,41.761],[-84.806,41.696],[-83.453,41.733]]],[[[-90.416,46.566],[-90.219,46.503],[-90.122,46.337],[-89.092,46.138],[-88.812,46.021],[-88.507,46.018],[-88.116,45.922],[-88.058,45.781],[-87.879,45.755],[-87.775,45.598],[-87.85,45.341],[-87.592,45.095],[-87.172,45.662],[-86.838,45.723],[-86.773,45.811],[-86.195,45.963],[-85.664,45.967],[-85.513,46.094],[-85.015,46.011],[-84.831,45.872],[-84.656,46.052],[-84.376,45.932],[-84.114,45.979],[-83.561,45.912],[-83.582,46.089],[-83.988,46.033],[-84.124,46.18],[-84.25,46.176],[-84.221,46.232],[-84.117,46.234],[-84.121,46.315],[-84.146,46.418],[-84.11,46.504],[-84.128,46.53],[-84.225,46.534],[-84.293,46.493],[-84.376,46.509],[-84.444,46.489],[-84.505,46.439],[-85.025,46.483],[-85.029,46.698],[-85.237,46.756],[-85.481,46.68],[-86.138,46.673],[-86.493,46.525],[-86.928,46.465],[-87.017,46.533],[-87.391,46.525],[-87.595,46.783],[-87.818,46.891],[-88.442,46.972],[-87.8,47.473],[-88.18,47.458],[-88.575,47.246],[-89.437,46.839],[-89.792,46.819],[-90.029,46.674],[-90.416,46.566]]],[[[-89.253,47.876],[-89.124,47.829],[-88.668,48.011],[-88.546,48.175],[-89.178,47.935],[-89.253,47.876]]]]},"properties":{"name":"Michigan","admin":"United States of America"}},
{"type":"Feature","geometry":{"type":"Polygon","coordinates":[[[-88.396,30.369],[-88.475,31.894],[-88.349,32.929],[-88.205,34.087],[-88.098,34.892],[-88.202,34.995],[-89.354,34.994],[-90.309,34.995],[-90.589,34.496],[-90.567,34.425],[-90.955,34.12],[-90.901,34.024],[-91.228,33.669],[-91.131,33.597],[-91.235,33.439],[-91.084,33.156],[-91.167,33.004],[-91.113,32.476],[-90.994,32.354],[-91.03,32.114],[-91.181,31.918],[-91.339,31.851],[-91.472,31.396],[-91.637,30.999],[-90.826,30.999],[-89.727,31.003],[-89.849,30.666],[-89.691,30.46],[-89.616,30.223],[-89.526,30.18],[-89.085,30.368],[-88.812,30.385],[-88.471,30.32],[-88.396,30.369]]]},"properties":{"name":"Mississippi","admin":"United States of America"}},
{"type":"Feature","geometry":{"type":"Polygon","coordinates":[[[-84.806,41.696],[-84.803,40.31],[-84.821,39.105],[-84.444,39.115],[-84.318,39.022],[-84.214,38.805],[-83.848,38.747],[-83.647,38.637],[-83.521,38.703],[-83.31,38.601],[-83.137,38.628],[-82.893,38.756],[-82.847,38.595],[-82.595,38.422],[-82.323,38.449],[-82.172,38.619],[-82.218,38.796],[-82.028,39.029],[-81.781,38.925],[-81.755,39.181],[-81.436,39.408],[-81.21,39.393],[-80.944,39.607],[-80.74,39.971],[-80.6,40.321],[-80.668,40.583],[-80.521,40.639],[-80.521,41.978],[-81.002,41.855],[-81.443,41.673],[-81.737,41.488],[-82.01,41.516],[-82.48,41.382],[-82.717,41.542],[-82.933,41.514],[-83.453,41.733],[-84.806,41.696]]]},"properties":{"name":"Ohio","admin":"United States of America"}},
{"type":"Feature","geometry":{"type":"Polygon","coordinates":[[[-106.529,31.783],[-106.489,31.748],[-106.45,31.765],[-106.382,31.732],[-106.349,31.697],[-106.303,31.62],[-106.281,31.562],[-106.245,31.541],[-106.206,31.466],[-106.08,31.399],[-105.998,31.387],[-105.954,31.365],[-105.94,31.319],[-105.868,31.289],[-105.782,31.198],[-105.775,31.167],[-105.743,31.165],[-105.71,31.137],[-105.646,31.114],[-105.603,31.082],[-105.556,30.991],[-105.398,30.889],[-105.007,30.686],[-104.982,30.629],[-104.967,30.608],[-104.899,30.57],[-104.853,30.418],[-104.86,30.39],[-104.687,30.18],[-104.68,29.924],[-104.565,29.771],[-104.54,29.676],[-104.508,29.639],[-104.4,29.572],[-104.382,29.543],[-104.339,29.52],[-104.264,29.514],[-104.145,29.383],[-103.977,29.296],[-103.837,29.278],[-103.726,29.192],[-103.647,29.159],[-103.525,29.138],[-103.428,29.042],[-103.331,29.022],[-103.28,28.982],[-103.115,28.985],[-103.101,29.058],[-103.015,29.125],[-102.99,29.183],[-102.954,29.176],[-102.889,29.209],[-102.871,29.241],[-102.907,29.26],[-102.889,29.292],[-102.878,29.354],[-102.843,29.358],[-102.825,29.4],[-102.832,29.444],[-102.807,29.494],[-102.81,29.522],[-102.771,29.548],[-102.738,29.642],[-102.645,29.734],[-102.387,29.767],[-102.351,29.863],[-102.322,29.879],[-102.229,29.844],[-102.182,29.846],[-102.143,29.803],[-101.708,29.763],[-101.475,29.781],[-101.367,29.664],[-101.252,29.625],[-101.256,29.521],[-101.059,29.459],[-101.012,29.369],[-100.797,29.241],[-100.667,29.084],[-100.632,28.903],[-100.603,28.902],[-100.535,28.763],[-100.499,28.662],[-100.398,28.585],[-100.413,28.552],[-100.337,28.443],[-100.294,28.284],[-100.082,28.144],[-99.993,27.995],[-99.892,27.9],[-99.878,27.799],[-99.842,27.766],[-99.813,27.774],[-99.802,27.742],[-99.77,27.732],[-99.705,27.655],[-99.67,27.66],[-99.637,27.626],[-99.605,27.642],[-99.555,27.614],[-99.512,27.565],[-99.53,27.499],[-99.483,27.491],[-99.497,27.439],[-99.487,27.413],[-99.504,27.339],[-99.497,27.272],[-99.454,27.265],[-99.426,27.176],[-99.429,27.095],[-99.451,27.068],[-99.447,27.023],[-99.268,26.843],[-99.167,26.536],[-99.113,26.434],[-99.081,26.396],[-99.038,26.413],[-99.009,26.395],[-98.966,26.398],[-98.891,26.358],[-98.826,26.37],[-98.797,26.36],[-98.79,26.332],[-98.754,26.325],[-98.654,26.236],[-98.464,26.223],[-98.198,26.056],[-97.8,26.06],[-97.76,26.032],[-97.649,26.022],[-97.584,25.938],[-97.444,25.85],[-97.372,25.84],[-97.351,25.925],[-97.276,25.936],[-97.229,25.959],[-97.146,25.953],[-97.154,26.062],[-97.272,26.086],[-97.297,26.296],[-97.441,26.6],[-97.48,26.807],[-97.412,27.321],[-97.186,27.831],[-97.049,28.022],[-96.683,28.315],[-95.811,28.665],[-95.384,28.866],[-95.057,29.203],[-94.892,29.308],[-94.968,29.7],[-94.695,29.758],[-94.742,29.526],[-94.594,29.468],[-94.135,29.647],[-93.837,29.691],[-93.923,29.819],[-93.74,30.021],[-93.679,30.6],[-93.553,30.825],[-93.518,31.024],[-93.701,31.438],[-93.833,31.586],[-93.801,31.698],[-93.909,31.893],[-94.042,31.992],[-94.042,33.02],[-94.042,33.542],[-94.185,33.593],[-94.357,33.544],[-94.487,33.638],[-94.871,33.746],[-94.971,33.862],[-95.23,33.961],[-95.341,33.869],[-95.599,33.934],[-95.847,33.841],[-96.149,33.837],[-96.177,33.76],[-96.884,33.868],[-97.164,33.729],[-97.254,33.864],[-97.563,33.898],[-97.688,33.987],[-97.835,33.858],[-97.979,33.89],[-98.169,34.114],[-98.363,34.157],[-98.765,34.136],[-98.988,34.221],[-99.192,34.216],[-99.21,34.337],[-99.382,34.457],[-99.709,34.387],[-99.996,34.561],[-100,35.619],[-100,36.5],[-101.622,36.5],[-103.004,36.501],[-103.044,36.501],[-103.04,35.623],[-103.044,33.946],[-103.065,32.959],[-103.065,32.001],[-104.533,32],[-105.43,32.001],[-106.618,32.001],[-106.529,31.783]]]},"properties":{"name":"Texas","admin":"United States of America"}},
{"type":"Feature","geometry":{"type":"Polygon","coordinates":[[[-66.54,17.976],[-66.243,17.914],[-65.912,17.981],[-65.718,18.191],[-65.632,18.348],[-65.905,18.451],[-66.271,18.48],[-66.709,18.472],[-67.104,18.514],[-67.273,18.362],[-67.154,18.195],[-67.212,17.953],[-66.54,17.976]]]},"properties":{"name":"Puerto Rico","admin":"United States of America"}},
{"type":"Feature","geometry":{"type":"Polygon","coordinates":[[[-104.052,41.001],[-102.053,41.002],[-102.053,40.003],[-100.194,40.001],[-98.726,40.002],[-96.917,40.001],[-95.309,40],[-95.484,40.248],[-95.617,40.314],[-95.764,40.585],[-95.886,40.721],[-95.815,40.901],[-95.955,41.34],[-95.933,41.464],[-96.091,41.532],[-96.084,41.698],[-96.446,42.491],[-96.612,42.506],[-96.687,42.653],[-97.308,42.867],[-97.846,42.868],[-98.019,42.762],[-98.499,42.998],[-100.197,42.998],[-101.626,42.996],[-102.792,43],[-104.052,43.001],[-104.052,42.002],[-104.052,41.001]]]},"properties":{"name":"Nebraska","admin":"United States of America"}},
{"type":"Feature","geometry":{"type":"Polygon","coordinates":[[[-109.045,36.999],[-107.483,37],[-106.475,36.994],[-105,36.994],[-104.339,36.994],[-103,37],[-102.042,36.993],[-102.046,38.262],[-102.046,39.134],[-102.053,40.003],[-102.053,41.002],[-104.052,41.001],[-104.942,40.998],[-106.191,40.998],[-108.18,41],[-109.048,41],[-109.052,40.223],[-109.052,38.905],[-109.041,38.153],[-109.045,36.999]]]},"properties":{"name":"Colorado","admin":"United States of America"}},
{"type":"Feature","geometry":{"type":"Polygon","coordinates":[[[-75.79,39.722],[-77.47,39.72],[-79.476,39.721],[-79.487,39.206],[-79.096,39.473],[-78.956,39.44],[-78.78,39.622],[-78.468,39.517],[-78.382,39.629],[-78.184,39.695],[-77.944,39.619],[-77.721,39.322],[-77.459,39.22],[-77.463,39.076],[-77.118,38.934],[-76.91,38.893],[-77.039,38.792],[-77.129,38.635],[-77.276,38.482],[-77.208,38.36],[-77.018,38.445],[-76.921,38.292],[-76.59,38.214],[-76.386,38.218],[-76.558,38.768],[-76.278,39.146],[-76.163,39],[-76.361,38.939],[-76.278,38.61],[-76.336,38.492],[-76.135,38.232],[-75.901,38.232],[-75.898,37.975],[-75.668,37.951],[-75.241,38.027],[-75.051,38.451],[-75.693,38.46],[-75.79,39.722]]]},"properties":{"name":"Maryland","admin":"United States of America"}},
{"type":"Feature","geometry":{"type":"Polygon","coordinates":[[[-95.309,40],[-96.917,40.001],[-98.726,40.002],[-100.194,40.001],[-102.053,40.003],[-102.046,39.134],[-102.046,38.262],[-102.042,36.993],[-100.944,36.998],[-99.002,37],[-97.146,36.999],[-96.001,36.999],[-94.619,36.999],[-94.619,37.673],[-94.609,39.114],[-94.889,39.286],[-95.104,39.533],[-94.878,39.821],[-95.136,39.877],[-95.309,40]]]},"properties":{"name":"Kansas","admin":"United States of America"}},
{"type":"Feature","geometry":{"type":"Polygon","coordinates":[[[-89.131,36.982],[-89.171,37.068],[-88.984,37.229],[-88.564,37.079],[-88.424,37.15],[-88.478,37.387],[-88.083,37.473],[-88.159,37.665],[-88.03,37.799],[-88.091,37.891],[-87.854,38.275],[-87.495,38.743],[-87.513,38.955],[-87.642,39.158],[-87.531,39.348],[-87.527,40.477],[-87.523,41.708],[-87.681,42.076],[-87.836,42.302],[-87.8,42.492],[-88.776,42.492],[-90.643,42.509],[-90.377,42.215],[-90.162,42.117],[-90.18,41.809],[-90.341,41.59],[-90.65,41.465],[-91.045,41.416],[-91.113,41.239],[-90.948,41.096],[-90.966,40.921],[-91.12,40.673],[-91.36,40.602],[-91.418,40.378],[-91.493,40.278],[-91.493,40.036],[-91.371,39.732],[-90.721,39.224],[-90.664,38.934],[-90.406,38.963],[-90.115,38.849],[-90.183,38.611],[-90.37,38.341],[-90.355,38.213],[-90.208,38.088],[-89.846,37.906],[-89.515,37.693],[-89.422,37.397],[-89.519,37.286],[-89.268,36.994],[-89.131,36.982]]]},"properties":{"name":"Illinois","admin":"United States of America"}},
{"type":"Feature","geometry":{"type":"Polygon","coordinates":[[[-87.592,45.095],[-87.85,45.341],[-87.775,45.598],[-87.879,45.755],[-88.058,45.781],[-88.116,45.922],[-88.507,46.018],[-88.812,46.021],[-89.092,46.138],[-90.122,46.337],[-90.219,46.503],[-90.416,46.566],[-90.887,46.756],[-90.75,46.888],[-90.973,46.942],[-91.511,46.758],[-91.82,46.69],[-92.014,46.706],[-92.294,46.663],[-92.294,46.075],[-92.714,45.892],[-92.864,45.723],[-92.649,45.399],[-92.76,45.291],[-92.749,44.937],[-92.803,44.746],[-92.541,44.567],[-92.337,44.554],[-92.215,44.438],[-91.974,44.368],[-91.816,44.164],[-91.439,44.002],[-91.246,43.773],[-91.217,43.5],[-91.202,43.349],[-91.059,43.248],[-91.177,43.132],[-91.066,42.751],[-90.707,42.634],[-90.643,42.509],[-88.776,42.492],[-87.8,42.492],[-87.768,42.785],[-87.829,42.842],[-87.911,43.25],[-87.706,43.68],[-87.732,43.892],[-87.645,44.105],[-87.52,44.18],[-87.47,44.552],[-87.19,44.968],[-87.05,45.089],[-87.24,45.168],[-87.405,44.905],[-87.61,44.839],[-87.811,44.637],[-87.983,44.72],[-87.592,45.095]]]},"properties":{"name":"Wisconsin","admin":"United States of America"}},
{"type":"Feature","geometry":{"type":"Polygon","coordinates":[[[-124.213,41.998],[-124.256,41.783],[-124.163,41.74],[-124.073,41.375],[-124.177,40.844],[-124.411,40.438],[-124.364,40.261],[-124.109,40.103],[-123.851,39.832],[-123.768,39.56],[-123.826,39.361],[-123.693,39.057],[-123.739,38.954],[-123.33,38.566],[-123.129,38.451],[-123.004,38.296],[-122.939,38.032],[-122.53,37.819],[-122.49,38.11],[-122.3,38.105],[-122.379,37.905],[-122.171,37.676],[-122.515,37.521],[-122.401,37.36],[-122.404,37.195],[-122.106,36.956],[-121.862,36.932],[-121.787,36.804],[-121.941,36.481],[-121.877,36.289],[-121.719,36.196],[-121.252,35.657],[-121.166,35.635],[-120.861,35.361],[-120.897,35.248],[-120.635,35.123],[-120.671,34.904],[-120.599,34.704],[-120.645,34.581],[-120.473,34.448],[-120.143,34.473],[-119.874,34.409],[-119.558,34.413],[-119.278,34.267],[-119.217,34.146],[-118.804,34.002],[-118.542,34.038],[-118.259,33.703],[-118.115,33.743],[-117.505,33.334],[-117.329,33.122],[-117.25,32.874],[-117.246,32.669],[-117.124,32.534],[-116.105,32.618],[-114.72,32.719],[-114.526,32.757],[-114.515,33.027],[-114.709,33.091],[-114.73,33.306],[-114.558,33.532],[-114.536,33.928],[-114.134,34.261],[-114.339,34.452],[-114.472,34.713],[-114.637,34.875],[-114.633,35.001],[-115.161,35.424],[-116.252,36.277],[-117.831,37.465],[-118.858,38.205],[-119.999,39],[-119.996,40.072],[-119.999,41.184],[-119.999,41.995],[-121.037,41.993],[-122.501,42.009],[-123.657,41.995],[-124.213,41.998]]]},"properties":{"name":"California","admin":"United States of America"}},
{"type":"Feature","geometry":{"type":"Polygon","coordinates":[[[-96.454,43.5],[-96.561,43.224],[-96.454,43.083],[-96.629,42.705],[-96.446,42.491],[-96.084,41.698],[-96.091,41.532],[-95.933,41.464],[-95.955,41.34],[-95.815,40.901],[-95.886,40.721],[-95.764,40.585],[-94.232,40.572],[-92.638,40.59],[-91.73,40.614],[-91.418,40.378],[-91.36,40.602],[-91.12,40.673],[-90.966,40.921],[-90.948,41.096],[-91.113,41.239],[-91.045,41.416],[-90.65,41.465],[-90.341,41.59],[-90.18,41.809],[-90.162,42.117],[-90.377,42.215],[-90.643,42.509],[-90.707,42.634],[-91.066,42.751],[-91.177,43.132],[-91.059,43.248],[-91.202,43.349],[-91.217,43.5],[-92.448,43.5],[-93.97,43.499],[-94.914,43.5],[-96.454,43.5]]]},"properties":{"name":"Iowa","admin":"United States of America"}},
{"type":"Feature","geometry":{"type":"Polygon","coordinates":[[[-79.476,39.721],[-77.47,39.72],[-75.79,39.722],[-75.596,39.837],[-75.417,39.802],[-74.724,40.151],[-75.058,40.416],[-75.205,40.692],[-75.051,40.871],[-75.133,40.989],[-74.695,41.358],[-74.986,41.509],[-75.054,41.753],[-75.262,41.866],[-75.359,41.999],[-76.145,41.998],[-77.75,41.998],[-79.763,42],[-79.763,42.27],[-80.521,41.978],[-80.521,40.639],[-80.521,39.721],[-79.476,39.721]]]},"properties":{"name":"Pennsylvania","admin":"United States of America"}},
{"type":"Feature","geometry":{"type":"Polygon","coordinates":[[[-104.049,49],[-106.112,48.999],[-107.44,48.999],[-108.995,48.999],[-109.49,49.001],[-110.172,48.999],[-111.762,48.997],[-113.693,48.997],[-114.07,48.999],[-114.727,49.001],[-115.208,48.999],[-116.048,49.001],[-116.048,48.502],[-116.048,47.978],[-115.725,47.697],[-115.721,47.424],[-115.326,47.256],[-114.931,46.92],[-114.888,46.808],[-114.594,46.633],[-114.321,46.611],[-114.422,46.387],[-114.479,46.001],[-114.386,45.889],[-114.565,45.774],[-114.565,45.637],[-114.346,45.46],[-113.944,45.686],[-113.74,45.33],[-113.452,45.059],[-113.456,44.865],[-113.133,44.773],[-113.004,44.451],[-112.473,44.48],[-112.286,44.569],[-112.107,44.521],[-111.586,44.563],[-111.378,44.752],[-111.048,44.474],[-111.055,45.001],[-110.707,44.992],[-109.102,45.006],[-108.248,44.999],[-106.263,44.994],[-104.059,44.997],[-104.045,45.945],[-104.045,46.642],[-104.045,47.996],[-104.049,48.389],[-104.049,48.634],[-104.049,49]]]},"properties":{"name":"Montana","admin":"United States of America"}},
{"type":"Feature","geometry":{"type":"Polygon","coordinates":[[[-95.309,40],[-95.136,39.877],[-94.878,39.821],[-95.104,39.533],[-94.889,39.286],[-94.609,39.114],[-94.619,37.673],[-94.619,36.999],[-94.619,36.5],[-93.295,36.498],[-91.407,36.497],[-90.151,36.498],[-90.083,36.272],[-90.377,35.995],[-89.734,36.001],[-89.591,36.15],[-89.612,36.309],[-89.541,36.498],[-89.487,36.497],[-89.419,36.499],[-89.214,36.58],[-89.131,36.982],[-89.268,36.994],[-89.519,37.286],[-89.422,37.397],[-89.515,37.693],[-89.846,37.906],[-90.208,38.088],[-90.355,38.213],[-90.37,38.341],[-90.183,38.611],[-90.115,38.849],[-90.406,38.963],[-90.664,38.934],[-90.721,39.224],[-91.371,39.732],[-91.493,40.036],[-91.493,40.278],[-91.418,40.378],[-91.73,40.614],[-92.638,40.59],[-94.232,40.572],[-95.764,40.585],[-95.617,40.314],[-95.484,40.248],[-95.309,40]]]},"properties":{"name":"Missouri","admin":"United States of America"}},
{"type":"Feature","geometry":{"type":"MultiPolygon","coordinates":[[[[-85.004,31.001],[-86.034,30.993],[-87.599,30.997],[-87.635,30.866],[-87.405,30.674],[-87.43,30.406],[-87.52,30.28],[-86.798,30.387],[-86.299,30.363],[-85.923,30.238],[-85.388,29.924],[-85.305,29.725],[-84.882,29.734],[-84.537,29.91],[-84.343,29.899],[-84.272,30.068],[-84.024,30.103],[-83.636,29.886],[-83.539,29.723],[-83.414,29.667],[-83.399,29.517],[-83.241,29.433],[-83.166,29.289],[-82.818,29.077],[-82.653,28.591],[-82.85,27.864],[-82.714,27.699],[-82.588,27.816],[-82.434,27.765],[-82.703,27.498],[-82.251,26.763],[-82.107,26.484],[-81.87,26.379],[-81.802,26.088],[-81.623,25.897],[-81.289,25.688],[-81.127,25.381],[-81.17,25.222],[-81.081,25.119],[-80.811,25.186],[-80.463,25.209],[-80.291,25.319],[-80.338,25.466],[-80.241,25.724],[-80.119,25.841],[-80.036,26.595],[-80.033,26.797],[-80.162,27.193],[-80.384,27.74],[-80.567,28.095],[-80.607,28.29],[-80.524,28.46],[-80.944,29.111],[-81.213,29.671],[-81.31,29.969],[-81.443,30.51],[-81.443,30.71],[-81.72,30.745],[-81.949,30.827],[-82.039,30.749],[-82.007,30.577],[-82.05,30.363],[-82.172,30.359],[-82.215,30.569],[-83.744,30.658],[-84.864,30.711],[-85.004,31.001]]],[[[-81.813,24.569],[-81.684,24.559],[-81.257,24.664],[-81.443,24.813],[-81.745,24.66],[-81.813,24.569]]]]},"properties":{"name":"Florida","admin":"United States of America"}},
{"type":"Feature","geometry":{"type":"Polygon","coordinates":[[[-89.419,36.499],[-88.055,36.497],[-88.069,36.678],[-87.854,36.634],[-86.411,36.651],[-85.488,36.615],[-85.277,36.627],[-84.544,36.596],[-83.676,36.601],[-83.137,36.743],[-83.073,36.854],[-82.879,36.893],[-82.725,37.116],[-82.355,37.265],[-81.967,37.537],[-82.294,37.671],[-82.638,38.139],[-82.595,38.422],[-82.847,38.595],[-82.893,38.756],[-83.137,38.628],[-83.31,38.601],[-83.521,38.703],[-83.647,38.637],[-83.848,38.747],[-84.214,38.805],[-84.318,39.022],[-84.444,39.115],[-84.821,39.105],[-84.799,38.891],[-84.889,38.795],[-85.172,38.688],[-85.452,38.709],[-85.417,38.541],[-85.607,38.439],[-85.675,38.301],[-85.829,38.277],[-85.944,38.008],[-86.174,38.01],[-86.375,38.131],[-86.716,37.894],[-86.795,37.989],[-87.222,37.849],[-87.38,37.936],[-87.94,37.871],[-88.03,37.799],[-88.159,37.665],[-88.083,37.473],[-88.478,37.387],[-88.424,37.15],[-88.564,37.079],[-88.984,37.229],[-89.171,37.068],[-89.131,36.982],[-89.214,36.58],[-89.419,36.499]]]},"properties":{"name":"Kentucky","admin":"United States of America"}},
{"type":"Feature","geometry":{"type":"Polygon","coordinates":[[[-70.704,43.059],[-70.553,43.322],[-70.169,43.675],[-69.835,43.721],[-69.426,43.912],[-69.222,43.915],[-68.949,44.356],[-68.529,44.222],[-68.317,44.225],[-68.005,44.41],[-67.657,44.536],[-67.51,44.497],[-67.405,44.681],[-67.19,44.645],[-66.982,44.811],[-67.111,45.113],[-67.341,45.125],[-67.488,45.279],[-67.452,45.314],[-67.42,45.377],[-67.477,45.431],[-67.502,45.49],[-67.463,45.509],[-67.416,45.502],[-67.42,45.55],[-67.449,45.603],[-67.606,45.607],[-67.804,45.68],[-67.804,45.884],[-67.75,45.918],[-67.782,45.943],[-67.779,46.004],[-67.789,47.068],[-67.89,47.112],[-67.89,47.125],[-68.019,47.238],[-68.138,47.296],[-68.152,47.324],[-68.235,47.355],[-68.324,47.36],[-68.382,47.34],[-68.382,47.287],[-68.579,47.288],[-68.902,47.179],[-69.035,47.241],[-69.049,47.257],[-69.053,47.378],[-69.042,47.428],[-69.082,47.424],[-69.179,47.457],[-69.225,47.46],[-69.997,46.695],[-70.058,46.417],[-70.097,46.41],[-70.148,46.359],[-70.209,46.332],[-70.205,46.3],[-70.234,46.284],[-70.291,46.186],[-70.237,46.148],[-70.255,46.108],[-70.309,46.064],[-70.28,46.052],[-70.316,46.02],[-70.316,45.963],[-70.266,45.963],[-70.241,45.939],[-70.259,45.891],[-70.385,45.735],[-70.643,45.607],[-70.722,45.515],[-70.632,45.417],[-70.812,45.302],[-70.898,45.242],[-70.919,45.312],[-71.084,45.306],[-71.031,44.656],[-70.988,43.792],[-70.988,43.38],[-70.704,43.059]]]},"properties":{"name":"Maine","admin":"United States of America"}},
{"type":"Feature","geometry":{"type":"Polygon","coordinates":[[[-109.048,41],[-110.236,40.995],[-111.048,40.998],[-111.048,42.002],[-113,41.998],[-114.041,41.993],[-114.041,41],[-114.048,40.117],[-114.048,38.677],[-114.052,37],[-112.537,37],[-111.349,37.001],[-109.626,36.998],[-109.045,36.999],[-109.041,38.153],[-109.052,38.905],[-109.052,40.223],[-109.048,41]]]},"properties":{"name":"Utah","admin":"United States of America"}},
{"type":"Feature","geometry":{"type":"Polygon","coordinates":[[[-103.004,36.501],[-101.622,36.5],[-100,36.5],[-100,35.619],[-99.996,34.561],[-99.709,34.387],[-99.382,34.457],[-99.21,34.337],[-99.192,34.216],[-98.988,34.221],[-98.765,34.136],[-98.363,34.157],[-98.169,34.114],[-97.979,33.89],[-97.835,33.858],[-97.688,33.987],[-97.563,33.898],[-97.254,33.864],[-97.164,33.729],[-96.884,33.868],[-96.177,33.76],[-96.149,33.837],[-95.847,33.841],[-95.599,33.934],[-95.341,33.869],[-95.23,33.961],[-94.971,33.862],[-94.871,33.746],[-94.487,33.638],[-94.433,35.386],[-94.619,36.5],[-94.619,36.999],[-96.001,36.999],[-97.146,36.999],[-99.002,37],[-100.944,36.998],[-102.042,36.993],[-103,37],[-103.004,36.501]]]},"properties":{"name":"Oklahoma","admin":"United States of America"}},
{"type":"Feature","geometry":{"type":"Polygon","coordinates":[[[-83.676,36.601],[-84.544,36.596],[-85.277,36.627],[-85.488,36.615],[-86.411,36.651],[-87.854,36.634],[-88.069,36.678],[-88.055,36.497],[-89.419,36.499],[-89.487,36.497],[-89.541,36.498],[-89.612,36.309],[-89.591,36.15],[-89.734,36.001],[-89.813,35.76],[-90.075,35.384],[-90.176,35.112],[-90.309,34.995],[-89.354,34.994],[-88.202,34.995],[-86.838,34.992],[-85.607,34.984],[-84.322,34.989],[-84.289,35.225],[-84.027,35.292],[-84.02,35.41],[-83.773,35.562],[-83.485,35.568],[-83.08,35.789],[-82.994,35.774],[-82.75,36.006],[-82.459,36.007],[-82.222,36.157],[-82.028,36.13],[-81.917,36.287],[-81.73,36.391],[-81.676,36.588],[-83.259,36.594],[-83.676,36.601]]]},"properties":{"name":"Tennessee","admin":"United States of America"}},
{"type":"Feature","geometry":{"type":"Polygon","coordinates":[[[-116.916,45.996],[-118.987,46],[-119.127,45.933],[-119.486,45.906],[-119.999,45.813],[-120.211,45.726],[-120.592,45.747],[-121.065,45.653],[-121.525,45.725],[-121.812,45.707],[-122.25,45.548],[-122.763,45.656],[-122.813,45.961],[-123.115,46.186],[-123.28,46.145],[-123.549,46.259],[-123.905,46.169],[-123.969,45.908],[-123.94,45.662],[-123.976,45.145],[-124.077,44.772],[-124.059,44.659],[-124.141,43.958],[-124.22,43.611],[-124.554,42.84],[-124.389,42.566],[-124.436,42.44],[-124.342,42.093],[-124.213,41.998],[-123.657,41.995],[-122.501,42.009],[-121.037,41.993],[-119.999,41.995],[-118.696,41.992],[-117.027,42],[-117.02,43.859],[-116.902,44.18],[-117.243,44.396],[-117.045,44.745],[-116.931,44.787],[-116.848,45.022],[-116.464,45.603],[-116.593,45.778],[-116.762,45.816],[-116.916,45.996]]]},"properties":{"name":"Oregon","admin":"United States of America"}},
{"type":"Feature","geometry":{"type":"Polygon","coordinates":[[[-77.721,39.322],[-77.944,39.619],[-78.184,39.695],[-78.382,39.629],[-78.468,39.517],[-78.78,39.622],[-78.956,39.44],[-79.096,39.473],[-79.487,39.206],[-79.476,39.721],[-80.521,39.721],[-80.521,40.639],[-80.668,40.583],[-80.6,40.321],[-80.74,39.971],[-80.944,39.607],[-81.21,39.393],[-81.436,39.408],[-81.755,39.181],[-81.781,38.925],[-82.028,39.029],[-82.218,38.796],[-82.172,38.619],[-82.323,38.449],[-82.595,38.422],[-82.638,38.139],[-82.294,37.671],[-81.967,37.537],[-81.928,37.359],[-81.676,37.202],[-81.361,37.338],[-81.224,37.235],[-80.919,37.306],[-80.51,37.482],[-80.298,37.508],[-80.295,37.692],[-80.011,37.986],[-79.921,38.18],[-79.688,38.432],[-79.225,38.478],[-78.995,38.85],[-78.87,38.763],[-78.403,39.167],[-78.346,39.466],[-77.829,39.133],[-77.721,39.322]]]},"properties":{"name":"West Virginia","admin":"United States of America"}},
{"type":"Feature","geometry":{"type":"Polygon","coordinates":[[[-91.167,33.004],[-91.084,33.156],[-91.235,33.439],[-91.131,33.597],[-91.228,33.669],[-90.901,34.024],[-90.955,34.12],[-90.567,34.425],[-90.589,34.496],[-90.309,34.995],[-90.176,35.112],[-90.075,35.384],[-89.813,35.76],[-89.734,36.001],[-90.377,35.995],[-90.083,36.272],[-90.151,36.498],[-91.407,36.497],[-93.295,36.498],[-94.619,36.5],[-94.433,35.386],[-94.487,33.638],[-94.357,33.544],[-94.185,33.593],[-94.042,33.542],[-94.042,33.02],[-92.724,33.014],[-91.167,33.004]]]},"properties":{"name":"Arkansas","admin":"United States of America"}},
{"type":"Feature","geometry":{"type":"MultiPolygon","coordinates":[[[[-117.031,48.999],[-118.198,49.001],[-119.429,49],[-121.751,48.997],[-122.76,49.002],[-122.817,48.956],[-122.792,48.893],[-122.49,48.751],[-122.469,48.472],[-122.365,48.124],[-122.232,48.03],[-122.429,47.659],[-122.325,47.349],[-122.573,47.327],[-122.476,47.746],[-122.637,47.866],[-122.699,48.103],[-123.144,48.156],[-123.248,48.116],[-123.98,48.165],[-124.655,48.391],[-124.694,48.115],[-124.612,47.88],[-124.49,47.817],[-124.235,47.287],[-124.088,46.868],[-124.095,46.747],[-123.894,46.537],[-124.059,46.387],[-123.908,46.246],[-123.549,46.259],[-123.28,46.145],[-123.115,46.186],[-122.813,45.961],[-122.763,45.656],[-122.25,45.548],[-121.812,45.707],[-121.525,45.725],[-121.065,45.653],[-120.592,45.747],[-120.211,45.726],[-119.999,45.813],[-119.486,45.906],[-119.127,45.933],[-118.987,46],[-116.916,45.996],[-116.92,46.165],[-117.038,46.426],[-117.042,48.045],[-117.035,48.371],[-117.035,48.75],[-117.031,48.847],[-117.031,48.999]]],[[[-123.205,48.596],[-122.874,48.418],[-122.742,48.662],[-122.917,48.714],[-123.205,48.596]]]]},"properties":{"name":"Washington","admin":"United States of America"}},
{"type":"Feature","geometry":{"type":"Polygon","coordinates":[[[-75.865,36.55],[-76.917,36.543],[-78.457,36.543],[-80.295,36.544],[-81.676,36.588],[-81.73,36.391],[-81.917,36.287],[-82.028,36.13],[-82.222,36.157],[-82.459,36.007],[-82.75,36.006],[-82.994,35.774],[-83.08,35.789],[-83.485,35.568],[-83.773,35.562],[-84.02,35.41],[-84.027,35.292],[-84.289,35.225],[-84.322,34.989],[-83.109,35.001],[-82.459,35.178],[-82.215,35.196],[-81.041,35.149],[-80.783,34.936],[-80.797,34.82],[-79.674,34.805],[-78.539,33.851],[-78.177,33.914],[-77.962,33.853],[-77.829,34.163],[-77.581,34.4],[-77.175,34.619],[-76.817,34.694],[-76.551,34.646],[-76.235,34.926],[-76.569,35.097],[-76.486,35.372],[-76.142,35.329],[-75.952,35.531],[-75.776,35.58],[-75.725,35.823],[-75.808,35.959],[-75.977,35.897],[-76.217,36.095],[-75.912,36.212],[-75.725,36.003],[-75.865,36.55]]]},"properties":{"name":"North Carolina","admin":"United States of America"}},
{"type":"Feature","geometry":{"type":"MultiPolygon","coordinates":[[[[-77.721,39.322],[-77.829,39.133],[-78.346,39.466],[-78.403,39.167],[-78.87,38.763],[-78.995,38.85],[-79.225,38.478],[-79.688,38.432],[-79.921,38.18],[-80.011,37.986],[-80.295,37.692],[-80.298,37.508],[-80.51,37.482],[-80.919,37.306],[-81.224,37.235],[-81.361,37.338],[-81.676,37.202],[-81.928,37.359],[-81.967,37.537],[-82.355,37.265],[-82.725,37.116],[-82.879,36.893],[-83.073,36.854],[-83.137,36.743],[-83.676,36.601],[-83.259,36.594],[-81.676,36.588],[-80.295,36.544],[-78.457,36.543],[-76.917,36.543],[-75.865,36.55],[-75.995,36.922],[-76.267,36.964],[-76.393,37.226],[-76.361,37.61],[-76.235,37.889],[-76.519,38.035],[-76.616,38.148],[-76.838,38.164],[-77.032,38.311],[-77.24,38.332],[-77.326,38.449],[-77.129,38.635],[-77.039,38.792],[-77.118,38.934],[-77.463,39.076],[-77.459,39.22],[-77.721,39.322]]],[[[-75.668,37.951],[-75.926,37.6],[-76.02,37.317],[-75.833,37.173],[-75.657,37.451],[-75.564,37.737],[-75.352,37.875],[-75.241,38.027],[-75.668,37.951]]]]},"properties":{"name":"Virginia","admin":"United States of America"}},
{"type":"Feature","geometry":{"type":"Polygon","coordinates":[[[-109.048,41],[-108.18,41],[-106.191,40.998],[-104.942,40.998],[-104.052,41.001],[-104.052,42.002],[-104.052,43.001],[-104.056,44.181],[-104.059,44.997],[-106.263,44.994],[-108.248,44.999],[-109.102,45.006],[-110.707,44.992],[-111.055,45.001],[-111.048,44.474],[-111.044,43.019],[-111.048,42.002],[-111.048,40.998],[-110.236,40.995],[-109.048,41]]]},"properties":{"name":"Wyoming","admin":"United States of America"}},
{"type":"Feature","geometry":{"type":"Polygon","coordinates":[[[-87.52,30.28],[-87.43,30.406],[-87.405,30.674],[-87.635,30.866],[-87.599,30.997],[-86.034,30.993],[-85.004,31.001],[-85.108,31.186],[-85.047,31.517],[-85.126,31.695],[-85.129,31.878],[-85.058,32.136],[-84.892,32.264],[-85.104,32.645],[-85.187,32.87],[-85.42,34.081],[-85.607,34.984],[-86.838,34.992],[-88.202,34.995],[-88.098,34.892],[-88.205,34.087],[-88.349,32.929],[-88.475,31.894],[-88.396,30.369],[-88.137,30.32],[-88.008,30.685],[-87.9,30.551],[-87.907,30.41],[-87.757,30.291],[-87.52,30.28]]]},"properties":{"name":"Alabama","admin":"United States of America"}},
{"type":"Feature","geometry":{"type":"Polygon","coordinates":[[[-78.539,33.851],[-79.674,34.805],[-80.797,34.82],[-80.783,34.936],[-81.041,35.149],[-82.215,35.196],[-82.459,35.178],[-83.109,35.001],[-83.324,34.79],[-83.338,34.687],[-83.051,34.495],[-82.875,34.476],[-82.717,34.15],[-82.563,33.956],[-82.247,33.752],[-82.197,33.63],[-81.913,33.441],[-81.938,33.343],[-81.745,33.142],[-81.49,33.008],[-81.389,32.595],[-81.278,32.535],[-81.12,32.284],[-81.113,32.113],[-80.887,32.034],[-80.844,32.11],[-80.456,32.326],[-80.334,32.478],[-79.885,32.685],[-79.171,33.207],[-79.135,33.404],[-78.938,33.64],[-78.715,33.8],[-78.539,33.851]]]},"properties":{"name":"South Carolina","admin":"United States of America"}},
{"type":"Feature","geometry":{"type":"Polygon","coordinates":[[[-109.048,31.332],[-108.209,31.333],[-108.209,31.783],[-106.529,31.783],[-106.618,32.001],[-105.43,32.001],[-104.533,32],[-103.065,32.001],[-103.065,32.959],[-103.044,33.946],[-103.04,35.623],[-103.044,36.501],[-103.004,36.501],[-103,37],[-104.339,36.994],[-105,36.994],[-106.475,36.994],[-107.483,37],[-109.045,36.999],[-109.045,36.003],[-109.045,34.58],[-109.048,33.209],[-109.048,32.426],[-109.048,31.332]]]},"properties":{"name":"New Mexico","admin":"United States of America"}},
{"type":"Feature","geometry":{"type":"Polygon","coordinates":[[[-70.704,43.059],[-70.988,43.38],[-70.988,43.792],[-71.031,44.656],[-71.084,45.306],[-71.131,45.246],[-71.364,45.266],[-71.379,45.244],[-71.443,45.235],[-71.397,45.204],[-71.436,45.14],[-71.425,45.127],[-71.49,45.072],[-71.501,45.014],[-71.626,44.747],[-71.576,44.503],[-71.813,44.355],[-72.068,44.268],[-72.032,44.091],[-72.204,43.771],[-72.38,43.574],[-72.445,43.01],[-72.556,42.852],[-72.459,42.727],[-71.293,42.697],[-71.131,42.821],[-70.819,42.872],[-70.704,43.059]]]},"properties":{"name":"New Hampshire","admin":"United States of America"}},
{"type":"Feature","geometry":{"type":"Polygon","coordinates":[[[-170.705,-14.331],[-170.673,-14.23],[-170.799,-14.333],[-170.759,-14.374],[-170.705,-14.331]]]},"properties":{"name":"American Samoa","admin":"United States of America"}},
{"type":"Feature","geometry":{"type":"Polygon","coordinates":[[[-71.501,45.014],[-71.899,45.009],[-72.308,45.003],[-72.556,45.009],[-72.675,45.016],[-73.342,45.011],[-73.339,44.918],[-73.378,44.838],[-73.331,44.789],[-73.389,44.636],[-73.292,44.441],[-73.313,44.264],[-73.439,44.045],[-73.249,43.554],[-73.263,42.746],[-72.459,42.727],[-72.556,42.852],[-72.445,43.01],[-72.38,43.574],[-72.204,43.771],[-72.032,44.091],[-72.068,44.268],[-71.813,44.355],[-71.576,44.503],[-71.626,44.747],[-71.501,45.014]]]},"properties":{"name":"Vermont","admin":"United States of America"}},
{"type":"Feature","geometry":{"type":"Polygon","coordinates":[[[-119.999,41.995],[-119.999,41.184],[-119.996,40.072],[-119.999,39],[-118.858,38.205],[-117.831,37.465],[-116.252,36.277],[-115.161,35.424],[-114.633,35.001],[-114.572,35.139],[-114.666,35.45],[-114.702,35.902],[-114.755,36.091],[-114.371,36.143],[-114.152,36.024],[-114.048,36.194],[-114.052,37],[-114.048,38.677],[-114.048,40.117],[-114.041,41],[-114.041,41.993],[-115.315,41.996],[-117.027,42],[-118.696,41.992],[-119.999,41.995]]]},"properties":{"name":"Nevada","admin":"United States of America"}},
{"type":"Feature","geometry":{"type":"MultiPolygon","coordinates":[[[[-156.7,20.921],[-156.632,20.821],[-156.463,20.781],[-156.438,20.601],[-156.061,20.652],[-156.004,20.795],[-156.323,20.95],[-156.474,20.895],[-156.546,21.005],[-156.7,20.921]]],[[[-156.919,21.168],[-157.263,21.221],[-157.253,21.087],[-156.919,21.168]]],[[[-156.057,19.743],[-155.889,19.348],[-155.885,19.039],[-155.602,18.971],[-155.515,19.133],[-155.296,19.266],[-154.981,19.349],[-154.826,19.538],[-155.092,19.738],[-155.085,19.855],[-155.282,20.022],[-155.602,20.127],[-155.874,20.268],[-155.824,20.026],[-156.057,19.743]]],[[[-158.279,21.579],[-158.114,21.302],[-157.651,21.299],[-157.841,21.459],[-157.967,21.713],[-158.125,21.586],[-158.279,21.579]]],[[[-159.787,22.031],[-159.604,21.892],[-159.345,21.936],[-159.313,22.183],[-159.582,22.224],[-159.787,22.031]]]]},"properties":{"name":"Hawaii","admin":"United States of America"}},
{"type":"Feature","geometry":{"type":"MultiPolygon","coordinates":[[[[-70.819,42.872],[-71.131,42.821],[-71.293,42.697],[-72.459,42.727],[-73.263,42.746],[-73.507,42.086],[-73.486,42.05],[-71.799,42.008],[-71.382,42.019],[-71.382,41.893],[-71.224,41.711],[-71.196,41.675],[-71.12,41.498],[-70.952,41.515],[-70.758,41.654],[-70.492,41.552],[-69.929,41.692],[-69.936,41.809],[-70.291,41.734],[-70.539,41.811],[-70.639,42.089],[-70.991,42.407],[-70.654,42.583],[-70.779,42.693],[-70.819,42.872]]],[[[-70.833,41.353],[-70.453,41.348],[-70.604,41.482],[-70.833,41.353]]]]},"properties":{"name":"Massachusetts","admin":"United States of America"}},
{"type":"Feature","geometry":{"type":"Polygon","coordinates":[[[-64.907,17.681],[-64.692,17.705],[-64.746,17.782],[-64.871,17.772],[-64.907,17.681]]]},"properties":{"name":"United States Virgin Islands","admin":"United States of America"}},
{"type":"Feature","geometry":{"type":"Polygon","coordinates":[[[-71.86,41.32],[-71.483,41.371],[-71.361,41.756],[-71.224,41.711],[-71.382,41.893],[-71.382,42.019],[-71.799,42.008],[-71.799,41.417],[-71.86,41.32]]]},"properties":{"name":"Rhode Island","admin":"United States of America"}},
{"type":"Feature","geometry":{"type":"Polygon","coordinates":[[[-75.417,39.802],[-75.51,39.686],[-75.535,39.461],[-75.288,39.29],[-74.914,39.177],[-74.792,38.992],[-74.638,39.221],[-74.336,39.432],[-74.096,39.762],[-73.981,40.28],[-73.999,40.411],[-74.261,40.502],[-74.071,40.661],[-74.046,40.69],[-73.906,40.998],[-74.695,41.358],[-75.133,40.989],[-75.051,40.871],[-75.205,40.692],[-75.058,40.416],[-74.724,40.151],[-75.417,39.802]]]},"properties":{"name":"New Jersey","admin":"United States of America"}},
{"type":"Feature","geometry":{"type":"Polygon","coordinates":[[[-75.79,39.722],[-75.693,38.46],[-75.051,38.451],[-75.083,38.772],[-75.305,38.913],[-75.402,39.067],[-75.402,39.255],[-75.589,39.461],[-75.51,39.686],[-75.417,39.802],[-75.596,39.837],[-75.79,39.722]]]},"properties":{"name":"Delaware","admin":"United States of America"}},
{"type":"Feature","geometry":{"type":"Polygon","coordinates":[[[-73.658,40.985],[-73.371,41.104],[-72.753,41.267],[-72.538,41.255],[-71.86,41.32],[-71.799,41.417],[-71.799,42.008],[-73.486,42.05],[-73.55,41.296],[-73.482,41.212],[-73.726,41.101],[-73.658,40.985]]]},"properties":{"name":"Connecticut","admin":"United States of America"}},
{"type":"Feature","geometry":{"type":"Polygon","coordinates":[[[145.687,15.132],[145.748,15.155],[145.741,15.233],[145.709,15.243],[145.687,15.132]]]},"properties":{"name":"Commonwealth of the Northern Mariana Islands","admin":"United States of America"}},
{"type":"Feature","geometry":{"type":"Polygon","coordinates":[[[144.621,13.452],[144.661,13.272],[144.923,13.521],[144.621,13.452]]]},"properties":{"name":"Guam","admin":"United States of America"}},
{"type":"Feature","geometry":{"type":"Polygon","coordinates":[[[-77.118,38.934],[-77.039,38.792],[-76.91,38.893],[-77.118,38.934]]]},"properties":{"name":"District of Columbia","admin":"United States of America"}},
{"type":"Feature","geometry":{"type":"MultiPolygon","coordinates":[[[[-139.06,60],[-138.692,59.887],[-138.599,59.754],[-137.611,59.239],[-137.594,59.225],[-137.582,59.207],[-137.484,58.992],[-137.508,58.94],[-137.509,58.915],[-137.487,58.9],[-137.423,58.908],[-136.841,59.148],[-136.613,59.154],[-136.569,59.172],[-136.485,59.254],[-136.484,59.257],[-136.467,59.288],[-136.468,59.462],[-136.416,59.452],[-136.367,59.45],[-136.32,59.459],[-136.275,59.486],[-136.245,59.528],[-136.258,59.556],[-136.35,59.592],[-136.258,59.622],[-135.924,59.667],[-135.483,59.792],[-135.26,59.698],[-135.158,59.623],[-135.107,59.613],[-135.088,59.607],[-135.033,59.573],[-135.016,59.543],[-135.023,59.477],[-135.037,59.462],[-135.079,59.438],[-135.096,59.419],[-134.993,59.382],[-135.016,59.336],[-134.98,59.297],[-134.958,59.281],[-134.932,59.271],[-134.706,59.24],[-134.557,59.123],[-134.398,59.052],[-134.386,59.019],[-134.399,58.975],[-134.343,58.969],[-134.33,58.963],[-134.32,58.953],[-134.323,58.949],[-134.33,58.945],[-134.333,58.934],[-134.327,58.916],[-134.317,58.904],[-134.222,58.843],[-133.871,58.736],[-133.463,58.462],[-133.392,58.404],[-133.43,58.372],[-133.415,58.331],[-133.375,58.291],[-133.257,58.21],[-133.166,58.147],[-132.552,57.499],[-132.231,57.197],[-132.276,57.149],[-132.341,57.08],[-132.162,57.05],[-132.032,57.028],[-132.107,56.859],[-131.872,56.793],[-131.888,56.748],[-131.839,56.682],[-131.832,56.603],[-131.826,56.593],[-131.799,56.588],[-131.586,56.595],[-131.101,56.408],[-130.839,56.372],[-130.496,56.232],[-130.458,56.211],[-130.428,56.144],[-130.418,56.13],[-130.404,56.122],[-130.211,56.09],[-130.117,56.106],[-130.094,56.101],[-130.072,56.084],[-130.039,56.046],[-130.027,56.024],[-130.019,56.002],[-130.015,55.963],[-130.017,55.919],[-130.02,55.908],[-130.01,55.928],[-129.985,55.905],[-130.116,55.78],[-130.1,55.587],[-129.958,55.274],[-130.167,55.085],[-130.064,55.003],[-130.202,54.729],[-130.372,54.664],[-130.458,54.349],[-130.112,54.159],[-130.105,53.947],[-129.335,53.397],[-129.228,53.633],[-128.862,53.83],[-128.776,53.556],[-128.875,53.306],[-128.547,53.136],[-128.478,52.868],[-128.126,52.753],[-128.243,52.559],[-128.016,52.347],[-127.801,52.256],[-127.225,52.456],[-127.284,52.238],[-127.638,52.084],[-127.85,51.92],[-127.874,51.673],[-127.664,51.398],[-127.777,51.167],[-127.429,50.943],[-127.022,50.822],[-126.859,50.943],[-126.489,50.817],[-126.179,50.853],[-126.019,50.666],[-126.222,50.643],[-126.242,50.501],[-125.703,50.438],[-125.391,50.497],[-125.128,50.437],[-125.062,50.328],[-124.705,50.322],[-124.605,50.233],[-124.732,49.954],[-124.404,49.767],[-124.171,49.781],[-123.964,49.521],[-123.555,49.39],[-123.489,49.515],[-123.249,49.598],[-123.212,49.13],[-122.951,49.083],[-122.876,49.037],[-122.823,49.007],[-122.782,49.017],[-122.76,49.001],[-122.753,48.993],[-121.334,48.993],[-119.136,48.993],[-117.378,48.993],[-117.158,48.993],[-117.038,48.993],[-116.938,48.993],[-116.499,48.993],[-116.059,48.993],[-116.048,48.993],[-115.839,48.993],[-115.619,48.993],[-114.064,48.993],[-114.06,49],[-114.038,49.023],[-114.048,49.049],[-114.148,49.094],[-114.225,49.186],[-114.376,49.205],[-114.738,49.581],[-114.625,49.78],[-114.644,49.983],[-114.775,50.354],[-115,50.563],[-115.188,50.548],[-115.343,50.73],[-115.528,50.792],[-115.62,50.97],[-116.018,51.142],[-116.234,51.303],[-116.296,51.451],[-116.576,51.644],[-116.685,51.809],[-116.938,51.72],[-117.047,51.915],[-117.376,52.134],[-117.591,52.13],[-117.822,52.28],[-117.758,52.405],[-117.992,52.485],[-118.211,52.367],[-118.417,52.826],[-118.605,52.878],[-118.85,53.183],[-119.029,53.135],[-119.278,53.208],[-119.381,53.356],[-119.757,53.415],[-120.001,53.823],[-120,54.958],[-120,55.712],[-120,56.874],[-120,58.523],[-120,60],[-121.432,60],[-123.819,60],[-126.199,60],[-128.579,60],[-130.483,60],[-132.387,60],[-133.815,60],[-135.243,60],[-137.624,60],[-138.576,60],[-139.047,60],[-139.06,60]]],[[[-127.241,52.426],[-127.82,52.196],[-127.642,52.138],[-127.277,52.289],[-127.241,52.426]]],[[[-131.113,52.172],[-131.332,52.297],[-131.414,52.454],[-131.661,52.542],[-131.852,52.867],[-131.619,52.92],[-131.613,53.056],[-131.904,53.241],[-132.373,53.133],[-132.504,53.04],[-131.883,52.576],[-131.683,52.49],[-131.38,52.203],[-131.113,52.172]]],[[[-128.804,52.701],[-128.606,52.611],[-128.539,53.02],[-128.635,53.163],[-129.078,53.303],[-129.19,53.023],[-129.057,52.741],[-128.804,52.701]]],[[[-129.743,53.235],[-129.974,53.458],[-130.261,53.581],[-130.315,53.393],[-130.086,53.312],[-129.939,53.169],[-129.743,53.235]]],[[[-130.253,53.892],[-130.202,53.73],[-129.933,53.6],[-129.797,53.378],[-129.568,53.215],[-129.337,53.361],[-129.831,53.735],[-130.253,53.892]]],[[[-132.579,53.207],[-132.401,53.148],[-132.008,53.254],[-131.871,53.783],[-131.693,53.992],[-132.13,54.034],[-132.297,54.112],[-132.545,54.04],[-132.649,54.141],[-133.041,54.165],[-133.144,53.897],[-132.891,53.62],[-132.929,53.523],[-132.518,53.413],[-132.758,53.317],[-132.579,53.207]]],[[[-126.659,49.788],[-126.913,49.692],[-126.679,49.592],[-126.659,49.788]]],[[[-126.618,50.672],[-126.288,50.655],[-126.398,50.808],[-126.618,50.672]]],[[[-123.321,48.496],[-123.541,48.636],[-123.594,48.837],[-123.78,48.986],[-123.813,49.119],[-124.159,49.31],[-124.545,49.377],[-124.795,49.473],[-124.882,49.725],[-125.178,49.925],[-125.436,50.314],[-126.117,50.455],[-126.46,50.475],[-127.199,50.621],[-127.505,50.773],[-128.077,50.87],[-128.407,50.781],[-128.32,50.61],[-128.06,50.453],[-127.916,50.466],[-127.775,50.233],[-127.785,50.085],[-127.488,50.13],[-127.142,49.867],[-126.65,49.898],[-126.563,49.587],[-126.573,49.414],[-126.076,49.384],[-125.956,49.233],[-125.699,49.181],[-125.736,49.053],[-125.489,48.919],[-125.366,48.987],[-124.968,48.988],[-125.185,48.801],[-124.665,48.573],[-123.891,48.367],[-123.555,48.328],[-123.321,48.496]]]]},"properties":{"name":"British Columbia","admin":"Canada"}},
{"type":"Feature","geometry":{"type":"Polygon","coordinates":[[[-109.999,48.993],[-110,49],[-110,49.344],[-110,49.688],[-110,50.375],[-110,51.406],[-110,53.125],[-110,54.5],[-110,55.188],[-110,56.906],[-110,57.938],[-110,59.313],[-110,60],[-111.875,60],[-113.125,60],[-115,60],[-116.25,60],[-118.125,60],[-120,60],[-120,58.523],[-120,56.874],[-120,55.712],[-120,54.958],[-120.001,53.823],[-119.757,53.415],[-119.381,53.356],[-119.278,53.208],[-119.029,53.135],[-118.85,53.183],[-118.605,52.878],[-118.417,52.826],[-118.211,52.367],[-117.992,52.485],[-117.758,52.405],[-117.822,52.28],[-117.591,52.13],[-117.376,52.134],[-117.047,51.915],[-116.938,51.72],[-116.685,51.809],[-116.576,51.644],[-116.296,51.451],[-116.234,51.303],[-116.018,51.142],[-115.62,50.97],[-115.528,50.792],[-115.343,50.73],[-115.188,50.548],[-115,50.563],[-114.775,50.354],[-114.644,49.983],[-114.625,49.78],[-114.738,49.581],[-114.376,49.205],[-114.225,49.186],[-114.148,49.094],[-114.048,49.049],[-114.038,49.023],[-114.06,49],[-114.064,48.993],[-112.982,48.993],[-111.443,48.993],[-109.999,48.993]]]},"properties":{"name":"Alberta","admin":"Canada"}},
{"type":"Feature","geometry":{"type":"Polygon","coordinates":[[[-109.999,48.993],[-108.366,48.993],[-107.267,48.993],[-105.948,48.993],[-104.189,48.993],[-104.048,48.993],[-103.969,48.993],[-103.75,48.993],[-103.53,48.993],[-102.87,48.993],[-101.364,48.993],[-101.381,49.174],[-101.401,49.388],[-101.421,49.603],[-101.501,50.46],[-101.581,51.317],[-101.681,52.388],[-101.761,53.245],[-101.881,54.531],[-102.001,55.816],[-102.001,57.275],[-102.001,58.41],[-102.002,60],[-104.501,60],[-106.501,60],[-109,60],[-110,60],[-110,59.313],[-110,57.938],[-110,56.906],[-110,55.188],[-110,54.5],[-110,53.125],[-110,51.406],[-110,50.375],[-110,49.688],[-110,49.344],[-110,49],[-109.999,48.993]]]},"properties":{"name":"Saskatchewan","admin":"Canada"}},
{"type":"Feature","geometry":{"type":"Polygon","coordinates":[[[-101.364,48.993],[-99.793,48.993],[-98.474,48.993],[-97.375,48.993],[-97.226,48.993],[-97.155,48.993],[-96.716,48.993],[-95.177,48.993],[-95.169,48.995],[-95.162,49.001],[-95.159,49.012],[-95.161,49.369],[-95.154,50.29],[-95.154,51.586],[-95.154,52.821],[-93.62,53.747],[-91.686,55.111],[-90.331,55.992],[-88.947,56.853],[-89.827,56.976],[-90.586,57.23],[-91.031,57.265],[-92.223,57.021],[-92.666,57.001],[-92.457,57.223],[-92.457,57.449],[-92.757,57.866],[-92.808,58.076],[-93.128,58.528],[-93.19,58.76],[-93.717,58.792],[-94.399,58.712],[-94.807,59.018],[-94.718,59.367],[-94.822,59.65],[-94.803,60],[-96.601,60],[-98.401,60],[-100.651,60],[-102.002,60],[-102.001,58.41],[-102.001,57.275],[-102.001,55.816],[-101.881,54.531],[-101.761,53.245],[-101.681,52.388],[-101.581,51.317],[-101.501,50.46],[-101.421,49.603],[-101.401,49.388],[-101.381,49.174],[-101.364,48.993]]]},"properties":{"name":"Manitoba","admin":"Canada"}},
{"type":"Feature","geometry":{"type":"MultiPolygon","coordinates":[[[[-95.161,49.369],[-95.103,49.354],[-94.983,49.356],[-94.827,49.293],[-94.711,48.915],[-94.711,48.808],[-94.702,48.79],[-94.689,48.779],[-94.593,48.726],[-94.312,48.714],[-94.274,48.704],[-94.265,48.698],[-94.258,48.691],[-94.232,48.652],[-94.035,48.643],[-93.875,48.636],[-93.836,48.617],[-93.809,48.544],[-93.779,48.519],[-93.757,48.517],[-93.616,48.531],[-93.6,48.526],[-93.567,48.538],[-93.492,48.542],[-93.46,48.557],[-93.452,48.573],[-93.454,48.587],[-93.451,48.597],[-93.386,48.615],[-93.258,48.63],[-93.132,48.625],[-92.98,48.618],[-92.884,48.58],[-92.726,48.549],[-92.649,48.536],[-92.711,48.483],[-92.719,48.46],[-92.704,48.445],[-92.677,48.442],[-92.657,48.438],[-92.571,48.447],[-92.527,48.446],[-92.385,48.232],[-92.303,48.311],[-92.259,48.34],[-92.155,48.35],[-92.07,48.347],[-92.043,48.335],[-92.008,48.262],[-91.957,48.228],[-91.693,48.098],[-91.428,48.036],[-91.276,48.065],[-90.923,48.227],[-90.786,48.1],[-90.701,48.085],[-90.587,48.105],[-90.532,48.085],[-90.49,48.096],[-90.471,48.09],[-90.179,48.116],[-90.12,48.115],[-90.073,48.101],[-90.061,48.091],[-90.008,48.03],[-89.98,48.01],[-89.902,47.986],[-89.803,48.014],[-89.34,47.984],[-88.643,48.257],[-88.347,48.299],[-86.637,47.624],[-84.879,46.898],[-84.773,46.633],[-84.589,46.475],[-84.423,46.512],[-84.352,46.523],[-84.305,46.502],[-84.197,46.546],[-84.11,46.526],[-84.159,46.433],[-84.148,46.4],[-84.129,46.375],[-84.105,46.348],[-84.087,46.201],[-83.947,46.061],[-83.614,46.116],[-83.466,45.993],[-83.484,45.772],[-82.589,45.372],[-82.532,45.294],[-82.292,44.242],[-82.154,43.55],[-82.411,43.051],[-82.415,42.983],[-82.453,42.919],[-82.468,42.864],[-82.482,42.835],[-82.485,42.819],[-82.511,42.647],[-82.576,42.572],[-82.644,42.558],[-82.694,42.519],[-82.8,42.418],[-82.833,42.398],[-82.944,42.355],[-83.04,42.332],[-83.08,42.305],[-83.129,42.24],[-83.136,42.2],[-83.14,42.116],[-83.159,42.046],[-83.157,42],[-83.068,41.848],[-82.711,41.68],[-82.425,41.677],[-81.277,42.209],[-80.247,42.365],[-79.019,42.803],[-78.919,42.889],[-78.909,42.93],[-78.915,42.948],[-78.936,42.96],[-78.984,42.976],[-79.008,42.991],[-79.022,43.002],[-79.032,43.013],[-79.022,43.049],[-79.031,43.067],[-79.042,43.075],[-79.056,43.088],[-79.063,43.097],[-79.049,43.171],[-79.054,43.26],[-79.058,43.278],[-79.092,43.343],[-79.174,43.465],[-78.688,43.632],[-76.842,43.626],[-76.455,44.084],[-76.35,44.152],[-76.337,44.174],[-76.328,44.181],[-76.317,44.185],[-76.207,44.217],[-76.186,44.226],[-76.169,44.242],[-76.179,44.279],[-76.067,44.348],[-75.87,44.409],[-75.831,44.464],[-75.7,44.582],[-75.27,44.864],[-75.13,44.925],[-75.059,44.941],[-74.999,44.972],[-74.94,44.988],[-74.904,45.005],[-74.868,45.01],[-74.742,44.999],[-74.713,44.999],[-74.653,45.043],[-74.526,45.091],[-74.346,45.221],[-74.478,45.317],[-74.394,45.573],[-74.644,45.656],[-75.284,45.577],[-75.882,45.4],[-76.049,45.515],[-76.343,45.474],[-76.647,45.581],[-76.797,45.876],[-76.964,45.788],[-77.139,45.84],[-77.289,46],[-77.658,46.184],[-78.694,46.337],[-78.964,46.533],[-79.164,46.824],[-79.431,47.087],[-79.445,47.275],[-79.58,47.452],[-79.517,47.566],[-79.521,48.436],[-79.521,49.337],[-79.521,50.943],[-79.745,51.124],[-80.108,51.296],[-80.43,51.357],[-80.595,51.711],[-80.979,52.002],[-81.391,52.128],[-81.581,52.316],[-81.564,52.456],[-81.918,52.68],[-81.988,52.798],[-82.301,52.968],[-82.238,53.221],[-82.119,53.277],[-82.219,53.604],[-82.126,53.812],[-82.243,54.065],[-82.431,54.228],[-82.421,54.384],[-82.201,54.834],[-82.279,55.045],[-82.458,55.141],[-82.815,55.147],[-83.929,55.327],[-84.613,55.245],[-85.127,55.303],[-85.683,55.587],[-86.289,55.726],[-86.875,55.911],[-87.316,55.962],[-87.622,56.096],[-87.98,56.443],[-88.311,56.538],[-88.947,56.853],[-90.331,55.992],[-91.686,55.111],[-93.62,53.747],[-95.154,52.821],[-95.154,51.586],[-95.154,50.29],[-95.161,49.369]]],[[[-79.521,50.965],[-79.521,51.467],[-79.701,51.385],[-79.747,51.196],[-79.521,50.965]]]]},"properties":{"name":"Ontario","admin":"Canada"}},
{"type":"Feature","geometry":{"type":"MultiPolygon","coordinates":[[[[-74.713,44.999],[-74.197,45],[-73.898,45.002],[-73.698,45.003],[-73.599,45.003],[-73.399,45.004],[-73.351,45.005],[-73.299,45.005],[-73.1,45.006],[-72.801,45.007],[-72.601,45.008],[-72.501,45.009],[-72.402,45.009],[-72.302,45.01],[-71.803,45.012],[-71.704,45.013],[-71.604,45.013],[-71.506,45.014],[-71.504,45.014],[-71.507,45.037],[-71.505,45.053],[-71.497,45.067],[-71.457,45.111],[-71.407,45.205],[-71.423,45.217],[-71.449,45.227],[-71.439,45.233],[-71.395,45.242],[-71.381,45.251],[-71.352,45.278],[-71.334,45.289],[-71.293,45.292],[-71.142,45.252],[-71.095,45.301],[-71.017,45.343],[-70.834,45.393],[-70.687,45.573],[-70.59,45.652],[-70.407,45.732],[-70.417,45.794],[-70.263,45.923],[-70.263,45.957],[-70.28,45.959],[-70.304,45.969],[-70.316,45.983],[-70.317,45.999],[-70.306,46.035],[-70.293,46.054],[-70.296,46.058],[-70.301,46.062],[-70.305,46.066],[-70.311,46.072],[-70.244,46.141],[-70.249,46.163],[-70.263,46.183],[-70.285,46.192],[-70.281,46.212],[-70.236,46.288],[-70.224,46.301],[-70.202,46.305],[-70.2,46.315],[-70.197,46.337],[-70.188,46.358],[-70.153,46.373],[-70.074,46.42],[-70.008,46.704],[-69.268,47.44],[-69.251,47.453],[-69.237,47.459],[-69.222,47.46],[-69.07,47.432],[-69.054,47.418],[-69.064,47.291],[-69.054,47.294],[-68.983,47.315],[-68.765,47.363],[-68.553,47.437],[-68.387,47.558],[-68.378,47.928],[-68.113,47.998],[-67.613,47.998],[-67.351,47.85],[-66.843,47.997],[-66.515,48.108],[-66.096,48.097],[-65.953,48.195],[-65.784,48.116],[-65.286,48.013],[-64.779,48.204],[-64.705,48.324],[-64.329,48.42],[-64.162,48.63],[-64.278,48.726],[-64.221,48.894],[-64.613,49.123],[-64.963,49.219],[-65.566,49.266],[-66.219,49.208],[-66.622,49.123],[-67.962,48.702],[-68.206,48.642],[-69.054,48.232],[-69.802,47.622],[-70.031,47.47],[-70.535,47.011],[-71.158,46.841],[-71.302,46.745],[-71.714,46.632],[-71.846,46.668],[-72.19,46.526],[-72.274,46.421],[-72.496,46.361],[-72.731,46.177],[-73.14,46.058],[-73.259,45.854],[-73.413,45.752],[-73.557,45.414],[-73.687,45.431],[-74.048,45.233],[-74.4,45.145],[-74.474,45.067],[-74.635,45.014],[-74.713,44.999]]],[[[-79.521,50.943],[-79.521,49.337],[-79.521,48.436],[-79.517,47.566],[-79.58,47.452],[-79.445,47.275],[-79.431,47.087],[-79.164,46.824],[-78.964,46.533],[-78.694,46.337],[-77.658,46.184],[-77.289,46],[-77.139,45.84],[-76.964,45.788],[-76.797,45.876],[-76.647,45.581],[-76.343,45.474],[-76.049,45.515],[-75.882,45.4],[-75.284,45.577],[-74.644,45.656],[-74.394,45.573],[-74.478,45.317],[-74.346,45.221],[-74.153,45.32],[-74.078,45.457],[-73.755,45.676],[-73.495,45.728],[-73.29,45.875],[-73.159,46.075],[-72.994,46.211],[-72.603,46.301],[-72.462,46.402],[-72.258,46.471],[-72.228,46.553],[-71.881,46.691],[-71.694,46.674],[-71.354,46.739],[-70.957,47.021],[-70.715,47.118],[-70.497,47.429],[-70.237,47.496],[-70.2,47.596],[-69.932,47.773],[-69.736,48.123],[-69.447,48.296],[-69.144,48.601],[-69.07,48.756],[-68.372,49.14],[-68.181,49.124],[-68.122,49.271],[-67.376,49.339],[-67.245,49.459],[-67.131,49.831],[-66.951,49.986],[-66.746,50.054],[-66.543,50.216],[-66.162,50.196],[-65.929,50.293],[-65.737,50.257],[-65.258,50.322],[-64.888,50.274],[-64.47,50.322],[-64.247,50.271],[-63.722,50.304],[-63.442,50.223],[-63.177,50.29],[-62.852,50.294],[-61.846,50.22],[-61.718,50.1],[-61.311,50.199],[-60.836,50.256],[-60.54,50.226],[-60.064,50.254],[-59.851,50.314],[-59.803,50.446],[-59.582,50.484],[-59.41,50.667],[-58.993,50.791],[-58.948,51.042],[-58.716,51.107],[-58.454,51.317],[-58.234,51.277],[-57.671,51.435],[-57.25,51.508],[-57.1,51.419],[-57.101,52],[-59.299,52],[-60.461,52],[-62.794,52],[-63.67,52.036],[-63.773,52.335],[-64.081,52.473],[-63.813,52.62],[-63.379,52.651],[-63.605,52.786],[-64.107,52.72],[-64.19,52.572],[-64.128,52.387],[-64.155,52.132],[-64.362,51.967],[-64.279,51.74],[-64.53,51.592],[-64.689,51.723],[-65.184,51.774],[-65.459,52.025],[-65.683,52.025],[-66.078,52.17],[-66.374,52.142],[-66.408,52.589],[-66.288,52.847],[-66.364,53.002],[-66.625,52.937],[-66.656,52.796],[-66.866,52.662],[-67.302,52.868],[-67.385,53.105],[-66.983,53.105],[-66.89,53.415],[-67.031,53.515],[-67.323,53.566],[-67.523,53.838],[-67.808,54.034],[-67.64,54.189],[-67.75,54.426],[-67.261,54.571],[-67.016,54.885],[-66.737,54.734],[-66.607,54.804],[-66.762,55.104],[-66.588,55.255],[-66.254,54.998],[-65.849,54.897],[-65.698,54.723],[-65.482,54.817],[-64.941,54.93],[-64.576,54.727],[-64.458,54.795],[-63.899,54.602],[-63.815,54.94],[-63.605,54.902],[-63.551,55.226],[-63.39,55.405],[-63.738,55.44],[-63.693,55.753],[-63.84,55.913],[-63.703,56.047],[-64.022,56.09],[-63.942,56.253],[-64.108,56.375],[-63.943,56.545],[-64.124,56.69],[-63.743,57.227],[-63.765,57.564],[-63.639,57.639],[-64.094,57.806],[-64.39,58.188],[-63.818,58.486],[-64.029,58.682],[-63.534,58.723],[-63.726,58.879],[-64.126,58.752],[-64.414,58.982],[-64.538,59.286],[-64.492,59.436],[-64.893,59.565],[-64.671,59.883],[-64.817,60.039],[-64.599,60.118],[-64.531,60.304],[-64.849,60.366],[-65.138,59.9],[-65.546,59.731],[-65.407,59.417],[-65.743,59.268],[-65.642,59.073],[-65.982,58.917],[-66.109,58.779],[-66.391,58.851],[-66.629,58.593],[-67.064,58.393],[-67.649,58.252],[-68.35,58.622],[-68.362,58.784],[-68.787,58.922],[-69.256,58.899],[-69.834,58.604],[-70.034,58.813],[-69.452,58.895],[-69.528,59.186],[-69.255,59.325],[-69.671,59.457],[-69.568,59.603],[-69.59,59.876],[-69.77,59.971],[-69.602,60.225],[-69.753,60.333],[-69.72,60.684],[-69.381,60.8],[-69.537,61.08],[-69.916,60.81],[-70.065,60.858],[-70.11,61.06],[-70.604,61.033],[-71.395,61.15],[-71.855,61.424],[-71.652,61.65],[-71.957,61.711],[-72.232,61.881],[-72.605,61.944],[-72.621,62.102],[-73.062,62.188],[-73.21,62.313],[-73.671,62.482],[-74.417,62.253],[-75.328,62.317],[-75.83,62.313],[-76.758,62.511],[-77.491,62.588],[-78.155,62.297],[-78.085,61.888],[-77.94,61.694],[-77.708,61.616],[-77.812,61.088],[-78.166,60.868],[-77.607,60.759],[-77.829,60.643],[-77.592,60.503],[-77.742,60.426],[-77.47,60.217],[-77.556,60.053],[-77.283,60.027],[-77.463,59.677],[-77.716,59.621],[-77.881,59.485],[-77.819,59.293],[-78.107,59.21],[-78.305,58.96],[-78.56,58.945],[-78.474,58.72],[-78.031,58.388],[-77.601,58.271],[-77.079,57.961],[-76.809,57.676],[-76.589,57.271],[-76.504,56.784],[-76.545,56.295],[-76.659,56.073],[-77.045,55.783],[-77.113,55.675],[-77.782,55.274],[-78.392,55.028],[-78.967,54.852],[-79.676,54.694],[-79.529,54.577],[-79.464,54.31],[-79.129,54.107],[-79.013,53.846],[-79.056,53.62],[-78.902,53.201],[-78.977,53.07],[-78.783,52.872],[-78.786,52.659],[-78.521,52.481],[-78.591,52.106],[-78.841,51.842],[-79.015,51.796],[-78.792,51.611],[-78.882,51.403],[-79.346,51.662],[-79.521,51.467],[-79.521,50.965],[-79.521,50.943]]],[[[-73.499,45.71],[-73.795,45.467],[-73.541,45.483],[-73.499,45.71]]],[[[-64.319,49.791],[-63.925,49.675],[-63.641,49.513],[-63.587,49.39],[-63.093,49.233],[-62.248,49.068],[-61.812,49.069],[-61.661,49.151],[-61.883,49.354],[-62.204,49.414],[-62.534,49.605],[-63.375,49.829],[-63.945,49.896],[-64.133,49.95],[-64.451,49.909],[-64.319,49.791]]]]},"properties":{"name":"Québec","admin":"Canada"}},
{"type":"Feature","geometry":{"type":"Polygon","coordinates":[[[-69.064,47.291],[-69.057,47.269],[-69.04,47.249],[-68.906,47.19],[-68.54,47.3],[-68.386,47.302],[-68.382,47.328],[-68.348,47.359],[-68.3,47.368],[-68.246,47.361],[-68.197,47.341],[-68.184,47.333],[-68.156,47.307],[-68.145,47.301],[-68.115,47.292],[-68.101,47.286],[-68.039,47.245],[-67.993,47.223],[-67.962,47.198],[-67.954,47.187],[-67.95,47.173],[-67.943,47.165],[-67.899,47.139],[-67.871,47.107],[-67.814,47.082],[-67.809,47.075],[-67.805,47.036],[-67.79,46.229],[-67.785,45.96],[-67.783,45.951],[-67.777,45.943],[-67.76,45.929],[-67.758,45.919],[-67.769,45.904],[-67.799,45.876],[-67.773,45.828],[-67.8,45.7],[-67.45,45.611],[-67.422,45.569],[-67.426,45.533],[-67.443,45.522],[-67.468,45.508],[-67.493,45.493],[-67.482,45.456],[-67.429,45.387],[-67.435,45.35],[-67.459,45.318],[-67.469,45.302],[-67.475,45.282],[-67.356,45.166],[-66.746,45.065],[-66.491,45.156],[-65.909,45.21],[-65.545,45.33],[-65.315,45.459],[-64.756,45.628],[-64.585,45.826],[-64.273,45.836],[-64.043,45.992],[-63.813,46.14],[-64.253,46.234],[-64.514,46.239],[-64.72,46.576],[-64.714,46.687],[-64.906,46.887],[-64.825,47.089],[-65.331,47.101],[-64.96,47.294],[-64.892,47.562],[-64.685,47.723],[-64.826,47.815],[-65.209,47.82],[-65.629,47.671],[-65.818,47.907],[-66.262,48.006],[-66.386,48.075],[-66.843,47.997],[-67.351,47.85],[-67.613,47.998],[-68.113,47.998],[-68.378,47.928],[-68.387,47.558],[-68.553,47.437],[-68.765,47.363],[-68.983,47.315],[-69.054,47.294],[-69.064,47.291]]]},"properties":{"name":"New Brunswick","admin":"Canada"}},
{"type":"Feature","geometry":{"type":"MultiPolygon","coordinates":[[[[-114.819,32.499],[-114.906,32.492],[-115.04,32.277],[-114.956,32.142],[-114.934,31.909],[-114.159,31.495],[-113.876,31.597],[-113.66,31.498],[-113.549,31.296],[-113.117,31.218],[-113.049,31.157],[-113.129,30.812],[-113.08,30.67],[-112.871,30.429],[-112.753,30.186],[-112.686,29.908],[-112.506,29.617],[-112.263,29.33],[-112.151,28.963],[-111.894,28.781],[-111.708,28.46],[-111.473,28.381],[-111.251,28.052],[-111.059,27.937],[-110.808,27.928],[-110.587,27.837],[-110.627,27.609],[-110.555,27.385],[-110.288,27.148],[-109.917,27.06],[-109.856,26.801],[-109.694,26.678],[-109.55,26.728],[-109.256,26.498],[-109.139,26.332],[-108.507,26.802],[-108.466,26.98],[-108.677,27.183],[-108.67,27.538],[-108.906,27.836],[-109.021,27.907],[-109.146,28.178],[-109.069,28.276],[-108.657,28.24],[-108.54,28.32],[-108.646,28.608],[-108.624,28.771],[-108.708,29.401],[-108.613,29.408],[-108.537,30.039],[-108.583,30.507],[-109.043,30.828],[-108.968,31.327],[-110.522,31.327],[-111.006,31.327],[-111.067,31.334],[-111.506,31.475],[-111.915,31.601],[-112.325,31.728],[-113.143,31.981],[-113.552,32.108],[-113.962,32.234],[-114.371,32.361],[-114.78,32.487],[-114.817,32.499],[-114.819,32.499]]],[[[-112.275,28.768],[-112.196,29.021],[-112.282,29.225],[-112.439,29.202],[-112.486,28.972],[-112.583,28.875],[-112.275,28.768]]]]},"properties":{"name":"Sonora","admin":"Mexico"}},
{"type":"Feature","geometry":{"type":"MultiPolygon","coordinates":[[[[-114.819,32.499],[-114.809,32.511],[-114.796,32.552],[-114.803,32.594],[-114.751,32.652],[-114.731,32.687],[-114.724,32.712],[-114.724,32.713],[-115.794,32.632],[-117.125,32.532],[-117.025,32.277],[-116.948,32.247],[-116.842,31.987],[-116.62,31.858],[-116.676,31.553],[-116.53,31.44],[-116.309,31.149],[-116.25,30.957],[-116.068,30.813],[-116.049,30.48],[-115.837,30.346],[-115.698,29.756],[-115.187,29.429],[-114.972,29.378],[-114.53,28.926],[-114.402,28.86],[-114.272,28.659],[-114.166,28.647],[-114.043,28.458],[-114.125,28.256],[-114.063,28],[-112.764,27.999],[-112.902,28.475],[-113.103,28.505],[-113.26,28.84],[-113.479,28.946],[-113.771,29.408],[-114.271,29.772],[-114.392,29.783],[-114.66,30.183],[-114.63,30.425],[-114.698,30.637],[-114.72,30.941],[-114.889,31.163],[-114.853,31.527],[-114.781,31.656],[-114.934,31.909],[-114.956,32.142],[-115.04,32.277],[-114.906,32.492],[-114.819,32.499]]],[[[-113.138,29.065],[-113.183,29.29],[-113.477,29.532],[-113.589,29.41],[-113.229,29.06],[-113.138,29.065]]]]},"properties":{"name":"Baja California","admin":"Mexico"}},
{"type":"Feature","geometry":{"type":"Polygon","coordinates":[[[-103.312,29.026],[-103.542,29.149],[-103.673,29.174],[-103.794,29.278],[-104.057,29.339],[-104.267,29.527],[-104.349,29.538],[-104.43,29.583],[-104.444,29.589],[-104.449,29.598],[-104.452,29.607],[-104.455,29.613],[-104.531,29.668],[-104.57,29.788],[-104.68,29.942],[-104.682,30.193],[-104.852,30.439],[-104.887,30.552],[-104.898,30.569],[-104.941,30.614],[-104.973,30.618],[-104.983,30.621],[-105.008,30.677],[-105.364,30.85],[-105.376,30.86],[-105.416,30.902],[-105.556,31.003],[-105.591,31.071],[-105.606,31.082],[-105.623,31.09],[-105.644,31.104],[-105.668,31.128],[-105.768,31.18],[-105.785,31.211],[-105.862,31.288],[-105.928,31.326],[-105.942,31.352],[-105.949,31.361],[-105.961,31.371],[-106.005,31.397],[-106.164,31.448],[-106.209,31.477],[-106.233,31.52],[-106.275,31.563],[-106.286,31.58],[-106.312,31.649],[-106.358,31.718],[-106.392,31.746],[-106.429,31.758],[-106.473,31.755],[-106.517,31.774],[-106.559,31.774],[-106.611,31.774],[-106.714,31.774],[-106.921,31.775],[-107.284,31.776],[-107.801,31.777],[-108.086,31.777],[-108.112,31.778],[-108.138,31.778],[-108.163,31.778],[-108.189,31.778],[-108.215,31.778],[-108.215,31.447],[-108.215,31.433],[-108.215,31.334],[-108.215,31.327],[-108.968,31.327],[-109.043,30.828],[-108.583,30.507],[-108.537,30.039],[-108.613,29.408],[-108.708,29.401],[-108.624,28.771],[-108.646,28.608],[-108.54,28.32],[-108.657,28.24],[-109.069,28.276],[-109.146,28.178],[-109.021,27.907],[-108.906,27.836],[-108.67,27.538],[-108.677,27.183],[-108.466,26.98],[-108.374,27.077],[-108.045,26.931],[-107.835,26.6],[-107.785,26.216],[-107.414,26.13],[-107.259,25.869],[-106.937,25.642],[-106.721,25.633],[-106.544,25.78],[-106.525,25.993],[-106.378,26.132],[-106.402,26.381],[-106.227,26.429],[-106.225,26.56],[-106.028,26.839],[-105.808,26.693],[-105.68,26.699],[-105.556,26.573],[-105.327,26.459],[-105.117,26.552],[-104.833,26.487],[-104.598,26.351],[-104.52,26.372],[-104.235,26.723],[-103.942,26.76],[-103.627,26.644],[-103.963,27.919],[-103.64,28.465],[-103.392,28.883],[-103.313,29.025],[-103.312,29.026]]]},"properties":{"name":"Chihuahua","admin":"Mexico"}},
{"type":"Feature","geometry":{"type":"Polygon","coordinates":[[[-99.807,27.771],[-99.879,27.902],[-100.001,28.02],[-100.075,28.154],[-100.284,28.297],[-100.352,28.497],[-100.397,28.593],[-100.519,28.805],[-100.566,28.87],[-100.624,28.925],[-100.669,29.116],[-100.816,29.271],[-101.016,29.39],[-101.038,29.46],[-101.164,29.501],[-101.219,29.61],[-101.409,29.766],[-101.471,29.792],[-101.554,29.797],[-101.632,29.776],[-101.972,29.818],[-102.109,29.802],[-102.146,29.816],[-102.157,29.825],[-102.204,29.846],[-102.253,29.855],[-102.302,29.889],[-102.321,29.894],[-102.34,29.871],[-102.375,29.848],[-102.406,29.777],[-102.683,29.744],[-102.78,29.592],[-102.795,29.544],[-102.827,29.471],[-102.839,29.452],[-102.841,29.438],[-102.835,29.404],[-102.846,29.385],[-102.838,29.371],[-102.838,29.366],[-102.847,29.362],[-102.865,29.36],[-102.877,29.351],[-102.883,29.344],[-102.899,29.276],[-102.9,29.264],[-102.892,29.254],[-102.868,29.24],[-102.859,29.229],[-102.87,29.225],[-102.897,29.22],[-102.942,29.19],[-102.97,29.193],[-102.988,29.177],[-103.016,29.127],[-103.105,29.058],[-103.148,28.985],[-103.312,29.026],[-103.313,29.025],[-103.392,28.883],[-103.64,28.465],[-103.963,27.919],[-103.627,26.644],[-103.326,26.409],[-103.281,26.262],[-103.345,26.124],[-103.32,25.699],[-103.488,25.541],[-103.425,25.427],[-103.509,25.298],[-103.275,25.072],[-103.251,24.923],[-102.843,24.728],[-102.816,24.904],[-102.668,25.079],[-102.582,25.125],[-102.173,25.163],[-101.861,25.076],[-101.768,24.938],[-101.591,24.882],[-101.462,24.749],[-101.197,24.797],[-101.097,24.641],[-100.828,24.565],[-100.772,24.75],[-100.835,25.041],[-100.771,25.147],[-100.529,25.229],[-100.26,25.209],[-100.303,25.345],[-100.572,25.414],[-100.846,25.785],[-100.848,25.957],[-101.216,26.373],[-100.753,26.732],[-100.587,26.765],[-100.553,27.033],[-100.802,27.212],[-100.628,27.328],[-100.435,27.38],[-100.331,27.701],[-100.182,27.794],[-99.967,27.64],[-99.834,27.752],[-99.807,27.771]]]},"properties":{"name":"Coahuila","admin":"Mexico"}},
{"type":"Feature","geometry":{"type":"Polygon","coordinates":[[[-99.711,27.67],[-99.714,27.669],[-99.764,27.649],[-99.815,27.626],[-99.91,27.572],[-99.778,27.482],[-99.68,27.135],[-99.7,26.896],[-99.61,26.732],[-99.413,26.624],[-99.42,26.399],[-99.173,26.279],[-99.152,26.084],[-98.81,26.06],[-98.556,25.971],[-98.561,25.503],[-98.446,25.425],[-98.869,25.099],[-99.034,25.12],[-99.193,24.878],[-99.651,24.639],[-99.575,24.345],[-99.617,24.138],[-99.464,23.957],[-99.6,23.767],[-99.84,23.741],[-100.043,23.415],[-100.057,23.241],[-99.916,22.957],[-99.987,22.777],[-99.554,22.621],[-99.379,22.683],[-99.248,22.459],[-98.939,22.372],[-98.616,22.419],[-98.093,22.373],[-97.782,22.273],[-97.889,22.625],[-97.742,22.972],[-97.769,23.26],[-97.717,24.008],[-97.651,24.516],[-97.459,25.179],[-97.319,25.39],[-97.165,25.723],[-97.139,25.966],[-97.205,25.961],[-97.253,25.963],[-97.266,25.961],[-97.269,25.944],[-97.288,25.929],[-97.311,25.922],[-97.328,25.933],[-97.351,25.918],[-97.355,25.913],[-97.352,25.894],[-97.345,25.872],[-97.346,25.852],[-97.366,25.844],[-97.376,25.847],[-97.383,25.861],[-97.425,25.855],[-97.52,25.913],[-97.594,25.966],[-97.623,26.009],[-97.641,26.022],[-97.68,26.035],[-97.802,26.064],[-98.223,26.075],[-98.369,26.194],[-98.582,26.262],[-98.641,26.242],[-98.796,26.368],[-98.836,26.372],[-98.842,26.366],[-98.851,26.364],[-98.861,26.366],[-98.87,26.372],[-98.893,26.368],[-98.963,26.4],[-98.987,26.4],[-99.004,26.394],[-99.016,26.394],[-99.028,26.406],[-99.048,26.407],[-99.066,26.405],[-99.085,26.408],[-99.115,26.526],[-99.165,26.54],[-99.248,26.827],[-99.377,26.954],[-99.399,27.013],[-99.425,27.018],[-99.44,27.029],[-99.444,27.035],[-99.462,27.057],[-99.442,27.09],[-99.452,27.125],[-99.45,27.145],[-99.436,27.188],[-99.432,27.208],[-99.441,27.245],[-99.452,27.261],[-99.466,27.277],[-99.48,27.283],[-99.487,27.298],[-99.498,27.339],[-99.473,27.427],[-99.476,27.483],[-99.48,27.491],[-99.488,27.495],[-99.51,27.5],[-99.507,27.574],[-99.535,27.605],[-99.6,27.646],[-99.711,27.67]]]},"properties":{"name":"Tamaulipas","admin":"Mexico"}},
{"type":"Feature","geometry":{"type":"Polygon","coordinates":[[[-99.807,27.771],[-99.834,27.752],[-99.967,27.64],[-100.182,27.794],[-100.331,27.701],[-100.435,27.38],[-100.628,27.328],[-100.802,27.212],[-100.553,27.033],[-100.587,26.765],[-100.753,26.732],[-101.216,26.373],[-100.848,25.957],[-100.846,25.785],[-100.572,25.414],[-100.303,25.345],[-100.26,25.209],[-100.529,25.229],[-100.771,25.147],[-100.835,25.041],[-100.772,24.75],[-100.828,24.565],[-100.61,24.283],[-100.58,23.931],[-100.488,23.821],[-100.439,23.229],[-100.057,23.241],[-100.043,23.415],[-99.84,23.741],[-99.6,23.767],[-99.464,23.957],[-99.617,24.138],[-99.575,24.345],[-99.651,24.639],[-99.193,24.878],[-99.034,25.12],[-98.869,25.099],[-98.446,25.425],[-98.561,25.503],[-98.556,25.971],[-98.81,26.06],[-99.152,26.084],[-99.173,26.279],[-99.42,26.399],[-99.413,26.624],[-99.61,26.732],[-99.7,26.896],[-99.68,27.135],[-99.778,27.482],[-99.91,27.572],[-99.815,27.626],[-99.764,27.649],[-99.714,27.669],[-99.711,27.67],[-99.807,27.771]]]},"properties":{"name":"Nuevo León","admin":"Mexico"}},
{"type":"Feature","geometry":{"type":"Polygon","coordinates":[[[-89.146,17.951],[-89.049,17.999],[-88.88,17.888],[-88.736,18.052],[-88.489,18.485],[-88.283,18.491],[-88.104,18.803],[-88.002,18.69],[-88.078,18.499],[-87.771,18.406],[-87.723,18.681],[-87.423,19.558],[-87.666,19.552],[-87.629,19.709],[-87.472,19.885],[-87.444,20.191],[-87.235,20.493],[-87.067,20.619],[-86.875,20.855],[-86.742,21.164],[-86.815,21.205],[-86.828,21.433],[-86.998,21.566],[-87.238,21.443],[-87.54,21.499],[-87.525,21.299],[-87.585,21.111],[-87.534,20.956],[-87.675,20.648],[-88.014,20.435],[-88.218,20.433],[-88.445,20.184],[-88.707,20.081],[-88.911,19.949],[-89.369,19.82],[-89.415,19.651],[-89.135,19.405],[-89.014,19.218],[-89.109,18.691],[-89.045,18.492],[-89.036,18.203],[-89.146,17.951]]]},"properties":{"name":"Quintana Roo","admin":"Mexico"}},
{"type":"Feature","geometry":{"type":"Polygon","coordinates":[[[-89.146,17.951],[-89.036,18.203],[-89.045,18.492],[-89.109,18.691],[-89.014,19.218],[-89.135,19.405],[-89.415,19.651],[-89.455,19.777],[-89.63,20.019],[-89.811,20.137],[-89.87,20.269],[-90.236,20.51],[-90.392,20.547],[-90.381,20.824],[-90.49,20.534],[-90.478,19.922],[-90.709,19.687],[-90.73,19.376],[-90.936,19.163],[-91.431,18.88],[-91.266,18.736],[-91.333,18.573],[-91.544,18.449],[-91.829,18.477],[-91.991,18.539],[-92.06,18.702],[-92.486,18.648],[-92.358,18.457],[-92.149,18.462],[-92.156,18.169],[-91.891,17.967],[-91.633,17.951],[-91.569,18.104],[-90.992,17.968],[-90.991,17.802],[-90.26,17.815],[-89.16,17.814],[-89.146,17.951]]]},"properties":{"name":"Campeche","admin":"Mexico"}},
{"type":"Feature","geometry":{"type":"Polygon","coordinates":[[[-90.991,17.802],[-90.992,17.968],[-91.569,18.104],[-91.633,17.951],[-91.891,17.967],[-92.156,18.169],[-92.149,18.462],[-92.358,18.457],[-92.486,18.648],[-92.681,18.623],[-92.94,18.446],[-93.445,18.442],[-94.137,18.207],[-94.051,17.994],[-94.077,17.882],[-93.937,17.759],[-93.734,17.671],[-93.615,17.547],[-93.59,17.376],[-93.414,17.638],[-93.313,17.964],[-92.995,17.909],[-92.99,17.561],[-92.842,17.417],[-92.695,17.384],[-92.368,17.697],[-91.996,17.905],[-91.785,17.847],[-91.628,17.514],[-91.431,17.389],[-91.433,17.255],[-90.992,17.252],[-90.991,17.802]]]},"properties":{"name":"Tabasco","admin":"Mexico"}},
{"type":"Feature","geometry":{"type":"Polygon","coordinates":[[[-91.433,17.255],[-91.431,17.389],[-91.628,17.514],[-91.785,17.847],[-91.996,17.905],[-92.368,17.697],[-92.695,17.384],[-92.842,17.417],[-92.99,17.561],[-92.995,17.909],[-93.313,17.964],[-93.414,17.638],[-93.59,17.376],[-93.873,17.15],[-93.911,16.881],[-94.029,16.813],[-94.035,16.663],[-94.125,16.509],[-94.037,16.273],[-94.084,16.149],[-93.943,16.011],[-93.656,15.839],[-93.229,15.502],[-92.983,15.266],[-92.824,15.173],[-92.7,14.999],[-92.306,14.615],[-92.162,14.702],[-92.154,14.996],[-92.074,15.074],[-92.205,15.29],[-91.724,16.069],[-90.486,16.071],[-90.399,16.348],[-90.648,16.53],[-90.735,16.747],[-91.067,16.918],[-91.29,17.189],[-91.433,17.255]]]},"properties":{"name":"Chiapas","admin":"Mexico"}},
{"type":"Feature","geometry":{"type":"Polygon","coordinates":[[[-136.445,68.91],[-137.191,68.948],[-138.637,69.284],[-139.144,69.514],[-139.918,69.621],[-141.006,69.651],[-141.005,69.505],[-141.005,69.214],[-141.005,68.63],[-141.005,67.756],[-141.004,66.59],[-141.004,66.152],[-141.004,66.007],[-141.004,65.861],[-141.004,65.569],[-141.003,64.549],[-141.003,63.382],[-141.002,62.654],[-141.002,62.216],[-141.002,61.925],[-141.002,61.779],[-141.002,61.633],[-141.001,60.321],[-140.995,60.304],[-140.98,60.296],[-140.534,60.219],[-140.424,60.293],[-140.016,60.187],[-139.968,60.188],[-139.917,60.208],[-139.628,60.334],[-139.102,60.347],[-139.079,60.341],[-139.069,60.322],[-139.073,60.3],[-139.183,60.1],[-139.182,60.073],[-139.06,60],[-139.047,60],[-138.576,60],[-137.624,60],[-135.243,60],[-133.815,60],[-132.387,60],[-130.483,60],[-128.579,60],[-126.199,60],[-123.819,60],[-124.416,60.479],[-124.603,60.718],[-124.566,60.939],[-125.322,60.788],[-125.826,60.883],[-126.66,60.75],[-126.885,60.782],[-126.935,61.052],[-127.146,61.465],[-127.535,61.51],[-127.973,61.689],[-128.547,62.122],[-128.762,62.061],[-129.13,62.116],[-129.309,62.321],[-129.197,62.507],[-129.495,62.608],[-129.765,62.852],[-129.614,63.072],[-129.845,63.091],[-130.129,63.317],[-129.823,63.478],[-130.098,63.782],[-130.74,63.973],[-131.146,64.424],[-131.619,64.369],[-132.054,64.696],[-132.569,64.775],[-132.354,65.069],[-132.713,65.229],[-132.182,65.584],[-132.371,65.771],[-132.347,65.941],[-132.561,66.029],[-133.612,65.962],[-133.584,66.293],[-133.819,66.31],[-133.601,66.559],[-133.763,66.799],[-134.03,66.987],[-136.162,67.004],[-136.23,67.187],[-136.095,67.297],[-136.189,67.564],[-136.445,67.726],[-136.445,68.91]]]},"properties":{"name":"Yukon","admin":"Canada"}},
{"type":"Feature","geometry":{"type":"Polygon","coordinates":[[[-103.742,18.69],[-103.478,18.966],[-103.525,19.093],[-103.497,19.316],[-103.635,19.487],[-103.833,19.398],[-104.122,19.473],[-104.215,19.32],[-104.536,19.249],[-104.593,19.15],[-104.354,19.112],[-104.332,19.022],[-103.98,18.875],[-103.742,18.69]]]},"properties":{"name":"Colima","admin":"Mexico"}},
{"type":"Feature","geometry":{"type":"Polygon","coordinates":[[[-105.291,20.685],[-105.095,20.918],[-104.728,21.01],[-104.286,20.708],[-104.213,20.973],[-104.224,21.169],[-103.983,21.271],[-103.945,21.375],[-104.21,21.519],[-104.098,21.784],[-104.399,22.085],[-104.33,22.264],[-104.311,22.319],[-104.335,22.475],[-104.587,22.46],[-104.668,22.626],[-104.889,22.79],[-104.945,22.916],[-105.131,23.017],[-105.389,23.033],[-105.572,22.791],[-105.487,22.684],[-105.466,22.495],[-105.724,22.51],[-105.655,22.256],[-105.632,21.956],[-105.414,21.601],[-105.185,21.443],[-105.243,21.342],[-105.234,21.061],[-105.31,21.031],[-105.514,20.77],[-105.291,20.685]]]},"properties":{"name":"Nayarit","admin":"Mexico"}},
{"type":"Feature","geometry":{"type":"Polygon","coordinates":[[[-114.071,28],[-114.098,28],[-114.147,28],[-114.207,28],[-114.105,27.708],[-114.282,27.736],[-114.325,27.875],[-114.499,27.774],[-114.923,27.836],[-114.887,27.695],[-114.734,27.521],[-114.506,27.406],[-114.488,27.238],[-114.114,27.105],[-114.005,26.977],[-113.816,26.949],[-113.637,26.726],[-113.504,26.793],[-113.143,26.758],[-113.061,26.599],[-112.728,26.37],[-112.343,26.178],[-112.198,25.995],[-112.076,25.713],[-112.078,25.259],[-112.143,25.086],[-112.088,24.773],[-111.967,24.778],[-111.849,24.654],[-111.679,24.586],[-111.444,24.324],[-111.04,24.104],[-110.577,23.682],[-110.307,23.541],[-110.167,23.321],[-110.098,23.018],[-109.895,22.874],[-109.713,23.031],[-109.532,23.108],[-109.426,23.297],[-109.476,23.56],[-109.68,23.648],[-109.698,23.798],[-109.988,24.046],[-110.018,24.169],[-110.173,24.253],[-110.402,24.176],[-110.562,24.213],[-110.682,24.361],[-110.739,24.555],[-110.657,24.807],[-110.758,25.012],[-110.904,25.143],[-111.026,25.459],[-111.307,25.779],[-111.318,26.074],[-111.569,26.576],[-111.56,26.696],[-111.818,26.896],[-112.017,26.979],[-112.011,27.117],[-112.155,27.162],[-112.373,27.564],[-112.598,27.654],[-112.773,27.864],[-112.764,27.999],[-114.063,28],[-114.071,28]]]},"properties":{"name":"Baja California Sur","admin":"Mexico"}},
{"type":"Feature","geometry":{"type":"Polygon","coordinates":[[[-105.724,22.51],[-105.466,22.495],[-105.487,22.684],[-105.572,22.791],[-105.389,23.033],[-105.688,23.297],[-105.715,23.464],[-105.897,23.714],[-105.948,24.073],[-106.053,24.283],[-106.196,24.39],[-106.405,24.29],[-106.596,24.368],[-106.756,24.704],[-107.036,24.92],[-107.126,25.19],[-107.096,25.42],[-106.937,25.642],[-107.259,25.869],[-107.414,26.13],[-107.785,26.216],[-107.835,26.6],[-108.045,26.931],[-108.374,27.077],[-108.466,26.98],[-108.507,26.802],[-109.139,26.332],[-109.156,26.308],[-109.231,26.263],[-109.284,26.241],[-109.293,26.237],[-109.433,26.022],[-109.441,25.793],[-109.171,25.649],[-109.116,25.536],[-108.888,25.49],[-108.451,25.269],[-108.334,25.161],[-108.107,25.117],[-108.186,24.987],[-107.995,24.648],[-107.821,24.595],[-107.624,24.458],[-107.378,24.207],[-107.036,23.981],[-106.902,23.847],[-106.793,23.632],[-106.523,23.408],[-106.43,23.23],[-106.22,23.052],[-106.032,22.83],[-105.8,22.638],[-105.724,22.51]]]},"properties":{"name":"Sinaloa","admin":"Mexico"}},
{"type":"Feature","geometry":{"type":"Polygon","coordinates":[[[-90.381,20.824],[-90.392,20.547],[-90.236,20.51],[-89.87,20.269],[-89.811,20.137],[-89.63,20.019],[-89.455,19.777],[-89.415,19.651],[-89.369,19.82],[-88.911,19.949],[-88.707,20.081],[-88.445,20.184],[-88.218,20.433],[-88.014,20.435],[-87.675,20.648],[-87.534,20.956],[-87.585,21.111],[-87.525,21.299],[-87.54,21.499],[-88.129,21.616],[-88.448,21.575],[-88.703,21.459],[-89.123,21.363],[-89.786,21.285],[-90.099,21.164],[-90.332,21.032],[-90.381,20.824]]]},"properties":{"name":"Yucatán","admin":"Mexico"}},
{"type":"Feature","geometry":{"type":"Polygon","coordinates":[[[-97.782,22.273],[-98.093,22.373],[-98.616,22.419],[-98.374,22.265],[-98.489,21.753],[-98.642,21.609],[-98.515,21.399],[-98.41,21.178],[-98.13,21.072],[-98.232,20.938],[-98.393,20.877],[-98.437,20.677],[-98.569,20.472],[-98.501,20.362],[-98.336,20.435],[-98.111,20.688],[-98,20.484],[-97.896,20.806],[-97.779,20.814],[-97.559,20.504],[-97.77,20.439],[-97.774,20.273],[-97.543,20.137],[-97.403,20.26],[-97.153,20.146],[-97.31,19.89],[-97.392,19.576],[-97.109,19.179],[-97.264,19.16],[-97.227,18.913],[-97.331,18.81],[-97.31,18.685],[-97.136,18.65],[-96.987,18.514],[-96.8,18.551],[-96.728,18.41],[-96.597,18.612],[-96.411,18.539],[-96.229,18.201],[-96.109,18.143],[-95.838,18.12],[-95.775,17.995],[-95.91,17.784],[-95.797,17.537],[-95.612,17.515],[-95.308,17.673],[-94.938,17.217],[-93.873,17.15],[-93.59,17.376],[-93.615,17.547],[-93.734,17.671],[-93.937,17.759],[-94.077,17.882],[-94.051,17.994],[-94.137,18.207],[-94.467,18.144],[-94.581,18.19],[-94.808,18.524],[-95.003,18.555],[-95.208,18.709],[-95.495,18.707],[-95.728,18.757],[-95.852,18.717],[-95.977,19.058],[-96.278,19.315],[-96.456,19.869],[-96.676,20.158],[-97.151,20.647],[-97.197,20.81],[-97.497,21.401],[-97.658,21.637],[-97.61,21.836],[-97.761,22.096],[-97.782,22.273]]]},"properties":{"name":"Veracruz","admin":"Mexico"}},
{"type":"Feature","geometry":{"type":"Polygon","coordinates":[[[-104.593,19.15],[-104.536,19.249],[-104.215,19.32],[-104.122,19.473],[-103.833,19.398],[-103.635,19.487],[-103.497,19.316],[-103.525,19.093],[-103.478,18.966],[-103.296,19.048],[-103.122,19.006],[-102.988,19.058],[-102.884,19.203],[-102.658,19.231],[-102.549,19.387],[-102.737,19.582],[-102.81,19.821],[-102.773,19.957],[-103.036,19.97],[-103.048,20.12],[-102.678,20.218],[-102.498,20.315],[-102.1,20.387],[-101.981,20.555],[-102.085,20.729],[-102.046,20.872],[-101.855,21.148],[-101.573,21.348],[-101.637,21.517],[-101.538,21.637],[-101.521,21.841],[-101.845,22.017],[-102.231,21.678],[-102.76,21.749],[-102.776,21.608],[-102.641,21.568],[-102.686,21.401],[-102.915,21.282],[-103.056,21.266],[-103.048,21.074],[-103.232,21.079],[-103.591,21.193],[-103.747,21.297],[-103.666,21.488],[-103.519,21.6],[-103.527,21.817],[-103.289,21.985],[-103.156,21.998],[-103.046,22.252],[-103.373,22.517],[-103.359,22.349],[-103.489,22.135],[-103.678,22.137],[-103.683,22.322],[-103.608,22.524],[-103.851,22.569],[-103.779,22.735],[-103.983,22.772],[-103.948,22.379],[-104.33,22.264],[-104.399,22.085],[-104.098,21.784],[-104.21,21.519],[-103.945,21.375],[-103.983,21.271],[-104.224,21.169],[-104.213,20.973],[-104.286,20.708],[-104.728,21.01],[-105.095,20.918],[-105.291,20.685],[-105.329,20.514],[-105.576,20.488],[-105.699,20.407],[-105.553,20.201],[-105.526,20.032],[-105.251,19.666],[-105.088,19.561],[-105.017,19.368],[-104.807,19.229],[-104.593,19.15]]]},"properties":{"name":"Jalisco","admin":"Mexico"}},
{"type":"Feature","geometry":{"type":"Polygon","coordinates":[[[-102.169,17.921],[-102.159,18.162],[-101.941,18.205],[-101.875,18.32],[-101.839,18.577],[-101.645,18.58],[-101.492,18.477],[-101.257,18.537],[-100.732,18.507],[-100.789,18.782],[-100.624,18.871],[-100.159,19.42],[-100.215,19.565],[-100.123,19.938],[-100.286,20.213],[-100.396,19.964],[-100.727,19.937],[-101.017,19.951],[-101.194,20.035],[-101.42,20.054],[-101.383,20.287],[-101.608,20.32],[-101.69,20.201],[-101.905,20.203],[-101.949,20.366],[-102.1,20.387],[-102.498,20.315],[-102.678,20.218],[-103.048,20.12],[-103.036,19.97],[-102.773,19.957],[-102.81,19.821],[-102.737,19.582],[-102.549,19.387],[-102.658,19.231],[-102.884,19.203],[-102.988,19.058],[-103.122,19.006],[-103.296,19.048],[-103.478,18.966],[-103.742,18.69],[-103.498,18.333],[-103.024,18.186],[-102.742,18.067],[-102.169,17.921]]]},"properties":{"name":"Michoacán","admin":"Mexico"}},
{"type":"Feature","geometry":{"type":"Polygon","coordinates":[[[-98.555,16.318],[-98.322,16.437],[-98.333,16.566],[-98.24,16.703],[-98.073,16.779],[-98.003,17.026],[-98.15,17.215],[-98.331,17.337],[-98.389,17.641],[-98.348,17.892],[-98.788,18.034],[-99.031,18.253],[-99.05,18.35],[-99.142,18.497],[-99.331,18.453],[-99.495,18.674],[-99.66,18.764],[-99.747,18.692],[-100.071,18.61],[-100.275,18.392],[-100.433,18.647],[-100.455,18.844],[-100.624,18.871],[-100.789,18.782],[-100.732,18.507],[-101.257,18.537],[-101.492,18.477],[-101.645,18.58],[-101.839,18.577],[-101.875,18.32],[-101.941,18.205],[-102.159,18.162],[-102.169,17.921],[-102.037,17.991],[-101.811,17.89],[-101.644,17.668],[-101.456,17.526],[-101.182,17.413],[-101.008,17.253],[-99.992,16.91],[-99.741,16.731],[-99.374,16.668],[-98.857,16.528],[-98.777,16.555],[-98.555,16.318]]]},"properties":{"name":"Guerrero","admin":"Mexico"}},
{"type":"Feature","geometry":{"type":"Polygon","coordinates":[[[-94.115,16.057],[-94.094,16.099],[-94.084,16.149],[-94.037,16.273],[-94.125,16.509],[-94.035,16.663],[-94.029,16.813],[-93.911,16.881],[-93.873,17.15],[-94.938,17.217],[-95.308,17.673],[-95.612,17.515],[-95.797,17.537],[-95.91,17.784],[-95.775,17.995],[-95.838,18.12],[-96.109,18.143],[-96.229,18.201],[-96.411,18.539],[-96.597,18.612],[-96.728,18.41],[-96.79,18.284],[-97.026,18.122],[-97.314,18.145],[-97.427,17.99],[-97.64,18.171],[-97.725,18.302],[-97.925,18.036],[-98.173,18.017],[-98.348,17.892],[-98.389,17.641],[-98.331,17.337],[-98.15,17.215],[-98.003,17.026],[-98.073,16.779],[-98.24,16.703],[-98.333,16.566],[-98.322,16.437],[-98.555,16.318],[-98.124,16.209],[-97.773,15.979],[-97.266,15.936],[-96.845,15.733],[-96.556,15.659],[-96.237,15.683],[-95.96,15.828],[-95.434,15.975],[-95.233,16.158],[-94.852,16.429],[-94.763,16.294],[-94.654,16.364],[-94.44,16.187],[-94.115,16.057]]]},"properties":{"name":"Oaxaca","admin":"Mexico"}},
{"type":"Feature","geometry":{"type":"MultiPolygon","coordinates":[[[[-94.803,60],[-94.712,60.266],[-94.352,60.858],[-94.242,60.903],[-94.007,61.238],[-93.834,61.328],[-93.985,61.458],[-93.838,61.562],[-93.303,61.752],[-93.502,61.856],[-92.593,62.239],[-92.718,62.465],[-92.261,62.563],[-92.454,62.794],[-91.979,62.847],[-91.442,62.787],[-90.644,63.069],[-90.695,63.275],[-91.017,63.471],[-91.587,63.582],[-91.371,63.702],[-90.975,63.579],[-90.168,63.658],[-89.813,63.96],[-89.177,64.039],[-88.735,63.972],[-88.044,64.184],[-87.764,64.522],[-87.6,64.558],[-86.938,65.142],[-87.047,65.238],[-89.04,65.328],[-89.394,65.501],[-89.837,65.831],[-89.688,65.947],[-88.97,65.697],[-88.585,65.645],[-88.205,65.405],[-87.927,65.333],[-87.381,65.33],[-86.475,65.734],[-86.412,65.904],[-85.974,66.036],[-85.857,66.163],[-86.621,66.314],[-86.62,66.507],[-85.752,66.518],[-85.416,66.567],[-85.268,66.287],[-84.382,66.19],[-83.691,66.199],[-83.963,66.478],[-83.678,66.525],[-83.369,66.35],[-83.027,66.495],[-82.633,66.563],[-82.184,66.769],[-81.955,66.977],[-81.527,66.996],[-81.238,67.461],[-81.457,67.628],[-82.088,67.9],[-82.109,68.112],[-82.315,68.147],[-82.37,68.356],[-81.63,68.513],[-81.267,68.639],[-81.365,68.862],[-81.703,68.908],[-81.337,69.188],[-81.753,69.268],[-82.237,69.235],[-82.282,69.419],[-82.618,69.57],[-82.576,69.674],[-83.754,69.712],[-84.34,69.86],[-85.333,69.791],[-85.544,69.654],[-85.534,69.463],[-85.22,69.133],[-84.767,69.088],[-85.225,68.721],[-85.668,68.727],[-85.717,68.398],[-85.902,68.054],[-86.529,67.687],[-86.502,67.379],[-86.779,67.419],[-86.961,67.255],[-87.328,67.173],[-87.484,67.363],[-88.153,67.68],[-88.374,67.976],[-88.283,68.126],[-87.792,68.331],[-88.023,68.809],[-88.729,69.084],[-88.942,69.234],[-89.332,69.249],[-89.672,69.045],[-89.688,68.817],[-89.945,68.616],[-90,68.379],[-90.604,68.441],[-90.447,68.886],[-90.671,69.088],[-91.034,69.22],[-90.654,69.537],[-91.11,69.513],[-91.426,69.668],[-91.803,69.513],[-92.471,69.698],[-91.943,70.024],[-91.545,70.145],[-91.723,70.356],[-91.991,70.325],[-92.25,70.625],[-92.614,70.689],[-92.908,70.902],[-92.859,71.15],[-92.991,71.357],[-93.821,71.655],[-94.054,71.789],[-94.54,71.771],[-94.549,72.002],[-95.225,71.95],[-95.492,71.723],[-95.944,71.552],[-95.465,71.484],[-95.658,71.291],[-96.212,71.387],[-96.562,71.127],[-96.616,70.826],[-96.19,70.625],[-96.562,70.315],[-96.486,70.097],[-95.976,69.786],[-95.65,69.784],[-94.875,69.572],[-94.561,69.641],[-94.322,69.453],[-93.93,69.435],[-93.558,69.531],[-93.434,69.357],[-94.135,69.133],[-94.551,68.891],[-94.636,68.756],[-94.11,68.759],[-93.897,69.018],[-93.577,68.862],[-93.73,68.612],[-94.341,68.244],[-94.861,68.031],[-95.234,68.07],[-95.582,67.9],[-95.696,67.711],[-95.463,67.639],[-95.256,67.262],[-95.522,67.22],[-95.735,67.376],[-96.075,67.226],[-96.465,67.55],[-96.216,67.78],[-96.009,68.252],[-96.398,68.171],[-97.26,68.469],[-98.192,68.308],[-98.544,68.34],[-98.449,68.071],[-98.172,67.876],[-97.641,68.009],[-97.12,67.779],[-97.061,67.68],[-97.59,67.603],[-98.092,67.76],[-98.522,68.046],[-98.727,67.958],[-98.361,67.811],[-98.915,67.712],[-99.424,67.794],[-100.717,67.847],[-100.957,67.749],[-101.529,67.68],[-101.939,67.786],[-102.242,67.725],[-102.763,67.815],[-103.366,68.019],[-104.484,68.034],[-104.602,68.235],[-105.095,68.27],[-105.536,68.45],[-105.47,68.722],[-105.751,68.866],[-106.197,68.944],[-107.293,68.701],[-108.281,68.622],[-108.815,68.274],[-108.402,68.269],[-108.338,68.155],[-107.73,68.207],[-107.847,68.333],[-107.131,68.301],[-106.573,68.42],[-106.522,68.527],[-105.879,68.639],[-105.698,68.489],[-106.276,68.387],[-106.494,68.246],[-107.429,68.043],[-107.942,67.854],[-107.99,67.693],[-107.586,67.501],[-107.527,67.212],[-107.246,67.084],[-107.659,66.708],[-108.215,67.027],[-107.88,67.053],[-107.993,67.282],[-108.444,67.434],[-108.599,67.625],[-108.929,67.532],[-109.075,67.722],[-109.698,67.81],[-109.971,67.967],[-110.421,67.948],[-111.019,67.768],[-111.292,67.826],[-112.421,67.682],[-113.859,67.696],[-114.789,67.817],[-115.118,67.804],[-115.534,67.934],[-114.837,68.263],[-114.057,68.304],[-114.201,68.572],[-114.988,68.867],[-115.588,68.975],[-116.16,68.984],[-116.208,68.831],[-118.041,69.025],[-118.666,69.225],[-120.279,69.408],[-120.681,69.557],[-120.681,68.016],[-119.759,67.723],[-117.773,67.115],[-116.594,66.754],[-114.414,66.086],[-112.504,65.501],[-110.706,65.501],[-109.58,64.933],[-108.973,64.778],[-107.445,64.663],[-105.19,64.485],[-101.999,64.227],[-102.005,63.181],[-102.004,62.144],[-102.003,61.22],[-102.002,60],[-100.651,60],[-98.401,60],[-96.601,60],[-94.803,60]]],[[[-101.694,68.77],[-101.98,68.826],[-102.29,68.664],[-101.829,68.578],[-101.694,68.77]]],[[[-100.207,68.804],[-100.404,69.03],[-100.631,68.996],[-100.622,68.772],[-100.207,68.804]]],[[[-95.215,68.862],[-95.846,68.891],[-95.952,69.14],[-96.22,69.314],[-96.893,69.498],[-97.225,69.682],[-97.925,69.896],[-98.219,69.798],[-98.369,69.568],[-98.608,69.443],[-98.411,69.353],[-98.713,69.202],[-99.309,69.159],[-99.592,69.041],[-99.417,68.89],[-97.761,68.652],[-97.562,68.564],[-97.037,68.554],[-96.52,68.448],[-96.296,68.48],[-95.807,68.729],[-95.439,68.74],[-95.215,68.862]]],[[[-110.004,72.71],[-110.004,72.627],[-110.004,72.524],[-110.004,72.497],[-110.004,72.458],[-110.003,71.646],[-110,70],[-112.5,70],[-114.825,70],[-117.124,70.001],[-117.144,69.888],[-116.856,69.648],[-116.633,69.462],[-115.975,69.3],[-115.189,69.243],[-114.397,69.288],[-113.584,69.201],[-113.656,68.8],[-113.35,68.592],[-112.749,68.463],[-112.583,68.51],[-111.531,68.544],[-111.251,68.52],[-110.605,68.617],[-109.625,68.642],[-108.952,68.742],[-108.539,68.947],[-107.941,68.941],[-107.335,69.026],[-106.926,69.239],[-106.584,69.504],[-106.32,69.405],[-106.204,69.15],[-105.886,69.176],[-104.917,69.048],[-105.123,68.896],[-104.594,68.864],[-104.447,68.942],[-103.383,68.782],[-102.523,68.866],[-101.965,68.97],[-101.768,69.123],[-102.055,69.484],[-103.037,69.366],[-103.041,69.515],[-102.51,69.564],[-102.582,69.743],[-102.025,69.809],[-101.707,69.691],[-100.964,69.664],[-100.872,69.808],[-100.996,70.175],[-101.582,70.133],[-102.409,70.426],[-103.125,70.576],[-103.538,70.6],[-104.024,70.784],[-104.105,70.898],[-104.591,71.073],[-104.282,71.364],[-104.38,71.6],[-105.039,72.114],[-105.277,72.44],[-105.333,72.751],[-105.829,73.051],[-106.234,73.087],[-106.823,73.31],[-107.172,73.195],[-107.662,73.328],[-108.298,73.134],[-107.718,72.303],[-107.779,72.141],[-107.252,71.902],[-107.668,71.708],[-108.287,71.799],[-108.188,71.95],[-108.663,72.361],[-108.633,72.566],[-110.004,72.985],[-110.004,72.755],[-110.004,72.71]]],[[[-72.949,66.735],[-73.332,66.663],[-73.456,66.551],[-74.345,66.226],[-74.42,66.083],[-74.012,65.855],[-73.718,65.775],[-73.496,65.494],[-74.179,65.529],[-74.503,65.343],[-74.872,65.398],[-75.215,65.254],[-75.715,65.309],[-75.757,65.214],[-76.677,65.411],[-77.436,65.46],[-77.514,65.326],[-77.313,65.2],[-77.964,65.052],[-78.144,64.957],[-78.073,64.816],[-78.185,64.587],[-77.758,64.343],[-76.728,64.296],[-75.862,64.378],[-75.707,64.579],[-75.238,64.455],[-74.713,64.382],[-74.551,64.631],[-74.084,64.641],[-73.892,64.554],[-73.452,64.591],[-73.386,64.281],[-73.13,64.292],[-72.318,63.679],[-71.566,63.691],[-71.766,63.284],[-71.373,63.049],[-71.029,63.079],[-70.83,62.897],[-70.493,62.867],[-70.24,62.754],[-69.627,62.791],[-69.445,62.554],[-69.027,62.38],[-68.554,62.25],[-67.401,62.15],[-66.774,62.017],[-66.274,61.858],[-65.95,61.897],[-66.129,62.089],[-65.93,62.198],[-66.302,62.351],[-66.551,62.561],[-66.982,62.703],[-67.198,62.877],[-67.799,63.089],[-68.147,63.161],[-68.403,63.376],[-68.76,63.555],[-68.928,63.761],[-68.496,63.74],[-67.869,63.464],[-67.501,63.443],[-67.012,63.288],[-66.698,63.039],[-66.519,63.077],[-65.666,62.912],[-65.17,62.568],[-64.962,62.663],[-64.765,63.055],[-65.099,63.55],[-64.932,63.571],[-64.772,63.329],[-64.484,63.288],[-64.676,63.74],[-64.895,63.897],[-64.663,64.028],[-65.077,64.083],[-65.307,64.193],[-65.081,64.479],[-65.726,64.515],[-65.583,64.757],[-65.824,64.883],[-66.649,64.97],[-66.967,65.087],[-67.169,65.269],[-67.06,65.453],[-67.433,65.504],[-67.455,65.679],[-67.927,65.62],[-67.81,65.878],[-67.17,65.933],[-67.303,66.281],[-66.961,66.541],[-66.731,66.374],[-66.472,66.344],[-65.899,65.954],[-65.353,65.914],[-65.503,65.767],[-65.115,65.504],[-64.902,65.282],[-64.178,65.177],[-63.655,64.918],[-63.405,65.033],[-63.498,65.371],[-63.16,65.649],[-62.594,65.664],[-62.306,65.829],[-62.429,65.979],[-61.954,66.02],[-62.539,66.227],[-62.22,66.397],[-61.935,66.289],[-61.492,66.367],[-61.576,66.55],[-61.27,66.605],[-61.606,66.872],[-62.004,67.037],[-62.284,66.946],[-62.905,66.973],[-63.349,66.891],[-63.25,67.132],[-63.412,67.218],[-63.888,67.242],[-64.29,67.729],[-64.607,67.832],[-64.72,67.985],[-65.182,67.967],[-66.214,68.005],[-66.314,68.129],[-66.766,68.242],[-67.064,68.475],[-67.664,68.565],[-67.931,68.528],[-68.361,68.63],[-68.547,68.753],[-68.133,68.837],[-67.735,69.04],[-67.678,69.177],[-66.669,69.185],[-66.788,69.34],[-67.228,69.464],[-68.005,69.462],[-68.587,69.591],[-68.013,69.776],[-67.115,69.729],[-67.25,69.963],[-67.809,70.264],[-68.157,70.318],[-68.337,70.069],[-69.47,70.248],[-68.459,70.373],[-68.362,70.584],[-69.59,70.773],[-69.915,70.88],[-70.617,70.73],[-70.516,70.937],[-70.787,71.115],[-71.151,71.038],[-71.323,70.887],[-71.953,70.791],[-72.337,70.758],[-72.164,70.83],[-72.356,70.879],[-72.045,71.085],[-71.445,71.073],[-71.117,71.27],[-71.582,71.515],[-72.473,71.647],[-73.254,71.33],[-73.688,71.593],[-73.596,71.764],[-74.263,71.82],[-74.237,72.076],[-75.063,72.128],[-74.942,72.257],[-75.198,72.498],[-75.735,72.583],[-76.652,72.639],[-76.889,72.743],[-77.601,72.756],[-78.535,72.515],[-78.57,72.356],[-78.943,72.196],[-79.283,72.394],[-80.049,72.398],[-80.483,72.181],[-80.397,72.05],[-80.759,71.984],[-80.832,72.261],[-80.512,72.382],[-80.558,72.628],[-80.269,72.725],[-80.64,72.928],[-80.643,73.17],[-81.134,73.247],[-81.229,73.54],[-81.528,73.716],[-82.831,73.737],[-84.008,73.505],[-84.837,73.389],[-85.464,73.112],[-85.702,72.635],[-85.036,72.255],[-85.501,72.214],[-85.747,71.949],[-85.258,71.668],[-84.892,71.633],[-84.528,71.473],[-84.96,71.429],[-85.497,71.514],[-86.128,71.794],[-86.408,72.006],[-86.46,72.203],[-86.253,72.395],[-86.68,72.646],[-86.699,72.816],[-86.03,73.302],[-85.577,73.512],[-84.952,73.668],[-85.106,73.812],[-86.714,73.847],[-87.764,73.717],[-88.414,73.525],[-89.051,73.252],[-89.312,73.046],[-89.321,72.882],[-89.753,72.611],[-89.963,72.257],[-89.762,72.126],[-90.105,71.916],[-89.798,71.765],[-89.977,71.658],[-89.813,71.329],[-88.067,71.213],[-87.228,71.011],[-87.359,70.95],[-88.325,70.958],[-88.642,71.055],[-89.126,71.032],[-89.449,70.908],[-88.694,70.465],[-88.141,70.396],[-87.853,70.238],[-87.425,70.315],[-87.031,70.468],[-86.27,70.113],[-85.783,69.995],[-84.952,70.067],[-84.695,70.007],[-83.673,69.946],[-83.052,70.01],[-82.441,69.844],[-82.126,69.818],[-81.072,70.099],[-79.835,69.953],[-79.681,69.849],[-78.888,69.894],[-78.665,70.014],[-78.767,70.191],[-79.565,70.39],[-79.156,70.497],[-78.745,70.456],[-78.389,70.216],[-77.892,70.264],[-77.683,70.184],[-77.491,69.863],[-76.873,69.819],[-77.038,69.606],[-76.63,69.546],[-75.687,69.287],[-75.572,69.157],[-75.99,69.011],[-76.422,69.06],[-76.673,68.766],[-76.326,68.698],[-75.497,68.934],[-74.879,68.826],[-74.373,68.544],[-73.885,68.555],[-73.947,68.413],[-73.728,68.314],[-73.2,68.275],[-72.988,68.173],[-72.857,67.861],[-72.436,67.531],[-72.351,67.119],[-72.803,67.043],[-72.949,66.735]]],[[[-67.881,60.497],[-68.241,60.586],[-68.439,60.259],[-68.321,60.197],[-67.96,60.333],[-67.881,60.497]]],[[[-64.841,61.352],[-64.697,61.458],[-64.717,61.663],[-65.047,61.698],[-65.486,61.599],[-64.841,61.352]]],[[[-79.282,62.27],[-79.559,62.42],[-79.831,62.411],[-80.215,62.138],[-80.286,61.93],[-80.18,61.774],[-79.75,61.586],[-79.548,61.76],[-79.27,62.145],[-79.282,62.27]]],[[[-64.381,62.527],[-64.842,62.556],[-64.923,62.42],[-64.594,62.37],[-64.381,62.527]]],[[[-70.241,62.616],[-70.492,62.767],[-70.96,62.803],[-70.682,62.547],[-70.241,62.616]]],[[[-82.191,62.986],[-82.739,62.938],[-83.119,62.847],[-83.52,62.826],[-83.553,62.7],[-83.907,62.491],[-83.673,62.145],[-83.281,62.253],[-83.135,62.177],[-82.747,62.311],[-82.296,62.585],[-81.957,62.698],[-81.862,62.925],[-82.191,62.986]]],[[[-77.538,63.288],[-77.703,63.438],[-78.186,63.493],[-78.532,63.39],[-77.941,63.087],[-77.645,63.143],[-77.538,63.288]]],[[[-76.689,63.486],[-76.709,63.568],[-77.12,63.685],[-77.418,63.591],[-76.982,63.407],[-76.689,63.486]]],[[[-80.183,63.768],[-80.889,64.123],[-81.059,64.027],[-81.627,64.124],[-81.771,64.512],[-82.366,64.768],[-82.715,64.781],[-83.208,64.948],[-83.398,65.137],[-84.098,65.21],[-84.152,65.332],[-84.577,65.489],[-84.848,65.214],[-85.077,65.456],[-85.201,65.809],[-85.61,65.911],[-86.028,65.665],[-86.174,65.287],[-86.159,64.939],[-86.406,64.439],[-86.193,64.103],[-86.896,63.93],[-87.224,63.66],[-87.064,63.555],[-86.661,63.658],[-86.285,63.646],[-85.794,63.713],[-85.617,63.675],[-85.635,63.243],[-85.274,63.123],[-84.59,63.315],[-84.405,63.555],[-83.634,63.771],[-83.685,64.014],[-83.539,64.111],[-83.014,64.192],[-83.138,64.007],[-82.534,63.973],[-82.356,63.853],[-82.482,63.685],[-82.075,63.692],[-81.019,63.45],[-80.466,63.727],[-80.183,63.768]]],[[[-85.001,66.008],[-85.186,65.947],[-85.113,65.762],[-84.713,65.555],[-84.574,65.636],[-84.715,65.835],[-85.001,66.008]]],[[[-84.474,66.09],[-83.87,65.783],[-83.693,65.926],[-84.069,66.063],[-84.474,66.09]]],[[[-73.358,67.838],[-73.413,67.968],[-74.277,68.078],[-74.756,68.063],[-74.64,67.857],[-74.402,67.779],[-73.409,67.776],[-73.358,67.838]]],[[[-86.577,68.291],[-86.986,68.067],[-86.837,67.792],[-86.413,67.845],[-86.408,68.208],[-86.577,68.291]]],[[[-75.034,68.173],[-75.138,68.236],[-75.911,68.345],[-76.689,68.263],[-77.212,67.87],[-77.323,67.708],[-76.982,67.243],[-75.889,67.258],[-75.39,67.358],[-75.065,67.552],[-75.044,67.817],[-75.161,67.953],[-75.034,68.173]]],[[[-74.838,68.42],[-74.989,68.669],[-75.379,68.499],[-74.838,68.42]]],[[[-79.08,68.879],[-78.83,68.917],[-78.313,69.387],[-78.731,69.325],[-78.863,69.148],[-79.204,69.085],[-79.423,68.927],[-79.08,68.879]]],[[[-76.692,69.411],[-77.36,69.39],[-77.265,69.147],[-76.992,69.145],[-76.692,69.411]]],[[[-79.971,69.633],[-79.348,69.695],[-79.672,69.82],[-79.971,69.633]]],[[[-71.508,71.017],[-72.012,71.052],[-72.046,70.946],[-72.228,70.922],[-72.118,70.825],[-71.439,70.91],[-71.508,71.017]]],[[[-104.681,73.63],[-105.167,73.757],[-106.6,73.711],[-107.039,73.484],[-106.121,73.293],[-105.486,72.956],[-105.202,72.945],[-104.573,73.332],[-104.501,73.567],[-104.681,73.63]]],[[[-80.903,73.607],[-80.795,73.285],[-80.164,73.233],[-80.176,73.046],[-79.949,72.847],[-79.175,72.755],[-78.171,72.899],[-76.319,72.817],[-76.272,73.102],[-77.213,73.511],[-78.139,73.669],[-79.45,73.635],[-80.56,73.773],[-80.903,73.607]]],[[[-96.321,72.467],[-96.452,72.642],[-96.932,72.676],[-97.661,73.037],[-98.349,73.044],[-97.828,73.278],[-97.295,73.366],[-97.668,73.486],[-96.995,73.626],[-96.956,73.737],[-97.57,73.894],[-98.097,73.818],[-99.218,73.739],[-100.001,73.95],[-100.886,73.832],[-101.562,73.469],[-101.289,73.36],[-100.467,73.203],[-100.111,73.033],[-100.431,72.74],[-101.296,72.719],[-101.763,73.019],[-102.485,73.041],[-102.756,72.812],[-102.614,72.661],[-101.967,72.497],[-101.84,72.326],[-100.637,72.186],[-100.035,71.868],[-99.864,71.859],[-99.235,71.35],[-98.541,71.292],[-98.215,71.409],[-97.97,71.662],[-97.461,71.617],[-96.962,71.807],[-96.56,71.84],[-96.485,72.128],[-96.718,72.3],[-96.321,72.467]]],[[[-99.247,73.855],[-98.143,73.878],[-97.725,74.122],[-98.753,74.034],[-99.247,73.855]]],[[[-90.291,73.923],[-90.994,74.006],[-92.114,73.984],[-93.273,74.178],[-94.374,74.132],[-95.249,74.01],[-95.613,73.596],[-95.582,73.162],[-95.719,73.012],[-95.593,72.699],[-95.136,72.463],[-95.145,71.966],[-94.088,72.064],[-93.811,72.316],[-93.464,72.463],[-93.793,72.693],[-93.403,72.794],[-92.385,72.71],[-91.858,72.848],[-91.176,73.354],[-90.511,73.698],[-90.291,73.923]]],[[[-103.638,75.2],[-103.821,75.367],[-104.403,75.433],[-104.906,75.124],[-104.229,75.019],[-103.638,75.2]]],[[[-93.437,74.944],[-93.499,75.268],[-94.394,75.604],[-94.9,75.645],[-95.791,75.501],[-96.605,75.065],[-95.898,74.826],[-95.305,74.805],[-94.724,74.632],[-93.608,74.654],[-93.437,74.944]]],[[[-102.572,75.993],[-103.725,75.978],[-103.692,75.889],[-102.572,75.993]]],[[[-103.811,76.034],[-102.838,76.081],[-102.531,76.157],[-102.727,76.316],[-104.312,76.212],[-104.368,76.076],[-103.811,76.034]]],[[[-104.398,76.469],[-104.378,76.325],[-103.336,76.332],[-103.023,76.416],[-103.883,76.578],[-104.398,76.469]]],[[[-97.425,75.52],[-97.57,75.865],[-97.5,76.157],[-97.789,76.322],[-97.665,76.486],[-98.508,76.637],[-100.27,76.65],[-100.963,76.48],[-100.479,76.234],[-101.128,76.26],[-101.413,76.438],[-102.035,76.413],[-102.103,76.221],[-101.589,75.925],[-102.262,75.87],[-102.776,75.545],[-102.064,75.548],[-100.223,75.667],[-100.676,75.336],[-100.252,75.263],[-100.33,75.014],[-99.645,74.976],[-98.035,75.026],[-97.685,75.17],[-98.117,75.298],[-97.924,75.52],[-97.425,75.52]]],[[[-89.675,76.733],[-89.982,76.842],[-90.568,76.716],[-90.065,76.486],[-89.675,76.733]]],[[[-110.004,75.911],[-110.004,75.879],[-109.102,75.75],[-108.896,75.492],[-110.004,75.545],[-110.004,74.853],[-109.582,74.858],[-108.824,75.072],[-108.417,74.917],[-107.686,74.982],[-107.005,74.924],[-106.009,75.057],[-105.661,75.355],[-105.689,75.527],[-105.39,75.66],[-105.76,75.99],[-106.607,76.062],[-107.046,75.889],[-107.858,76.066],[-108.458,76.103],[-108.081,76.287],[-108.616,76.423],[-108.451,76.733],[-109.184,76.822],[-110.004,76.486],[-110.004,76.226],[-109.542,76.189],[-109.433,76.004],[-110.004,75.911]]],[[[-79.56,74.992],[-80.197,74.958],[-80.443,75.04],[-79.628,75.18],[-79.501,75.392],[-81.113,75.779],[-82.331,75.844],[-83.089,75.74],[-83.918,75.815],[-84.29,75.713],[-85.299,75.575],[-86.01,75.536],[-86.196,75.415],[-86.778,75.476],[-87.111,75.595],[-87.751,75.581],[-88.245,75.478],[-88.58,75.659],[-89.257,75.636],[-89.198,75.796],[-90.188,76.068],[-89.38,76.184],[-89.298,76.301],[-90.448,76.411],[-90.572,76.564],[-91.441,76.694],[-92.693,76.596],[-93.701,76.921],[-95.771,77.077],[-96.851,76.93],[-96.314,76.808],[-96.5,76.696],[-95.823,76.399],[-94.848,76.269],[-93.591,76.3],[-93.128,76.37],[-92.185,75.895],[-92.004,75.602],[-92.3,75.513],[-92.504,75.218],[-92.061,74.963],[-92.018,74.777],[-91.621,74.712],[-90.894,74.761],[-90.701,74.646],[-89.949,74.533],[-89.147,74.608],[-89.084,74.72],[-88.412,74.759],[-88.518,74.501],[-87.644,74.458],[-84.258,74.506],[-83.494,74.578],[-81.789,74.458],[-81.32,74.562],[-80.542,74.564],[-80.245,74.759],[-79.395,74.876],[-79.56,74.992]]],[[[-89.661,77.356],[-90.304,77.629],[-91.169,77.617],[-91.2,77.408],[-90.924,77.307],[-90.094,77.204],[-89.661,77.356]]],[[[-104.395,77.193],[-104.421,77.308],[-105.503,77.721],[-105.765,77.466],[-105.536,77.304],[-104.754,77.111],[-104.395,77.193]]],[[[-93.252,77.644],[-93.608,77.781],[-95.506,77.811],[-96.235,77.706],[-95.988,77.479],[-93.478,77.488],[-93.252,77.644]]],[[[-102.449,77.74],[-101.791,77.679],[-100.958,77.76],[-101.645,77.89],[-102.398,77.889],[-102.449,77.74]]],[[[-110.004,78.687],[-110.004,78.329],[-109.339,78.355],[-109.347,78.535],[-110.004,78.687]]],[[[-96.91,77.795],[-96.632,77.877],[-95.061,77.973],[-94.889,78.109],[-95.37,78.247],[-94.828,78.364],[-95.7,78.526],[-96.274,78.535],[-96.543,78.686],[-97.451,78.797],[-98.356,78.774],[-98.36,78.452],[-97.767,78.247],[-96.869,78.137],[-97.742,78.042],[-96.993,77.925],[-96.91,77.795]]],[[[-105.607,79.104],[-104.953,79.054],[-103.384,78.775],[-103.497,78.507],[-104.641,78.583],[-104.82,78.362],[-103.947,78.243],[-102.744,78.381],[-101.036,78.199],[-100.61,77.864],[-99.939,77.783],[-99.017,77.894],[-99.045,78.082],[-99.803,78.308],[-99.558,78.599],[-101.648,79.081],[-102.607,79.076],[-103.121,79.291],[-103.722,79.363],[-105.449,79.269],[-105.607,79.104]]],[[[-100.152,79.998],[-99.3,79.759],[-98.651,79.792],[-98.874,80.084],[-99.779,80.151],[-100.152,79.998]]],[[[-96.623,80.044],[-96.543,79.848],[-95.611,79.559],[-95.646,79.394],[-94.961,79.292],[-94.388,79.371],[-92.58,79.385],[-92.627,79.245],[-93.433,79.156],[-94.272,78.968],[-92.953,78.437],[-92.116,78.227],[-90.884,78.145],[-89.713,78.226],[-88.77,78.186],[-88.551,78.433],[-88.042,78.479],[-87.859,78.693],[-86.615,78.974],[-86.504,79.069],[-85.51,79.166],[-84.919,79.296],[-85.564,79.58],[-86.309,79.648],[-87.189,79.628],[-86.971,79.882],[-87.576,80.18],[-87.701,80.413],[-89.325,80.537],[-90.639,80.569],[-92.237,81.256],[-93.096,81.347],[-94.188,81.367],[-94.396,81.262],[-93.217,81.215],[-95.232,81.015],[-95.5,80.808],[-94.375,80.617],[-96.027,80.584],[-96.322,80.262],[-94.846,80.045],[-96.623,80.044]]],[[[-61.085,82.331],[-61.579,82.489],[-63.065,82.537],[-63.652,82.718],[-63.447,82.827],[-65.852,82.842],[-67.597,82.971],[-69.483,83.046],[-69.688,83.117],[-72.592,83.102],[-74.2,83.002],[-76.135,83.054],[-78.421,82.872],[-79.34,82.976],[-81.576,82.791],[-82.712,82.381],[-82.401,82.247],[-85.762,82.467],[-85.351,82.29],[-86.848,82.221],[-86.965,82.052],[-88.681,82.058],[-89.645,81.864],[-90.243,81.9],[-91.709,81.734],[-91.949,81.632],[-89.915,81.596],[-90.834,81.464],[-90.35,81.376],[-90.353,81.174],[-89.826,81.013],[-86.522,81.125],[-86.699,81.005],[-88.413,80.999],[-89.386,80.879],[-88.101,80.681],[-86.118,80.537],[-84.397,80.51],[-82.913,80.539],[-81.217,80.628],[-79.614,80.828],[-79.153,81.103],[-78.532,80.781],[-79.964,80.611],[-80.352,80.473],[-83.159,80.335],[-83.788,80.251],[-86.438,80.32],[-86.643,80.153],[-86.45,79.754],[-85.322,79.68],[-84.487,79.413],[-84.33,79.192],[-84.752,79.039],[-85.757,78.832],[-86.61,78.809],[-87.482,78.452],[-87.488,78.127],[-86.228,78.062],[-85.19,77.798],[-85.282,77.66],[-84.617,77.384],[-85.402,77.401],[-85.782,77.504],[-86.216,77.793],[-87.192,77.905],[-88.181,77.801],[-88.188,77.64],[-87.647,77.487],[-87.681,77.353],[-87.133,77.214],[-87.475,77.111],[-88.294,77.136],[-89.537,76.857],[-89.419,76.687],[-89.657,76.565],[-89.17,76.424],[-87.63,76.336],[-86.217,76.375],[-85.249,76.316],[-84.942,76.422],[-84.235,76.447],[-82.801,76.39],[-81.935,76.495],[-80.772,76.42],[-81.095,76.219],[-80.667,76.164],[-78.141,76.527],[-77.716,76.822],[-78.091,77.023],[-78.868,76.924],[-79.432,77.239],[-78.82,77.384],[-78.289,77.378],[-77.737,77.601],[-77.981,77.817],[-76.881,77.905],[-75.582,78.113],[-75.108,78.375],[-74.774,78.835],[-75.744,78.897],[-76.133,79.124],[-75.087,79.032],[-74.469,79.227],[-75.028,79.373],[-73.128,79.559],[-73.386,79.755],[-72.232,79.663],[-71.142,79.789],[-70.211,80.188],[-69.374,80.397],[-68.279,80.76],[-66.672,81.04],[-65.989,81.228],[-64.692,81.391],[-64.546,81.55],[-66.654,81.5],[-65.361,81.734],[-64.373,81.725],[-62.258,82.024],[-61.312,82.197],[-61.085,82.331]]],[[[-80.759,52.919],[-81.123,53.202],[-81.424,53.229],[-81.883,53.18],[-82.063,53.023],[-81.027,52.753],[-80.67,52.742],[-80.759,52.919]]],[[[-79.546,56.044],[-79.469,55.879],[-79.043,56.366],[-79.235,56.551],[-79.409,56.233],[-79.737,56.161],[-80.026,55.9],[-79.867,55.843],[-79.546,56.044]]]]},"properties":{"name":"Nunavut","admin":"Canada"}},
{"type":"Feature","geometry":{"type":"MultiPolygon","coordinates":[[[[-64.531,60.304],[-64.599,60.118],[-64.817,60.039],[-64.671,59.883],[-64.893,59.565],[-64.492,59.436],[-64.538,59.286],[-64.414,58.982],[-64.126,58.752],[-63.726,58.879],[-63.534,58.723],[-64.029,58.682],[-63.818,58.486],[-64.39,58.188],[-64.094,57.806],[-63.639,57.639],[-63.765,57.564],[-63.743,57.227],[-64.124,56.69],[-63.943,56.545],[-64.108,56.375],[-63.942,56.253],[-64.022,56.09],[-63.703,56.047],[-63.84,55.913],[-63.693,55.753],[-63.738,55.44],[-63.39,55.405],[-63.551,55.226],[-63.605,54.902],[-63.815,54.94],[-63.899,54.602],[-64.458,54.795],[-64.576,54.727],[-64.941,54.93],[-65.482,54.817],[-65.698,54.723],[-65.849,54.897],[-66.254,54.998],[-66.588,55.255],[-66.762,55.104],[-66.607,54.804],[-66.737,54.734],[-67.016,54.885],[-67.261,54.571],[-67.75,54.426],[-67.64,54.189],[-67.808,54.034],[-67.523,53.838],[-67.323,53.566],[-67.031,53.515],[-66.89,53.415],[-66.983,53.105],[-67.385,53.105],[-67.302,52.868],[-66.866,52.662],[-66.656,52.796],[-66.625,52.937],[-66.364,53.002],[-66.288,52.847],[-66.408,52.589],[-66.374,52.142],[-66.078,52.17],[-65.683,52.025],[-65.459,52.025],[-65.184,51.774],[-64.689,51.723],[-64.53,51.592],[-64.279,51.74],[-64.362,51.967],[-64.155,52.132],[-64.128,52.387],[-64.19,52.572],[-64.107,52.72],[-63.605,52.786],[-63.379,52.651],[-63.813,52.62],[-64.081,52.473],[-63.773,52.335],[-63.67,52.036],[-62.794,52],[-60.461,52],[-59.299,52],[-57.101,52],[-57.1,51.419],[-56.967,51.425],[-56.338,51.782],[-55.934,51.925],[-55.685,52.112],[-55.82,52.308],[-55.648,52.443],[-56,52.515],[-55.933,52.638],[-56.059,52.766],[-55.812,52.83],[-55.956,53.022],[-55.747,53.146],[-55.812,53.33],[-56.035,53.434],[-56.036,53.58],[-56.633,53.66],[-56.631,53.742],[-57.153,53.74],[-57.357,54.139],[-58.012,54.24],[-58.229,54.236],[-58.22,54.064],[-58.853,53.942],[-59.071,53.796],[-59.077,53.687],[-59.368,53.652],[-59.511,53.555],[-60.042,53.48],[-60.108,53.758],[-59.791,53.848],[-59.532,53.822],[-58.975,53.972],[-58.186,54.359],[-57.678,54.377],[-57.391,54.502],[-57.45,54.649],[-57.668,54.633],[-57.847,54.739],[-58.681,54.819],[-59.026,55.02],[-59.008,55.154],[-59.252,55.216],[-59.43,55.142],[-59.862,55.141],[-59.939,55.235],[-60.287,55.233],[-60.419,55.428],[-60.355,55.575],[-60.782,55.86],[-61.345,55.969],[-61.373,56.229],[-61.547,56.2],[-61.83,56.377],[-61.757,56.486],[-61.869,56.637],[-61.809,56.789],[-61.382,57.121],[-61.865,57.171],[-61.817,57.377],[-62.289,57.524],[-61.89,57.625],[-62.305,58.031],[-62.661,58.176],[-62.579,58.504],[-63.01,58.429],[-63.176,58.503],[-62.847,58.669],[-62.927,58.823],[-63.442,59.121],[-63.532,59.348],[-63.728,59.509],[-64.148,59.683],[-64.126,59.907],[-64.221,60.047],[-64.452,60.066],[-64.531,60.304]]],[[[-52.629,47.527],[-52.704,47.756],[-53.114,47.431],[-53.244,47.593],[-53.054,47.933],[-53.276,48.016],[-53.605,47.539],[-53.847,47.707],[-53.622,48.005],[-53.639,48.169],[-53.058,48.436],[-52.983,48.604],[-53.414,48.624],[-53.521,48.462],[-53.774,48.551],[-53.704,48.661],[-53.878,48.748],[-53.924,48.918],[-53.609,49.044],[-53.454,49.242],[-53.679,49.367],[-54.041,49.481],[-54.743,49.32],[-55.223,49.265],[-55.156,49.549],[-55.582,49.472],[-55.939,49.61],[-55.723,49.931],[-56.149,50.156],[-56.725,49.69],[-56.802,49.802],[-56.739,50.027],[-56.523,50.196],[-56.428,50.376],[-55.873,50.917],[-55.719,51.184],[-56.018,51.218],[-55.967,51.347],[-55.617,51.304],[-55.492,51.388],[-55.514,51.604],[-56.106,51.529],[-56.72,51.319],[-56.977,50.881],[-57.457,50.483],[-57.61,50.166],[-57.94,49.705],[-57.926,49.589],[-58.186,49.443],[-58.229,49.268],[-58.136,49.095],[-58.443,49.057],[-58.667,48.726],[-58.703,48.555],[-58.536,48.454],[-59.002,48.123],[-59.399,47.88],[-59.283,47.759],[-59.301,47.614],[-59.112,47.561],[-58.098,47.695],[-57.847,47.652],[-57.33,47.633],[-56.777,47.533],[-56.672,47.627],[-56.235,47.632],[-55.968,47.76],[-55.774,47.458],[-55.438,47.471],[-55.376,47.686],[-55.072,47.597],[-55.301,47.268],[-55.487,47.14],[-55.87,47.075],[-55.851,46.871],[-55.251,46.919],[-55.095,47.06],[-54.866,47.38],[-54.603,47.41],[-54.458,47.499],[-54.141,47.836],[-54.013,47.807],[-53.886,47.527],[-53.911,47.373],[-54.15,47.005],[-54.05,46.808],[-53.573,47.162],[-53.623,46.656],[-53.374,46.735],[-53.211,46.635],[-52.941,46.791],[-52.786,47.311],[-52.629,47.527]]]]},"properties":{"name":"Newfoundland and Labrador","admin":"Canada"}},
{"type":"Feature","geometry":{"type":"MultiPolygon","coordinates":[[[[-64.043,45.992],[-64.273,45.836],[-64.649,45.559],[-64.833,45.484],[-64.388,45.367],[-64.066,45.413],[-63.825,45.28],[-64.115,45.216],[-64.223,45.108],[-64.511,45.229],[-64.863,45.14],[-65.786,44.696],[-65.848,44.557],[-66.114,44.343],[-66.21,44.106],[-66.122,43.744],[-65.772,43.669],[-65.668,43.5],[-65.463,43.528],[-65.25,43.673],[-65.034,43.712],[-64.816,43.954],[-64.561,44.08],[-64.34,44.333],[-64.354,44.456],[-63.943,44.621],[-63.929,44.511],[-63.716,44.456],[-63.523,44.518],[-63.588,44.664],[-63.281,44.643],[-63.024,44.697],[-62.552,44.868],[-61.64,45.087],[-61.332,45.231],[-61.071,45.224],[-61.471,45.683],[-61.62,45.614],[-61.894,45.704],[-61.924,45.889],[-62.47,45.614],[-62.739,45.763],[-63.19,45.736],[-63.806,45.889],[-64.043,45.992]]],[[[-60.081,45.792],[-59.862,45.936],[-59.882,46.177],[-60.351,46.312],[-60.621,46.101],[-60.73,45.714],[-60.982,45.821],[-60.701,46.088],[-60.427,46.284],[-60.509,46.368],[-60.35,46.616],[-60.311,46.854],[-60.603,47.034],[-60.869,46.8],[-61.095,46.454],[-61.541,46.04],[-61.455,45.71],[-61.335,45.566],[-61.01,45.608],[-60.727,45.566],[-60.395,45.643],[-60.081,45.792]]]]},"properties":{"name":"Nova Scotia","admin":"Canada"}},
{"type":"Feature","geometry":{"type":"MultiPolygon","coordinates":[[[[-136.445,68.91],[-136.445,67.726],[-136.189,67.564],[-136.095,67.297],[-136.23,67.187],[-136.162,67.004],[-134.03,66.987],[-133.763,66.799],[-133.601,66.559],[-133.819,66.31],[-133.584,66.293],[-133.612,65.962],[-132.561,66.029],[-132.347,65.941],[-132.371,65.771],[-132.182,65.584],[-132.713,65.229],[-132.354,65.069],[-132.569,64.775],[-132.054,64.696],[-131.619,64.369],[-131.146,64.424],[-130.74,63.973],[-130.098,63.782],[-129.823,63.478],[-130.129,63.317],[-129.845,63.091],[-129.614,63.072],[-129.765,62.852],[-129.495,62.608],[-129.197,62.507],[-129.309,62.321],[-129.13,62.116],[-128.762,62.061],[-128.547,62.122],[-127.973,61.689],[-127.535,61.51],[-127.146,61.465],[-126.935,61.052],[-126.885,60.782],[-126.66,60.75],[-125.826,60.883],[-125.322,60.788],[-124.566,60.939],[-124.603,60.718],[-124.416,60.479],[-123.819,60],[-121.432,60],[-120,60],[-118.125,60],[-116.25,60],[-115,60],[-113.125,60],[-111.875,60],[-110,60],[-109,60],[-106.501,60],[-104.501,60],[-102.002,60],[-102.003,61.22],[-102.004,62.144],[-102.005,63.181],[-101.999,64.227],[-105.19,64.485],[-107.445,64.663],[-108.973,64.778],[-109.58,64.933],[-110.706,65.501],[-112.504,65.501],[-114.414,66.086],[-116.594,66.754],[-117.773,67.115],[-119.759,67.723],[-120.681,68.016],[-120.681,69.557],[-121.428,69.767],[-122.951,69.839],[-123.157,69.77],[-123.178,69.496],[-123.545,69.377],[-124.438,69.37],[-124.429,69.473],[-124.072,69.666],[-124.507,69.736],[-124.384,70.14],[-124.988,70.046],[-125.032,69.747],[-125.416,69.603],[-125.151,69.454],[-125.449,69.319],[-125.939,69.414],[-126.702,69.767],[-127.136,70.253],[-127.928,70.567],[-128.196,70.447],[-128.032,70.294],[-128.37,70.097],[-128.31,69.989],[-128.994,69.679],[-129.174,69.832],[-130.338,69.702],[-130.75,69.454],[-131.595,69.474],[-131.88,69.285],[-132.862,69.073],[-132.771,69.256],[-132.114,69.361],[-131.984,69.537],[-131.086,69.633],[-129.6,69.991],[-130.324,70.14],[-130.943,70.079],[-132.139,69.688],[-132.548,69.743],[-132.887,69.661],[-133.196,69.414],[-133.632,69.399],[-134.41,69.657],[-134.641,69.482],[-135.155,69.48],[-135.838,69.309],[-135.991,69.016],[-136.445,68.91]]],[[[-110.004,72.755],[-110.004,72.985],[-110.704,73.009],[-110.484,72.839],[-110.004,72.755]]],[[[-116.856,69.648],[-117.144,69.888],[-117.124,70.001],[-114.825,70],[-112.5,70],[-110,70],[-110.003,71.646],[-110.004,72.458],[-110.729,72.571],[-111.086,72.408],[-111.407,72.426],[-111.22,72.724],[-112.077,72.898],[-113.015,73.016],[-113.604,72.778],[-114.322,72.592],[-114.356,72.746],[-114.023,72.798],[-113.962,73.123],[-114.265,73.336],[-114.584,73.385],[-115.57,73.202],[-117.369,72.918],[-118.19,72.635],[-118.593,72.429],[-118.128,72.227],[-118.678,72.142],[-119.054,71.935],[-119.051,71.627],[-118.076,71.665],[-118.309,71.432],[-117.551,71.374],[-116.185,71.5],[-115.904,71.394],[-117.475,71.185],[-117.798,71.17],[-118.386,71.022],[-118.187,70.839],[-117.585,70.606],[-116.233,70.64],[-115.581,70.58],[-114.183,70.668],[-113.988,70.716],[-113.207,70.648],[-112.926,70.565],[-112.144,70.494],[-111.809,70.352],[-112.586,70.2],[-114.185,70.316],[-116.033,70.22],[-116.965,70.129],[-117.442,69.989],[-117.252,69.764],[-116.856,69.648]]],[[[-115.324,73.509],[-116.867,74.088],[-117.416,74.232],[-118.066,74.281],[-118.725,74.221],[-119.662,74.225],[-120.157,74.279],[-121.581,74.556],[-122.623,74.463],[-123.304,74.449],[-124.756,74.349],[-124.145,73.851],[-123.774,73.766],[-124.068,73.54],[-124.445,73.419],[-124.86,73.09],[-124.49,72.925],[-125.038,72.832],[-124.946,72.703],[-125.752,72.148],[-125.79,71.949],[-125.232,71.941],[-124.065,71.7],[-123.624,71.462],[-123.436,71.249],[-123.1,71.085],[-122.156,71.261],[-121.701,71.468],[-121.423,71.38],[-120.635,71.491],[-120.383,71.701],[-120.434,71.964],[-120.197,72.217],[-119.773,72.23],[-119.34,72.347],[-119.164,72.63],[-117.215,73.066],[-116.459,73.261],[-115.754,73.357],[-115.324,73.509]]],[[[-117.785,75.896],[-118.621,75.922],[-119.409,75.602],[-118.614,75.504],[-117.932,75.74],[-117.785,75.896]]],[[[-110.004,76.226],[-110.004,76.486],[-110.397,76.397],[-110.004,76.226]]],[[[-110.004,74.853],[-110.004,75.545],[-111.274,75.527],[-111.361,75.715],[-111.856,75.954],[-112.365,76.034],[-112.432,76.171],[-112.994,76.273],[-113.963,76.191],[-114.206,76.471],[-115.512,76.456],[-115.875,76.364],[-115.841,76.185],[-116.526,76.16],[-116.708,75.9],[-117.675,75.293],[-117.51,75.201],[-115.715,74.97],[-115.406,75.103],[-114.958,74.971],[-114.441,75.068],[-114.046,75.366],[-113.784,75.34],[-113.887,75.058],[-111.028,75.177],[-111.555,75.013],[-112.798,74.985],[-114.44,74.684],[-113.693,74.444],[-112.437,74.414],[-111.001,74.616],[-110.004,74.853]]],[[[-114.837,76.76],[-113.831,76.726],[-113.846,76.899],[-114.435,76.882],[-114.837,76.76]]],[[[-119.317,76.2],[-118.007,76.402],[-117.352,76.26],[-116.934,76.356],[-117.075,76.526],[-116.325,76.582],[-115.893,76.698],[-115.831,76.973],[-116.247,77.196],[-115.404,77.318],[-116.407,77.562],[-116.914,77.474],[-117.231,77.286],[-117.852,77.39],[-118.821,77.361],[-120.091,77.006],[-120.368,76.815],[-121.204,76.678],[-121.554,76.437],[-122.381,76.409],[-122.862,76.182],[-121.437,75.944],[-120.717,76.027],[-120.489,75.847],[-119.863,75.859],[-119.317,76.2]]],[[[-113.686,77.867],[-114.115,78],[-115.118,77.96],[-114.301,77.713],[-113.686,77.867]]],[[[-110.004,77.931],[-110.004,78.099],[-110.712,78.104],[-112.271,78.015],[-113.241,77.905],[-113.2,77.528],[-112.109,77.326],[-110.235,77.504],[-110.004,77.931]]],[[[-110.004,78.329],[-110.004,78.687],[-110.427,78.766],[-113.214,78.407],[-113.062,78.274],[-112.176,78.377],[-111.778,78.27],[-110.004,78.329]]]]},"properties":{"name":"Northwest Territories","admin":"Canada"}},
{"type":"Feature","geometry":{"type":"Polygon","coordinates":[[[-62.004,46.464],[-62.517,46.476],[-63.195,46.431],[-63.834,46.612],[-64.231,46.903],[-64.417,46.683],[-64.108,46.544],[-63.628,46.224],[-63.233,46.145],[-62.997,46.179],[-62.777,45.964],[-62.545,45.972],[-62.576,46.239],[-62.004,46.464]]]},"properties":{"name":"Prince Edward Island","admin":"Canada"}},
{"type":"Feature","geometry":{"type":"Polygon","coordinates":[[[-89.664,22.371],[-89.61,22.461],[-89.655,22.472],[-89.698,22.418],[-89.664,22.371]]]},"properties":{"name":"","admin":"Mexico"}},
{"type":"Feature","geometry":{"type":"Polygon","coordinates":[[[-98.641,19.462],[-98.659,19.586],[-98.605,19.741],[-99.018,20.042],[-99.202,19.979],[-99.387,19.756],[-99.549,20.158],[-99.717,20.184],[-99.844,20.309],[-100.123,19.938],[-100.215,19.565],[-100.159,19.42],[-100.624,18.871],[-100.455,18.844],[-100.433,18.647],[-100.275,18.392],[-100.071,18.61],[-99.747,18.692],[-99.66,18.764],[-99.495,18.674],[-99.472,18.8],[-99.308,18.935],[-99.285,19.142],[-99.333,19.298],[-99.124,19.571],[-98.959,19.261],[-98.964,19.089],[-98.815,18.974],[-98.646,19.024],[-98.641,19.462]]]},"properties":{"name":"México","admin":"Mexico"}},
{"type":"Feature","geometry":{"type":"Polygon","coordinates":[[[-98.646,19.024],[-98.658,18.891],[-98.807,18.495],[-99.05,18.35],[-99.031,18.253],[-98.788,18.034],[-98.348,17.892],[-98.173,18.017],[-97.925,18.036],[-97.725,18.302],[-97.64,18.171],[-97.427,17.99],[-97.314,18.145],[-97.026,18.122],[-96.79,18.284],[-96.728,18.41],[-96.8,18.551],[-96.987,18.514],[-97.136,18.65],[-97.31,18.685],[-97.331,18.81],[-97.227,18.913],[-97.264,19.16],[-97.109,19.179],[-97.392,19.576],[-97.31,19.89],[-97.153,20.146],[-97.403,20.26],[-97.543,20.137],[-97.774,20.273],[-97.77,20.439],[-97.559,20.504],[-97.779,20.814],[-97.896,20.806],[-98,20.484],[-98.159,20.33],[-98.101,20.086],[-98.245,19.871],[-98.143,19.673],[-97.941,19.58],[-97.828,19.311],[-97.929,19.158],[-98.05,19.209],[-98.193,19.106],[-98.352,19.241],[-98.466,19.438],[-98.641,19.462],[-98.646,19.024]]]},"properties":{"name":"Puebla","admin":"Mexico"}},
{"type":"Feature","geometry":{"type":"Polygon","coordinates":[[[-98.646,19.024],[-98.815,18.974],[-98.964,19.089],[-99.043,19.058],[-99.285,19.142],[-99.308,18.935],[-99.472,18.8],[-99.495,18.674],[-99.331,18.453],[-99.142,18.497],[-99.05,18.35],[-98.807,18.495],[-98.658,18.891],[-98.646,19.024]]]},"properties":{"name":"Morelos","admin":"Mexico"}},
{"type":"Feature","geometry":{"type":"Polygon","coordinates":[[[-99.043,21.268],[-99.198,21.623],[-99.381,21.433],[-99.57,21.392],[-99.72,21.515],[-99.791,21.419],[-99.827,21.158],[-100.052,21.158],[-100.106,20.917],[-100.183,20.879],[-100.474,20.951],[-100.565,20.74],[-100.485,20.436],[-100.286,20.213],[-100.123,19.938],[-99.844,20.309],[-99.82,20.512],[-99.49,20.661],[-99.364,21.111],[-99.042,21.176],[-99.043,21.268]]]},"properties":{"name":"Querétaro","admin":"Mexico"}},
{"type":"Feature","geometry":{"type":"Polygon","coordinates":[[[-99.043,21.268],[-99.042,21.176],[-99.364,21.111],[-99.49,20.661],[-99.82,20.512],[-99.844,20.309],[-99.717,20.184],[-99.549,20.158],[-99.387,19.756],[-99.202,19.979],[-99.018,20.042],[-98.605,19.741],[-98.659,19.586],[-98.573,19.634],[-98.331,19.607],[-98.143,19.673],[-98.245,19.871],[-98.101,20.086],[-98.159,20.33],[-98,20.484],[-98.111,20.688],[-98.336,20.435],[-98.501,20.362],[-98.569,20.472],[-98.437,20.677],[-98.393,20.877],[-98.232,20.938],[-98.13,21.072],[-98.41,21.178],[-98.515,21.399],[-98.592,21.212],[-98.824,21.177],[-99.043,21.268]]]},"properties":{"name":"Hidalgo","admin":"Mexico"}},
{"type":"Feature","geometry":{"type":"Polygon","coordinates":[[[-99.791,21.419],[-100.404,21.678],[-100.499,21.514],[-100.627,21.492],[-100.961,21.75],[-101.26,21.772],[-101.326,21.873],[-101.521,21.841],[-101.538,21.637],[-101.637,21.517],[-101.573,21.348],[-101.855,21.148],[-102.046,20.872],[-102.085,20.729],[-101.981,20.555],[-102.1,20.387],[-101.949,20.366],[-101.905,20.203],[-101.69,20.201],[-101.608,20.32],[-101.383,20.287],[-101.42,20.054],[-101.194,20.035],[-101.017,19.951],[-100.727,19.937],[-100.396,19.964],[-100.286,20.213],[-100.485,20.436],[-100.565,20.74],[-100.474,20.951],[-100.183,20.879],[-100.106,20.917],[-100.052,21.158],[-99.827,21.158],[-99.791,21.419]]]},"properties":{"name":"Guanajuato","admin":"Mexico"}},
{"type":"Feature","geometry":{"type":"Polygon","coordinates":[[[-100.828,24.565],[-100.994,24.371],[-101.245,23.993],[-101.828,23.581],[-102.073,23.355],[-102.19,23.404],[-102.253,23.189],[-102.251,22.984],[-102.117,22.757],[-101.953,22.648],[-101.833,22.482],[-101.63,22.498],[-101.512,22.609],[-101.352,22.59],[-101.379,22.361],[-101.322,22.102],[-101.521,21.841],[-101.326,21.873],[-101.26,21.772],[-100.961,21.75],[-100.627,21.492],[-100.499,21.514],[-100.404,21.678],[-99.791,21.419],[-99.72,21.515],[-99.57,21.392],[-99.381,21.433],[-99.198,21.623],[-99.043,21.268],[-98.824,21.177],[-98.592,21.212],[-98.515,21.399],[-98.642,21.609],[-98.489,21.753],[-98.374,22.265],[-98.616,22.419],[-98.939,22.372],[-99.248,22.459],[-99.379,22.683],[-99.554,22.621],[-99.987,22.777],[-99.916,22.957],[-100.057,23.241],[-100.439,23.229],[-100.488,23.821],[-100.58,23.931],[-100.61,24.283],[-100.828,24.565]]]},"properties":{"name":"San Luis Potosí","admin":"Mexico"}},
{"type":"Feature","geometry":{"type":"Polygon","coordinates":[[[-100.828,24.565],[-101.097,24.641],[-101.197,24.797],[-101.462,24.749],[-101.591,24.882],[-101.768,24.938],[-101.861,25.076],[-102.173,25.163],[-102.582,25.125],[-102.668,25.079],[-102.492,24.824],[-102.49,24.474],[-102.801,24.41],[-103.247,24.491],[-103.516,24.341],[-103.67,24.162],[-103.836,24.085],[-103.851,23.851],[-103.941,23.567],[-104.109,23.435],[-104.189,23.118],[-104.209,22.644],[-104.311,22.319],[-104.33,22.264],[-103.948,22.379],[-103.983,22.772],[-103.779,22.735],[-103.851,22.569],[-103.608,22.524],[-103.683,22.322],[-103.678,22.137],[-103.489,22.135],[-103.359,22.349],[-103.373,22.517],[-103.046,22.252],[-103.156,21.998],[-103.289,21.985],[-103.527,21.817],[-103.519,21.6],[-103.666,21.488],[-103.747,21.297],[-103.591,21.193],[-103.232,21.079],[-103.048,21.074],[-103.056,21.266],[-102.915,21.282],[-102.686,21.401],[-102.641,21.568],[-102.776,21.608],[-102.76,21.749],[-102.842,21.933],[-102.648,22.213],[-102.345,22.397],[-101.988,22.25],[-101.98,22.123],[-101.845,22.017],[-101.521,21.841],[-101.322,22.102],[-101.379,22.361],[-101.352,22.59],[-101.512,22.609],[-101.63,22.498],[-101.833,22.482],[-101.953,22.648],[-102.117,22.757],[-102.251,22.984],[-102.253,23.189],[-102.19,23.404],[-102.073,23.355],[-101.828,23.581],[-101.245,23.993],[-100.994,24.371],[-100.828,24.565]]]},"properties":{"name":"Zacatecas","admin":"Mexico"}},
{"type":"Feature","geometry":{"type":"Polygon","coordinates":[[[-101.845,22.017],[-101.98,22.123],[-101.988,22.25],[-102.345,22.397],[-102.648,22.213],[-102.842,21.933],[-102.76,21.749],[-102.231,21.678],[-101.845,22.017]]]},"properties":{"name":"Aguascalientes","admin":"Mexico"}},
{"type":"Feature","geometry":{"type":"Polygon","coordinates":[[[-106.937,25.642],[-107.096,25.42],[-107.126,25.19],[-107.036,24.92],[-106.756,24.704],[-106.596,24.368],[-106.405,24.29],[-106.196,24.39],[-106.053,24.283],[-105.948,24.073],[-105.897,23.714],[-105.715,23.464],[-105.688,23.297],[-105.389,23.033],[-105.131,23.017],[-104.945,22.916],[-104.889,22.79],[-104.668,22.626],[-104.587,22.46],[-104.335,22.475],[-104.311,22.319],[-104.209,22.644],[-104.189,23.118],[-104.109,23.435],[-103.941,23.567],[-103.851,23.851],[-103.836,24.085],[-103.67,24.162],[-103.516,24.341],[-103.247,24.491],[-102.801,24.41],[-102.49,24.474],[-102.492,24.824],[-102.668,25.079],[-102.816,24.904],[-102.843,24.728],[-103.251,24.923],[-103.275,25.072],[-103.509,25.298],[-103.425,25.427],[-103.488,25.541],[-103.32,25.699],[-103.345,26.124],[-103.281,26.262],[-103.326,26.409],[-103.627,26.644],[-103.942,26.76],[-104.235,26.723],[-104.52,26.372],[-104.598,26.351],[-104.833,26.487],[-105.117,26.552],[-105.327,26.459],[-105.556,26.573],[-105.68,26.699],[-105.808,26.693],[-106.028,26.839],[-106.225,26.56],[-106.227,26.429],[-106.402,26.381],[-106.378,26.132],[-106.525,25.993],[-106.544,25.78],[-106.721,25.633],[-106.937,25.642]]]},"properties":{"name":"Durango","admin":"Mexico"}},
{"type":"Feature","geometry":{"type":"Polygon","coordinates":[[[-98.143,19.673],[-98.331,19.607],[-98.573,19.634],[-98.659,19.586],[-98.641,19.462],[-98.466,19.438],[-98.352,19.241],[-98.193,19.106],[-98.05,19.209],[-97.929,19.158],[-97.828,19.311],[-97.941,19.58],[-98.143,19.673]]]},"properties":{"name":"Tlaxcala","admin":"Mexico"}},
{"type":"Feature","geometry":{"type":"Polygon","coordinates":[[[-98.964,19.089],[-98.959,19.261],[-99.124,19.571],[-99.333,19.298],[-99.285,19.142],[-99.043,19.058],[-98.964,19.089]]]},"properties":{"name":"Distrito Federal","admin":"Mexico"}}
]}