{"type":"FeatureCollection", "features": [
{"type":"Feature","geometry":{"type":"Polygon","coordinates":[[[-114.0519,36.8433],[-114.0483,36.1938],[-114.1524,36.0237],[-114.3714,36.1431],[-114.7554,36.0907],[-114.6657,35.4499],[-114.5724,35.1389],[-114.6334,35.0015],[-114.339,34.4517],[-114.138,34.303],[-113.5853,34.2429],[-113.334,34.3176],[-113.334,35.5281],[-113.352,36.0504],[-112.6234,36.4069],[-112.6557,36.5572],[-112.5372,37.0005],[-112.8997,37.0005],[-114.0519,37.0005],[-114.0519,36.8433]]]},"properties":{"fips":"04015","name":"Mohave","state":"Arizona"}},
{"type":"Feature","geometry":{"type":"Polygon","coordinates":[[[-90.5672,31],[-90.5672,30.6503],[-90.4846,30.2766],[-90.1616,30.2345],[-90.2441,30.3617],[-90.2549,30.7122],[-90.3482,31],[-90.5492,31],[-90.5672,31]]]},"properties":{"fips":"22105","name":"Tangipahoa","state":"Louisiana"}},
{"type":"Feature","geometry":{"type":"Polygon","coordinates":[[[-114.5939,43.1986],[-114.5939,42.8507],[-113.9335,42.7648],[-113.7145,42.8498],[-113.7145,43.1995],[-114.3749,43.1995],[-114.5939,43.1986]]]},"properties":{"fips":"16063","name":"Lincoln","state":"Idaho"}},
{"type":"Feature","geometry":{"type":"Polygon","coordinates":[[[-97.1463,48.1734],[-96.8915,47.6717],[-96.852,47.4991],[-96.066,47.4991],[-95.5527,47.4999],[-95.5814,47.9337],[-95.7106,47.9355],[-95.8362,47.7611],[-96.3531,47.7602],[-96.4823,47.9638],[-96.5003,48.1743],[-97.1463,48.1734]]]},"properties":{"fips":"27119","name":"Polk","state":"Minnesota"}},
{"type":"Feature","geometry":{"type":"Polygon","coordinates":[[[-97.7063,47.2396],[-97.6811,46.6297],[-97.2791,46.6297],[-96.791,46.6331],[-96.8305,47.1503],[-96.8341,47.2379],[-97.4514,47.2388],[-97.7063,47.2396]]]},"properties":{"fips":"38017","name":"Cass","state":"North Dakota"}},
{"type":"Feature","geometry":{"type":"Polygon","coordinates":[[[-104.0557,44.5714],[-104.0557,44.1805],[-104.0557,44.141],[-103.4527,44.141],[-103.5748,44.2561],[-103.5676,44.604],[-104.0557,44.5714]]]},"properties":{"fips":"46081","name":"Lawrence","state":"South Dakota"}},
{"type":"Feature","geometry":{"type":"Polygon","coordinates":[[[-74.6486,42.8292],[-74.7132,42.5182],[-74.444,42.355],[-74.2538,42.4083],[-74.182,42.7296],[-74.2646,42.7966],[-74.6486,42.8292]]]},"properties":{"fips":"36095","name":"Schoharie","state":"New York"}},
{"type":"Feature","geometry":{"type":"Polygon","coordinates":[[[-132.5511,56.7142],[-132.3394,56.3414],[-132.7198,56.2176],[-132.4506,55.9565],[-132.1599,55.9221],[-132.1994,55.6335],[-131.8333,56.0544],[-131.0939,56.2048],[-131.0867,56.4075],[-131.582,56.6137],[-131.8369,56.6016],[-131.8727,56.8052],[-132.1204,56.8912],[-132.5511,56.7142]]]},"properties":{"fips":"02275","name":"Wrangell","state":"Alaska"}},
{"type":"Feature","geometry":{"type":"Polygon","coordinates":[[[-85.3878,33.9019],[-85.3376,33.6527],[-85.0396,33.8117],[-85.0504,33.9044],[-85.3878,33.9019]]]},"properties":{"fips":"13143","name":"Haralson","state":"Georgia"}},
{"type":"Feature","geometry":{"type":"Polygon","coordinates":[[[-83.4962,32.4526],[-83.4962,32.4019],[-83.3455,32.2722],[-83.1373,32.4234],[-83.227,32.5841],[-83.4962,32.4526]]]},"properties":{"fips":"13023","name":"Bleckley","state":"Georgia"}},
{"type":"Feature","geometry":{"type":"Polygon","coordinates":[[[-86.6835,38.905],[-86.6835,38.6868],[-86.3103,38.6877],[-86.2744,38.7641],[-86.3174,38.9909],[-86.6835,38.9926],[-86.6835,38.905]]]},"properties":{"fips":"18093","name":"Lawrence","state":"Indiana"}},
{"type":"Feature","geometry":{"type":"Polygon","coordinates":[[[-85.6857,39.131],[-85.8006,39.0682],[-85.797,38.8071],[-85.6821,38.8157],[-85.4452,38.9127],[-85.4416,39.1954],[-85.6857,39.131]]]},"properties":{"fips":"18079","name":"Jennings","state":"Indiana"}},
{"type":"Feature","geometry":{"type":"Polygon","coordinates":[[[-83.1194,43.3275],[-83.4604,43.2235],[-83.4532,42.8807],[-83.1014,42.8885],[-82.983,42.8936],[-82.9973,43.1539],[-83.1194,43.3275]]]},"properties":{"fips":"26087","name":"Lapeer","state":"Michigan"}},
{"type":"Feature","geometry":{"type":"Polygon","coordinates":[[[-89.1386,34.0745],[-89.1925,33.7386],[-89.0345,33.7395],[-88.7187,33.8117],[-88.7187,34.0745],[-88.8228,34.0745],[-89.1386,34.0745]]]},"properties":{"fips":"28017","name":"Chickasaw","state":"Mississippi"}},
{"type":"Feature","geometry":{"type":"Polygon","coordinates":[[[-83.1122,40.9934],[-83.1122,40.703],[-82.8574,40.7047],[-82.7281,40.7116],[-82.7245,40.996],[-82.8286,40.9968],[-83.1122,40.9934]]]},"properties":{"fips":"39033","name":"Crawford","state":"Ohio"}},
{"type":"Feature","geometry":{"type":"Polygon","coordinates":[[[-97.1284,43.848],[-97.1284,43.4993],[-96.9238,43.5001],[-96.5972,43.5001],[-96.4536,43.5001],[-96.4536,43.8498],[-96.8879,43.848],[-97.1284,43.848]]]},"properties":{"fips":"46099","name":"Minnehaha","state":"South Dakota"}},
{"type":"Feature","geometry":{"type":"Polygon","coordinates":[[[-97.1284,43.4993],[-97.4012,43.5001],[-97.3976,43.1694],[-97.1607,43.0835],[-96.9238,43.0835],[-96.9238,43.5001],[-97.1284,43.4993]]]},"properties":{"fips":"46125","name":"Turner","state":"South Dakota"}},
{"type":"Feature","geometry":{"type":"Polygon","coordinates":[[[-95.6173,30.9304],[-95.8614,30.8642],[-95.8291,30.6306],[-95.5993,30.5094],[-95.3589,30.5043],[-95.3266,30.8599],[-95.4342,31.0584],[-95.6173,30.9304]]]},"properties":{"fips":"48471","name":"Walker","state":"Texas"}},
{"type":"Feature","geometry":{"type":"Polygon","coordinates":[[[-66.4507,17.9835],[-66.3394,17.9766],[-66.3322,18.0161],[-66.4256,18.0428],[-66.4507,17.9835]]]},"properties":{"fips":"72133","name":"Santa Isabel","state":"Puerto Rico"}},
{"type":"Feature","geometry":{"type":"Polygon","coordinates":[[[-98.8082,43.9348],[-98.7938,43.4993],[-98.7041,43.4993],[-98.32,43.4984],[-98.3236,43.8515],[-98.3308,43.9374],[-98.8082,43.9348]]]},"properties":{"fips":"46003","name":"Aurora","state":"South Dakota"}},
{"type":"Feature","geometry":{"type":"Polygon","coordinates":[[[-98.5246,27.2648],[-98.4169,27.0551],[-98.4241,26.7837],[-98.32,26.7828],[-97.9862,26.7811],[-97.9862,27.2089],[-98.058,27.2613],[-98.2339,27.2622],[-98.5246,27.2648]]]},"properties":{"fips":"48047","name":"Brooks","state":"Texas"}},
{"type":"Feature","geometry":{"type":"Polygon","coordinates":[[[-66.1169,18.2103],[-66.0953,18.169],[-66.0523,18.1132],[-65.9984,18.2068],[-66.02,18.3048],[-66.0415,18.3125],[-66.0666,18.303],[-66.1169,18.2103]]]},"properties":{"fips":"72025","name":"Caguas","state":"Puerto Rico"}},
{"type":"Feature","geometry":{"type":"Polygon","coordinates":[[[-66.16,18.4534],[-66.1707,18.431],[-66.1312,18.425],[-66.1097,18.4388],[-66.1277,18.4723],[-66.16,18.4534]]]},"properties":{"fips":"72033","name":"Cataño","state":"Puerto Rico"}},
{"type":"Feature","geometry":{"type":"Polygon","coordinates":[[[-66.4615,18.3718],[-66.4543,18.2575],[-66.3789,18.2936],[-66.3645,18.3331],[-66.3753,18.3443],[-66.4435,18.3709],[-66.4615,18.3718]]]},"properties":{"fips":"72101","name":"Morovis","state":"Puerto Rico"}},
{"type":"Feature","geometry":{"type":"Polygon","coordinates":[[[-102.0529,40.4402],[-102.0529,40.3491],[-101.3422,40.3508],[-101.3458,40.6979],[-102.0529,40.6979],[-102.0529,40.4402]]]},"properties":{"fips":"31029","name":"Chase","state":"Nebraska"}},
{"type":"Feature","geometry":{"type":"Polygon","coordinates":[[[-66.5871,18.3898],[-66.5907,18.3383],[-66.5332,18.3512],[-66.544,18.4053],[-66.5871,18.3898]]]},"properties":{"fips":"72054","name":"Florida","state":"Puerto Rico"}},
{"type":"Feature","geometry":{"type":"Polygon","coordinates":[[[-106.6795,37.4034],[-106.6795,37.229],[-106.4749,36.9936],[-106.0047,36.9953],[-105.7176,36.9962],[-105.7427,37.357],[-106.0406,37.4008],[-106.6795,37.4034]]]},"properties":{"fips":"08021","name":"Conejos","state":"Colorado"}},
{"type":"Feature","geometry":{"type":"Polygon","coordinates":[[[-78.342,39.7228],[-78.3348,39.6361],[-78.0226,39.6198],[-77.8252,39.4943],[-77.7211,39.3217],[-77.678,39.3242],[-77.4698,39.7203],[-78.0979,39.7228],[-78.342,39.7228]]]},"properties":{"fips":"24043","name":"Washington","state":"Maryland"}},
{"type":"Feature","geometry":{"type":"Polygon","coordinates":[[[-100.1793,40.0012],[-100.1793,39.5665],[-100.1613,39.5674],[-99.6265,39.5674],[-99.6265,40.002],[-100.1793,40.0012]]]},"properties":{"fips":"20137","name":"Norton","state":"Kansas"}},
{"type":"Feature","geometry":{"type":"Polygon","coordinates":[[[-88.4602,40.6171],[-88.4602,40.3989],[-87.9326,40.3998],[-87.9362,40.4857],[-88.1193,40.4883],[-88.1336,40.9977],[-88.2485,40.9943],[-88.2341,40.618],[-88.4602,40.6171]]]},"properties":{"fips":"17053","name":"Ford","state":"Illinois"}},
{"type":"Feature","geometry":{"type":"Polygon","coordinates":[[[-103.0435,35.1836],[-103.0435,34.9542],[-103.0435,34.7472],[-102.5267,34.7472],[-102.1678,34.7472],[-102.1678,35.1836],[-103.0435,35.1836]]]},"properties":{"fips":"48117","name":"Deaf Smith","state":"Texas"}},
{"type":"Feature","geometry":{"type":"Polygon","coordinates":[[[-84.4295,32.1339],[-84.4438,31.9673],[-84.3397,31.8736],[-83.9234,31.9097],[-83.9629,32.0308],[-84.0275,32.1708],[-84.1818,32.2301],[-84.4295,32.1666],[-84.4295,32.1339]]]},"properties":{"fips":"13261","name":"Sumter","state":"Georgia"}},
{"type":"Feature","geometry":{"type":"Polygon","coordinates":[[[-88.4243,45.7225],[-88.4279,45.3772],[-88.1228,45.0232],[-87.7639,44.9657],[-87.5916,45.0954],[-87.8501,45.3411],[-87.7747,45.598],[-87.8465,45.7225],[-88.0582,45.7809],[-88.4243,45.7225]]]},"properties":{"fips":"55075","name":"Marinette","state":"Wisconsin"}},
{"type":"Feature","geometry":{"type":"Polygon","coordinates":[[[-121.6433,36.894],[-121.3274,36.5546],[-120.9541,36.2754],[-120.6777,36.2677],[-120.6024,36.4885],[-120.9182,36.7402],[-121.2161,36.961],[-121.5822,36.8991],[-121.6433,36.894]]]},"properties":{"fips":"06069","name":"San Benito","state":"California"}},
{"type":"Feature","geometry":{"type":"Polygon","coordinates":[[[-84.8638,33.1914],[-84.8602,32.8727],[-84.7022,32.8444],[-84.5084,32.8821],[-84.5264,32.9706],[-84.4977,33.1837],[-84.5012,33.2215],[-84.8638,33.1914]]]},"properties":{"fips":"13199","name":"Meriwether","state":"Georgia"}},
{"type":"Feature","geometry":{"type":"Polygon","coordinates":[[[-92.5556,42.6419],[-92.5556,42.556],[-92.5341,42.2966],[-92.2972,42.2974],[-92.0639,42.2974],[-92.0818,42.6419],[-92.5556,42.6419]]]},"properties":{"fips":"19013","name":"Black Hawk","state":"Iowa"}},
{"type":"Feature","geometry":{"type":"Polygon","coordinates":[[[-93.9698,43.2553],[-93.9698,42.9074],[-93.4996,42.9082],[-93.496,43.2553],[-93.9698,43.2553]]]},"properties":{"fips":"19081","name":"Hancock","state":"Iowa"}},
{"type":"Feature","geometry":{"type":"Polygon","coordinates":[[[-95.7106,47.9355],[-96.4823,47.9638],[-96.3531,47.7602],[-95.8362,47.7611],[-95.7106,47.9355]]]},"properties":{"fips":"27125","name":"Red Lake","state":"Minnesota"}},
{"type":"Feature","geometry":{"type":"Polygon","coordinates":[[[-98.2913,41.4805],[-98.2913,41.3937],[-98.2877,41.3937],[-98.277,41.264],[-97.7063,41.3095],[-97.7027,41.3946],[-97.8283,41.526],[-98.2913,41.4805]]]},"properties":{"fips":"31125","name":"Nance","state":"Nebraska"}},
{"type":"Feature","geometry":{"type":"Polygon","coordinates":[[[-76.5366,40.5553],[-76.6766,40.4745],[-76.5653,40.197],[-76.1525,40.3156],[-76.4397,40.496],[-76.5366,40.5553]]]},"properties":{"fips":"42075","name":"Lebanon","state":"Pennsylvania"}},
{"type":"Feature","geometry":{"type":"Polygon","coordinates":[[[-102.6164,33.8254],[-102.5949,33.3881],[-102.0744,33.3899],[-102.0852,33.8245],[-102.6164,33.8254]]]},"properties":{"fips":"48219","name":"Hockley","state":"Texas"}},
{"type":"Feature","geometry":{"type":"Polygon","coordinates":[[[-99.6122,32.9569],[-99.6122,32.5145],[-99.1133,32.5145],[-99.0953,32.5145],[-99.0953,32.9569],[-99.4722,32.9569],[-99.6122,32.9569]]]},"properties":{"fips":"48417","name":"Shackelford","state":"Texas"}},
{"type":"Feature","geometry":{"type":"Polygon","coordinates":[[[-101.2668,31.5566],[-101.2668,31.5283],[-100.6926,31.524],[-100.689,31.0867],[-100.1147,31.0876],[-100.1111,31.5807],[-100.2367,31.6932],[-100.8254,31.6958],[-100.8648,31.5626],[-101.2668,31.5566]]]},"properties":{"fips":"48451","name":"Tom Green","state":"Texas"}},
{"type":"Feature","geometry":{"type":"Polygon","coordinates":[[[-97.918,33.4337],[-97.9216,33.0016],[-97.5447,32.9938],[-97.3976,32.9913],[-97.3832,33.4302],[-97.4873,33.4337],[-97.918,33.4337]]]},"properties":{"fips":"48497","name":"Wise","state":"Texas"}},
{"type":"Feature","geometry":{"type":"Polygon","coordinates":[[[-96.8879,43.848],[-96.8879,44.196],[-97.1284,44.196],[-97.3689,44.1951],[-97.3689,43.8489],[-97.1284,43.848],[-96.8879,43.848]]]},"properties":{"fips":"46079","name":"Lake","state":"South Dakota"}},
{"type":"Feature","geometry":{"type":"Polygon","coordinates":[[[-99.6732,44.8978],[-99.6768,44.5482],[-99.6624,44.2174],[-99.5763,44.1925],[-99.2999,44.1951],[-99.3107,44.897],[-99.5727,44.897],[-99.6732,44.8978]]]},"properties":{"fips":"46069","name":"Hyde","state":"South Dakota"}},
{"type":"Feature","geometry":{"type":"Polygon","coordinates":[[[-100.5167,34.3142],[-100.5203,33.8357],[-100.0501,33.8357],[-99.9962,34.224],[-99.9962,34.3116],[-100.4162,34.3133],[-100.5167,34.3142]]]},"properties":{"fips":"48101","name":"Cottle","state":"Texas"}},
{"type":"Feature","geometry":{"type":"Polygon","coordinates":[[[-110.4518,31.731],[-111.1625,31.7259],[-111.1625,31.5214],[-111.3671,31.426],[-111.0764,31.3324],[-110.459,31.3324],[-110.4518,31.731]]]},"properties":{"fips":"04023","name":"Santa Cruz","state":"Arizona"}},
{"type":"Feature","geometry":{"type":"Polygon","coordinates":[[[-92.6418,41.1609],[-92.6382,40.8989],[-92.1787,40.8998],[-92.1787,41.1626],[-92.4085,41.1618],[-92.6418,41.1609]]]},"properties":{"fips":"19179","name":"Wapello","state":"Iowa"}},
{"type":"Feature","geometry":{"type":"Polygon","coordinates":[[[-91.3676,41.8602],[-91.3676,41.5982],[-90.901,41.5973],[-90.8974,41.7717],[-90.8974,41.9461],[-91.3676,41.9478],[-91.3676,41.8602]]]},"properties":{"fips":"19031","name":"Cedar","state":"Iowa"}},
{"type":"Feature","geometry":{"type":"Polygon","coordinates":[[[-107.9106,47.4509],[-107.9609,47.1271],[-107.8927,46.8513],[-106.0873,46.8462],[-106.0873,46.8599],[-106.0873,47.1812],[-106.2595,47.5291],[-106.2595,47.8684],[-106.4175,47.9578],[-106.6041,47.7851],[-106.8805,47.6777],[-107.4153,47.6915],[-107.6953,47.6296],[-107.9106,47.4509]]]},"properties":{"fips":"30033","name":"Garfield","state":"Montana"}},
{"type":"Feature","geometry":{"type":"Polygon","coordinates":[[[-94.0595,38.0365],[-94.0667,37.9008],[-93.6288,37.8295],[-93.575,37.8278],[-93.5032,38.0734],[-93.5247,38.2075],[-94.0488,38.2143],[-94.0595,38.0365]]]},"properties":{"fips":"29185","name":"St. Clair","state":"Missouri"}},
{"type":"Feature","geometry":{"type":"Polygon","coordinates":[[[-86.784,30.9974],[-86.7984,30.3866],[-86.3964,30.3788],[-86.3892,30.9939],[-86.6871,30.9948],[-86.784,30.9974]]]},"properties":{"fips":"12091","name":"Okaloosa","state":"Florida"}},
{"type":"Feature","geometry":{"type":"Polygon","coordinates":[[[-87.3368,36.6414],[-87.1143,36.6423],[-87.0604,36.6431],[-87.0532,37.0606],[-87.2578,37.0726],[-87.3368,36.6414]]]},"properties":{"fips":"21219","name":"Todd","state":"Kentucky"}},
{"type":"Feature","geometry":{"type":"Polygon","coordinates":[[[-67.8039,45.6804],[-67.7787,46.0043],[-67.7895,47.0678],[-68.2346,47.3547],[-68.9022,47.1786],[-69.2252,47.4595],[-69.9969,46.695],[-70.022,46.5738],[-69.7205,46.5738],[-68.8196,46.5721],[-68.8196,46.396],[-68.4356,46.3823],[-68.432,45.5782],[-68.0479,45.64],[-67.8039,45.6804]]]},"properties":{"fips":"23003","name":"Aroostook","state":"Maine"}},
{"type":"Feature","geometry":{"type":"Polygon","coordinates":[[[-78.342,39.7228],[-78.3815,39.7228],[-78.8086,39.7228],[-78.9271,39.7228],[-79.0671,39.4746],[-78.7799,39.6223],[-78.6579,39.5347],[-78.4676,39.5167],[-78.3348,39.6361],[-78.342,39.7228]]]},"properties":{"fips":"24001","name":"Allegany","state":"Maryland"}},
{"type":"Feature","geometry":{"type":"Polygon","coordinates":[[[-88.9161,32.5772],[-88.9125,32.2241],[-88.4315,32.2275],[-88.4208,32.3083],[-88.3885,32.578],[-88.9161,32.5772]]]},"properties":{"fips":"28075","name":"Lauderdale","state":"Mississippi"}},
{"type":"Feature","geometry":{"type":"Polygon","coordinates":[[[-99.0056,45.9399],[-98.7256,45.939],[-98.0078,45.9364],[-98.0078,46.2826],[-98.0329,46.2826],[-99.002,46.2826],[-99.0056,45.9399]]]},"properties":{"fips":"38021","name":"Dickey","state":"North Dakota"}},
{"type":"Feature","geometry":{"type":"Polygon","coordinates":[[[-94.763,45.3265],[-94.7594,44.8918],[-94.501,44.8927],[-94.2569,44.9794],[-94.2605,45.2835],[-94.763,45.3265]]]},"properties":{"fips":"27093","name":"Meeker","state":"Minnesota"}},
{"type":"Feature","geometry":{"type":"Polygon","coordinates":[[[-102.1103,43.3902],[-102.0816,42.9993],[-101.2274,42.9976],[-101.2274,43.3893],[-102.1103,43.3902]]]},"properties":{"fips":"46007","name":"Bennett","state":"South Dakota"}},
{"type":"Feature","geometry":{"type":"Polygon","coordinates":[[[-111.6399,40.7992],[-111.5538,40.6094],[-111.1518,40.5484],[-110.9005,40.6781],[-110.2939,40.8336],[-109.9996,40.8138],[-109.9996,40.9977],[-110.0498,40.9977],[-111.0477,40.9977],[-111.0477,41.252],[-111.2666,41.1437],[-111.5932,40.9934],[-111.6399,40.7992]]]},"properties":{"fips":"49043","name":"Summit","state":"Utah"}},
{"type":"Feature","geometry":{"type":"Polygon","coordinates":[[[-76.9637,43.013],[-76.9709,42.7639],[-76.8955,42.5414],[-76.6981,42.5466],[-76.6658,42.623],[-76.7125,43.0242],[-76.9637,43.013]]]},"properties":{"fips":"36099","name":"Seneca","state":"New York"}},
{"type":"Feature","geometry":{"type":"Polygon","coordinates":[[[-96.5218,38.0863],[-96.5254,37.607],[-95.9619,37.6035],[-95.9619,37.7341],[-95.9583,38.0399],[-95.9583,38.1705],[-96.3567,38.1722],[-96.5218,38.0863]]]},"properties":{"fips":"20073","name":"Greenwood","state":"Kansas"}},
{"type":"Feature","geometry":{"type":"Polygon","coordinates":[[[-100.689,38.6997],[-100.6854,38.2642],[-100.2439,38.2624],[-100.2475,38.698],[-100.689,38.6997]]]},"properties":{"fips":"20101","name":"Lane","state":"Kansas"}},
{"type":"Feature","geometry":{"type":"Polygon","coordinates":[[[-86.0411,43.4675],[-86.0375,43.2931],[-85.7898,43.2931],[-85.5637,43.294],[-85.5637,43.4683],[-85.5637,43.8154],[-86.0375,43.8154],[-86.0411,43.4675]]]},"properties":{"fips":"26123","name":"Newaygo","state":"Michigan"}},
{"type":"Feature","geometry":{"type":"Polygon","coordinates":[[[-98.277,40.6979],[-98.277,40.35],[-98.2734,40.35],[-97.8247,40.3508],[-97.8247,40.6987],[-98.277,40.6979]]]},"properties":{"fips":"31035","name":"Clay","state":"Nebraska"}},
{"type":"Feature","geometry":{"type":"Polygon","coordinates":[[[-78.4641,43.3713],[-78.4641,43.129],[-77.9974,43.1333],[-77.9939,43.3653],[-78.4641,43.3713]]]},"properties":{"fips":"36073","name":"Orleans","state":"New York"}},
{"type":"Feature","geometry":{"type":"Polygon","coordinates":[[[-98.2913,48.1949],[-98.5246,47.9148],[-98.5246,47.8461],[-98.4995,47.6726],[-97.9862,47.6726],[-97.8821,47.6726],[-97.9037,48.1949],[-98.2913,48.1949]]]},"properties":{"fips":"38063","name":"Nelson","state":"North Dakota"}},
{"type":"Feature","geometry":{"type":"Polygon","coordinates":[[[-98.6359,36.1646],[-98.6323,35.8124],[-98.6215,35.5512],[-98.3128,35.5512],[-98.2088,35.7248],[-98.2088,36.1646],[-98.6359,36.1646]]]},"properties":{"fips":"40011","name":"Blaine","state":"Oklahoma"}},
{"type":"Feature","geometry":{"type":"Polygon","coordinates":[[[-100.147,32.5231],[-100.1506,32.0824],[-99.7127,32.0824],[-99.6301,32.0815],[-99.6301,32.5145],[-100.147,32.5231]]]},"properties":{"fips":"48441","name":"Taylor","state":"Texas"}},
{"type":"Feature","geometry":{"type":"Polygon","coordinates":[[[-101.6222,35.1827],[-101.6294,34.748],[-101.4714,34.7472],[-101.091,34.748],[-101.0874,35.1819],[-101.6222,35.1827]]]},"properties":{"fips":"48011","name":"Armstrong","state":"Texas"}},
{"type":"Feature","geometry":{"type":"Polygon","coordinates":[[[-101.6222,36.0555],[-101.6222,35.6243],[-101.0874,35.6251],[-101.0874,36.0555],[-101.6222,36.0555]]]},"properties":{"fips":"48233","name":"Hutchinson","state":"Texas"}},
{"type":"Feature","geometry":{"type":"Polygon","coordinates":[[[-101.2668,31.5283],[-101.274,31.079],[-100.9617,31.0824],[-100.689,31.0867],[-100.6926,31.524],[-101.2668,31.5283]]]},"properties":{"fips":"48235","name":"Irion","state":"Texas"}},
{"type":"Feature","geometry":{"type":"Polygon","coordinates":[[[-89.598,44.2458],[-89.598,43.9821],[-89.1673,43.9829],[-88.8874,43.9829],[-88.8874,44.2424],[-89.2248,44.2432],[-89.598,44.2458]]]},"properties":{"fips":"55137","name":"Waushara","state":"Wisconsin"}},
{"type":"Feature","geometry":{"type":"Polygon","coordinates":[[[-84.7848,36.6036],[-84.731,36.5246],[-84.7022,36.3708],[-84.4402,36.1638],[-84.372,36.217],[-84.2608,36.5916],[-84.7776,36.6036],[-84.7848,36.6036]]]},"properties":{"fips":"47151","name":"Scott","state":"Tennessee"}},
{"type":"Feature","geometry":{"type":"Polygon","coordinates":[[[-91.5506,46.1572],[-91.5399,45.6375],[-90.6784,45.6383],[-90.6784,45.982],[-90.9261,45.9811],[-90.9261,46.1546],[-91.5506,46.1572]]]},"properties":{"fips":"55113","name":"Sawyer","state":"Wisconsin"}},
{"type":"Feature","geometry":{"type":"Polygon","coordinates":[[[-85.0899,43.8137],[-85.0863,43.4658],[-84.8458,43.4658],[-84.6089,43.4658],[-84.6053,43.8154],[-85.0899,43.8137]]]},"properties":{"fips":"26073","name":"Isabella","state":"Michigan"}},
{"type":"Feature","geometry":{"type":"Polygon","coordinates":[[[-89.3396,30.9097],[-89.3432,30.6477],[-88.8838,30.6769],[-88.8838,30.7354],[-88.8838,30.9106],[-89.1386,30.9097],[-89.3396,30.9097]]]},"properties":{"fips":"28131","name":"Stone","state":"Mississippi"}},
{"type":"Feature","geometry":{"type":"Polygon","coordinates":[[[-89.1386,34.0745],[-89.2463,34.1613],[-89.5083,34.1621],[-89.5083,33.8675],[-89.5083,33.7215],[-89.1925,33.7386],[-89.1386,34.0745]]]},"properties":{"fips":"28013","name":"Calhoun","state":"Mississippi"}},
{"type":"Feature","geometry":{"type":"Polygon","coordinates":[[[-100.8469,42.0878],[-100.8433,41.7408],[-100.7105,41.7399],[-100.2654,41.7399],[-100.269,42.0861],[-100.8469,42.0878]]]},"properties":{"fips":"31171","name":"Thomas","state":"Nebraska"}},
{"type":"Feature","geometry":{"type":"Polygon","coordinates":[[[-101.1735,32.5239],[-101.1843,32.0875],[-100.8218,32.0867],[-100.6638,32.0858],[-100.6602,32.5256],[-101.1735,32.5274],[-101.1735,32.5239]]]},"properties":{"fips":"48335","name":"Mitchell","state":"Texas"}},
{"type":"Feature","geometry":{"type":"Polygon","coordinates":[[[-106.859,41.0028],[-106.6364,40.813],[-106.6508,40.4453],[-106.6113,40.3783],[-105.958,40.3491],[-105.854,40.4865],[-106.1914,40.9977],[-106.3206,40.9994],[-106.859,41.0028]]]},"properties":{"fips":"08057","name":"Jackson","state":"Colorado"}},
{"type":"Feature","geometry":{"type":"Polygon","coordinates":[[[-92.552,43.5001],[-92.5556,43.2132],[-92.0818,43.2132],[-92.0782,43.501],[-92.4479,43.5001],[-92.552,43.5001]]]},"properties":{"fips":"19089","name":"Howard","state":"Iowa"}},
{"type":"Feature","geometry":{"type":"Polygon","coordinates":[[[-82.9973,43.1539],[-82.502,43.1685],[-82.6061,43.6908],[-83.1194,43.6754],[-83.1194,43.3275],[-82.9973,43.1539]]]},"properties":{"fips":"26151","name":"Sanilac","state":"Michigan"}},
{"type":"Feature","geometry":{"type":"Polygon","coordinates":[[[-85.2191,40.3792],[-85.2191,40.307],[-84.8027,40.3104],[-84.8027,40.3525],[-84.8027,40.5725],[-85.0684,40.5682],[-85.2012,40.5673],[-85.2191,40.3792]]]},"properties":{"fips":"18075","name":"Jay","state":"Indiana"}},
{"type":"Feature","geometry":{"type":"Polygon","coordinates":[[[-102.0206,48.8074],[-101.8411,48.7198],[-101.8411,48.4595],[-101.0587,48.4586],[-101.0587,48.5454],[-101.4499,48.5462],[-101.4966,48.9998],[-102.0206,48.999],[-102.0206,48.8074]]]},"properties":{"fips":"38075","name":"Renville","state":"North Dakota"}},
{"type":"Feature","geometry":{"type":"Polygon","coordinates":[[[-120.6526,45.7371],[-120.4085,45.5945],[-120.5557,45.2526],[-120.5055,45.0834],[-120.4947,45.0679],[-119.7912,45.0679],[-120.0065,45.2578],[-119.9994,45.8127],[-120.2111,45.726],[-120.6526,45.7371]]]},"properties":{"fips":"41021","name":"Gilliam","state":"Oregon"}},
{"type":"Feature","geometry":{"type":"Polygon","coordinates":[[[-94.6195,36.7668],[-94.6195,36.668],[-94.6195,36.4997],[-94.0775,36.4988],[-94.0703,36.7479],[-94.6195,36.7668]]]},"properties":{"fips":"29119","name":"McDonald","state":"Missouri"}},
{"type":"Feature","geometry":{"type":"Polygon","coordinates":[[[-103.0579,33.3881],[-103.0651,32.9595],[-102.5949,32.9586],[-102.5949,33.3881],[-103.0579,33.3881]]]},"properties":{"fips":"48501","name":"Yoakum","state":"Texas"}},
{"type":"Feature","geometry":{"type":"Polygon","coordinates":[[[-99.9962,34.3116],[-99.9962,34.5608],[-99.9998,34.7463],[-100.4162,34.7472],[-100.4162,34.3133],[-99.9962,34.3116]]]},"properties":{"fips":"48075","name":"Childress","state":"Texas"}},
{"type":"Feature","geometry":{"type":"Polygon","coordinates":[[[-84.9032,33.7807],[-84.8099,33.5737],[-84.5766,33.7438],[-84.7238,33.8065],[-84.9032,33.7807]]]},"properties":{"fips":"13097","name":"Douglas","state":"Georgia"}},
{"type":"Feature","geometry":{"type":"Polygon","coordinates":[[[-162.5935,63.2722],[-163.0529,63.0583],[-163.315,63.0377],[-163.7313,63.213],[-164.4241,63.2121],[-164.6322,63.0979],[-165.0953,62.5223],[-165.6731,62.14],[-165.7449,61.9622],[-166.1397,61.6323],[-165.9136,61.5558],[-165.8167,61.3033],[-165.5547,61.0928],[-165.1204,61.0791],[-165.1276,60.921],[-164.241,60.9871],[-164.0185,61.1925],[-163.6559,61.3359],[-162.5074,61.5567],[-162.0121,61.4768],[-161.1255,61.5997],[-160.3502,61.8187],[-160.5333,61.9459],[-160.9173,61.9459],[-161.0465,62.2062],[-160.9963,62.8986],[-160.8563,63.012],[-162.0013,63.012],[-162.3817,63.2714],[-162.5935,63.2722]]]},"properties":{"fips":"02158","name":"Kusilvak","state":"Alaska"}},
{"type":"Feature","geometry":{"type":"Polygon","coordinates":[[[-93.7903,41.5123],[-93.7903,41.1618],[-93.557,41.1609],[-93.3273,41.1609],[-93.3273,41.4908],[-93.7903,41.5123]]]},"properties":{"fips":"19181","name":"Warren","state":"Iowa"}},
{"type":"Feature","geometry":{"type":"Polygon","coordinates":[[[-98.6215,34.8546],[-98.8261,34.8554],[-98.8261,34.5943],[-98.661,34.4061],[-98.1406,34.5066],[-98.0903,34.681],[-98.0939,34.8546],[-98.6215,34.8546]]]},"properties":{"fips":"40031","name":"Comanche","state":"Oklahoma"}},
{"type":"Feature","geometry":{"type":"Polygon","coordinates":[[[-99.9998,35.4224],[-99.9998,35.1827],[-99.9998,35.0307],[-99.8886,35.0307],[-99.7845,35.1166],[-99.4076,35.1148],[-99.3609,35.1166],[-99.3645,35.4653],[-99.3645,35.5092],[-99.5763,35.4215],[-99.9998,35.4224]]]},"properties":{"fips":"40009","name":"Beckham","state":"Oklahoma"}},
{"type":"Feature","geometry":{"type":"Polygon","coordinates":[[[-99.5763,44.1925],[-99.3573,43.934],[-98.9266,43.9348],[-98.9266,44.1968],[-99.2999,44.1951],[-99.5763,44.1925]]]},"properties":{"fips":"46017","name":"Buffalo","state":"South Dakota"}},
{"type":"Feature","geometry":{"type":"Polygon","coordinates":[[[-99.3035,30.5],[-99.3035,30.2869],[-99.2999,30.134],[-98.9194,30.1383],[-98.5892,30.1392],[-98.5928,30.5],[-98.9625,30.4983],[-99.3035,30.5]]]},"properties":{"fips":"48171","name":"Gillespie","state":"Texas"}},
{"type":"Feature","geometry":{"type":"Polygon","coordinates":[[[-101.0407,33.834],[-101.0371,33.3976],[-100.5167,33.3976],[-100.5203,33.8357],[-101.0407,33.834]]]},"properties":{"fips":"48125","name":"Dickens","state":"Texas"}},
{"type":"Feature","geometry":{"type":"Polygon","coordinates":[[[-99.3968,28.641],[-99.3932,28.2046],[-99.3896,28.0302],[-98.8046,28.0577],[-98.801,28.647],[-98.801,28.6478],[-99.3968,28.641]]]},"properties":{"fips":"48283","name":"La Salle","state":"Texas"}},
{"type":"Feature","geometry":{"type":"Polygon","coordinates":[[[-79.81,39.2306],[-79.8244,39.1155],[-79.7849,39.0373],[-79.3578,38.9643],[-79.487,39.1945],[-79.81,39.2306]]]},"properties":{"fips":"54093","name":"Tucker","state":"West Virginia"}},
{"type":"Feature","geometry":{"type":"Polygon","coordinates":[[[-122.4975,41.1824],[-122.6985,40.5716],[-122.9928,40.4187],[-123.0646,40.2872],[-122.7524,40.3646],[-122.3468,40.3714],[-121.8514,40.4427],[-121.4961,40.4453],[-121.3274,40.4453],[-121.331,41.1841],[-121.4458,41.1832],[-122.4975,41.1824]]]},"properties":{"fips":"06089","name":"Shasta","state":"California"}},
{"type":"Feature","geometry":{"type":"Polygon","coordinates":[[[-88.7079,37.863],[-88.7079,37.5992],[-88.4136,37.6001],[-88.3741,37.5992],[-88.3741,37.9076],[-88.7079,37.9068],[-88.7079,37.863]]]},"properties":{"fips":"17165","name":"Saline","state":"Illinois"}},
{"type":"Feature","geometry":{"type":"Polygon","coordinates":[[[-86.2349,44.5181],[-86.3856,44.1788],[-86.0446,44.1668],[-85.8221,44.1642],[-85.8185,44.513],[-86.2349,44.5181]]]},"properties":{"fips":"26101","name":"Manistee","state":"Michigan"}},
{"type":"Feature","geometry":{"type":"Polygon","coordinates":[[[-99.2209,42.0878],[-99.2209,41.7408],[-99.2138,41.7408],[-98.7579,41.7408],[-98.7615,42.0887],[-99.2209,42.0878]]]},"properties":{"fips":"31071","name":"Garfield","state":"Nebraska"}},
{"type":"Feature","geometry":{"type":"Polygon","coordinates":[[[-99.2209,41.7408],[-99.6875,41.7399],[-100.2511,41.7399],[-100.2511,41.3937],[-100.2259,41.0467],[-99.4255,41.0467],[-99.2066,41.0467],[-99.203,41.3937],[-99.2138,41.7408],[-99.2209,41.7408]]]},"properties":{"fips":"31041","name":"Custer","state":"Nebraska"}},
{"type":"Feature","geometry":{"type":"Polygon","coordinates":[[[-97.3689,44.1951],[-97.8498,44.1951],[-97.8498,43.8498],[-97.6093,43.8489],[-97.3689,43.8489],[-97.3689,44.1951]]]},"properties":{"fips":"46097","name":"Miner","state":"South Dakota"}},
{"type":"Feature","geometry":{"type":"Polygon","coordinates":[[[-97.9826,45.153],[-97.979,44.6315],[-97.8534,44.5447],[-97.4909,44.5439],[-97.4909,44.8042],[-97.4945,45.1512],[-97.9826,45.153]]]},"properties":{"fips":"46025","name":"Clark","state":"South Dakota"}},
{"type":"Feature","geometry":{"type":"Polygon","coordinates":[[[-91.0409,35.3545],[-91.0409,35.1483],[-90.5025,35.1441],[-90.5025,35.4421],[-91.0409,35.4447],[-91.0409,35.3545]]]},"properties":{"fips":"05037","name":"Cross","state":"Arkansas"}},
{"type":"Feature","geometry":{"type":"Polygon","coordinates":[[[-106.6795,37.4034],[-106.7118,37.4042],[-107.1282,37.4231],[-107.4835,37.4223],[-107.4835,36.9996],[-107.4225,36.9996],[-106.4749,36.9936],[-106.6795,37.229],[-106.6795,37.4034]]]},"properties":{"fips":"08007","name":"Archuleta","state":"Colorado"}},
{"type":"Feature","geometry":{"type":"Polygon","coordinates":[[[-81.5616,27.0337],[-81.5652,26.7699],[-80.9443,26.7691],[-80.8868,26.9589],[-80.9443,27.2106],[-81.1704,27.2098],[-81.2673,27.0328],[-81.5616,27.0337]]]},"properties":{"fips":"12043","name":"Glades","state":"Florida"}},
{"type":"Feature","geometry":{"type":"Polygon","coordinates":[[[-99.5332,43.5001],[-99.5332,42.9984],[-99.2532,42.9984],[-98.4995,42.9984],[-98.8548,43.1548],[-99.2963,43.4993],[-99.5332,43.5001]]]},"properties":{"fips":"46053","name":"Gregory","state":"South Dakota"}},
{"type":"Feature","geometry":{"type":"Polygon","coordinates":[[[-101.0874,36.0555],[-101.0874,36.0572],[-101.0838,36.4997],[-101.6222,36.4997],[-101.6222,36.0555],[-101.0874,36.0555]]]},"properties":{"fips":"48195","name":"Hansford","state":"Texas"}},
{"type":"Feature","geometry":{"type":"MultiPolygon","coordinates":[[[[-122.6949,47.1039],[-122.6375,46.9785],[-122.2032,46.7628],[-121.8335,46.7302],[-121.4566,46.7835],[-121.3812,47.0876],[-121.9376,47.1382],[-122.4185,47.3204],[-122.6949,47.1039]]],[[[-122.8026,47.353],[-122.5478,47.4037],[-122.8026,47.4037],[-122.8026,47.353]]]]},"properties":{"fips":"53053","name":"Pierce","state":"Washington"}},
{"type":"Feature","geometry":{"type":"Polygon","coordinates":[[[-84.5012,33.2215],[-84.4977,33.2576],[-84.6089,33.5024],[-84.8494,33.5118],[-85.0145,33.4259],[-84.9391,33.2249],[-84.8638,33.1914],[-84.5012,33.2215]]]},"properties":{"fips":"13077","name":"Coweta","state":"Georgia"}},
{"type":"Feature","geometry":{"type":"Polygon","coordinates":[[[-83.5357,33.9663],[-83.2773,33.8477],[-83.2594,33.9989],[-83.3599,34.0402],[-83.5357,33.9663]]]},"properties":{"fips":"13059","name":"Clarke","state":"Georgia"}},
{"type":"Feature","geometry":{"type":"Polygon","coordinates":[[[-86.2492,39.6335],[-86.2528,39.3414],[-86.0841,39.344],[-85.9513,39.3474],[-85.9513,39.6387],[-86.2492,39.6335]]]},"properties":{"fips":"18081","name":"Johnson","state":"Indiana"}},
{"type":"Feature","geometry":{"type":"Polygon","coordinates":[[[-97.3725,38.6095],[-97.3725,38.174],[-97.1535,38.0881],[-96.8412,38.0855],[-96.8197,38.5227],[-96.931,38.6095],[-97.3725,38.6095]]]},"properties":{"fips":"20115","name":"Marion","state":"Kansas"}},
{"type":"Feature","geometry":{"type":"Polygon","coordinates":[[[-93.514,45.7345],[-93.5104,45.5584],[-93.5104,45.415],[-93.0186,45.4115],[-93.1407,45.7302],[-93.514,45.7345]]]},"properties":{"fips":"27059","name":"Isanti","state":"Minnesota"}},
{"type":"Feature","geometry":{"type":"Polygon","coordinates":[[[-98.2985,42.4366],[-98.3021,42.0887],[-98.2949,41.9152],[-97.8319,41.916],[-97.8355,42.0896],[-97.8355,42.4375],[-98.2985,42.4366]]]},"properties":{"fips":"31003","name":"Antelope","state":"Nebraska"}},
{"type":"Feature","geometry":{"type":"Polygon","coordinates":[[[-82.1718,41.0638],[-82.1287,40.9917],[-81.6872,40.9882],[-81.6837,41.2769],[-81.8775,41.2752],[-82.1718,41.0638]]]},"properties":{"fips":"39103","name":"Medina","state":"Ohio"}},
{"type":"Feature","geometry":{"type":"Polygon","coordinates":[[[-85.6067,35.5315],[-85.5601,35.3193],[-85.3878,35.1475],[-85.2263,35.3545],[-85.4237,35.5676],[-85.5565,35.5332],[-85.6067,35.5315]]]},"properties":{"fips":"47153","name":"Sequatchie","state":"Tennessee"}},
{"type":"Feature","geometry":{"type":"Polygon","coordinates":[[[-102.1642,35.62],[-102.1678,35.1836],[-101.6222,35.1827],[-101.6222,35.62],[-102.1642,35.62]]]},"properties":{"fips":"48375","name":"Potter","state":"Texas"}},
{"type":"Feature","geometry":{"type":"Polygon","coordinates":[[[-97.2791,31.28],[-97.071,30.9862],[-96.8305,31.1056],[-96.5972,31.2207],[-96.8018,31.5223],[-97.2791,31.28]]]},"properties":{"fips":"48145","name":"Falls","state":"Texas"}},
{"type":"Feature","geometry":{"type":"Polygon","coordinates":[[[-98.4995,47.6726],[-98.4995,47.5875],[-98.4995,47.3264],[-98.4672,47.2405],[-97.9611,47.2405],[-97.9862,47.6726],[-98.4995,47.6726]]]},"properties":{"fips":"38039","name":"Griggs","state":"North Dakota"}},
{"type":"Feature","geometry":{"type":"Polygon","coordinates":[[[-98.7041,43.4993],[-98.679,43.373],[-98.1083,43.1969],[-98.1154,43.4984],[-98.32,43.4984],[-98.7041,43.4993]]]},"properties":{"fips":"46043","name":"Douglas","state":"South Dakota"}},
{"type":"Feature","geometry":{"type":"Polygon","coordinates":[[[-98.4636,31.6838],[-98.2698,31.4166],[-98.18,31.4638],[-97.7673,31.6726],[-98.0042,32.0179],[-98.2088,31.9174],[-98.4636,31.6838]]]},"properties":{"fips":"48193","name":"Hamilton","state":"Texas"}},
{"type":"Feature","geometry":{"type":"Polygon","coordinates":[[[-93.557,40.898],[-93.557,40.5802],[-93.374,40.5802],[-93.0976,40.5836],[-93.0976,40.898],[-93.557,40.898]]]},"properties":{"fips":"19185","name":"Wayne","state":"Iowa"}},
{"type":"Feature","geometry":{"type":"Polygon","coordinates":[[[-104.045,46.5412],[-104.045,46.28],[-102.9969,46.2809],[-102.9251,46.2818],[-102.9287,46.6297],[-103.2302,46.6297],[-103.6106,46.6297],[-104.045,46.5412]]]},"properties":{"fips":"38087","name":"Slope","state":"North Dakota"}},
{"type":"Feature","geometry":{"type":"Polygon","coordinates":[[[-100.1111,31.5807],[-99.7234,31.5764],[-99.7127,32.0824],[-100.1506,32.0824],[-100.2367,32.0824],[-100.2367,31.6932],[-100.1111,31.5807]]]},"properties":{"fips":"48399","name":"Runnels","state":"Texas"}},
{"type":"Feature","geometry":{"type":"Polygon","coordinates":[[[-113.334,35.5281],[-112.9464,35.3528],[-112.4726,35.2386],[-112.3362,34.9731],[-111.7763,34.9808],[-111.7763,34.803],[-111.5538,34.8021],[-111.5538,34.4714],[-111.2487,34.4534],[-110.7498,34.2635],[-110.7498,37.0031],[-111.3492,37.0013],[-112.5372,37.0005],[-112.6557,36.5572],[-112.6234,36.4069],[-113.352,36.0504],[-113.334,35.5281]]]},"properties":{"fips":"04005","name":"Coconino","state":"Arizona"}},
{"type":"Feature","geometry":{"type":"Polygon","coordinates":[[[-117.0418,47.3659],[-117.0418,47.2594],[-117.0382,47.1271],[-116.8336,47.0326],[-116.3311,47.0223],[-116.3311,47.414],[-117.0418,47.3659]]]},"properties":{"fips":"16009","name":"Benewah","state":"Idaho"}},
{"type":"Feature","geometry":{"type":"Polygon","coordinates":[[[-99.0128,37.4704],[-99.0128,37.3845],[-99.002,36.9996],[-98.5462,36.9988],[-98.3487,36.9979],[-98.3487,37.3845],[-98.4636,37.4712],[-99.0128,37.4704]]]},"properties":{"fips":"20007","name":"Barber","state":"Kansas"}},
{"type":"Feature","geometry":{"type":"Polygon","coordinates":[[[-96.4536,43.5001],[-96.0516,43.5001],[-96.0516,43.8489],[-96.066,43.8489],[-96.4536,43.8498],[-96.4536,43.5001]]]},"properties":{"fips":"27133","name":"Rock","state":"Minnesota"}},
{"type":"Feature","geometry":{"type":"Polygon","coordinates":[[[-68.0479,45.64],[-67.9402,45.2681],[-68.0551,45.2526],[-68.1054,44.9391],[-67.9582,44.415],[-67.4054,44.6813],[-67.1901,44.6453],[-66.9819,44.8111],[-67.1111,45.1126],[-67.3408,45.1255],[-67.488,45.2792],[-67.4485,45.6031],[-67.8039,45.6804],[-68.0479,45.64]]]},"properties":{"fips":"23029","name":"Washington","state":"Maine"}},
{"type":"Feature","geometry":{"type":"Polygon","coordinates":[[[-111.4102,48.2198],[-111.4102,48.1322],[-110.8287,48.133],[-110.7569,48.2198],[-110.7426,48.999],[-111.2702,48.9973],[-111.2738,48.2198],[-111.4102,48.2198]]]},"properties":{"fips":"30051","name":"Liberty","state":"Montana"}},
{"type":"Feature","geometry":{"type":"Polygon","coordinates":[[[-97.979,45.9356],[-97.979,45.5885],[-97.2289,45.5584],[-97.2289,45.9356],[-97.979,45.9356]]]},"properties":{"fips":"46091","name":"Marshall","state":"South Dakota"}},
{"type":"Feature","geometry":{"type":"Polygon","coordinates":[[[-76.7125,43.0242],[-76.7232,43.3438],[-76.953,43.2708],[-77.3765,43.2776],[-77.3729,43.0345],[-76.9637,43.013],[-76.7125,43.0242]]]},"properties":{"fips":"36117","name":"Wayne","state":"New York"}},
{"type":"Feature","geometry":{"type":"Polygon","coordinates":[[[-156.9906,58.8859],[-157.2562,58.617],[-156.3123,58.617],[-156.3123,58.8859],[-156.9906,58.8859]]]},"properties":{"fips":"02060","name":"Bristol Bay","state":"Alaska"}},
{"type":"Feature","geometry":{"type":"Polygon","coordinates":[[[-82.0569,27.2081],[-82.0569,27.032],[-81.5616,27.0337],[-81.5652,27.3404],[-82.0569,27.3386],[-82.0569,27.2081]]]},"properties":{"fips":"12027","name":"DeSoto","state":"Florida"}},
{"type":"Feature","geometry":{"type":"Polygon","coordinates":[[[-85.0468,34.096],[-84.9212,34.0823],[-84.7381,34.0797],[-84.6592,34.078],[-84.652,34.413],[-85.0073,34.3924],[-85.0468,34.096]]]},"properties":{"fips":"13015","name":"Bartow","state":"Georgia"}},
{"type":"Feature","geometry":{"type":"Polygon","coordinates":[[[-93.2304,42.209],[-93.2304,41.8628],[-92.7674,41.8628],[-92.7674,42.2098],[-93.0007,42.209],[-93.2304,42.209]]]},"properties":{"fips":"19127","name":"Marshall","state":"Iowa"}},
{"type":"Feature","geometry":{"type":"Polygon","coordinates":[[[-99.5691,37.9128],[-99.5583,37.735],[-99.0128,37.7333],[-99.0128,37.8252],[-99.0235,38.0004],[-99.3502,38.0004],[-99.5691,38.0872],[-99.5691,37.9128]]]},"properties":{"fips":"20047","name":"Edwards","state":"Kansas"}},
{"type":"Feature","geometry":{"type":"Polygon","coordinates":[[[-84.372,44.5069],[-84.3684,44.1607],[-84.1674,44.1616],[-83.8839,44.1616],[-83.8875,44.5087],[-84.372,44.5069]]]},"properties":{"fips":"26129","name":"Ogemaw","state":"Michigan"}},
{"type":"Feature","geometry":{"type":"Polygon","coordinates":[[[-98.2913,41.3937],[-98.7436,41.3946],[-98.7472,41.0467],[-98.722,41.0467],[-98.2877,41.0467],[-98.2877,41.3937],[-98.2913,41.3937]]]},"properties":{"fips":"31093","name":"Howard","state":"Nebraska"}},
{"type":"Feature","geometry":{"type":"Polygon","coordinates":[[[-83.8803,41.1678],[-83.8803,40.9204],[-83.8803,40.8199],[-83.5142,40.8181],[-83.4209,40.9917],[-83.4209,41.1669],[-83.8803,41.1678]]]},"properties":{"fips":"39063","name":"Hancock","state":"Ohio"}},
{"type":"Feature","geometry":{"type":"Polygon","coordinates":[[[-84.7417,38.3526],[-84.7238,38.1954],[-84.6269,38.1164],[-84.4007,38.2075],[-84.4438,38.2831],[-84.5587,38.4927],[-84.5802,38.4729],[-84.7417,38.3526]]]},"properties":{"fips":"21209","name":"Scott","state":"Kentucky"}},
{"type":"Feature","geometry":{"type":"Polygon","coordinates":[[[-85.2263,35.3545],[-85.1366,35.4585],[-84.9176,35.7617],[-85.255,35.766],[-85.4237,35.5676],[-85.2263,35.3545]]]},"properties":{"fips":"47007","name":"Bledsoe","state":"Tennessee"}},
{"type":"Feature","geometry":{"type":"Polygon","coordinates":[[[-80.029,36.5426],[-80.0362,36.2574],[-79.5337,36.2411],[-79.5301,36.2497],[-79.5121,36.5409],[-79.7131,36.5417],[-80.029,36.5426]]]},"properties":{"fips":"37157","name":"Rockingham","state":"North Carolina"}},
{"type":"Feature","geometry":{"type":"Polygon","coordinates":[[[-102.0888,34.3133],[-102.0852,33.8245],[-101.5648,33.8306],[-101.5648,34.3125],[-101.9991,34.3133],[-102.0888,34.3133]]]},"properties":{"fips":"48189","name":"Hale","state":"Texas"}},
{"type":"Feature","geometry":{"type":"Polygon","coordinates":[[[-78.9486,38.0692],[-78.8732,38.0408],[-78.8661,38.0958],[-78.9486,38.0692]]]},"properties":{"fips":"51820","name":"Waynesboro","state":"Virginia"}},
{"type":"Feature","geometry":{"type":"Polygon","coordinates":[[[-107.5337,43.501],[-107.5014,42.7811],[-107.523,42.434],[-106.0765,42.4332],[-106.0765,43.4941],[-107.1102,43.5001],[-107.5337,43.501]]]},"properties":{"fips":"56025","name":"Natrona","state":"Wyoming"}},
{"type":"Feature","geometry":{"type":"Polygon","coordinates":[[[-95.3589,30.5043],[-95.165,30.3453],[-94.8492,30.494],[-95.2009,30.8247],[-95.3266,30.8599],[-95.3589,30.5043]]]},"properties":{"fips":"48407","name":"San Jacinto","state":"Texas"}},
{"type":"Feature","geometry":{"type":"Polygon","coordinates":[[[-88.8874,44.2424],[-88.7402,44.2432],[-88.7366,44.5903],[-88.6074,44.5903],[-88.6038,44.6788],[-89.2248,44.6813],[-89.2248,44.2432],[-88.8874,44.2424]]]},"properties":{"fips":"55135","name":"Waupaca","state":"Wisconsin"}},
{"type":"Feature","geometry":{"type":"Polygon","coordinates":[[[-81.3391,40.2142],[-81.2242,40.1704],[-80.8832,40.1592],[-80.9407,40.4247],[-81.2709,40.4333],[-81.3391,40.2142]]]},"properties":{"fips":"39067","name":"Harrison","state":"Ohio"}},
{"type":"Feature","geometry":{"type":"Polygon","coordinates":[[[-84.8745,30.7276],[-84.8638,30.7113],[-84.3792,30.6898],[-84.3756,31.079],[-84.5084,31.0781],[-84.5443,31.079],[-84.731,31.0695],[-84.8745,30.7276]]]},"properties":{"fips":"13087","name":"Decatur","state":"Georgia"}},
{"type":"Feature","geometry":{"type":"Polygon","coordinates":[[[-92.631,30.4811],[-92.6238,30.0919],[-92.4228,30.049],[-92.2864,30.1478],[-92.1429,30.299],[-92.2434,30.4802],[-92.4946,30.4802],[-92.631,30.4811]]]},"properties":{"fips":"22001","name":"Acadia","state":"Louisiana"}},
{"type":"Feature","geometry":{"type":"Polygon","coordinates":[[[-94.0129,44.9786],[-94.0093,44.7174],[-93.7688,44.6401],[-93.5211,44.8042],[-93.7688,44.9777],[-94.0129,44.9786]]]},"properties":{"fips":"27019","name":"Carver","state":"Minnesota"}},
{"type":"Feature","geometry":{"type":"Polygon","coordinates":[[[-88.3741,37.9076],[-88.3741,37.9085],[-88.3705,38.2556],[-88.7007,38.2564],[-88.7043,38.125],[-88.7079,37.9068],[-88.3741,37.9076]]]},"properties":{"fips":"17065","name":"Hamilton","state":"Illinois"}},
{"type":"Feature","geometry":{"type":"Polygon","coordinates":[[[-94.763,45.3265],[-95.1327,45.4124],[-95.2548,45.4124],[-95.2476,45.1521],[-95.2476,44.8909],[-94.7594,44.8918],[-94.763,45.3265]]]},"properties":{"fips":"27067","name":"Kandiyohi","state":"Minnesota"}},
{"type":"Feature","geometry":{"type":"Polygon","coordinates":[[[-88.0439,44.2406],[-88.0403,43.8919],[-87.7316,43.8919],[-87.5414,44.3274],[-87.7675,44.3274],[-88.0439,44.2406]]]},"properties":{"fips":"55071","name":"Manitowoc","state":"Wisconsin"}},
{"type":"Feature","geometry":{"type":"Polygon","coordinates":[[[-86.8558,31.9621],[-86.9061,31.8307],[-86.9061,31.7533],[-86.8379,31.5248],[-86.7015,31.524],[-86.5005,31.5257],[-86.4466,31.9647],[-86.8558,31.9621]]]},"properties":{"fips":"01013","name":"Butler","state":"Alabama"}},
{"type":"Feature","geometry":{"type":"Polygon","coordinates":[[[-83.8157,33.1321],[-83.7116,32.9526],[-83.5142,32.8452],[-83.4065,32.8985],[-83.3563,32.926],[-83.428,33.1854],[-83.5465,33.1717],[-83.8157,33.1321]]]},"properties":{"fips":"13169","name":"Jones","state":"Georgia"}},
{"type":"Feature","geometry":{"type":"Polygon","coordinates":[[[-93.4996,42.9082],[-93.4996,42.5577],[-93.0258,42.5569],[-93.0258,42.9074],[-93.4996,42.9082]]]},"properties":{"fips":"19069","name":"Franklin","state":"Iowa"}},
{"type":"Feature","geometry":{"type":"Polygon","coordinates":[[[-85.6534,41.5234],[-85.6534,41.4367],[-85.6534,41.2949],[-85.3088,41.264],[-85.1904,41.264],[-85.194,41.526],[-85.6534,41.5234]]]},"properties":{"fips":"18113","name":"Noble","state":"Indiana"}},
{"type":"Feature","geometry":{"type":"Polygon","coordinates":[[[-101.3889,39.5682],[-101.3925,39.1352],[-100.811,39.1335],[-100.7213,39.1335],[-100.7213,39.5682],[-100.7392,39.5682],[-101.3889,39.5682]]]},"properties":{"fips":"20193","name":"Thomas","state":"Kansas"}},
{"type":"Feature","geometry":{"type":"Polygon","coordinates":[[[-84.6053,43.8154],[-84.6089,44.1607],[-84.853,44.1616],[-85.0863,44.1642],[-85.0899,43.8137],[-84.6053,43.8154]]]},"properties":{"fips":"26035","name":"Clare","state":"Michigan"}},
{"type":"Feature","geometry":{"type":"Polygon","coordinates":[[[-84.8458,44.8583],[-84.8494,44.5112],[-84.372,44.5069],[-84.372,44.8549],[-84.8458,44.8583]]]},"properties":{"fips":"26039","name":"Crawford","state":"Michigan"}},
{"type":"Feature","geometry":{"type":"Polygon","coordinates":[[[-93.0725,37.4154],[-93.0653,37.089],[-92.9038,37.0709],[-92.6848,37.0666],[-92.6884,37.4816],[-92.8535,37.4841],[-93.0725,37.4154]]]},"properties":{"fips":"29225","name":"Webster","state":"Missouri"}},
{"type":"Feature","geometry":{"type":"Polygon","coordinates":[[[-101.9847,41.7425],[-101.9847,41.3946],[-101.4068,41.3954],[-101.4068,41.7434],[-101.4248,41.7434],[-101.9847,41.7425]]]},"properties":{"fips":"31005","name":"Arthur","state":"Nebraska"}},
{"type":"Feature","geometry":{"type":"Polygon","coordinates":[[[-97.8283,41.1738],[-97.8247,41.0467],[-97.3689,41.0467],[-97.3689,41.3963],[-97.5986,41.3327],[-97.8283,41.1738]]]},"properties":{"fips":"31143","name":"Polk","state":"Nebraska"}},
{"type":"Feature","geometry":{"type":"Polygon","coordinates":[[[-97.4909,44.8042],[-96.8843,44.8042],[-96.8807,44.9769],[-96.8843,45.1504],[-97.2253,45.1521],[-97.4945,45.1512],[-97.4909,44.8042]]]},"properties":{"fips":"46029","name":"Codington","state":"South Dakota"}},
{"type":"Feature","geometry":{"type":"Polygon","coordinates":[[[-98.2339,27.2622],[-98.2339,28.0577],[-98.3344,28.0577],[-98.8046,28.0577],[-98.7974,27.3541],[-98.5246,27.2648],[-98.2339,27.2622]]]},"properties":{"fips":"48131","name":"Duval","state":"Texas"}},
{"type":"Feature","geometry":{"type":"Polygon","coordinates":[[[-101.6222,36.0555],[-102.1642,36.0555],[-102.1642,35.6277],[-102.1642,35.62],[-101.6222,35.62],[-101.6222,35.6243],[-101.6222,36.0555]]]},"properties":{"fips":"48341","name":"Moore","state":"Texas"}},
{"type":"Feature","geometry":{"type":"Polygon","coordinates":[[[-102.2108,32.5231],[-102.2108,32.0867],[-101.7765,32.0867],[-101.694,32.0875],[-101.6904,32.5256],[-102.2036,32.5231],[-102.2108,32.5231]]]},"properties":{"fips":"48317","name":"Martin","state":"Texas"}},
{"type":"Feature","geometry":{"type":"Polygon","coordinates":[[[-82.7461,40.35],[-82.7497,40.2769],[-82.1969,40.2391],[-82.1862,40.4565],[-82.2185,40.5682],[-82.3369,40.5553],[-82.624,40.5501],[-82.7461,40.35]]]},"properties":{"fips":"39083","name":"Knox","state":"Ohio"}},
{"type":"Feature","geometry":{"type":"Polygon","coordinates":[[[-66.5655,18.2988],[-66.6481,18.1587],[-66.5512,18.1519],[-66.5476,18.1527],[-66.544,18.163],[-66.5655,18.2988]]]},"properties":{"fips":"72073","name":"Jayuya","state":"Puerto Rico"}},
{"type":"Feature","geometry":{"type":"Polygon","coordinates":[[[-96.5972,31.2207],[-96.3208,31.3573],[-96.2382,31.4132],[-96.4967,31.7963],[-96.7192,31.8152],[-96.931,31.7087],[-96.8018,31.5223],[-96.5972,31.2207]]]},"properties":{"fips":"48293","name":"Limestone","state":"Texas"}},
{"type":"Feature","geometry":{"type":"Polygon","coordinates":[[[-91.608,42.6436],[-91.5973,42.2966],[-91.364,42.2966],[-91.1307,42.2957],[-91.1343,42.6462],[-91.608,42.6436]]]},"properties":{"fips":"19055","name":"Delaware","state":"Iowa"}},
{"type":"Feature","geometry":{"type":"Polygon","coordinates":[[[-97.3689,41.0467],[-97.3689,40.6987],[-96.913,40.6979],[-96.9094,41.0458],[-97.3689,41.0467]]]},"properties":{"fips":"31159","name":"Seward","state":"Nebraska"}},
{"type":"Feature","geometry":{"type":"Polygon","coordinates":[[[-100.1111,29.086],[-100.1147,28.6478],[-99.4076,28.641],[-99.4148,29.0911],[-100.1111,29.086]]]},"properties":{"fips":"48507","name":"Zavala","state":"Texas"}},
{"type":"Feature","geometry":{"type":"Polygon","coordinates":[[[-121.008,39.6395],[-121.0223,39.3912],[-120.6777,39.5184],[-120.5019,39.4462],[-120.003,39.4454],[-120.003,39.7228],[-120.1465,39.7074],[-120.6383,39.7065],[-120.8716,39.7761],[-121.008,39.6395]]]},"properties":{"fips":"06091","name":"Sierra","state":"California"}},
{"type":"Feature","geometry":{"type":"Polygon","coordinates":[[[-89.4006,42.5002],[-89.397,42.2021],[-88.9412,42.1523],[-88.9412,42.495],[-89.3647,42.5002],[-89.4006,42.5002]]]},"properties":{"fips":"17201","name":"Winnebago","state":"Illinois"}},
{"type":"Feature","geometry":{"type":"Polygon","coordinates":[[[-70.9876,43.7922],[-70.9624,43.5414],[-70.9876,43.3799],[-70.8189,43.123],[-70.704,43.0594],[-70.3522,43.5353],[-70.783,43.8145],[-70.9876,43.7922]]]},"properties":{"fips":"23031","name":"York","state":"Maine"}},
{"type":"Feature","geometry":{"type":"Polygon","coordinates":[[[-75.948,38.9188],[-75.9444,38.6739],[-75.7075,38.6353],[-75.7218,38.8303],[-75.747,39.143],[-75.948,38.9188]]]},"properties":{"fips":"24011","name":"Caroline","state":"Maryland"}},
{"type":"Feature","geometry":{"type":"Polygon","coordinates":[[[-84.3649,45.1985],[-84.372,44.8549],[-83.8875,44.8566],[-83.8803,45.2019],[-84.2464,45.1985],[-84.3649,45.1985]]]},"properties":{"fips":"26119","name":"Montmorency","state":"Michigan"}},
{"type":"Feature","geometry":{"type":"Polygon","coordinates":[[[-97.2791,46.6297],[-97.2791,46.2826],[-97.2289,45.9356],[-96.5649,45.9356],[-96.5756,46.0215],[-96.6008,46.3307],[-96.7838,46.6297],[-96.791,46.6331],[-97.2791,46.6297]]]},"properties":{"fips":"38077","name":"Richland","state":"North Dakota"}},
{"type":"Feature","geometry":{"type":"Polygon","coordinates":[[[-80.5207,40.6386],[-80.5207,40.4771],[-80.3592,40.478],[-80.1474,40.6747],[-80.1582,40.8551],[-80.5207,40.8516],[-80.5207,40.6386]]]},"properties":{"fips":"42007","name":"Beaver","state":"Pennsylvania"}},
{"type":"Feature","geometry":{"type":"Polygon","coordinates":[[[-102.6164,33.8254],[-103.0471,33.8245],[-103.0543,33.5703],[-103.0579,33.3881],[-102.5949,33.3881],[-102.6164,33.8254]]]},"properties":{"fips":"48079","name":"Cochran","state":"Texas"}},
{"type":"Feature","geometry":{"type":"Polygon","coordinates":[[[-84.3684,44.1607],[-84.6089,44.1607],[-84.6053,43.8154],[-84.1674,43.8257],[-84.1674,43.9967],[-84.1674,44.1616],[-84.3684,44.1607]]]},"properties":{"fips":"26051","name":"Gladwin","state":"Michigan"}},
{"type":"Feature","geometry":{"type":"Polygon","coordinates":[[[-103.7076,39.74],[-103.7076,39.5665],[-103.1548,39.5656],[-102.8031,39.5682],[-102.7815,40.4384],[-103.4671,40.4367],[-103.4707,40.0012],[-103.704,40.0012],[-103.7076,39.74]]]},"properties":{"fips":"08121","name":"Washington","state":"Colorado"}},
{"type":"Feature","geometry":{"type":"Polygon","coordinates":[[[-92.0639,42.2974],[-91.8306,42.2992],[-91.5973,42.2966],[-91.608,42.6436],[-92.0818,42.6419],[-92.0639,42.2974]]]},"properties":{"fips":"19019","name":"Buchanan","state":"Iowa"}},
{"type":"Feature","geometry":{"type":"Polygon","coordinates":[[[-94.4436,42.6454],[-94.4436,42.5586],[-94.3969,42.209],[-94.1636,42.2098],[-93.9303,42.2098],[-93.9698,42.5577],[-93.9734,42.6445],[-94.4436,42.6454]]]},"properties":{"fips":"19187","name":"Webster","state":"Iowa"}},
{"type":"Feature","geometry":{"type":"Polygon","coordinates":[[[-99.5691,37.9128],[-100.2259,37.9137],[-100.2152,37.4755],[-100.1075,37.4747],[-99.5547,37.4678],[-99.5583,37.735],[-99.5691,37.9128]]]},"properties":{"fips":"20057","name":"Ford","state":"Kansas"}},
{"type":"Feature","geometry":{"type":"Polygon","coordinates":[[[-83.8875,44.5087],[-83.8875,44.8566],[-84.372,44.8549],[-84.372,44.5069],[-83.8875,44.5087]]]},"properties":{"fips":"26135","name":"Oscoda","state":"Michigan"}},
{"type":"Feature","geometry":{"type":"Polygon","coordinates":[[[-89.3181,32.932],[-89.3181,32.5763],[-88.9161,32.5772],[-88.9161,32.9268],[-89.3181,32.932]]]},"properties":{"fips":"28099","name":"Neshoba","state":"Mississippi"}},
{"type":"Feature","geometry":{"type":"Polygon","coordinates":[[[-99.6445,40.685],[-99.6409,40.3508],[-99.6301,40.3508],[-99.1779,40.3508],[-99.1779,40.6609],[-99.4184,40.6712],[-99.6445,40.685]]]},"properties":{"fips":"31137","name":"Phelps","state":"Nebraska"}},
{"type":"Feature","geometry":{"type":"Polygon","coordinates":[[[-97.0207,42.0904],[-97.0207,41.7434],[-96.9058,41.7425],[-96.5541,41.7416],[-96.5541,42.0157],[-96.8233,42.0904],[-97.0207,42.0904]]]},"properties":{"fips":"31039","name":"Cuming","state":"Nebraska"}},
{"type":"Feature","geometry":{"type":"Polygon","coordinates":[[[-82.5738,35.1441],[-82.764,35.0685],[-82.5379,35.0161],[-82.4877,34.8193],[-82.4553,34.6252],[-82.3154,34.4843],[-82.1467,34.7858],[-82.2256,34.8503],[-82.2149,35.1965],[-82.3548,35.1922],[-82.5738,35.1441]]]},"properties":{"fips":"45045","name":"Greenville","state":"South Carolina"}},
{"type":"Feature","geometry":{"type":"Polygon","coordinates":[[[-100.6567,32.9638],[-100.6602,32.5256],[-100.147,32.5231],[-100.1434,32.9603],[-100.5203,32.9629],[-100.6567,32.9638]]]},"properties":{"fips":"48151","name":"Fisher","state":"Texas"}},
{"type":"Feature","geometry":{"type":"Polygon","coordinates":[[[-78.4964,36.1749],[-78.5466,36.022],[-78.2559,35.8184],[-78.0082,36.2024],[-78.3061,36.266],[-78.4964,36.1749]]]},"properties":{"fips":"37069","name":"Franklin","state":"North Carolina"}},
{"type":"Feature","geometry":{"type":"Polygon","coordinates":[[[-84.8027,41.4264],[-84.8027,41.2709],[-84.8027,41.2528],[-84.4582,41.2537],[-84.3433,41.1652],[-84.2285,41.1661],[-84.3433,41.4272],[-84.8027,41.4264]]]},"properties":{"fips":"39039","name":"Defiance","state":"Ohio"}},
{"type":"Feature","geometry":{"type":"Polygon","coordinates":[[[-87.2076,35.4336],[-87.2255,34.9997],[-87.2112,34.9989],[-86.8379,34.992],[-86.8271,35.2635],[-86.9599,35.4172],[-87.2076,35.4336]]]},"properties":{"fips":"47055","name":"Giles","state":"Tennessee"}},
{"type":"Feature","geometry":{"type":"Polygon","coordinates":[[[-99.4758,33.834],[-99.4758,33.7335],[-99.4722,33.3993],[-98.9553,33.3976],[-98.9517,33.834],[-99.4758,33.834]]]},"properties":{"fips":"48023","name":"Baylor","state":"Texas"}},
{"type":"Feature","geometry":{"type":"Polygon","coordinates":[[[-94.4903,32.3942],[-94.58,32.2026],[-94.5118,31.9741],[-94.0129,31.9819],[-94.0416,32.1958],[-94.0416,32.3925],[-94.3503,32.3263],[-94.4903,32.3942]]]},"properties":{"fips":"48365","name":"Panola","state":"Texas"}},
{"type":"Feature","geometry":{"type":"Polygon","coordinates":[[[-118.98,47.262],[-118.9836,46.9115],[-119.3676,46.9123],[-119.3676,46.7379],[-118.2119,46.7388],[-117.9714,46.8676],[-117.9606,47.2602],[-118.98,47.262]]]},"properties":{"fips":"53001","name":"Adams","state":"Washington"}},
{"type":"Feature","geometry":{"type":"Polygon","coordinates":[[[-94.1636,42.2098],[-94.1636,41.8636],[-93.8155,41.8636],[-93.697,41.8636],[-93.697,42.209],[-93.9303,42.2098],[-94.1636,42.2098]]]},"properties":{"fips":"19015","name":"Boone","state":"Iowa"}},
{"type":"Feature","geometry":{"type":"Polygon","coordinates":[[[-97.918,33.4337],[-97.979,33.4672],[-98.4205,33.4672],[-98.4205,33.3959],[-98.4277,33.0076],[-98.0544,33.0033],[-97.9216,33.0016],[-97.918,33.4337]]]},"properties":{"fips":"48237","name":"Jack","state":"Texas"}},
{"type":"Feature","geometry":{"type":"Polygon","coordinates":[[[-66.3143,18.1519],[-66.2569,18.0763],[-66.2246,18.0952],[-66.2174,18.1433],[-66.2425,18.1802],[-66.3143,18.1519]]]},"properties":{"fips":"72009","name":"Aibonito","state":"Puerto Rico"}},
{"type":"Feature","geometry":{"type":"Polygon","coordinates":[[[-96.3567,38.1722],[-96.3531,38.5219],[-96.8197,38.5227],[-96.8412,38.0855],[-96.5218,38.0863],[-96.3567,38.1722]]]},"properties":{"fips":"20017","name":"Chase","state":"Kansas"}},
{"type":"Feature","geometry":{"type":"Polygon","coordinates":[[[-98.18,31.4638],[-97.9073,31.0695],[-97.4191,31.3204],[-97.6058,31.5875],[-97.7673,31.6726],[-98.18,31.4638]]]},"properties":{"fips":"48099","name":"Coryell","state":"Texas"}},
{"type":"Feature","geometry":{"type":"Polygon","coordinates":[[[-84.8386,43.1187],[-84.8386,42.7708],[-84.6017,42.7699],[-84.3649,42.7759],[-84.3684,43.1178],[-84.8386,43.1187]]]},"properties":{"fips":"26037","name":"Clinton","state":"Michigan"}},
{"type":"Feature","geometry":{"type":"Polygon","coordinates":[[[-95.9619,37.7341],[-95.524,37.7324],[-95.5204,38.0382],[-95.9583,38.0399],[-95.9619,37.7341]]]},"properties":{"fips":"20207","name":"Woodson","state":"Kansas"}},
{"type":"Feature","geometry":{"type":"Polygon","coordinates":[[[-88.9412,42.1523],[-88.9412,41.892],[-88.9376,41.6282],[-88.6038,41.6317],[-88.6002,41.7193],[-88.5895,42.154],[-88.7043,42.154],[-88.9412,42.1523]]]},"properties":{"fips":"17037","name":"DeKalb","state":"Illinois"}},
{"type":"Feature","geometry":{"type":"Polygon","coordinates":[[[-94.4723,40.8998],[-94.4723,40.5707],[-94.2318,40.5716],[-94.0165,40.5742],[-94.0165,40.8972],[-94.4723,40.8998]]]},"properties":{"fips":"19159","name":"Ringgold","state":"Iowa"}},
{"type":"Feature","geometry":{"type":"Polygon","coordinates":[[[-95.5563,41.8636],[-95.4988,41.5063],[-95.1543,41.5054],[-95.0394,41.5045],[-95.0933,41.8636],[-95.5563,41.8636]]]},"properties":{"fips":"19165","name":"Shelby","state":"Iowa"}},
{"type":"Feature","geometry":{"type":"Polygon","coordinates":[[[-120.6777,36.2677],[-120.649,36.1079],[-120.3152,35.9069],[-119.9599,36.1818],[-119.9599,36.4009],[-119.5722,36.4885],[-119.303,36.6603],[-118.9836,36.7419],[-118.3591,36.7445],[-118.438,37.0546],[-118.6462,37.1396],[-118.7754,37.4627],[-119.0231,37.5855],[-119.3138,37.3518],[-119.3282,37.2092],[-119.7015,37.0048],[-119.8127,36.8501],[-120.3691,36.7849],[-120.5413,37.0443],[-120.9182,36.7402],[-120.6024,36.4885],[-120.6777,36.2677]]]},"properties":{"fips":"06019","name":"Fresno","state":"California"}},
{"type":"Feature","geometry":{"type":"Polygon","coordinates":[[[-94.0165,40.8972],[-94.0129,41.1566],[-94.2426,41.1575],[-94.4723,41.1575],[-94.4723,40.8998],[-94.0165,40.8972]]]},"properties":{"fips":"19175","name":"Union","state":"Iowa"}},
{"type":"Feature","geometry":{"type":"Polygon","coordinates":[[[-89.6375,41.1489],[-89.6375,40.9736],[-89.4724,40.9212],[-89.0489,40.9255],[-89.1637,41.1042],[-89.4652,41.1489],[-89.6375,41.1489]]]},"properties":{"fips":"17123","name":"Marshall","state":"Illinois"}},
{"type":"Feature","geometry":{"type":"Polygon","coordinates":[[[-88.7438,40.0553],[-88.7474,39.7924],[-88.4746,39.7916],[-88.4638,39.8792],[-88.4602,40.2821],[-88.5751,40.2812],[-88.7438,40.0553]]]},"properties":{"fips":"17147","name":"Piatt","state":"Illinois"}},
{"type":"Feature","geometry":{"type":"Polygon","coordinates":[[[-94.4723,41.1575],[-94.702,41.1583],[-94.9281,41.1583],[-94.9281,40.9006],[-94.4723,40.8998],[-94.4723,41.1575]]]},"properties":{"fips":"19003","name":"Adams","state":"Iowa"}},
{"type":"Feature","geometry":{"type":"Polygon","coordinates":[[[-88.2592,38.8475],[-88.2521,38.5992],[-88.148,38.5691],[-87.9541,38.57],[-87.9111,38.57],[-87.9075,38.85],[-87.947,38.85],[-88.2592,38.8475]]]},"properties":{"fips":"17159","name":"Richland","state":"Illinois"}},
{"type":"Feature","geometry":{"type":"Polygon","coordinates":[[[-88.8407,35.4275],[-88.7833,35.248],[-88.6397,35.3614],[-88.3633,35.3812],[-88.3597,35.419],[-88.6146,35.5882],[-88.8407,35.4275]]]},"properties":{"fips":"47023","name":"Chester","state":"Tennessee"}},
{"type":"Feature","geometry":{"type":"Polygon","coordinates":[[[-85.2945,42.0715],[-85.2909,41.7597],[-85.1976,41.7597],[-84.8243,41.7597],[-84.8279,42.0724],[-85.2945,42.0715]]]},"properties":{"fips":"26023","name":"Branch","state":"Michigan"}},
{"type":"Feature","geometry":{"type":"Polygon","coordinates":[[[-80.0469,35.9206],[-80.0685,35.5057],[-79.767,35.5117],[-79.5552,35.5152],[-79.5408,35.8433],[-79.5408,35.9],[-80.0469,35.9206]]]},"properties":{"fips":"37151","name":"Randolph","state":"North Carolina"}},
{"type":"Feature","geometry":{"type":"Polygon","coordinates":[[[-102.0457,39.1335],[-102.0457,39.0468],[-102.0457,38.698],[-101.5683,38.6997],[-101.4858,38.7006],[-101.4786,39.1344],[-102.0457,39.1335]]]},"properties":{"fips":"20199","name":"Wallace","state":"Kansas"}},
{"type":"Feature","geometry":{"type":"Polygon","coordinates":[[[-85.2012,40.0046],[-85.2227,39.7881],[-85.0361,39.7151],[-84.8135,39.7263],[-84.8135,39.917],[-84.8099,40.0055],[-85.2012,40.0046]]]},"properties":{"fips":"18177","name":"Wayne","state":"Indiana"}},
{"type":"Feature","geometry":{"type":"Polygon","coordinates":[[[-77.556,36.7136],[-77.556,36.6749],[-77.5093,36.6826],[-77.5201,36.7127],[-77.556,36.7136]]]},"properties":{"fips":"51595","name":"Emporia","state":"Virginia"}},
{"type":"Feature","geometry":{"type":"Polygon","coordinates":[[[-100.5454,36.4997],[-100.5454,36.0564],[-100.5418,36.0564],[-99.9998,36.0555],[-100.0034,36.4997],[-100.5454,36.4997]]]},"properties":{"fips":"48295","name":"Lipscomb","state":"Texas"}},
{"type":"Feature","geometry":{"type":"Polygon","coordinates":[[[-86.2815,36.3476],[-86.138,36.2961],[-85.98,36.4258],[-86.2277,36.4876],[-86.2815,36.3476]]]},"properties":{"fips":"47169","name":"Trousdale","state":"Tennessee"}},
{"type":"Feature","geometry":{"type":"Polygon","coordinates":[[[-110.7498,37.0031],[-109.9996,36.9979],[-109.0448,36.9988],[-109.0448,37.485],[-109.0412,37.881],[-109.0412,38.1533],[-109.0592,38.5004],[-110.0247,38.5004],[-109.9278,38.1516],[-110.2185,37.893],[-110.4016,37.881],[-110.6457,37.5408],[-110.9831,37.1139],[-111.3492,37.0013],[-110.7498,37.0031]]]},"properties":{"fips":"49037","name":"San Juan","state":"Utah"}},
{"type":"Feature","geometry":{"type":"Polygon","coordinates":[[[-92.4085,41.1618],[-92.4121,41.5097],[-92.7566,41.5088],[-92.8715,41.5088],[-92.8715,41.1609],[-92.6418,41.1609],[-92.4085,41.1618]]]},"properties":{"fips":"19123","name":"Mahaska","state":"Iowa"}},
{"type":"Feature","geometry":{"type":"Polygon","coordinates":[[[-117.031,48.999],[-117.031,48.8469],[-116.7869,48.8478],[-116.7834,48.5007],[-116.0476,48.5024],[-116.0476,49.0007],[-117.031,48.999]]]},"properties":{"fips":"16021","name":"Boundary","state":"Idaho"}},
{"type":"Feature","geometry":{"type":"Polygon","coordinates":[[[-89.6016,40.3199],[-89.6016,40.1223],[-89.5765,39.9763],[-89.2176,39.917],[-89.1458,40.0484],[-89.1494,40.2821],[-89.2642,40.325],[-89.6016,40.3199]]]},"properties":{"fips":"17107","name":"Logan","state":"Illinois"}},
{"type":"Feature","geometry":{"type":"Polygon","coordinates":[[[-95.5024,38.7392],[-95.5096,38.4343],[-95.5096,38.3904],[-95.0645,38.3896],[-95.0574,38.7384],[-95.5024,38.7392]]]},"properties":{"fips":"20059","name":"Franklin","state":"Kansas"}},
{"type":"Feature","geometry":{"type":"Polygon","coordinates":[[[-93.374,32.4105],[-93.4278,32.2361],[-93.1873,32.1485],[-92.9397,32.1477],[-92.8141,32.1468],[-92.7782,32.4535],[-92.8822,32.5849],[-93.1802,32.5849],[-93.374,32.4105]]]},"properties":{"fips":"22013","name":"Bienville","state":"Louisiana"}},
{"type":"Feature","geometry":{"type":"Polygon","coordinates":[[[-121.0259,38.5081],[-121.0259,38.3002],[-120.9972,38.2255],[-120.4588,38.4471],[-120.0712,38.5098],[-120.0712,38.7031],[-120.3116,38.5459],[-121.0259,38.5081]]]},"properties":{"fips":"06005","name":"Amador","state":"California"}},
{"type":"Feature","geometry":{"type":"Polygon","coordinates":[[[-120.0712,38.7031],[-119.906,38.9334],[-120.003,39.0674],[-120.728,39.0038],[-121.0403,38.9153],[-121.1408,38.7117],[-121.0259,38.5081],[-120.3116,38.5459],[-120.0712,38.7031]]]},"properties":{"fips":"06017","name":"El Dorado","state":"California"}},
{"type":"Feature","geometry":{"type":"Polygon","coordinates":[[[-92.1572,36.2608],[-92.1967,36.1328],[-92.0782,35.9275],[-91.8485,35.8674],[-91.7121,35.9421],[-91.6906,36.2531],[-92.1572,36.2608]]]},"properties":{"fips":"05065","name":"Izard","state":"Arkansas"}},
{"type":"Feature","geometry":{"type":"Polygon","coordinates":[[[-79.3829,37.7419],[-79.3721,37.6955],[-79.3255,37.7436],[-79.3829,37.7419]]]},"properties":{"fips":"51530","name":"Buena Vista","state":"Virginia"}},
{"type":"Feature","geometry":{"type":"Polygon","coordinates":[[[-79.3434,36.5409],[-79.3973,36.644],[-79.4691,36.5409],[-79.3434,36.5409]]]},"properties":{"fips":"51590","name":"Danville","state":"Virginia"}},
{"type":"Feature","geometry":{"type":"Polygon","coordinates":[[[-80.9335,36.6715],[-80.9155,36.65],[-80.8796,36.6929],[-80.9191,36.6938],[-80.9335,36.6715]]]},"properties":{"fips":"51640","name":"Galax","state":"Virginia"}},
{"type":"Feature","geometry":{"type":"Polygon","coordinates":[[[-78.9163,38.4377],[-78.8804,38.4119],[-78.8266,38.4205],[-78.8696,38.4798],[-78.9163,38.4377]]]},"properties":{"fips":"51660","name":"Harrisonburg","state":"Virginia"}},
{"type":"Feature","geometry":{"type":"Polygon","coordinates":[[[-79.9034,36.6843],[-79.8316,36.6465],[-79.8388,36.7041],[-79.9034,36.6843]]]},"properties":{"fips":"51690","name":"Martinsville","state":"Virginia"}},
{"type":"Feature","geometry":{"type":"Polygon","coordinates":[[[-86.4682,41.1712],[-86.4682,40.9101],[-86.1703,40.9101],[-85.9477,40.9994],[-85.9441,41.0432],[-86.0769,41.1729],[-86.4682,41.1712]]]},"properties":{"fips":"18049","name":"Fulton","state":"Indiana"}},
{"type":"Feature","geometry":{"type":"Polygon","coordinates":[[[-94.2426,41.1575],[-94.2426,41.5037],[-94.702,41.5045],[-94.702,41.1583],[-94.4723,41.1575],[-94.2426,41.1575]]]},"properties":{"fips":"19001","name":"Adair","state":"Iowa"}},
{"type":"Feature","geometry":{"type":"Polygon","coordinates":[[[-121.6433,36.894],[-121.812,36.851],[-121.9412,36.4808],[-121.8766,36.2892],[-121.7186,36.1955],[-121.3453,35.7952],[-120.2147,35.7892],[-120.3152,35.9069],[-120.649,36.1079],[-120.6777,36.2677],[-120.9541,36.2754],[-121.3274,36.5546],[-121.6433,36.894]]]},"properties":{"fips":"06053","name":"Monterey","state":"California"}},
{"type":"Feature","geometry":{"type":"Polygon","coordinates":[[[-91.2635,38.9926],[-91.4178,38.71],[-91.3676,38.6997],[-90.9656,38.5476],[-90.9584,38.8707],[-91.2635,38.9926]]]},"properties":{"fips":"29219","name":"Warren","state":"Missouri"}},
{"type":"Feature","geometry":{"type":"Polygon","coordinates":[[[-80.8725,36.2359],[-80.8832,36.0555],[-80.693,36.0512],[-80.4956,36.0469],[-80.4525,36.2411],[-80.8725,36.2359]]]},"properties":{"fips":"37197","name":"Yadkin","state":"North Carolina"}},
{"type":"Feature","geometry":{"type":"Polygon","coordinates":[[[-84.8458,43.4658],[-84.8386,43.1187],[-84.3684,43.1178],[-84.3684,43.1282],[-84.3684,43.4658],[-84.6089,43.4658],[-84.8458,43.4658]]]},"properties":{"fips":"26057","name":"Gratiot","state":"Michigan"}},
{"type":"Feature","geometry":{"type":"Polygon","coordinates":[[[-83.9054,37.5425],[-83.8839,37.5176],[-83.5788,37.5065],[-83.5214,37.6388],[-83.708,37.7161],[-83.7224,37.7161],[-83.9054,37.5425]]]},"properties":{"fips":"21129","name":"Lee","state":"Kentucky"}},
{"type":"Feature","geometry":{"type":"Polygon","coordinates":[[[-95.524,37.7324],[-95.524,37.3836],[-95.5204,37.3836],[-95.0897,37.3836],[-95.0897,37.6748],[-95.0897,37.7324],[-95.524,37.7324]]]},"properties":{"fips":"20133","name":"Neosho","state":"Kansas"}},
{"type":"Feature","geometry":{"type":"Polygon","coordinates":[[[-84.8386,43.1187],[-85.3124,43.1187],[-85.3088,42.7699],[-85.0755,42.7708],[-84.8386,42.7708],[-84.8386,43.1187]]]},"properties":{"fips":"26067","name":"Ionia","state":"Michigan"}},
{"type":"Feature","geometry":{"type":"Polygon","coordinates":[[[-85.7647,42.4203],[-85.7647,42.0689],[-85.2945,42.0715],[-85.2981,42.4194],[-85.5421,42.4211],[-85.7647,42.4203]]]},"properties":{"fips":"26077","name":"Kalamazoo","state":"Michigan"}},
{"type":"Feature","geometry":{"type":"Polygon","coordinates":[[[-87.4947,37.6474],[-87.3763,37.57],[-87.2973,37.3922],[-87.0999,37.4163],[-87.0389,37.5606],[-87.4086,37.6834],[-87.4947,37.6474]]]},"properties":{"fips":"21149","name":"McLean","state":"Kentucky"}},
{"type":"Feature","geometry":{"type":"Polygon","coordinates":[[[-95.463,44.196],[-95.463,43.848],[-95.4522,43.848],[-94.8599,43.848],[-94.8599,44.1083],[-95.1076,44.1951],[-95.463,44.196]]]},"properties":{"fips":"27033","name":"Cottonwood","state":"Minnesota"}},
{"type":"Feature","geometry":{"type":"Polygon","coordinates":[[[-85.5637,43.8154],[-85.5637,44.165],[-85.8221,44.1642],[-86.0446,44.1668],[-86.0375,43.8154],[-85.5637,43.8154]]]},"properties":{"fips":"26085","name":"Lake","state":"Michigan"}},
{"type":"Feature","geometry":{"type":"Polygon","coordinates":[[[-86.3856,44.1788],[-86.5148,44.0482],[-86.4323,43.8197],[-86.0375,43.8154],[-86.0446,44.1668],[-86.3856,44.1788]]]},"properties":{"fips":"26105","name":"Mason","state":"Michigan"}},
{"type":"Feature","geometry":{"type":"Polygon","coordinates":[[[-85.5637,43.4683],[-85.0863,43.4658],[-85.0899,43.8137],[-85.5637,43.8154],[-85.5637,43.4683]]]},"properties":{"fips":"26107","name":"Mecosta","state":"Michigan"}},
{"type":"Feature","geometry":{"type":"Polygon","coordinates":[[[-86.0411,43.4675],[-86.461,43.4726],[-86.2708,43.1187],[-85.9082,43.1187],[-85.7898,43.2055],[-85.7898,43.2931],[-86.0375,43.2931],[-86.0411,43.4675]]]},"properties":{"fips":"26121","name":"Muskegon","state":"Michigan"}},
{"type":"Feature","geometry":{"type":"Polygon","coordinates":[[[-93.6468,43.848],[-93.6468,43.4993],[-93.496,43.4993],[-93.0509,43.4993],[-93.0509,43.848],[-93.4063,43.848],[-93.6468,43.848]]]},"properties":{"fips":"27047","name":"Freeborn","state":"Minnesota"}},
{"type":"Feature","geometry":{"type":"Polygon","coordinates":[[[-89.2499,39.0279],[-89.2535,38.7418],[-89.1386,38.7366],[-89.1386,38.8243],[-88.6935,38.826],[-88.6935,38.9145],[-88.8048,39.216],[-89.1386,39.2177],[-89.2499,39.0279]]]},"properties":{"fips":"17051","name":"Fayette","state":"Illinois"}},
{"type":"Feature","geometry":{"type":"Polygon","coordinates":[[[-88.6935,38.9145],[-88.3633,38.911],[-88.3597,39.1713],[-88.471,39.2151],[-88.8048,39.216],[-88.6935,38.9145]]]},"properties":{"fips":"17049","name":"Effingham","state":"Illinois"}},
{"type":"Feature","geometry":{"type":"Polygon","coordinates":[[[-93.7652,45.8222],[-94.2713,45.7749],[-94.1493,45.5593],[-93.758,45.5593],[-93.7652,45.8222]]]},"properties":{"fips":"27009","name":"Benton","state":"Minnesota"}},
{"type":"Feature","geometry":{"type":"Polygon","coordinates":[[[-101.091,34.748],[-100.9438,34.748],[-100.5418,34.748],[-100.5382,35.1836],[-101.0874,35.1819],[-101.091,34.748]]]},"properties":{"fips":"48129","name":"Donley","state":"Texas"}},
{"type":"Feature","geometry":{"type":"Polygon","coordinates":[[[-95.768,46.1074],[-95.7573,45.7603],[-95.1399,45.7586],[-95.1399,45.7732],[-95.1471,46.1065],[-95.768,46.1074]]]},"properties":{"fips":"27041","name":"Douglas","state":"Minnesota"}},
{"type":"Feature","geometry":{"type":"Polygon","coordinates":[[[-98.2088,35.7248],[-97.674,35.7256],[-97.674,36.1646],[-98.1047,36.1646],[-98.2088,36.1646],[-98.2088,35.7248]]]},"properties":{"fips":"40073","name":"Kingfisher","state":"Oklahoma"}},
{"type":"Feature","geometry":{"type":"Polygon","coordinates":[[[-89.153,36.205],[-89.1889,35.9997],[-88.9161,35.7969],[-88.7079,35.7909],[-88.6935,36.0624],[-88.9591,36.223],[-89.153,36.205]]]},"properties":{"fips":"47053","name":"Gibson","state":"Tennessee"}},
{"type":"Feature","geometry":{"type":"Polygon","coordinates":[[[-88.2126,36.1199],[-88.1767,35.8459],[-87.9721,35.8158],[-87.9613,35.8408],[-87.9506,36.2428],[-87.9793,36.3536],[-87.99,36.3605],[-88.2126,36.1199]]]},"properties":{"fips":"47005","name":"Benton","state":"Tennessee"}},
{"type":"Feature","geometry":{"type":"Polygon","coordinates":[[[-81.2242,33.4397],[-81.1919,33.1184],[-81.0806,33.0265],[-80.7971,33.1768],[-81.2242,33.4397]]]},"properties":{"fips":"45009","name":"Bamberg","state":"South Carolina"}},
{"type":"Feature","geometry":{"type":"Polygon","coordinates":[[[-98.801,28.647],[-98.3344,28.6126],[-98.0975,28.787],[-98.1908,28.8824],[-98.4062,29.1143],[-98.8046,29.2509],[-98.8046,29.0903],[-98.801,28.6478],[-98.801,28.647]]]},"properties":{"fips":"48013","name":"Atascosa","state":"Texas"}},
{"type":"Feature","geometry":{"type":"Polygon","coordinates":[[[-97.4012,43.5001],[-97.6058,43.5001],[-97.9647,43.4993],[-98.1154,43.4984],[-98.1083,43.1969],[-98.076,43.1685],[-97.6381,43.1685],[-97.3976,43.1694],[-97.4012,43.5001]]]},"properties":{"fips":"46067","name":"Hutchinson","state":"South Dakota"}},
{"type":"Feature","geometry":{"type":"Polygon","coordinates":[[[-103.5676,44.604],[-102.9646,44.604],[-102.9574,45.0396],[-102.9574,45.2131],[-104.0414,45.2131],[-104.0593,44.9975],[-104.0557,44.5714],[-103.5676,44.604]]]},"properties":{"fips":"46019","name":"Butte","state":"South Dakota"}},
{"type":"Feature","geometry":{"type":"MultiPolygon","coordinates":[[[[-133.5992,57.8602],[-133.5525,57.7734],[-133.007,57.7158],[-132.648,57.6093],[-133.1757,58.1505],[-133.5992,57.8602]]],[[[-134.7837,58.0964],[-134.7334,57.7219],[-134.6078,57.5131],[-134.6473,57.2262],[-134.4965,57.0312],[-133.872,57.3585],[-133.9043,57.8078],[-134.1771,58.1583],[-134.7837,58.0964]]],[[[-135.1067,57.7683],[-134.9667,58.0474],[-135.4513,58.1342],[-135.7851,58.2871],[-135.9753,58.2021],[-136.3988,58.2717],[-136.5747,57.9272],[-136.3701,57.8318],[-136.0256,57.8387],[-135.9035,58.0011],[-135.2754,57.7734],[-135.1067,57.7683]]],[[[-137.9422,58.8094],[-137.6802,58.6222],[-136.5963,58.215],[-136.0435,58.3799],[-135.4477,58.3997],[-135.4046,58.6187],[-135.7456,58.7295],[-135.5661,58.9632],[-135.8963,59.1762],[-136.4886,59.2596],[-137.5259,58.9091],[-137.9422,58.8094]]]]},"properties":{"fips":"02105","name":"Hoonah-Angoon","state":"Alaska"}},
{"type":"Feature","geometry":{"type":"Polygon","coordinates":[[[-99.2999,44.1951],[-98.9266,44.1968],[-98.7005,44.1968],[-98.7041,44.6341],[-98.7149,44.897],[-99.3107,44.897],[-99.2999,44.1951]]]},"properties":{"fips":"46059","name":"Hand","state":"South Dakota"}},
{"type":"Feature","geometry":{"type":"Polygon","coordinates":[[[-97.1284,44.196],[-97.1284,44.543],[-97.4909,44.5439],[-97.8534,44.5447],[-97.8534,44.1951],[-97.8498,44.1951],[-97.3689,44.1951],[-97.1284,44.196]]]},"properties":{"fips":"46077","name":"Kingsbury","state":"South Dakota"}},
{"type":"Feature","geometry":{"type":"Polygon","coordinates":[[[-87.6598,35.6097],[-87.7173,35.4834],[-87.5737,35.3983],[-87.2937,35.4447],[-87.3404,35.6595],[-87.6598,35.6097]]]},"properties":{"fips":"47101","name":"Lewis","state":"Tennessee"}},
{"type":"Feature","geometry":{"type":"Polygon","coordinates":[[[-90.0431,45.3815],[-90.0431,45.1203],[-89.4258,45.1195],[-89.4258,45.4674],[-89.4293,45.555],[-90.0431,45.555],[-90.0431,45.3815]]]},"properties":{"fips":"55069","name":"Lincoln","state":"Wisconsin"}},
{"type":"Feature","geometry":{"type":"Polygon","coordinates":[[[-88.6146,35.5882],[-88.6074,35.7892],[-88.7079,35.7909],[-88.9161,35.7969],[-89.0704,35.693],[-89.0776,35.4318],[-88.8407,35.4275],[-88.6146,35.5882]]]},"properties":{"fips":"47113","name":"Madison","state":"Tennessee"}},
{"type":"Feature","geometry":{"type":"Polygon","coordinates":[[[-78.5215,38.0262],[-78.4533,38.0219],[-78.4856,38.0692],[-78.5215,38.0262]]]},"properties":{"fips":"51540","name":"Charlottesville","state":"Virginia"}},
{"type":"Feature","geometry":{"type":"Polygon","coordinates":[[[-109.655,46.2191],[-109.4181,46.0447],[-109.4145,46.1323],[-108.9228,46.1323],[-108.7792,46.1323],[-109.0089,46.7508],[-109.3894,46.6933],[-109.4038,46.2199],[-109.655,46.2191]]]},"properties":{"fips":"30037","name":"Golden Valley","state":"Montana"}},
{"type":"Feature","geometry":{"type":"Polygon","coordinates":[[[-106.0765,42.4332],[-106.0729,42.4332],[-105.2833,42.4315],[-105.2868,42.6058],[-104.892,42.6093],[-104.8992,43.4993],[-105.0787,43.4984],[-106.0191,43.495],[-106.0765,43.4941],[-106.0765,42.4332]]]},"properties":{"fips":"56009","name":"Converse","state":"Wyoming"}},
{"type":"Feature","geometry":{"type":"Polygon","coordinates":[[[-82.6815,36.4318],[-82.703,36.4103],[-82.5953,36.0959],[-82.3405,36.2531],[-82.301,36.3966],[-82.6815,36.4318]]]},"properties":{"fips":"47179","name":"Washington","state":"Tennessee"}},
{"type":"Feature","geometry":{"type":"Polygon","coordinates":[[[-90.0431,45.3815],[-90.6784,45.378],[-90.9261,45.2921],[-90.9225,45.031],[-90.3159,45.0335],[-90.0431,45.1203],[-90.0431,45.3815]]]},"properties":{"fips":"55119","name":"Taylor","state":"Wisconsin"}},
{"type":"Feature","geometry":{"type":"Polygon","coordinates":[[[-111.0441,45.0018],[-111.0548,44.6659],[-110.6672,44.6659],[-110.3801,44.5834],[-110.2006,44.3205],[-110.2006,44.3197],[-110.0534,44.0078],[-109.5617,43.9546],[-109.314,43.8137],[-109.0951,43.818],[-108.5495,44.0791],[-108.5495,44.1685],[-108.6213,45],[-109.7986,45.0018],[-111.0441,45.0018]]]},"properties":{"fips":"56029","name":"Park","state":"Wyoming"}},
{"type":"Feature","geometry":{"type":"Polygon","coordinates":[[[-96.0516,43.8489],[-95.463,43.848],[-95.463,44.196],[-95.5922,44.1951],[-96.0624,44.1968],[-96.066,43.8489],[-96.0516,43.8489]]]},"properties":{"fips":"27101","name":"Murray","state":"Minnesota"}},
{"type":"Feature","geometry":{"type":"Polygon","coordinates":[[[-88.5356,43.196],[-88.5428,42.8429],[-88.3059,42.8421],[-88.069,42.8429],[-88.0618,43.1917],[-88.4172,43.1943],[-88.5356,43.196]]]},"properties":{"fips":"55133","name":"Waukesha","state":"Wisconsin"}},
{"type":"Feature","geometry":{"type":"Polygon","coordinates":[[[-96.066,43.8489],[-96.0624,44.1968],[-96.0803,44.1968],[-96.4536,44.1968],[-96.4536,43.8498],[-96.066,43.8489]]]},"properties":{"fips":"27117","name":"Pipestone","state":"Minnesota"}},
{"type":"Feature","geometry":{"type":"Polygon","coordinates":[[[-77.2868,38.3492],[-77.3262,38.2453],[-77.1145,38.1499],[-77.0606,38.1619],[-76.996,38.2779],[-77.2868,38.3492]]]},"properties":{"fips":"51099","name":"King George","state":"Virginia"}},
{"type":"Feature","geometry":{"type":"Polygon","coordinates":[[[-113.9442,45.6864],[-113.7396,45.3299],[-113.4525,45.0593],[-113.4561,44.8652],[-113.133,44.7733],[-113.0038,44.4511],[-112.8136,44.3772],[-112.4726,44.4803],[-111.6184,44.549],[-111.482,44.7088],[-112.1675,44.8265],[-112.1926,45.0009],[-112.4583,45.0885],[-112.4654,45.3935],[-112.6916,45.4837],[-112.688,45.6246],[-112.7598,45.7483],[-113.0864,45.8608],[-113.3628,45.7577],[-113.5171,45.939],[-113.9442,45.6864]]]},"properties":{"fips":"30001","name":"Beaverhead","state":"Montana"}},
{"type":"Feature","geometry":{"type":"Polygon","coordinates":[[[-109.3894,46.6933],[-109.7448,46.6941],[-109.9709,46.7525],[-110.2724,46.7104],[-110.2831,46.2208],[-109.655,46.2191],[-109.4038,46.2199],[-109.3894,46.6933]]]},"properties":{"fips":"30107","name":"Wheatland","state":"Montana"}},
{"type":"Feature","geometry":{"type":"Polygon","coordinates":[[[-93.0653,37.089],[-93.6073,37.0984],[-93.6109,36.9962],[-93.3381,36.9928],[-93.3058,36.8166],[-92.911,36.8089],[-92.9038,37.0709],[-93.0653,37.089]]]},"properties":{"fips":"29043","name":"Christian","state":"Missouri"}},
{"type":"Feature","geometry":{"type":"Polygon","coordinates":[[[-93.0509,38.9282],[-93.0617,38.6928],[-92.8392,38.6842],[-92.6166,38.6799],[-92.4982,38.9222],[-92.5592,38.9703],[-92.9361,39.0648],[-93.0509,38.9282]]]},"properties":{"fips":"29053","name":"Cooper","state":"Missouri"}},
{"type":"Feature","geometry":{"type":"Polygon","coordinates":[[[-97.9324,39.6541],[-97.9324,39.5665],[-97.9288,39.3062],[-97.3689,39.3062],[-97.3689,39.5674],[-97.3689,39.6541],[-97.9324,39.6541]]]},"properties":{"fips":"20029","name":"Cloud","state":"Kansas"}},
{"type":"Feature","geometry":{"type":"Polygon","coordinates":[[[-76.9386,38.0769],[-76.9063,37.9987],[-76.6407,37.7925],[-76.5079,37.8389],[-76.6335,37.9669],[-76.9386,38.0769]]]},"properties":{"fips":"51159","name":"Richmond","state":"Virginia"}},
{"type":"Feature","geometry":{"type":"Polygon","coordinates":[[[-89.1889,35.9997],[-89.3432,35.8811],[-89.3576,35.8176],[-89.0704,35.693],[-88.9161,35.7969],[-89.1889,35.9997]]]},"properties":{"fips":"47033","name":"Crockett","state":"Tennessee"}},
{"type":"Feature","geometry":{"type":"Polygon","coordinates":[[[-86.6943,39.923],[-86.6943,39.8646],[-86.6584,39.6017],[-86.3246,39.6318],[-86.3246,39.9239],[-86.6943,39.923]]]},"properties":{"fips":"18063","name":"Hendricks","state":"Indiana"}},
{"type":"Feature","geometry":{"type":"Polygon","coordinates":[[[-100.2439,38.2624],[-100.2259,38.2624],[-99.5835,38.2624],[-99.5835,38.3492],[-99.5835,38.6963],[-99.5978,38.6963],[-100.1542,38.6971],[-100.2475,38.698],[-100.2439,38.2624]]]},"properties":{"fips":"20135","name":"Ness","state":"Kansas"}},
{"type":"Feature","geometry":{"type":"Polygon","coordinates":[[[-88.6038,41.6317],[-88.5966,41.4573],[-88.2521,41.4633],[-88.2628,41.7245],[-88.6002,41.7193],[-88.6038,41.6317]]]},"properties":{"fips":"17093","name":"Kendall","state":"Illinois"}},
{"type":"Feature","geometry":{"type":"Polygon","coordinates":[[[-86.9312,41.2365],[-86.9312,41.1721],[-86.4682,41.1712],[-86.4682,41.4332],[-86.5256,41.4332],[-86.9312,41.2365]]]},"properties":{"fips":"18149","name":"Starke","state":"Indiana"}},
{"type":"Feature","geometry":{"type":"Polygon","coordinates":[[[-85.9513,39.3474],[-85.6857,39.35],[-85.6283,39.4531],[-85.6319,39.6988],[-85.9513,39.6971],[-85.9513,39.6387],[-85.9513,39.3474]]]},"properties":{"fips":"18145","name":"Shelby","state":"Indiana"}},
{"type":"Feature","geometry":{"type":"Polygon","coordinates":[[[-92.6884,37.4816],[-92.2505,37.473],[-92.2505,37.6044],[-92.4085,37.8595],[-92.8571,37.8956],[-92.8535,37.4841],[-92.6884,37.4816]]]},"properties":{"fips":"29105","name":"Laclede","state":"Missouri"}},
{"type":"Feature","geometry":{"type":"Polygon","coordinates":[[[-93.7616,39.9599],[-93.758,39.7847],[-93.758,39.6112],[-93.2771,39.6155],[-93.2663,39.7039],[-93.3632,39.9677],[-93.7616,39.9599]]]},"properties":{"fips":"29117","name":"Livingston","state":"Missouri"}},
{"type":"Feature","geometry":{"type":"Polygon","coordinates":[[[-84.372,44.8549],[-84.3649,45.1985],[-84.7346,45.2019],[-84.8566,45.1169],[-84.8458,44.8583],[-84.372,44.8549]]]},"properties":{"fips":"26137","name":"Otsego","state":"Michigan"}},
{"type":"Feature","geometry":{"type":"Polygon","coordinates":[[[-101.3243,40.0029],[-100.7572,40.002],[-100.7572,40.3491],[-100.7787,40.3491],[-101.3243,40.3508],[-101.3243,40.0029]]]},"properties":{"fips":"31087","name":"Hitchcock","state":"Nebraska"}},
{"type":"Feature","geometry":{"type":"Polygon","coordinates":[[[-84.372,44.5069],[-84.8494,44.5112],[-84.853,44.1616],[-84.6089,44.1607],[-84.3684,44.1607],[-84.372,44.5069]]]},"properties":{"fips":"26143","name":"Roscommon","state":"Michigan"}},
{"type":"Feature","geometry":{"type":"Polygon","coordinates":[[[-94.6159,37.6534],[-94.6159,37.3639],[-94.0811,37.3493],[-94.0739,37.5812],[-94.0739,37.6396],[-94.6159,37.6534]]]},"properties":{"fips":"29011","name":"Barton","state":"Missouri"}},
{"type":"Feature","geometry":{"type":"Polygon","coordinates":[[[-101.4714,34.7472],[-101.4714,34.3125],[-101.0407,34.3125],[-100.9474,34.3125],[-100.9438,34.748],[-101.091,34.748],[-101.4714,34.7472]]]},"properties":{"fips":"48045","name":"Briscoe","state":"Texas"}},
{"type":"Feature","geometry":{"type":"Polygon","coordinates":[[[-84.1315,42.4246],[-84.1315,42.0715],[-83.7726,42.0827],[-83.5393,42.0853],[-83.5537,42.4349],[-83.6649,42.4315],[-84.1315,42.4246]]]},"properties":{"fips":"26161","name":"Washtenaw","state":"Michigan"}},
{"type":"Feature","geometry":{"type":"Polygon","coordinates":[[[-85.3088,42.7699],[-85.5457,42.7682],[-85.5421,42.4211],[-85.2981,42.4194],[-85.0719,42.4211],[-85.0755,42.7708],[-85.3088,42.7699]]]},"properties":{"fips":"26015","name":"Barry","state":"Michigan"}},
{"type":"Feature","geometry":{"type":"Polygon","coordinates":[[[-107.6091,32.6055],[-107.925,32.6047],[-108.2301,32.517],[-108.2157,31.8642],[-108.2085,31.7834],[-107.2969,31.7834],[-107.3004,32.6055],[-107.6091,32.6055]]]},"properties":{"fips":"35029","name":"Luna","state":"New Mexico"}},
{"type":"Feature","geometry":{"type":"Polygon","coordinates":[[[-82.7712,36.8003],[-82.9866,36.5941],[-82.8322,36.5941],[-82.6097,36.5941],[-82.2938,36.5959],[-82.3333,36.7093],[-82.4051,36.8768],[-82.7712,36.8003]]]},"properties":{"fips":"51169","name":"Scott","state":"Virginia"}},
{"type":"Feature","geometry":{"type":"Polygon","coordinates":[[[-71.7664,44.4064],[-71.4147,44.2123],[-71.0091,44.2853],[-71.0845,45.3059],[-71.3644,45.2664],[-71.5008,45.0138],[-71.6264,44.7475],[-71.5762,44.5027],[-71.7664,44.4064]]]},"properties":{"fips":"33007","name":"Coos","state":"New Hampshire"}},
{"type":"Feature","geometry":{"type":"Polygon","coordinates":[[[-99.526,48.999],[-99.4937,48.5445],[-99.4937,48.371],[-99.1994,48.371],[-98.9697,48.5445],[-98.9984,48.9998],[-99.526,48.999]]]},"properties":{"fips":"38095","name":"Towner","state":"North Dakota"}},
{"type":"Feature","geometry":{"type":"Polygon","coordinates":[[[-94.0703,36.7479],[-94.0631,36.9318],[-94.0595,37.0477],[-94.6195,37.0572],[-94.6195,36.9988],[-94.6195,36.7668],[-94.0703,36.7479]]]},"properties":{"fips":"29145","name":"Newton","state":"Missouri"}},
{"type":"Feature","geometry":{"type":"MultiPolygon","coordinates":[[[[-133.3264,57.0114],[-133.5023,56.8783],[-133.4126,56.4943],[-132.8167,56.4951],[-132.5404,56.5845],[-132.9352,56.8233],[-133.1039,57.0054],[-133.3264,57.0114]]],[[[-132.1204,56.8912],[-132.0522,57.0509],[-132.648,57.6093],[-133.007,57.7158],[-133.5525,57.7734],[-133.6782,57.6248],[-133.3551,57.3336],[-133.3228,57.1128],[-132.9172,57.0398],[-132.5511,56.7142],[-132.1204,56.8912]]]]},"properties":{"fips":"02195","name":"Petersburg","state":"Alaska"}},
{"type":"Feature","geometry":{"type":"Polygon","coordinates":[[[-97.0207,42.0904],[-97.3689,42.0913],[-97.3689,41.7434],[-97.254,41.7434],[-97.0207,41.7434],[-97.0207,42.0904]]]},"properties":{"fips":"31167","name":"Stanton","state":"Nebraska"}},
{"type":"Feature","geometry":{"type":"Polygon","coordinates":[[[-96.8233,42.0904],[-96.8233,42.2639],[-97.0171,42.3516],[-97.3689,42.3516],[-97.3689,42.0913],[-97.0207,42.0904],[-96.8233,42.0904]]]},"properties":{"fips":"31179","name":"Wayne","state":"Nebraska"}},
{"type":"Feature","geometry":{"type":"Polygon","coordinates":[[[-87.5916,45.0954],[-87.265,45.5507],[-87.3691,45.9854],[-87.6168,45.9862],[-87.6957,45.7234],[-87.8465,45.7225],[-87.7747,45.598],[-87.8501,45.3411],[-87.5916,45.0954]]]},"properties":{"fips":"26109","name":"Menominee","state":"Michigan"}},
{"type":"Feature","geometry":{"type":"Polygon","coordinates":[[[-97.778,28.6676],[-97.6955,28.5413],[-97.376,28.3884],[-97.1607,28.5533],[-97.1607,28.7758],[-97.3043,28.8643],[-97.5735,28.8136],[-97.778,28.6676]]]},"properties":{"fips":"48175","name":"Goliad","state":"Texas"}},
{"type":"Feature","geometry":{"type":"Polygon","coordinates":[[[-97.6811,46.6297],[-98.0329,46.6305],[-98.0329,46.2826],[-98.0078,46.2826],[-97.2791,46.2826],[-97.2791,46.6297],[-97.6811,46.6297]]]},"properties":{"fips":"38073","name":"Ransom","state":"North Dakota"}},
{"type":"Feature","geometry":{"type":"Polygon","coordinates":[[[-100.5382,35.1836],[-100.5418,35.6191],[-101.0874,35.6191],[-101.0874,35.1819],[-100.5382,35.1836]]]},"properties":{"fips":"48179","name":"Gray","state":"Texas"}},
{"type":"Feature","geometry":{"type":"Polygon","coordinates":[[[-80.0003,41.4899],[-80.0003,41.1721],[-79.6952,41.1729],[-79.4762,41.3868],[-79.5121,41.6248],[-79.6126,41.6239],[-79.828,41.6222],[-80.0003,41.4899]]]},"properties":{"fips":"42121","name":"Venango","state":"Pennsylvania"}},
{"type":"Feature","geometry":{"type":"Polygon","coordinates":[[[-100.4162,34.3133],[-100.4162,34.7472],[-100.5418,34.748],[-100.9438,34.748],[-100.9474,34.3125],[-100.5167,34.3142],[-100.4162,34.3133]]]},"properties":{"fips":"48191","name":"Hall","state":"Texas"}},
{"type":"Feature","geometry":{"type":"Polygon","coordinates":[[[-93.6109,36.9962],[-93.6109,36.9232],[-93.5857,36.4988],[-93.3166,36.4988],[-93.3058,36.8166],[-93.3381,36.9928],[-93.6109,36.9962]]]},"properties":{"fips":"29209","name":"Stone","state":"Missouri"}},
{"type":"Feature","geometry":{"type":"Polygon","coordinates":[[[-84.0526,39.8508],[-84.1136,39.5777],[-83.9772,39.5691],[-83.6685,39.5502],[-83.6542,39.7168],[-83.647,39.7727],[-84.0526,39.8508]]]},"properties":{"fips":"39057","name":"Greene","state":"Ohio"}},
{"type":"Feature","geometry":{"type":"Polygon","coordinates":[[[-93.7616,39.9599],[-93.7652,40.1326],[-94.2175,40.1369],[-94.2175,40.0347],[-94.2067,39.789],[-93.758,39.7847],[-93.7616,39.9599]]]},"properties":{"fips":"29061","name":"Daviess","state":"Missouri"}},
{"type":"Feature","geometry":{"type":"Polygon","coordinates":[[[-92.351,40.5974],[-92.351,40.3465],[-92.3474,40.3027],[-91.949,40.301],[-91.9419,40.606],[-92.1787,40.6008],[-92.351,40.5974]]]},"properties":{"fips":"29199","name":"Scotland","state":"Missouri"}},
{"type":"Feature","geometry":{"type":"Polygon","coordinates":[[[-99.1958,32.0789],[-99.203,31.4673],[-99.0917,31.4613],[-98.9912,31.4845],[-98.6682,31.7009],[-98.923,32.0781],[-99.1204,32.0798],[-99.1958,32.0789]]]},"properties":{"fips":"48049","name":"Brown","state":"Texas"}},
{"type":"Feature","geometry":{"type":"Polygon","coordinates":[[[-103.0651,32.9595],[-103.0651,32.5222],[-102.2108,32.5231],[-102.2036,32.5231],[-102.2072,32.9586],[-102.5949,32.9586],[-103.0651,32.9595]]]},"properties":{"fips":"48165","name":"Gaines","state":"Texas"}},
{"type":"Feature","geometry":{"type":"Polygon","coordinates":[[[-97.2791,31.28],[-97.4191,31.3204],[-97.9073,31.0695],[-97.9108,31.0352],[-97.8283,30.9063],[-97.315,30.7525],[-97.071,30.9862],[-97.2791,31.28]]]},"properties":{"fips":"48027","name":"Bell","state":"Texas"}},
{"type":"Feature","geometry":{"type":"Polygon","coordinates":[[[-117.031,48.999],[-117.4294,49.0007],[-117.5622,48.8366],[-117.5012,48.6562],[-117.5012,48.1348],[-117.4366,48.0471],[-117.0418,48.0454],[-117.031,48.8469],[-117.031,48.999]]]},"properties":{"fips":"53051","name":"Pend Oreille","state":"Washington"}},
{"type":"Feature","geometry":{"type":"Polygon","coordinates":[[[-83.6506,31.5678],[-83.6542,31.3307],[-83.5142,31.3273],[-83.4352,31.3504],[-83.3383,31.4759],[-83.4998,31.5944],[-83.6506,31.5678]]]},"properties":{"fips":"13277","name":"Tift","state":"Georgia"}},
{"type":"Feature","geometry":{"type":"Polygon","coordinates":[[[-100.9617,30.7062],[-100.9617,30.2878],[-100.6997,30.2886],[-100.1147,30.2904],[-100.1147,30.7104],[-100.9617,30.7062]]]},"properties":{"fips":"48435","name":"Sutton","state":"Texas"}},
{"type":"Feature","geometry":{"type":"Polygon","coordinates":[[[-80.0756,37.4223],[-79.8459,37.3097],[-79.6916,37.4764],[-79.4978,37.5331],[-79.6736,37.7633],[-79.8172,37.8011],[-80.0218,37.6474],[-80.0756,37.4223]]]},"properties":{"fips":"51023","name":"Botetourt","state":"Virginia"}},
{"type":"Feature","geometry":{"type":"Polygon","coordinates":[[[-94.4005,31.6537],[-94.3108,31.5893],[-94.3251,31.225],[-94.1313,31.0996],[-94.038,31.134],[-93.9842,31.5695],[-94.4005,31.6537]]]},"properties":{"fips":"48405","name":"San Augustine","state":"Texas"}},
{"type":"Feature","geometry":{"type":"Polygon","coordinates":[[[-66.0523,18.1132],[-66.0523,18.1098],[-66.0092,18.0754],[-65.9267,18.1201],[-65.9267,18.1433],[-65.9518,18.2292],[-65.9984,18.2068],[-66.0523,18.1132]]]},"properties":{"fips":"72129","name":"San Lorenzo","state":"Puerto Rico"}},
{"type":"Feature","geometry":{"type":"Polygon","coordinates":[[[-66.3645,18.3331],[-66.3179,18.3675],[-66.3035,18.3838],[-66.3143,18.4749],[-66.3502,18.486],[-66.3753,18.3443],[-66.3645,18.3331]]]},"properties":{"fips":"72143","name":"Vega Alta","state":"Puerto Rico"}},
{"type":"Feature","geometry":{"type":"Polygon","coordinates":[[[-93.0617,46.7663],[-93.0545,46.4192],[-92.2936,46.4175],[-92.2936,46.6632],[-92.3008,46.7646],[-93.0617,46.7663]]]},"properties":{"fips":"27017","name":"Carlton","state":"Minnesota"}},
{"type":"Feature","geometry":{"type":"Polygon","coordinates":[[[-83.4137,29.6667],[-83.3993,29.5172],[-83.166,29.2887],[-82.9363,29.5911],[-82.922,29.8239],[-83.3204,29.823],[-83.4137,29.6667]]]},"properties":{"fips":"12029","name":"Dixie","state":"Florida"}},
{"type":"Feature","geometry":{"type":"Polygon","coordinates":[[[-83.6793,33.5969],[-83.6829,33.5264],[-83.5321,33.4345],[-83.2809,33.4835],[-83.4065,33.6983],[-83.507,33.8177],[-83.6793,33.5969]]]},"properties":{"fips":"13211","name":"Morgan","state":"Georgia"}},
{"type":"Feature","geometry":{"type":"Polygon","coordinates":[[[-165.386,68.0349],[-164.0077,67.5358],[-163.7457,67.126],[-162.5002,66.9774],[-161.7105,67.0014],[-161.8828,66.7171],[-162.3243,66.943],[-162.6007,66.8983],[-161.8757,66.5118],[-161.1075,66.3288],[-161.549,66.2403],[-161.8398,66.023],[-162.7514,66.09],[-163.7672,66.0608],[-163.918,66.1905],[-163.7277,66.5848],[-164.3953,66.5813],[-164.2446,66.1303],[-164.2446,65.7833],[-163.9646,65.7833],[-163.7564,65.4371],[-161.4593,65.4371],[-159.801,65.4371],[-159.5929,65.5238],[-159.6036,65.9568],[-158.9719,65.9568],[-158.9719,66.1303],[-157.9059,66.1303],[-157.9059,66.4765],[-157.0516,66.4765],[-157.0516,66.303],[-156.6245,66.303],[-156.6245,66.4765],[-156.1974,66.4765],[-155.982,66.303],[-155.5549,66.303],[-155.5118,66.5633],[-154.8622,66.5633],[-154.8622,66.736],[-154.2089,66.736],[-154.1479,67.1689],[-154.7473,67.2557],[-154.7473,67.5151],[-155.3683,67.7754],[-155.318,67.9997],[-156.2369,68.0349],[-156.2369,68.1216],[-157.1557,68.1216],[-157.1557,68.2084],[-161.0896,68.2075],[-161.0896,68.2943],[-162.7227,68.2943],[-162.7227,68.2075],[-164.4994,68.2075],[-164.4994,68.0349],[-165.386,68.0349]]]},"properties":{"fips":"02188","name":"Northwest Arctic","state":"Alaska"}},
{"type":"Feature","geometry":{"type":"Polygon","coordinates":[[[-103.2302,46.6297],[-103.2302,46.9802],[-103.0328,46.9802],[-103.101,47.329],[-103.6681,47.329],[-103.6106,46.6297],[-103.2302,46.6297]]]},"properties":{"fips":"38007","name":"Billings","state":"North Dakota"}},
{"type":"Feature","geometry":{"type":"Polygon","coordinates":[[[-93.0617,46.7663],[-93.0545,47.0266],[-93.776,47.03],[-93.776,46.8032],[-93.7975,46.2431],[-93.4314,46.1538],[-93.0545,46.1581],[-93.0545,46.4192],[-93.0617,46.7663]]]},"properties":{"fips":"27001","name":"Aitkin","state":"Minnesota"}},
{"type":"Feature","geometry":{"type":"Polygon","coordinates":[[[-109.052,39.4978],[-109.052,39.3663],[-107.4297,39.3663],[-107.1138,39.3663],[-107.1138,39.9187],[-107.0348,39.9187],[-107.0384,40.0914],[-107.3184,40.0905],[-107.4332,39.8285],[-107.9393,39.8251],[-107.9393,39.6945],[-109.052,39.6601],[-109.052,39.4978]]]},"properties":{"fips":"08045","name":"Garfield","state":"Colorado"}},
{"type":"Feature","geometry":{"type":"Polygon","coordinates":[[[-95.5096,38.3904],[-95.5204,38.0382],[-95.0789,38.0374],[-95.0645,38.3896],[-95.5096,38.3904]]]},"properties":{"fips":"20003","name":"Anderson","state":"Kansas"}},
{"type":"Feature","geometry":{"type":"Polygon","coordinates":[[[-100.5203,33.8357],[-100.5167,33.3976],[-99.9926,33.3976],[-99.9962,33.8357],[-100.0501,33.8357],[-100.5203,33.8357]]]},"properties":{"fips":"48269","name":"King","state":"Texas"}},
{"type":"Feature","geometry":{"type":"Polygon","coordinates":[[[-98.6323,35.8124],[-99.3753,35.8124],[-99.3645,35.5092],[-99.3645,35.4653],[-98.6251,35.4645],[-98.6215,35.5512],[-98.6323,35.8124]]]},"properties":{"fips":"40039","name":"Custer","state":"Oklahoma"}},
{"type":"Feature","geometry":{"type":"Polygon","coordinates":[[[-83.1122,40.703],[-83.4209,40.6867],[-83.4173,40.5054],[-83.2486,40.4436],[-83.0225,40.4341],[-82.8574,40.7047],[-83.1122,40.703]]]},"properties":{"fips":"39101","name":"Marion","state":"Ohio"}},
{"type":"Feature","geometry":{"type":"Polygon","coordinates":[[[-90.4379,41.0638],[-90.4451,40.7151],[-89.9857,40.7125],[-89.9857,40.9745],[-89.9857,41.1497],[-90.4379,41.1515],[-90.4379,41.0638]]]},"properties":{"fips":"17095","name":"Knox","state":"Illinois"}},
{"type":"Feature","geometry":{"type":"Polygon","coordinates":[[[-83.8193,34.1278],[-83.7977,33.9302],[-83.647,33.9061],[-83.5357,33.9663],[-83.8193,34.1278]]]},"properties":{"fips":"13013","name":"Barrow","state":"Georgia"}},
{"type":"Feature","geometry":{"type":"Polygon","coordinates":[[[-88.9376,41.6282],[-89.1673,41.5853],[-89.1637,41.3104],[-89.1637,41.1042],[-89.0489,40.9255],[-88.9304,40.9281],[-88.9304,41.1059],[-88.5859,41.1085],[-88.5966,41.4573],[-88.6038,41.6317],[-88.9376,41.6282]]]},"properties":{"fips":"17099","name":"LaSalle","state":"Illinois"}},
{"type":"Feature","geometry":{"type":"Polygon","coordinates":[[[-86.1954,31.4398],[-86.1918,31.1924],[-85.7898,31.1967],[-85.7898,31.6176],[-86.1451,31.6176],[-86.1954,31.4398]]]},"properties":{"fips":"01031","name":"Coffee","state":"Alabama"}},
{"type":"Feature","geometry":{"type":"Polygon","coordinates":[[[-80.6786,27.2063],[-80.8868,26.9589],[-80.0792,26.9701],[-80.1977,27.263],[-80.2838,27.2063],[-80.6786,27.2063]]]},"properties":{"fips":"12085","name":"Martin","state":"Florida"}},
{"type":"Feature","geometry":{"type":"Polygon","coordinates":[[[-93.9303,42.2098],[-93.697,42.209],[-93.4637,42.209],[-93.4996,42.5577],[-93.9698,42.5577],[-93.9303,42.2098]]]},"properties":{"fips":"19079","name":"Hamilton","state":"Iowa"}},
{"type":"Feature","geometry":{"type":"Polygon","coordinates":[[[-93.0007,42.209],[-93.0258,42.5569],[-93.4996,42.5577],[-93.4637,42.209],[-93.2304,42.209],[-93.0007,42.209]]]},"properties":{"fips":"19083","name":"Hardin","state":"Iowa"}},
{"type":"Feature","geometry":{"type":"Polygon","coordinates":[[[-114.8128,44.8085],[-115.0892,44.7698],[-115.283,44.6083],[-115.2938,44.3394],[-115.0174,44.141],[-114.9923,43.9494],[-114.9708,43.9382],[-114.3606,43.8738],[-113.7971,43.5689],[-113.3771,43.8094],[-113.4453,43.9142],[-113.3197,44.2329],[-113.5027,44.4219],[-113.8186,44.4949],[-114.0842,44.7561],[-114.3426,44.7939],[-114.5688,44.5757],[-114.8128,44.8085]]]},"properties":{"fips":"16037","name":"Custer","state":"Idaho"}},
{"type":"Feature","geometry":{"type":"Polygon","coordinates":[[[-84.8207,31.5008],[-84.6376,31.4338],[-84.4295,31.4364],[-84.451,31.6219],[-84.5479,31.6211],[-84.8171,31.6202],[-84.8207,31.5008]]]},"properties":{"fips":"13037","name":"Calhoun","state":"Georgia"}},
{"type":"Feature","geometry":{"type":"Polygon","coordinates":[[[-95.7429,42.5612],[-95.6711,42.2115],[-95.323,42.2107],[-95.3876,42.562],[-95.7429,42.5612]]]},"properties":{"fips":"19093","name":"Ida","state":"Iowa"}},
{"type":"Feature","geometry":{"type":"Polygon","coordinates":[[[-106.0406,37.4008],[-106.037,37.7487],[-106.5862,37.7479],[-106.6939,37.8355],[-106.7118,37.4042],[-106.6795,37.4034],[-106.0406,37.4008]]]},"properties":{"fips":"08105","name":"Rio Grande","state":"Colorado"}},
{"type":"Feature","geometry":{"type":"Polygon","coordinates":[[[-93.3273,41.1609],[-93.0976,41.1609],[-92.8715,41.1609],[-92.8715,41.5088],[-93.3273,41.508],[-93.3273,41.4908],[-93.3273,41.1609]]]},"properties":{"fips":"19125","name":"Marion","state":"Iowa"}},
{"type":"Feature","geometry":{"type":"Polygon","coordinates":[[[-103.4671,40.4367],[-103.5819,40.5235],[-104.149,40.5243],[-104.149,40.0012],[-103.704,40.0012],[-103.4707,40.0012],[-103.4671,40.4367]]]},"properties":{"fips":"08087","name":"Morgan","state":"Colorado"}},
{"type":"Feature","geometry":{"type":"Polygon","coordinates":[[[-92.4121,41.5097],[-92.2972,41.5097],[-92.2972,41.8628],[-92.7674,41.8628],[-92.7566,41.5088],[-92.4121,41.5097]]]},"properties":{"fips":"19157","name":"Poweshiek","state":"Iowa"}},
{"type":"Feature","geometry":{"type":"Polygon","coordinates":[[[-89.2642,40.325],[-89.2678,40.5939],[-89.3288,40.7486],[-89.555,40.7477],[-89.6591,40.5673],[-89.8708,40.5132],[-89.9247,40.4359],[-89.6016,40.3199],[-89.2642,40.325]]]},"properties":{"fips":"17179","name":"Tazewell","state":"Illinois"}},
{"type":"Feature","geometry":{"type":"Polygon","coordinates":[[[-104.6623,39.5656],[-104.6623,39.1292],[-104.0521,39.1284],[-104.0557,38.8689],[-103.7183,38.8672],[-103.7147,39.5665],[-104.6623,39.5656]]]},"properties":{"fips":"08039","name":"Elbert","state":"Colorado"}},
{"type":"Feature","geometry":{"type":"Polygon","coordinates":[[[-93.3273,41.4908],[-93.3273,41.508],[-93.3489,41.8628],[-93.697,41.8636],[-93.8155,41.8636],[-93.7903,41.5123],[-93.3273,41.4908]]]},"properties":{"fips":"19153","name":"Polk","state":"Iowa"}},
{"type":"Feature","geometry":{"type":"Polygon","coordinates":[[[-84.4331,40.3543],[-84.4331,40.197],[-84.0239,40.1842],[-84.0131,40.2735],[-84.0023,40.4831],[-84.3397,40.4814],[-84.4331,40.3543]]]},"properties":{"fips":"39149","name":"Shelby","state":"Ohio"}},
{"type":"Feature","geometry":{"type":"Polygon","coordinates":[[[-93.7903,41.5123],[-94.2426,41.5037],[-94.2426,41.1575],[-94.0129,41.1566],[-93.7903,41.1618],[-93.7903,41.5123]]]},"properties":{"fips":"19121","name":"Madison","state":"Iowa"}},
{"type":"Feature","geometry":{"type":"Polygon","coordinates":[[[-81.6872,40.9882],[-81.6478,40.9144],[-81.3929,40.9882],[-81.3929,41.3482],[-81.6837,41.2769],[-81.6872,40.9882]]]},"properties":{"fips":"39153","name":"Summit","state":"Ohio"}},
{"type":"Feature","geometry":{"type":"Polygon","coordinates":[[[-81.5652,27.3404],[-81.5616,27.647],[-82.0533,27.6462],[-82.0569,27.3386],[-81.5652,27.3404]]]},"properties":{"fips":"12049","name":"Hardee","state":"Florida"}},
{"type":"Feature","geometry":{"type":"Polygon","coordinates":[[[-84.8027,40.9891],[-84.8027,40.9229],[-84.8027,40.7279],[-84.4546,40.685],[-84.3972,40.685],[-84.3397,40.8594],[-84.4007,40.99],[-84.8027,40.9891]]]},"properties":{"fips":"39161","name":"Van Wert","state":"Ohio"}},
{"type":"Feature","geometry":{"type":"Polygon","coordinates":[[[-84.1136,39.5777],[-84.3649,39.5897],[-84.3541,39.2925],[-84.2608,39.271],[-84.0059,39.2547],[-83.9772,39.5691],[-84.1136,39.5777]]]},"properties":{"fips":"39165","name":"Warren","state":"Ohio"}},
{"type":"Feature","geometry":{"type":"Polygon","coordinates":[[[-99.4148,29.0911],[-99.4112,29.6272],[-99.6014,29.6272],[-100.0142,29.6237],[-100.1111,29.6229],[-100.1111,29.086],[-99.4148,29.0911]]]},"properties":{"fips":"48463","name":"Uvalde","state":"Texas"}},
{"type":"Feature","geometry":{"type":"Polygon","coordinates":[[[-83.2594,33.9989],[-82.9758,34.0436],[-83.0763,34.224],[-83.1122,34.2738],[-83.3563,34.224],[-83.4029,34.1974],[-83.3599,34.0402],[-83.2594,33.9989]]]},"properties":{"fips":"13195","name":"Madison","state":"Georgia"}},
{"type":"Feature","geometry":{"type":"Polygon","coordinates":[[[-81.3391,40.2142],[-81.6226,40.2211],[-81.716,40.1524],[-81.6944,39.8423],[-81.235,39.9514],[-81.2242,40.1704],[-81.3391,40.2142]]]},"properties":{"fips":"39059","name":"Guernsey","state":"Ohio"}},
{"type":"Feature","geometry":{"type":"Polygon","coordinates":[[[-98.1908,28.8824],[-97.7278,29.2217],[-97.8391,29.3772],[-98.1334,29.4416],[-98.4062,29.1143],[-98.1908,28.8824]]]},"properties":{"fips":"48493","name":"Wilson","state":"Texas"}},
{"type":"Feature","geometry":{"type":"Polygon","coordinates":[[[-82.7461,40.35],[-83.0225,40.4341],[-83.2486,40.4436],[-83.1696,40.1429],[-82.7604,40.1257],[-82.7497,40.2769],[-82.7461,40.35]]]},"properties":{"fips":"39041","name":"Delaware","state":"Ohio"}},
{"type":"Feature","geometry":{"type":"Polygon","coordinates":[[[-81.3893,41.5698],[-81.3929,41.3482],[-81.0017,41.3482],[-81.0017,41.502],[-81.0053,41.715],[-81.3893,41.5698]]]},"properties":{"fips":"39055","name":"Geauga","state":"Ohio"}},
{"type":"Feature","geometry":{"type":"Polygon","coordinates":[[[-99.8886,35.0307],[-99.7306,34.9439],[-99.666,34.7248],[-99.4219,34.7257],[-99.2461,34.8219],[-99.4076,35.1148],[-99.7845,35.1166],[-99.8886,35.0307]]]},"properties":{"fips":"40055","name":"Greer","state":"Oklahoma"}},
{"type":"Feature","geometry":{"type":"Polygon","coordinates":[[[-93.5247,44.5439],[-93.5247,44.196],[-93.4063,44.196],[-93.0474,44.1968],[-93.0402,44.1968],[-93.0402,44.4717],[-93.2807,44.5439],[-93.5247,44.5439]]]},"properties":{"fips":"27131","name":"Rice","state":"Minnesota"}},
{"type":"Feature","geometry":{"type":"Polygon","coordinates":[[[-92.3367,34.0599],[-92.4551,33.9723],[-92.3331,33.7953],[-92.3295,33.7077],[-91.9742,33.7043],[-91.9777,33.7919],[-91.9526,34.0642],[-92.2326,34.0625],[-92.3367,34.0599]]]},"properties":{"fips":"05025","name":"Cleveland","state":"Arkansas"}},
{"type":"Feature","geometry":{"type":"Polygon","coordinates":[[[-83.9629,32.0308],[-83.6111,32.0282],[-83.6075,32.1184],[-83.6147,32.2885],[-83.848,32.2911],[-84.0275,32.1708],[-83.9629,32.0308]]]},"properties":{"fips":"13093","name":"Dooly","state":"Georgia"}},
{"type":"Feature","geometry":{"type":"Polygon","coordinates":[[[-100.689,31.0867],[-100.9617,31.0824],[-100.9617,30.7062],[-100.1147,30.7104],[-100.1147,31.0876],[-100.689,31.0867]]]},"properties":{"fips":"48413","name":"Schleicher","state":"Texas"}},
{"type":"Feature","geometry":{"type":"Polygon","coordinates":[[[-94.8599,43.848],[-94.8528,43.848],[-94.3682,43.848],[-94.3682,44.1083],[-94.8599,44.1083],[-94.8599,43.848]]]},"properties":{"fips":"27165","name":"Watonwan","state":"Minnesota"}},
{"type":"Feature","geometry":{"type":"Polygon","coordinates":[[[-98.277,40.6979],[-98.2841,40.6979],[-98.722,40.6987],[-98.7256,40.6901],[-98.7256,40.3508],[-98.277,40.35],[-98.277,40.6979]]]},"properties":{"fips":"31001","name":"Adams","state":"Nebraska"}},
{"type":"Feature","geometry":{"type":"Polygon","coordinates":[[[-81.3283,35.9962],[-81.3355,35.7961],[-81.1094,35.7763],[-81.0304,36.0461],[-81.3283,35.9962]]]},"properties":{"fips":"37003","name":"Alexander","state":"North Carolina"}},
{"type":"Feature","geometry":{"type":"Polygon","coordinates":[[[-94.0667,37.9008],[-94.0739,37.6396],[-94.0739,37.5812],[-93.6145,37.5726],[-93.6288,37.8295],[-94.0667,37.9008]]]},"properties":{"fips":"29039","name":"Cedar","state":"Missouri"}},
{"type":"Feature","geometry":{"type":"Polygon","coordinates":[[[-101.6294,34.748],[-101.9991,34.748],[-101.9991,34.3133],[-101.5648,34.3125],[-101.4714,34.3125],[-101.4714,34.7472],[-101.6294,34.748]]]},"properties":{"fips":"48437","name":"Swisher","state":"Texas"}},
{"type":"Feature","geometry":{"type":"Polygon","coordinates":[[[-112.9859,47.9535],[-113.1438,47.5953],[-113.0577,47.4879],[-113.0577,47.1795],[-112.7957,47.1769],[-112.7957,46.8316],[-112.3219,46.6563],[-112.3111,46.4209],[-112.0204,46.5687],[-111.7871,46.5695],[-111.4963,46.7628],[-111.6578,46.9132],[-111.7906,47.1288],[-112.0455,47.1932],[-112.0491,47.5162],[-112.2788,47.5068],[-112.5659,47.6374],[-112.9105,47.6923],[-112.9859,47.9535]]]},"properties":{"fips":"30049","name":"Lewis and Clark","state":"Montana"}},
{"type":"Feature","geometry":{"type":"Polygon","coordinates":[[[-93.0509,38.9282],[-93.496,38.9428],[-93.496,38.9282],[-93.5104,38.5562],[-93.514,38.5124],[-93.0689,38.5296],[-93.0617,38.6928],[-93.0509,38.9282]]]},"properties":{"fips":"29159","name":"Pettis","state":"Missouri"}},
{"type":"Feature","geometry":{"type":"Polygon","coordinates":[[[-100.5167,34.3142],[-100.9474,34.3125],[-101.0407,34.3125],[-101.0407,33.834],[-100.5203,33.8357],[-100.5167,34.3142]]]},"properties":{"fips":"48345","name":"Motley","state":"Texas"}},
{"type":"Feature","geometry":{"type":"Polygon","coordinates":[[[-113.5171,45.939],[-113.5171,45.9399],[-113.6643,45.9802],[-113.8186,46.2156],[-113.8294,46.6606],[-114.3319,46.6606],[-114.558,45.5653],[-114.3462,45.4596],[-113.9442,45.6864],[-113.5171,45.939]]]},"properties":{"fips":"30081","name":"Ravalli","state":"Montana"}},
{"type":"Feature","geometry":{"type":"Polygon","coordinates":[[[-114.6334,35.0015],[-115.6491,35.8098],[-115.7353,35.7935],[-117.634,35.7969],[-117.6663,34.8228],[-117.6448,34.2893],[-117.7848,33.9465],[-117.6735,33.8709],[-117.5586,34.0333],[-115.3153,34.0341],[-115.3153,34.078],[-114.436,34.0797],[-114.138,34.303],[-114.339,34.4517],[-114.6334,35.0015]]]},"properties":{"fips":"06071","name":"San Bernardino","state":"California"}},
{"type":"Feature","geometry":{"type":"Polygon","coordinates":[[[-82.4805,33.6398],[-82.6492,33.6089],[-82.5092,33.3417],[-82.3836,33.3117],[-82.3548,33.3125],[-82.2938,33.3546],[-82.4266,33.651],[-82.4805,33.6398]]]},"properties":{"fips":"13189","name":"McDuffie","state":"Georgia"}},
{"type":"Feature","geometry":{"type":"Polygon","coordinates":[[[-135.4477,58.3997],[-135.0565,58.3498],[-135.1426,58.6161],[-135.0026,58.8154],[-135.06,58.9666],[-134.3278,58.9632],[-134.4822,59.1281],[-135.0277,59.3455],[-135.3759,59.3498],[-135.7169,59.7312],[-136.1907,59.6401],[-136.4886,59.2596],[-135.8963,59.1762],[-135.5661,58.9632],[-135.7456,58.7295],[-135.4046,58.6187],[-135.4477,58.3997]]]},"properties":{"fips":"02100","name":"Haines","state":"Alaska"}},
{"type":"Feature","geometry":{"type":"Polygon","coordinates":[[[-90.0431,45.1203],[-90.3159,45.0335],[-90.3159,44.6848],[-89.8457,44.6848],[-89.2248,44.6813],[-89.2248,45.0293],[-89.4258,45.1195],[-90.0431,45.1203]]]},"properties":{"fips":"55073","name":"Marathon","state":"Wisconsin"}},
{"type":"Feature","geometry":{"type":"Polygon","coordinates":[[[-158.893,56.8061],[-159.0186,56.8147],[-159.8298,56.5441],[-160.3574,56.2795],[-160.5907,55.9831],[-160.9424,55.8225],[-161.1327,56.0149],[-161.8075,55.8921],[-162.2633,55.6885],[-162.5002,55.3895],[-162.8807,55.1833],[-163.5339,55.0485],[-163.8964,55.039],[-164.5604,54.8509],[-164.9194,54.6052],[-164.844,54.4179],[-164.3523,54.4652],[-164.2338,54.5854],[-163.5878,54.6121],[-163.035,54.9428],[-162.7694,54.9325],[-162.4715,55.0519],[-162.0515,55.0742],[-161.6854,55.4084],[-161.506,55.3629],[-160.5369,55.4746],[-160.3933,55.6026],[-159.8118,55.8568],[-159.557,55.6386],[-159.5606,55.8869],[-159.8046,55.9737],[-159.8046,56.3207],[-159.9015,56.4943],[-159.277,56.581],[-158.893,56.8061]]]},"properties":{"fips":"02013","name":"Aleutians East","state":"Alaska"}},
{"type":"Feature","geometry":{"type":"MultiPolygon","coordinates":[[[[-153.4193,58.0638],[-152.9814,57.9847],[-151.9728,58.2304],[-152.2779,58.416],[-152.3533,58.6385],[-152.6655,58.5646],[-152.8378,58.3722],[-153.4193,58.0638]]],[[[-154.7796,57.3662],[-154.575,57.2399],[-154.5248,56.9917],[-154.2305,56.8723],[-152.8701,57.1506],[-152.5184,57.4324],[-152.163,57.5844],[-152.4681,57.6815],[-152.4681,57.8885],[-153.4516,57.9633],[-153.9361,57.8129],[-154.6289,57.5105],[-154.7796,57.3662]]],[[[-154.3058,58.6531],[-154.4674,58.361],[-155.3324,58.1935],[-155.3288,57.8765],[-155.6949,57.7983],[-155.7667,57.6686],[-156.3697,57.5226],[-156.7501,57.2356],[-156.3553,57.16],[-156.341,57.4178],[-155.7344,57.55],[-155.5441,57.7871],[-155.0955,57.8653],[-154.9914,58.0131],[-154.5822,58.0191],[-154.1443,58.2107],[-154.1766,58.3198],[-153.9038,58.5972],[-153.6777,58.6118],[-153.2578,58.855],[-153.6382,58.855],[-153.8177,58.6531],[-154.3058,58.6531]]]]},"properties":{"fips":"02150","name":"Kodiak Island","state":"Alaska"}},
{"type":"Feature","geometry":{"type":"Polygon","coordinates":[[[-157.2562,58.617],[-157.4536,58.5053],[-157.7121,57.6403],[-158.0854,57.3568],[-158.394,57.2365],[-158.6453,57.032],[-158.6453,56.8473],[-158.893,56.8061],[-159.277,56.581],[-159.9015,56.4943],[-159.8046,56.3207],[-159.8046,55.9737],[-159.5606,55.8869],[-159.557,55.6386],[-159.3739,55.8714],[-158.9109,55.935],[-158.3976,56.1094],[-158.2074,56.2941],[-158.3294,56.484],[-157.9203,56.6429],[-157.6762,56.6094],[-157.3783,56.8619],[-157.2024,56.7674],[-156.7824,56.9719],[-156.5563,56.9839],[-156.3553,57.16],[-156.7501,57.2356],[-156.3697,57.5226],[-155.7667,57.6686],[-155.6949,57.7983],[-155.3288,57.8765],[-155.3324,58.1935],[-154.4674,58.361],[-154.3058,58.6531],[-154.6432,58.6531],[-154.7473,59.2596],[-154.4135,59.2596],[-154.4135,59.4331],[-153.9541,59.5199],[-153.9541,59.6925],[-153.6562,59.7793],[-153.3977,60.4726],[-153.4408,60.9064],[-156,60.9064],[-156,59.6925],[-156.5061,59.6058],[-156.7717,59.3463],[-157.2742,59.2596],[-157.1988,58.8455],[-156.9906,58.8859],[-156.3123,58.8859],[-156.3123,58.617],[-157.2562,58.617]]]},"properties":{"fips":"02164","name":"Lake and Peninsula","state":"Alaska"}},
{"type":"Feature","geometry":{"type":"Polygon","coordinates":[[[-148.4625,61.4261],[-148.4732,60.8488],[-148.746,60.7329],[-148.563,60.415],[-148.5845,59.9374],[-148.3153,60.0336],[-148.0389,59.9391],[-147.8164,60.0576],[-148.1287,60.2372],[-147.942,60.4442],[-148.1538,60.8179],[-147.7302,60.8179],[-147.1811,60.933],[-146.736,60.9107],[-146.6678,60.6925],[-146.0002,60.6409],[-146.6391,60.4674],[-146.6929,60.2844],[-146.1474,60.3669],[-145.8279,60.5499],[-145.2536,60.3111],[-144.9665,60.3093],[-144.1087,60.0989],[-143.8933,59.9863],[-143.1934,60.5215],[-141.79,60.5215],[-141.79,60.4356],[-141.0003,60.3918],[-141.0039,61.9038],[-141.833,61.9038],[-141.9766,62.1641],[-141.9766,62.5103],[-142.314,62.6838],[-142.7196,62.7139],[-143.1036,62.6151],[-143.0319,62.9321],[-143.1324,63.1168],[-145.1531,63.1314],[-145.1531,63.2181],[-146.1115,63.2181],[-146.4955,63.1692],[-146.4237,62.2508],[-146.9801,62.2508],[-146.9442,61.4708],[-147.2062,61.4261],[-148.4625,61.4261]]]},"properties":{"fips":"02261","name":"Valdez-Cordova","state":"Alaska"}},
{"type":"Feature","geometry":{"type":"Polygon","coordinates":[[[-98.32,43.4984],[-98.1154,43.4984],[-97.9647,43.4993],[-97.9683,43.8506],[-98.3236,43.8515],[-98.32,43.4984]]]},"properties":{"fips":"46035","name":"Davison","state":"South Dakota"}},
{"type":"Feature","geometry":{"type":"Polygon","coordinates":[[[-119.6727,44.9949],[-119.6548,44.3068],[-119.6584,43.9589],[-118.8185,43.9606],[-118.8185,44.0482],[-118.2263,44.0396],[-118.2334,44.2561],[-118.4811,44.2552],[-118.3052,44.586],[-118.2442,44.9588],[-118.517,44.9958],[-119.1631,44.9966],[-119.6727,44.9949]]]},"properties":{"fips":"41023","name":"Grant","state":"Oregon"}},
{"type":"Feature","geometry":{"type":"Polygon","coordinates":[[[-83.2522,39.6954],[-83.2665,39.5167],[-82.7425,39.4686],[-82.7317,39.5545],[-82.825,39.795],[-83.245,39.8122],[-83.2522,39.6954]]]},"properties":{"fips":"39129","name":"Pickaway","state":"Ohio"}},
{"type":"Feature","geometry":{"type":"Polygon","coordinates":[[[-81.3929,40.9882],[-81.0878,40.9882],[-81.0017,41.1343],[-81.0017,41.3482],[-81.3929,41.3482],[-81.3929,40.9882]]]},"properties":{"fips":"39133","name":"Portage","state":"Ohio"}},
{"type":"Feature","geometry":{"type":"Polygon","coordinates":[[[-84.3792,30.6898],[-84.2823,30.6855],[-84.0849,30.6761],[-84.1172,31.0781],[-84.3756,31.079],[-84.3792,30.6898]]]},"properties":{"fips":"13131","name":"Grady","state":"Georgia"}},
{"type":"Feature","geometry":{"type":"Polygon","coordinates":[[[-67.0214,18.1957],[-67.0501,18.1742],[-66.9783,18.1441],[-66.9281,18.151],[-66.8383,18.1708],[-66.8993,18.1879],[-67.0214,18.1957]]]},"properties":{"fips":"72093","name":"Maricao","state":"Puerto Rico"}},
{"type":"Feature","geometry":{"type":"Polygon","coordinates":[[[-80.3592,38.2255],[-80.2659,38.0468],[-79.9608,38.064],[-79.7957,38.2667],[-79.6485,38.5915],[-79.627,38.6645],[-80.2443,38.3887],[-80.3592,38.2255]]]},"properties":{"fips":"54075","name":"Pocahontas","state":"West Virginia"}},
{"type":"Feature","geometry":{"type":"Polygon","coordinates":[[[-67.2403,18.3752],[-67.226,18.297],[-67.1829,18.3134],[-67.2403,18.3752]]]},"properties":{"fips":"72117","name":"Rincón","state":"Puerto Rico"}},
{"type":"Feature","geometry":{"type":"Polygon","coordinates":[[[-95.1471,46.1065],[-95.1543,46.3685],[-95.165,46.7173],[-96.1736,46.7182],[-96.2813,46.6305],[-96.267,46.1082],[-95.768,46.1074],[-95.1471,46.1065]]]},"properties":{"fips":"27111","name":"Otter Tail","state":"Minnesota"}},
{"type":"Feature","geometry":{"type":"Polygon","coordinates":[[[-84.6197,34.9886],[-84.6197,34.8554],[-84.3146,34.8073],[-84.1962,34.6183],[-84.189,34.6028],[-84.1567,34.6484],[-84.128,34.9877],[-84.3218,34.9886],[-84.6197,34.9886]]]},"properties":{"fips":"13111","name":"Fannin","state":"Georgia"}},
{"type":"Feature","geometry":{"type":"Polygon","coordinates":[[[-96.4823,47.9638],[-95.7106,47.9355],[-95.5814,47.9337],[-95.5814,48.0205],[-95.5922,48.1726],[-96.5003,48.1743],[-96.4823,47.9638]]]},"properties":{"fips":"27113","name":"Pennington","state":"Minnesota"}},
{"type":"Feature","geometry":{"type":"Polygon","coordinates":[[[-89.2176,39.813],[-89.397,39.7417],[-89.5334,39.5244],[-89.5298,39.3492],[-89.1386,39.3492],[-89.0273,39.6541],[-89.2176,39.813]]]},"properties":{"fips":"17021","name":"Christian","state":"Illinois"}},
{"type":"Feature","geometry":{"type":"Polygon","coordinates":[[[-85.9477,40.9994],[-85.8652,40.6515],[-85.6391,40.6532],[-85.6426,41.002],[-85.6857,41.0467],[-85.9441,41.0432],[-85.9477,40.9994]]]},"properties":{"fips":"18169","name":"Wabash","state":"Indiana"}},
{"type":"Feature","geometry":{"type":"Polygon","coordinates":[[[-109.0412,38.1533],[-107.9645,38.1525],[-108.1332,38.3312],[-107.6342,38.302],[-107.5014,38.302],[-107.5014,38.6688],[-108.3772,38.6679],[-108.3808,38.5004],[-109.0592,38.5004],[-109.0412,38.1533]]]},"properties":{"fips":"08085","name":"Montrose","state":"Colorado"}},
{"type":"Feature","geometry":{"type":"Polygon","coordinates":[[[-90.3482,31],[-90.2585,31.0008],[-90.2621,31.3504],[-90.5492,31.3496],[-90.5492,31],[-90.3482,31]]]},"properties":{"fips":"28113","name":"Pike","state":"Mississippi"}},
{"type":"Feature","geometry":{"type":"Polygon","coordinates":[[[-101.0587,48.4586],[-100.9725,47.8487],[-100.5849,47.8478],[-100.1972,47.8478],[-100.2762,48.5445],[-100.4054,48.6322],[-101.0587,48.6322],[-101.0587,48.5454],[-101.0587,48.4586]]]},"properties":{"fips":"38049","name":"McHenry","state":"North Dakota"}},
{"type":"Feature","geometry":{"type":"Polygon","coordinates":[[[-91.9419,40.606],[-91.7157,40.5982],[-91.7193,40.8138],[-91.7193,40.9015],[-92.1787,40.8998],[-92.1787,40.6008],[-91.9419,40.606]]]},"properties":{"fips":"19177","name":"Van Buren","state":"Iowa"}},
{"type":"Feature","geometry":{"type":"Polygon","coordinates":[[[-90.5995,39.7898],[-90.5815,39.5218],[-90.3015,39.5201],[-90.3697,39.7538],[-90.5995,39.7898]]]},"properties":{"fips":"17171","name":"Scott","state":"Illinois"}},
{"type":"Feature","geometry":{"type":"Polygon","coordinates":[[[-83.7116,32.9526],[-83.8911,32.8486],[-83.7008,32.6923],[-83.5967,32.6639],[-83.5142,32.8452],[-83.7116,32.9526]]]},"properties":{"fips":"13021","name":"Bibb","state":"Georgia"}},
{"type":"Feature","geometry":{"type":"Polygon","coordinates":[[[-66.0953,18.169],[-66.2174,18.1433],[-66.2246,18.0952],[-66.1671,18.0505],[-66.0523,18.1072],[-66.0523,18.1098],[-66.0523,18.1132],[-66.0953,18.169]]]},"properties":{"fips":"72035","name":"Cayey","state":"Puerto Rico"}},
{"type":"Feature","geometry":{"type":"Polygon","coordinates":[[[-84.6089,43.4658],[-84.3684,43.4658],[-84.1674,43.5689],[-84.1674,43.8257],[-84.6053,43.8154],[-84.6089,43.4658]]]},"properties":{"fips":"26111","name":"Midland","state":"Michigan"}},
{"type":"Feature","geometry":{"type":"Polygon","coordinates":[[[-99.5835,38.6963],[-99.0415,38.6971],[-99.0379,39.1335],[-99.0487,39.1327],[-99.5906,39.1327],[-99.5978,38.6963],[-99.5835,38.6963]]]},"properties":{"fips":"20051","name":"Ellis","state":"Kansas"}},
{"type":"Feature","geometry":{"type":"Polygon","coordinates":[[[-101.0587,48.5454],[-101.0587,48.6322],[-100.4054,48.6322],[-100.2762,48.5445],[-100.147,48.5454],[-100.1829,48.999],[-101.4966,48.9998],[-101.4499,48.5462],[-101.0587,48.5454]]]},"properties":{"fips":"38009","name":"Bottineau","state":"North Dakota"}},
{"type":"Feature","geometry":{"type":"Polygon","coordinates":[[[-169.5209,-14.221],[-169.485,-14.2725],[-169.4275,-14.2115],[-169.5209,-14.221]]]},"properties":{"fips":"60020","name":"Manu'a","state":"American Samoa"}},
{"type":"Feature","geometry":{"type":"Polygon","coordinates":[[[-170.7448,-14.2888],[-170.7986,-14.3335],[-170.7592,-14.3739],[-170.7053,-14.3309],[-170.7448,-14.2888]]]},"properties":{"fips":"60050","name":"Western","state":"American Samoa"}},
{"type":"Feature","geometry":{"type":"Polygon","coordinates":[[[-85.3088,41.264],[-85.334,41.0054],[-85.3376,40.9169],[-85.0755,40.9178],[-84.8027,40.9229],[-84.8027,40.9891],[-84.8027,41.2528],[-84.8027,41.2709],[-85.1904,41.264],[-85.3088,41.264]]]},"properties":{"fips":"18003","name":"Allen","state":"Indiana"}},
{"type":"Feature","geometry":{"type":"Polygon","coordinates":[[[-96.0372,39.5665],[-96.0372,39.2169],[-95.5886,39.216],[-95.5706,39.4187],[-95.5635,39.6533],[-95.7896,39.6533],[-96.0372,39.5665]]]},"properties":{"fips":"20085","name":"Jackson","state":"Kansas"}},
{"type":"Feature","geometry":{"type":"Polygon","coordinates":[[[-91.7193,40.8138],[-91.4106,40.813],[-91.3712,41.0741],[-91.486,41.1626],[-91.7157,41.1626],[-91.7193,40.9015],[-91.7193,40.8138]]]},"properties":{"fips":"19087","name":"Henry","state":"Iowa"}},
{"type":"Feature","geometry":{"type":"Polygon","coordinates":[[[-86.3246,39.9239],[-86.2385,39.9264],[-86.2421,40.1807],[-86.6943,40.179],[-86.6943,39.923],[-86.3246,39.9239]]]},"properties":{"fips":"18011","name":"Boone","state":"Indiana"}},
{"type":"Feature","geometry":{"type":"Polygon","coordinates":[[[-123.0646,40.2872],[-122.9354,39.978],[-122.939,39.7984],[-122.0453,39.7976],[-121.8048,39.8843],[-121.4387,40.1515],[-121.3418,40.3096],[-121.4961,40.4453],[-121.8514,40.4427],[-122.3468,40.3714],[-122.7524,40.3646],[-123.0646,40.2872]]]},"properties":{"fips":"06103","name":"Tehama","state":"California"}},
{"type":"Feature","geometry":{"type":"Polygon","coordinates":[[[-86.1703,40.9101],[-86.1667,40.563],[-85.8652,40.5656],[-85.8652,40.6515],[-85.9477,40.9994],[-86.1703,40.9101]]]},"properties":{"fips":"18103","name":"Miami","state":"Indiana"}},
{"type":"Feature","geometry":{"type":"Polygon","coordinates":[[[-99.9173,46.6331],[-99.8778,46.2826],[-99.0379,46.2835],[-99.0379,46.6305],[-99.4507,46.6314],[-99.9173,46.6331]]]},"properties":{"fips":"38047","name":"Logan","state":"North Dakota"}},
{"type":"Feature","geometry":{"type":"Polygon","coordinates":[[[-95.2081,36.0744],[-95.2655,35.8133],[-95.1291,35.6389],[-94.8061,35.6389],[-94.7989,36.1612],[-95.0107,36.162],[-95.2081,36.0744]]]},"properties":{"fips":"40021","name":"Cherokee","state":"Oklahoma"}},
{"type":"Feature","geometry":{"type":"Polygon","coordinates":[[[-99.6624,44.2174],[-99.9388,44.1951],[-100.3659,44.1685],[-100.3372,43.7166],[-100.2295,43.714],[-99.6229,43.7415],[-99.5332,43.5001],[-99.2963,43.4993],[-99.2963,43.5001],[-99.4076,43.7054],[-99.3573,43.934],[-99.5763,44.1925],[-99.6624,44.2174]]]},"properties":{"fips":"46085","name":"Lyman","state":"South Dakota"}},
{"type":"Feature","geometry":{"type":"Polygon","coordinates":[[[-96.066,47.4991],[-96.066,47.152],[-95.5527,47.1511],[-95.5527,47.4999],[-96.066,47.4991]]]},"properties":{"fips":"27087","name":"Mahnomen","state":"Minnesota"}},
{"type":"Feature","geometry":{"type":"Polygon","coordinates":[[[-90.9225,45.031],[-90.9225,44.8574],[-90.9225,44.5963],[-90.8005,44.4228],[-90.3159,44.4245],[-90.3159,44.6848],[-90.3159,45.0335],[-90.9225,45.031]]]},"properties":{"fips":"55019","name":"Clark","state":"Wisconsin"}},
{"type":"Feature","geometry":{"type":"Polygon","coordinates":[[[-100.689,38.6997],[-100.8182,38.6997],[-101.1269,38.7006],[-101.1269,38.2642],[-101.1017,38.2642],[-100.6854,38.2642],[-100.689,38.6997]]]},"properties":{"fips":"20171","name":"Scott","state":"Kansas"}},
{"type":"Feature","geometry":{"type":"Polygon","coordinates":[[[-96.4069,48.9998],[-96.389,48.5445],[-95.6029,48.5385],[-95.3409,48.5402],[-95.3445,48.7129],[-95.0897,48.7129],[-95.0933,48.9208],[-95.3194,48.999],[-96.4069,48.9998]]]},"properties":{"fips":"27135","name":"Roseau","state":"Minnesota"}},
{"type":"Feature","geometry":{"type":"Polygon","coordinates":[[[-93.1658,35.7291],[-93.2986,35.327],[-93.2771,35.3176],[-93.1299,35.1801],[-92.8966,35.1707],[-92.8499,35.4628],[-92.8105,35.7222],[-92.9504,35.7248],[-93.1658,35.7291]]]},"properties":{"fips":"05115","name":"Pope","state":"Arkansas"}},
{"type":"Feature","geometry":{"type":"Polygon","coordinates":[[[-85.8652,46.5051],[-85.8652,46.2448],[-85.2371,46.2457],[-85.2371,46.756],[-85.4811,46.6804],[-85.8652,46.6898],[-85.8652,46.5051]]]},"properties":{"fips":"26095","name":"Luce","state":"Michigan"}},
{"type":"Feature","geometry":{"type":"Polygon","coordinates":[[[-93.5032,38.0734],[-93.0653,38.0623],[-93.0761,38.2633],[-93.0689,38.5296],[-93.514,38.5124],[-93.5247,38.2075],[-93.5032,38.0734]]]},"properties":{"fips":"29015","name":"Benton","state":"Missouri"}},
{"type":"Feature","geometry":{"type":"Polygon","coordinates":[[[-92.8499,35.4628],[-92.4802,35.3683],[-92.2541,35.364],[-92.2398,35.7119],[-92.4156,35.7883],[-92.8105,35.7222],[-92.8499,35.4628]]]},"properties":{"fips":"05141","name":"Van Buren","state":"Arkansas"}},
{"type":"Feature","geometry":{"type":"Polygon","coordinates":[[[-76.6586,37.3802],[-76.7268,37.3063],[-76.6622,37.2513],[-76.5904,37.2135],[-76.4361,37.095],[-76.3966,37.107],[-76.3966,37.1646],[-76.4971,37.241],[-76.6586,37.3802]]]},"properties":{"fips":"51199","name":"York","state":"Virginia"}},
{"type":"Feature","geometry":{"type":"Polygon","coordinates":[[[-92.9038,37.0709],[-92.911,36.8089],[-92.7638,36.8063],[-92.1141,36.7943],[-92.089,37.0563],[-92.2505,37.0598],[-92.6848,37.0666],[-92.9038,37.0709]]]},"properties":{"fips":"29067","name":"Douglas","state":"Missouri"}},
{"type":"Feature","geometry":{"type":"Polygon","coordinates":[[[-112.9859,47.9535],[-113.0146,48.1313],[-113.3484,48.31],[-113.4668,48.5471],[-113.7504,48.615],[-114.0699,48.999],[-114.7267,49.0007],[-114.6908,48.6785],[-114.8487,48.5737],[-114.8487,48.2258],[-115.0102,48.0179],[-114.9887,47.8727],[-114.6047,47.7903],[-114.4934,47.9621],[-114.0375,47.9629],[-113.6643,47.8831],[-113.6355,47.6004],[-113.4668,47.6004],[-113.1438,47.5953],[-112.9859,47.9535]]]},"properties":{"fips":"30029","name":"Flathead","state":"Montana"}},
{"type":"Feature","geometry":{"type":"Polygon","coordinates":[[[-102.0744,33.3899],[-102.0744,32.9595],[-101.6904,32.962],[-101.5576,32.9612],[-101.5576,33.395],[-102.0744,33.3899]]]},"properties":{"fips":"48305","name":"Lynn","state":"Texas"}},
{"type":"Feature","geometry":{"type":"Polygon","coordinates":[[[-91.5291,37.7891],[-91.8055,37.7917],[-91.809,37.5992],[-91.6475,37.4231],[-91.2132,37.4154],[-91.1558,37.5881],[-91.1522,37.6972],[-91.5291,37.7891]]]},"properties":{"fips":"29065","name":"Dent","state":"Missouri"}},
{"type":"Feature","geometry":{"type":"Polygon","coordinates":[[[-100.1147,30.7104],[-99.483,30.7104],[-99.4865,30.9407],[-99.605,31.0876],[-100.1147,31.0876],[-100.1147,30.7104]]]},"properties":{"fips":"48327","name":"Menard","state":"Texas"}},
{"type":"Feature","geometry":{"type":"Polygon","coordinates":[[[-100.147,32.5231],[-100.6602,32.5256],[-100.6638,32.0858],[-100.2367,32.0824],[-100.1506,32.0824],[-100.147,32.5231]]]},"properties":{"fips":"48353","name":"Nolan","state":"Texas"}},
{"type":"Feature","geometry":{"type":"Polygon","coordinates":[[[-91.6475,37.4231],[-91.6547,37.0486],[-91.6583,36.8888],[-91.224,36.8836],[-91.2168,37.0864],[-91.0194,37.0958],[-91.2132,37.4154],[-91.6475,37.4231]]]},"properties":{"fips":"29203","name":"Shannon","state":"Missouri"}},
{"type":"Feature","geometry":{"type":"Polygon","coordinates":[[[-100.8254,31.6958],[-100.8218,32.0867],[-101.1843,32.0875],[-101.2632,32.0875],[-101.2668,31.6511],[-101.2668,31.5566],[-100.8648,31.5626],[-100.8254,31.6958]]]},"properties":{"fips":"48431","name":"Sterling","state":"Texas"}},
{"type":"Feature","geometry":{"type":"Polygon","coordinates":[[[-104.0593,38.1465],[-104.0629,37.735],[-104.0593,37.6439],[-103.4061,37.6439],[-103.3989,38.265],[-103.503,38.265],[-103.6178,38.113],[-104.0593,38.1465]]]},"properties":{"fips":"08089","name":"Otero","state":"Colorado"}},
{"type":"Feature","geometry":{"type":"Polygon","coordinates":[[[-101.5576,32.9612],[-101.1735,32.9638],[-101.0371,32.9706],[-101.0371,33.3976],[-101.5576,33.395],[-101.5576,32.9612]]]},"properties":{"fips":"48169","name":"Garza","state":"Texas"}},
{"type":"Feature","geometry":{"type":"Polygon","coordinates":[[[-105.3299,39.1301],[-105.3299,38.6971],[-104.9423,38.6499],[-105.032,39.1301],[-105.3299,39.1301]]]},"properties":{"fips":"08119","name":"Teller","state":"Colorado"}},
{"type":"Feature","geometry":{"type":"Polygon","coordinates":[[[-115.0102,48.0179],[-115.283,47.8908],[-115.5056,47.9088],[-115.7102,48.2473],[-116.0511,48.2164],[-116.0476,47.9775],[-115.7245,47.6966],[-115.6276,47.4793],[-115.283,47.487],[-114.7985,47.2688],[-114.1883,47.1382],[-114.2027,47.3556],[-114.3498,47.6021],[-114.5831,47.6021],[-114.6047,47.7903],[-114.9887,47.8727],[-115.0102,48.0179]]]},"properties":{"fips":"30089","name":"Sanders","state":"Montana"}},
{"type":"Feature","geometry":{"type":"Polygon","coordinates":[[[-99.6122,32.5145],[-99.6301,32.5145],[-99.6301,32.0815],[-99.1958,32.0789],[-99.1204,32.0798],[-99.1133,32.5145],[-99.6122,32.5145]]]},"properties":{"fips":"48059","name":"Callahan","state":"Texas"}},
{"type":"Feature","geometry":{"type":"Polygon","coordinates":[[[-100.1434,32.9603],[-99.9891,32.9603],[-99.9926,33.3976],[-100.5167,33.3976],[-100.5203,32.9629],[-100.1434,32.9603]]]},"properties":{"fips":"48433","name":"Stonewall","state":"Texas"}},
{"type":"Feature","geometry":{"type":"Polygon","coordinates":[[[-98.0903,34.681],[-97.6668,34.681],[-97.6668,34.8554],[-97.6704,35.3356],[-98.0975,35.3777],[-98.0939,34.8546],[-98.0903,34.681]]]},"properties":{"fips":"40051","name":"Grady","state":"Oklahoma"}},
{"type":"Feature","geometry":{"type":"Polygon","coordinates":[[[-95.3086,33.377],[-95.3086,32.9629],[-95.1507,33.0136],[-95.1256,33.0342],[-95.1256,33.3899],[-95.305,33.3778],[-95.3086,33.377]]]},"properties":{"fips":"48159","name":"Franklin","state":"Texas"}},
{"type":"Feature","geometry":{"type":"Polygon","coordinates":[[[-96.0767,32.8383],[-96.0767,32.3573],[-95.4486,32.3555],[-95.5958,32.4801],[-95.5958,32.6871],[-95.6352,32.7206],[-95.9331,32.8375],[-96.0767,32.8383]]]},"properties":{"fips":"48467","name":"Van Zandt","state":"Texas"}},
{"type":"Feature","geometry":{"type":"Polygon","coordinates":[[[-99.6445,40.685],[-99.9819,40.6996],[-99.9819,40.4384],[-100.0931,40.3517],[-99.6409,40.3508],[-99.6445,40.685]]]},"properties":{"fips":"31073","name":"Gosper","state":"Nebraska"}},
{"type":"Feature","geometry":{"type":"Polygon","coordinates":[[[-97.8247,40.3508],[-97.8211,40.3508],[-97.3689,40.3508],[-97.3689,40.6987],[-97.8247,40.6987],[-97.8247,40.3508]]]},"properties":{"fips":"31059","name":"Fillmore","state":"Nebraska"}},
{"type":"Feature","geometry":{"type":"Polygon","coordinates":[[[-95.9331,32.8375],[-95.8614,32.9792],[-95.8614,33.2189],[-95.8578,33.4096],[-96.2957,33.3521],[-96.2957,32.9818],[-96.2957,32.8418],[-96.0767,32.8383],[-95.9331,32.8375]]]},"properties":{"fips":"48231","name":"Hunt","state":"Texas"}},
{"type":"Feature","geometry":{"type":"Polygon","coordinates":[[[-95.6173,30.9304],[-95.7645,31.0944],[-95.9762,31.0919],[-96.2418,30.9733],[-96.17,30.823],[-95.8614,30.8642],[-95.6173,30.9304]]]},"properties":{"fips":"48313","name":"Madison","state":"Texas"}},
{"type":"Feature","geometry":{"type":"Polygon","coordinates":[[[-97.5627,34.2893],[-97.5591,34.0711],[-96.9705,34.0711],[-96.9346,34.1725],[-96.9346,34.3322],[-97.3509,34.3761],[-97.3509,34.5066],[-97.5627,34.5066],[-97.5627,34.2893]]]},"properties":{"fips":"40019","name":"Carter","state":"Oklahoma"}},
{"type":"Feature","geometry":{"type":"Polygon","coordinates":[[[-78.2846,38.759],[-78.3384,38.6275],[-78.2308,38.5322],[-77.9364,38.6963],[-78.1302,38.8646],[-78.2846,38.759]]]},"properties":{"fips":"51157","name":"Rappahannock","state":"Virginia"}},
{"type":"Feature","geometry":{"type":"Polygon","coordinates":[[[-87.1035,34.6862],[-87.1107,34.3142],[-86.583,34.3048],[-86.5507,34.5461],[-86.7912,34.5504],[-87.1035,34.6862]]]},"properties":{"fips":"01103","name":"Morgan","state":"Alabama"}},
{"type":"Feature","geometry":{"type":"Polygon","coordinates":[[[-78.4856,38.4214],[-78.6615,38.2779],[-78.3671,38.1843],[-78.2882,38.2727],[-78.4533,38.4755],[-78.4856,38.4214]]]},"properties":{"fips":"51079","name":"Greene","state":"Virginia"}},
{"type":"Feature","geometry":{"type":"Polygon","coordinates":[[[-160.5333,61.9459],[-159.2662,61.9459],[-159.2662,62.0326],[-158.5304,62.0326],[-158.5304,62.1194],[-157.0624,62.1194],[-157.0624,62.0326],[-153.7603,62.0326],[-153.0711,62.2062],[-152.9993,62.2929],[-152.9993,62.7276],[-152.4286,63.1829],[-152.8127,63.3478],[-152.8737,63.6511],[-152.2276,63.6511],[-152.0482,63.9973],[-151.7933,64.0695],[-151.2837,63.9973],[-150.7309,64.3581],[-148.0461,64.3435],[-148.5522,64.6175],[-148.6599,65.2103],[-147.5544,65.2086],[-146.5494,65.3443],[-146.1689,65.4439],[-145.9966,65.224],[-145.6449,65.0325],[-145.0024,65.1278],[-143.9112,65.0703],[-144.0692,64.6837],[-143.7497,64.6485],[-143.441,64.816],[-143.5128,64.9551],[-142.8452,65.1502],[-142.6586,65.3744],[-141.8007,65.4714],[-141.0039,65.8391],[-141.0039,68.4988],[-143.7174,68.4996],[-146.0002,68.4996],[-146.0002,67.9997],[-147.7518,67.9997],[-150.0023,67.9997],[-153.4049,67.9997],[-155.318,67.9997],[-155.3683,67.7754],[-154.7473,67.5151],[-154.7473,67.2557],[-154.1479,67.1689],[-154.2089,66.736],[-154.8622,66.736],[-154.8622,66.5633],[-155.5118,66.5633],[-155.5549,66.303],[-155.982,66.303],[-156.1974,66.4765],[-156.6245,66.4765],[-156.6245,66.303],[-157.0516,66.303],[-157.0516,66.4765],[-157.9059,66.4765],[-157.9059,66.1303],[-158.9719,66.1303],[-158.9719,65.9568],[-159.6036,65.9568],[-159.5929,65.5238],[-159.5713,64.9173],[-159.9626,64.7447],[-159.9482,64.0514],[-159.7364,63.792],[-160.1133,63.6184],[-160.6912,63.5317],[-160.8563,63.2722],[-160.8563,63.012],[-160.9963,62.8986],[-161.0465,62.2062],[-160.9173,61.9459],[-160.5333,61.9459]]]},"properties":{"fips":"02290","name":"Yukon-Koyukuk","state":"Alaska"}},
{"type":"Feature","geometry":{"type":"Polygon","coordinates":[[[-80.5207,39.9625],[-80.5207,39.7211],[-80.4202,39.7211],[-79.9177,39.7211],[-79.9967,39.9831],[-80.5207,39.9625]]]},"properties":{"fips":"42059","name":"Greene","state":"Pennsylvania"}},
{"type":"Feature","geometry":{"type":"Polygon","coordinates":[[[-91.9742,33.7043],[-91.9885,33.3984],[-91.4573,33.389],[-91.4537,33.5634],[-91.5578,33.7833],[-91.9777,33.7919],[-91.9742,33.7043]]]},"properties":{"fips":"05043","name":"Drew","state":"Arkansas"}},
{"type":"Feature","geometry":{"type":"Polygon","coordinates":[[[-89.5083,33.8675],[-89.9247,33.8976],[-90.1364,33.7215],[-90.1293,33.6768],[-89.7883,33.6768],[-89.5083,33.6776],[-89.5083,33.7215],[-89.5083,33.8675]]]},"properties":{"fips":"28043","name":"Grenada","state":"Mississippi"}},
{"type":"Feature","geometry":{"type":"Polygon","coordinates":[[[-80.5315,37.1336],[-80.5925,37.1276],[-80.5817,37.0898],[-80.5315,37.1336]]]},"properties":{"fips":"51750","name":"Radford","state":"Virginia"}},
{"type":"Feature","geometry":{"type":"Polygon","coordinates":[[[-93.3668,40.3826],[-93.3668,40.2666],[-93.3632,40.033],[-92.8571,40.0373],[-92.8571,40.3431],[-93.3668,40.3826]]]},"properties":{"fips":"29211","name":"Sullivan","state":"Missouri"}},
{"type":"Feature","geometry":{"type":"Polygon","coordinates":[[[-81.9277,37.5125],[-81.9277,37.3587],[-81.7375,37.2384],[-81.5544,37.2075],[-81.3606,37.3381],[-81.3104,37.4249],[-81.8559,37.5486],[-81.9277,37.5125]]]},"properties":{"fips":"54047","name":"McDowell","state":"West Virginia"}},
{"type":"Feature","geometry":{"type":"Polygon","coordinates":[[[-77.6744,34.974],[-77.6816,34.7205],[-77.5165,34.4405],[-77.1073,34.6406],[-77.1647,34.785],[-77.2222,34.8872],[-77.6744,34.974]]]},"properties":{"fips":"37133","name":"Onslow","state":"North Carolina"}},
{"type":"Feature","geometry":{"type":"Polygon","coordinates":[[[-94.6015,39.7469],[-94.6015,39.5304],[-94.6015,39.4565],[-94.2103,39.4548],[-94.2067,39.527],[-94.2067,39.746],[-94.6015,39.7469]]]},"properties":{"fips":"29049","name":"Clinton","state":"Missouri"}},
{"type":"Feature","geometry":{"type":"Polygon","coordinates":[[[-85.9944,30.3892],[-85.9944,30.2689],[-85.3878,29.9244],[-85.3914,30.201],[-85.3842,30.567],[-85.4345,30.5678],[-85.4883,30.4364],[-85.9944,30.3892]]]},"properties":{"fips":"12005","name":"Bay","state":"Florida"}},
{"type":"Feature","geometry":{"type":"Polygon","coordinates":[[[-66.1312,18.425],[-66.1456,18.2799],[-66.081,18.297],[-66.1097,18.4388],[-66.1312,18.425]]]},"properties":{"fips":"72061","name":"Guaynabo","state":"Puerto Rico"}},
{"type":"Feature","geometry":{"type":"Polygon","coordinates":[[[-65.9195,18.4027],[-65.9195,18.2704],[-65.8513,18.2549],[-65.8369,18.2756],[-65.8692,18.3778],[-65.9195,18.4027]]]},"properties":{"fips":"72029","name":"Canóvanas","state":"Puerto Rico"}},
{"type":"Feature","geometry":{"type":"Polygon","coordinates":[[[-66.3789,18.2936],[-66.3502,18.2412],[-66.3143,18.2489],[-66.2784,18.3297],[-66.3179,18.3675],[-66.3645,18.3331],[-66.3789,18.2936]]]},"properties":{"fips":"72047","name":"Corozal","state":"Puerto Rico"}},
{"type":"Feature","geometry":{"type":"Polygon","coordinates":[[[-121.3812,47.0876],[-121.4279,47.4209],[-121.112,47.597],[-121.1192,47.78],[-122.397,47.7782],[-122.4185,47.3204],[-121.9376,47.1382],[-121.3812,47.0876]]]},"properties":{"fips":"53033","name":"King","state":"Washington"}},
{"type":"Feature","geometry":{"type":"Polygon","coordinates":[[[-121.112,47.597],[-121.1085,47.5927],[-121.1085,47.5918],[-120.9254,47.4329],[-120.3906,47.262],[-120.0927,47.262],[-120.3188,47.457],[-120.1932,47.7593],[-119.9958,47.7817],[-119.8701,47.9604],[-120.1429,48.0643],[-120.6383,48.3976],[-120.7029,48.5316],[-121.0367,48.4956],[-121.0008,48.2963],[-120.9505,48.1167],[-121.1515,48.0368],[-121.1192,47.78],[-121.112,47.597]]]},"properties":{"fips":"53007","name":"Chelan","state":"Washington"}},
{"type":"Feature","geometry":{"type":"Polygon","coordinates":[[[-81.5221,29.622],[-81.4324,29.3987],[-81.418,29.2612],[-81.1488,29.2664],[-81.1022,29.427],[-81.2135,29.671],[-81.5221,29.622]]]},"properties":{"fips":"12035","name":"Flagler","state":"Florida"}},
{"type":"Feature","geometry":{"type":"Polygon","coordinates":[[[-121.3812,47.0876],[-121.0259,46.9115],[-120.6347,46.9123],[-120.509,46.7379],[-119.9742,46.7371],[-120.0065,47.2199],[-120.0927,47.262],[-120.3906,47.262],[-120.9254,47.4329],[-121.1085,47.5918],[-121.1085,47.5927],[-121.112,47.597],[-121.4279,47.4209],[-121.3812,47.0876]]]},"properties":{"fips":"53037","name":"Kittitas","state":"Washington"}},
{"type":"Feature","geometry":{"type":"Polygon","coordinates":[[[-81.4145,28.7853],[-81.6585,28.7673],[-81.6585,28.3472],[-80.8617,28.3472],[-80.9873,28.6126],[-81.4575,28.6401],[-81.4145,28.7853]]]},"properties":{"fips":"12095","name":"Orange","state":"Florida"}},
{"type":"Feature","geometry":{"type":"Polygon","coordinates":[[[-83.4962,32.4019],[-83.6147,32.2885],[-83.6075,32.1184],[-83.3383,32.1056],[-83.3455,32.2722],[-83.4962,32.4019]]]},"properties":{"fips":"13235","name":"Pulaski","state":"Georgia"}},
{"type":"Feature","geometry":{"type":"Polygon","coordinates":[[[-90.5492,31],[-90.5492,31.3496],[-90.6318,31.3496],[-91.0948,31.3212],[-91.0589,30.9991],[-90.8256,30.9991],[-90.5672,31],[-90.5492,31]]]},"properties":{"fips":"28005","name":"Amite","state":"Mississippi"}},
{"type":"Feature","geometry":{"type":"Polygon","coordinates":[[[-99.7091,45.5937],[-99.7091,45.2457],[-99.5727,45.2457],[-98.722,45.244],[-98.7256,45.5911],[-99.7091,45.5937]]]},"properties":{"fips":"46045","name":"Edmunds","state":"South Dakota"}},
{"type":"Feature","geometry":{"type":"Polygon","coordinates":[[[-88.5966,41.4573],[-88.5859,41.1085],[-88.2521,41.1145],[-88.2449,41.2013],[-88.2521,41.4633],[-88.5966,41.4573]]]},"properties":{"fips":"17063","name":"Grundy","state":"Illinois"}},
{"type":"Feature","geometry":{"type":"Polygon","coordinates":[[[-98.4636,37.4712],[-98.4636,37.7324],[-98.4708,37.8243],[-99.0128,37.8252],[-99.0128,37.7333],[-99.0128,37.4704],[-98.4636,37.4712]]]},"properties":{"fips":"20151","name":"Pratt","state":"Kansas"}},
{"type":"Feature","geometry":{"type":"Polygon","coordinates":[[[-93.4996,42.9082],[-93.0258,42.9074],[-93.0258,43.2132],[-93.0258,43.2553],[-93.496,43.2553],[-93.4996,42.9082]]]},"properties":{"fips":"19033","name":"Cerro Gordo","state":"Iowa"}},
{"type":"Feature","geometry":{"type":"Polygon","coordinates":[[[-96.9058,41.453],[-96.9094,41.0458],[-96.4644,41.0157],[-96.3208,41.0449],[-96.328,41.1901],[-96.4715,41.3929],[-96.9058,41.453]]]},"properties":{"fips":"31155","name":"Saunders","state":"Nebraska"}},
{"type":"Feature","geometry":{"type":"Polygon","coordinates":[[[-92.7387,34.8537],[-93.0761,34.7721],[-92.7925,34.5032],[-92.6705,34.4139],[-92.2469,34.4937],[-92.7387,34.8537]]]},"properties":{"fips":"05125","name":"Saline","state":"Arkansas"}},
{"type":"Feature","geometry":{"type":"Polygon","coordinates":[[[-89.2248,44.2432],[-89.2248,44.6813],[-89.8457,44.6848],[-89.7273,44.5112],[-89.7237,44.2475],[-89.598,44.2458],[-89.2248,44.2432]]]},"properties":{"fips":"55097","name":"Portage","state":"Wisconsin"}},
{"type":"Feature","geometry":{"type":"Polygon","coordinates":[[[-95.0897,37.3836],[-95.0753,37.3398],[-94.6159,37.3381],[-94.6159,37.3639],[-94.6159,37.6534],[-94.6195,37.6731],[-95.0897,37.6748],[-95.0897,37.3836]]]},"properties":{"fips":"20037","name":"Crawford","state":"Kansas"}},
{"type":"Feature","geometry":{"type":"Polygon","coordinates":[[[-98.0652,32.5591],[-98.0688,32.5119],[-97.9467,32.2336],[-97.6165,32.3186],[-97.6165,32.5557],[-98.0652,32.5591]]]},"properties":{"fips":"48221","name":"Hood","state":"Texas"}},
{"type":"Feature","geometry":{"type":"Polygon","coordinates":[[[-95.9583,38.1705],[-95.9511,38.4343],[-95.9475,38.7392],[-96.3531,38.7392],[-96.3531,38.5219],[-96.3567,38.1722],[-95.9583,38.1705]]]},"properties":{"fips":"20111","name":"Lyon","state":"Kansas"}},
{"type":"Feature","geometry":{"type":"Polygon","coordinates":[[[-104.0557,43.4778],[-104.0521,43.001],[-103.5066,43.001],[-103.0005,43.0002],[-103.0005,43.4769],[-104.0557,43.4778]]]},"properties":{"fips":"46047","name":"Fall River","state":"South Dakota"}},
{"type":"Feature","geometry":{"type":"Polygon","coordinates":[[[-107.9106,47.4509],[-107.9286,47.5678],[-108.3126,47.5832],[-108.3162,47.3152],[-108.7182,47.2705],[-108.6105,47.0979],[-108.6321,46.7491],[-107.8281,46.756],[-107.8927,46.8513],[-107.9609,47.1271],[-107.9106,47.4509]]]},"properties":{"fips":"30069","name":"Petroleum","state":"Montana"}},
{"type":"Feature","geometry":{"type":"Polygon","coordinates":[[[-86.2421,40.1807],[-86.2421,40.2159],[-86.2421,40.374],[-86.3749,40.4316],[-86.6943,40.4324],[-86.6943,40.2142],[-86.6943,40.179],[-86.2421,40.1807]]]},"properties":{"fips":"18023","name":"Clinton","state":"Indiana"}},
{"type":"Feature","geometry":{"type":"Polygon","coordinates":[[[-97.7063,47.2396],[-97.9611,47.2405],[-98.4672,47.2405],[-98.4385,46.6314],[-98.0329,46.6305],[-97.6811,46.6297],[-97.7063,47.2396]]]},"properties":{"fips":"38003","name":"Barnes","state":"North Dakota"}},
{"type":"Feature","geometry":{"type":"Polygon","coordinates":[[[-72.5776,44.7818],[-72.9258,44.6332],[-72.8037,44.452],[-72.434,44.5061],[-72.373,44.5843],[-72.5776,44.7818]]]},"properties":{"fips":"50015","name":"Lamoille","state":"Vermont"}},
{"type":"Feature","geometry":{"type":"Polygon","coordinates":[[[-84.1028,33.2979],[-84.1244,33.2026],[-84.0418,33.2026],[-83.8229,33.1802],[-83.8624,33.3684],[-83.9234,33.444],[-84.1028,33.2979]]]},"properties":{"fips":"13035","name":"Butts","state":"Georgia"}},
{"type":"Feature","geometry":{"type":"Polygon","coordinates":[[[-90.3159,44.6848],[-90.3159,44.4245],[-90.3123,44.2484],[-89.9031,44.2492],[-89.7237,44.2475],[-89.7273,44.5112],[-89.8457,44.6848],[-90.3159,44.6848]]]},"properties":{"fips":"55141","name":"Wood","state":"Wisconsin"}},
{"type":"Feature","geometry":{"type":"Polygon","coordinates":[[[-93.9698,42.9074],[-93.9734,42.6445],[-93.9698,42.5577],[-93.4996,42.5577],[-93.4996,42.9082],[-93.9698,42.9074]]]},"properties":{"fips":"19197","name":"Wright","state":"Iowa"}},
{"type":"Feature","geometry":{"type":"Polygon","coordinates":[[[-98.9625,30.4983],[-98.9661,30.9218],[-99.0917,30.9407],[-99.4865,30.9407],[-99.483,30.7104],[-99.483,30.5],[-99.3035,30.5],[-98.9625,30.4983]]]},"properties":{"fips":"48319","name":"Mason","state":"Texas"}},
{"type":"Feature","geometry":{"type":"Polygon","coordinates":[[[-94.9856,32.5377],[-94.9856,32.371],[-94.58,32.3951],[-94.702,32.6519],[-94.9856,32.5377]]]},"properties":{"fips":"48183","name":"Gregg","state":"Texas"}},
{"type":"Feature","geometry":{"type":"Polygon","coordinates":[[[-89.0884,33.5333],[-89.0884,33.2859],[-88.812,33.2868],[-88.6684,33.2868],[-88.672,33.5058],[-89.0202,33.5625],[-89.0884,33.5333]]]},"properties":{"fips":"28105","name":"Oktibbeha","state":"Mississippi"}},
{"type":"Feature","geometry":{"type":"Polygon","coordinates":[[[-121.0223,39.3912],[-121.2664,39.2727],[-121.2807,39.0347],[-120.9792,39.1103],[-120.6454,39.3148],[-120.0065,39.3165],[-120.003,39.4454],[-120.5019,39.4462],[-120.6777,39.5184],[-121.0223,39.3912]]]},"properties":{"fips":"06057","name":"Nevada","state":"California"}},
{"type":"Feature","geometry":{"type":"Polygon","coordinates":[[[-103.5066,43.001],[-103.4455,42.4375],[-102.7743,42.44],[-102.7923,43.0002],[-103.0005,43.0002],[-103.5066,43.001]]]},"properties":{"fips":"31045","name":"Dawes","state":"Nebraska"}},
{"type":"Feature","geometry":{"type":"Polygon","coordinates":[[[-123.7179,42.7837],[-123.8902,42.501],[-123.7968,42.2193],[-123.822,41.9959],[-123.5169,42.0011],[-123.2297,42.0036],[-123.2297,42.7029],[-123.7179,42.7837]]]},"properties":{"fips":"41033","name":"Josephine","state":"Oregon"}},
{"type":"Feature","geometry":{"type":"Polygon","coordinates":[[[-97.3689,40.6987],[-97.3689,40.3508],[-96.9166,40.35],[-96.913,40.5235],[-96.913,40.6979],[-97.3689,40.6987]]]},"properties":{"fips":"31151","name":"Saline","state":"Nebraska"}},
{"type":"Feature","geometry":{"type":"Polygon","coordinates":[[[-100.5418,36.0564],[-100.5418,35.6191],[-99.9998,35.6191],[-99.9998,35.8811],[-99.9998,36.0555],[-100.5418,36.0564]]]},"properties":{"fips":"48211","name":"Hemphill","state":"Texas"}},
{"type":"Feature","geometry":{"type":"Polygon","coordinates":[[[-84.1244,33.2026],[-84.2464,33.1888],[-84.2715,32.9913],[-84.1244,32.932],[-84.0418,33.2026],[-84.1244,33.2026]]]},"properties":{"fips":"13171","name":"Lamar","state":"Georgia"}},
{"type":"Feature","geometry":{"type":"Polygon","coordinates":[[[-89.9749,31.7619],[-89.9606,31.3908],[-89.6555,31.4338],[-89.5873,31.4338],[-89.756,31.6099],[-89.756,31.7748],[-89.9749,31.7619]]]},"properties":{"fips":"28065","name":"Jefferson Davis","state":"Mississippi"}},
{"type":"Feature","geometry":{"type":"Polygon","coordinates":[[[-82.7497,40.2769],[-82.7604,40.1257],[-82.782,39.9393],[-82.4625,39.9307],[-82.2328,39.9136],[-82.1862,40.167],[-82.1969,40.2391],[-82.7497,40.2769]]]},"properties":{"fips":"39089","name":"Licking","state":"Ohio"}},
{"type":"Feature","geometry":{"type":"Polygon","coordinates":[[[-102.5267,34.7472],[-102.5267,34.3133],[-102.0888,34.3133],[-101.9991,34.3133],[-101.9991,34.748],[-102.1678,34.7472],[-102.5267,34.7472]]]},"properties":{"fips":"48069","name":"Castro","state":"Texas"}},
{"type":"Feature","geometry":{"type":"Polygon","coordinates":[[[-84.8566,45.1169],[-85.2227,45.1177],[-85.3878,45.2079],[-85.4416,44.86],[-85.334,44.8128],[-84.8458,44.8583],[-84.8566,45.1169]]]},"properties":{"fips":"26009","name":"Antrim","state":"Michigan"}},
{"type":"Feature","geometry":{"type":"Polygon","coordinates":[[[-99.6265,39.5674],[-99.6014,39.5674],[-99.0666,39.5682],[-99.0666,40.002],[-99.1779,40.002],[-99.6265,40.002],[-99.6265,39.5674]]]},"properties":{"fips":"20147","name":"Phillips","state":"Kansas"}},
{"type":"Feature","geometry":{"type":"Polygon","coordinates":[[[-101.5289,37.7367],[-101.5253,37.3888],[-101.091,37.3879],[-101.091,37.7367],[-101.5289,37.7367]]]},"properties":{"fips":"20067","name":"Grant","state":"Kansas"}},
{"type":"Feature","geometry":{"type":"Polygon","coordinates":[[[-111.7871,46.5695],[-111.7835,46.0498],[-111.6614,45.8333],[-111.421,45.9948],[-111.3061,46.1881],[-111.062,46.1924],[-111.062,46.4089],[-111.3312,46.536],[-111.4963,46.7628],[-111.7871,46.5695]]]},"properties":{"fips":"30007","name":"Broadwater","state":"Montana"}},
{"type":"Feature","geometry":{"type":"Polygon","coordinates":[[[-99.4255,41.0467],[-99.4184,40.6712],[-99.1779,40.6609],[-98.7256,40.6901],[-98.722,40.6987],[-98.722,41.0467],[-98.7472,41.0467],[-99.2066,41.0467],[-99.4255,41.0467]]]},"properties":{"fips":"31019","name":"Buffalo","state":"Nebraska"}},
{"type":"Feature","geometry":{"type":"Polygon","coordinates":[[[-117.6914,38.4738],[-118.3519,37.8939],[-118.4273,37.8965],[-117.8314,37.4652],[-117.1674,36.9713],[-117.1638,38.0013],[-117.6914,38.4738]]]},"properties":{"fips":"32009","name":"Esmeralda","state":"Nevada"}},
{"type":"Feature","geometry":{"type":"Polygon","coordinates":[[[-79.2573,36.2437],[-79.2501,35.8768],[-79.0168,35.8631],[-78.9522,36.2394],[-79.1532,36.2419],[-79.2573,36.2437]]]},"properties":{"fips":"37135","name":"Orange","state":"North Carolina"}},
{"type":"Feature","geometry":{"type":"Polygon","coordinates":[[[-112.6952,43.9718],[-112.6987,43.623],[-112.5193,43.6264],[-111.6255,43.6264],[-111.9773,43.7974],[-111.9773,43.9271],[-112.1568,44.0577],[-112.6952,44.0585],[-112.6952,43.9718]]]},"properties":{"fips":"16051","name":"Jefferson","state":"Idaho"}},
{"type":"Feature","geometry":{"type":"Polygon","coordinates":[[[-85.194,41.526],[-85.1976,41.7597],[-85.2909,41.7597],[-85.6606,41.7588],[-85.6534,41.5234],[-85.194,41.526]]]},"properties":{"fips":"18087","name":"LaGrange","state":"Indiana"}},
{"type":"Feature","geometry":{"type":"Polygon","coordinates":[[[-90.8974,41.9461],[-90.8974,42.0337],[-90.8974,42.2949],[-91.1307,42.2957],[-91.364,42.2966],[-91.3676,41.9478],[-90.8974,41.9461]]]},"properties":{"fips":"19105","name":"Jones","state":"Iowa"}},
{"type":"Feature","geometry":{"type":"Polygon","coordinates":[[[-95.0897,42.2107],[-95.0933,41.8636],[-94.7451,41.8628],[-94.6302,41.8628],[-94.6302,42.2098],[-94.8599,42.2098],[-95.0897,42.2107]]]},"properties":{"fips":"19027","name":"Carroll","state":"Iowa"}},
{"type":"Feature","geometry":{"type":"Polygon","coordinates":[[[-98.4995,47.3264],[-99.2676,47.3272],[-99.4794,47.3272],[-99.4507,46.6314],[-99.0379,46.6305],[-98.4385,46.6314],[-98.4672,47.2405],[-98.4995,47.3264]]]},"properties":{"fips":"38093","name":"Stutsman","state":"North Dakota"}},
{"type":"Feature","geometry":{"type":"Polygon","coordinates":[[[-94.3969,42.209],[-94.6302,42.2098],[-94.6302,41.8628],[-94.2821,41.8628],[-94.1636,41.8636],[-94.1636,42.2098],[-94.3969,42.209]]]},"properties":{"fips":"19073","name":"Greene","state":"Iowa"}},
{"type":"Feature","geometry":{"type":"Polygon","coordinates":[[[-88.008,30.6847],[-87.9075,30.4098],[-87.7567,30.2912],[-87.5198,30.2801],[-87.4301,30.4063],[-87.405,30.6744],[-87.6347,30.8659],[-87.5988,30.9974],[-87.6168,31.2448],[-87.7639,31.2972],[-87.947,31.1932],[-87.9721,31.1623],[-88.008,30.6847]]]},"properties":{"fips":"01003","name":"Baldwin","state":"Alabama"}},
{"type":"Feature","geometry":{"type":"Polygon","coordinates":[[[-84.1315,42.4246],[-84.1423,42.4246],[-84.6017,42.422],[-84.7202,42.4211],[-84.7094,42.0707],[-84.3649,42.0732],[-84.1315,42.0715],[-84.1315,42.4246]]]},"properties":{"fips":"26075","name":"Jackson","state":"Michigan"}},
{"type":"Feature","geometry":{"type":"Polygon","coordinates":[[[-82.9866,36.5941],[-83.4711,36.5976],[-83.3886,36.4129],[-83.2809,36.3948],[-82.8322,36.5941],[-82.9866,36.5941]]]},"properties":{"fips":"47067","name":"Hancock","state":"Tennessee"}},
{"type":"Feature","geometry":{"type":"Polygon","coordinates":[[[-100.1613,39.5674],[-100.1649,39.1318],[-100.147,39.1318],[-99.605,39.1327],[-99.6014,39.5674],[-99.6265,39.5674],[-100.1613,39.5674]]]},"properties":{"fips":"20065","name":"Graham","state":"Kansas"}},
{"type":"Feature","geometry":{"type":"Polygon","coordinates":[[[-95.524,37.7324],[-95.0897,37.7324],[-95.0789,38.0374],[-95.5204,38.0382],[-95.524,37.7324]]]},"properties":{"fips":"20001","name":"Allen","state":"Kansas"}},
{"type":"Feature","geometry":{"type":"Polygon","coordinates":[[[-95.6711,34.5943],[-95.7788,34.5066],[-95.7788,34.157],[-95.1579,34.157],[-94.9389,34.5066],[-95.0609,34.681],[-95.5132,34.681],[-95.6711,34.5943]]]},"properties":{"fips":"40127","name":"Pushmataha","state":"Oklahoma"}},
{"type":"Feature","geometry":{"type":"Polygon","coordinates":[[[-102.3185,31.6511],[-102.3006,31.0859],[-101.7765,31.0798],[-101.7765,31.6511],[-102.2862,31.6511],[-102.3185,31.6511]]]},"properties":{"fips":"48461","name":"Upton","state":"Texas"}},
{"type":"Feature","geometry":{"type":"Polygon","coordinates":[[[-99.5727,44.897],[-99.5727,45.2457],[-99.7091,45.2457],[-100.2618,45.2466],[-100.4054,44.8978],[-99.6732,44.8978],[-99.5727,44.897]]]},"properties":{"fips":"46107","name":"Potter","state":"South Dakota"}},
{"type":"Feature","geometry":{"type":"Polygon","coordinates":[[[-99.6301,40.3508],[-99.6265,40.002],[-99.1779,40.002],[-99.1779,40.3508],[-99.6301,40.3508]]]},"properties":{"fips":"31083","name":"Harlan","state":"Nebraska"}},
{"type":"Feature","geometry":{"type":"Polygon","coordinates":[[[-94.9138,43.5001],[-94.9138,43.2553],[-94.4436,43.2553],[-94.4436,43.501],[-94.8528,43.501],[-94.9138,43.5001]]]},"properties":{"fips":"19063","name":"Emmet","state":"Iowa"}},
{"type":"Feature","geometry":{"type":"Polygon","coordinates":[[[-98.9697,48.5445],[-98.3164,48.5437],[-97.9288,48.5428],[-97.9503,49.0007],[-98.9984,48.9998],[-98.9697,48.5445]]]},"properties":{"fips":"38019","name":"Cavalier","state":"North Dakota"}},
{"type":"Feature","geometry":{"type":"Polygon","coordinates":[[[-120.0209,38.4334],[-120.2578,38.2856],[-120.6526,37.8321],[-120.387,37.6336],[-120.1286,37.7814],[-119.8127,37.7573],[-119.5758,37.8956],[-119.3102,37.7779],[-119.2707,37.7393],[-119.2133,37.8991],[-119.3533,38.0846],[-119.6297,38.1972],[-119.6404,38.3269],[-120.0209,38.4334]]]},"properties":{"fips":"06109","name":"Tuolumne","state":"California"}},
{"type":"Feature","geometry":{"type":"Polygon","coordinates":[[[-99.5978,38.6963],[-99.5906,39.1327],[-99.605,39.1327],[-100.147,39.1318],[-100.1542,38.6971],[-99.5978,38.6963]]]},"properties":{"fips":"20195","name":"Trego","state":"Kansas"}},
{"type":"Feature","geometry":{"type":"Polygon","coordinates":[[[-98.5246,27.2648],[-98.7974,27.3541],[-98.9553,27.2691],[-98.9553,26.7854],[-98.4241,26.7837],[-98.4169,27.0551],[-98.5246,27.2648]]]},"properties":{"fips":"48247","name":"Jim Hogg","state":"Texas"}},
{"type":"Feature","geometry":{"type":"Polygon","coordinates":[[[-65.8764,18.1184],[-65.7974,18.0694],[-65.74,18.1733],[-65.8262,18.2008],[-65.8764,18.1184]]]},"properties":{"fips":"72069","name":"Humacao","state":"Puerto Rico"}},
{"type":"Feature","geometry":{"type":"Polygon","coordinates":[[[-88.6397,45.1177],[-88.9807,45.0293],[-88.489,44.8557],[-88.6397,45.1177]]]},"properties":{"fips":"55078","name":"Menominee","state":"Wisconsin"}},
{"type":"Feature","geometry":{"type":"Polygon","coordinates":[[[-94.8528,43.848],[-94.8528,43.501],[-94.4436,43.501],[-94.2462,43.5001],[-94.2462,43.848],[-94.3682,43.848],[-94.8528,43.848]]]},"properties":{"fips":"27091","name":"Martin","state":"Minnesota"}},
{"type":"Feature","geometry":{"type":"Polygon","coordinates":[[[-86.4466,31.9647],[-86.4072,32.0506],[-86.4969,32.3444],[-86.8163,32.3409],[-86.9061,32.048],[-86.8558,31.9621],[-86.4466,31.9647]]]},"properties":{"fips":"01085","name":"Lowndes","state":"Alabama"}},
{"type":"Feature","geometry":{"type":"Polygon","coordinates":[[[-84.7417,38.3526],[-84.8709,38.3569],[-84.9966,38.3355],[-85.0253,38.1293],[-84.8638,38.1173],[-84.7238,38.1954],[-84.7417,38.3526]]]},"properties":{"fips":"21073","name":"Franklin","state":"Kentucky"}},
{"type":"Feature","geometry":{"type":"Polygon","coordinates":[[[-92.2864,39.9522],[-92.3008,39.6052],[-91.8485,39.6584],[-91.8414,39.9479],[-91.9526,39.9496],[-92.2864,39.9522]]]},"properties":{"fips":"29205","name":"Shelby","state":"Missouri"}},
{"type":"Feature","geometry":{"type":"Polygon","coordinates":[[[-96.6223,36.1603],[-96.6223,35.9413],[-96.6223,35.6389],[-96.1916,35.6389],[-96.0336,35.8571],[-96.0301,36.0753],[-96.2993,36.162],[-96.6223,36.1603]]]},"properties":{"fips":"40037","name":"Creek","state":"Oklahoma"}},
{"type":"Feature","geometry":{"type":"Polygon","coordinates":[[[-97.1427,29.628],[-97.2397,29.3841],[-96.9776,29.104],[-96.9382,29.0636],[-96.6582,29.2638],[-96.5613,29.3351],[-96.8735,29.6323],[-97.1427,29.628]]]},"properties":{"fips":"48285","name":"Lavaca","state":"Texas"}},
{"type":"Feature","geometry":{"type":"Polygon","coordinates":[[[-89.1673,43.9829],[-89.2463,43.6427],[-89.0058,43.6333],[-88.8874,43.6333],[-88.8874,43.8953],[-88.8874,43.9829],[-89.1673,43.9829]]]},"properties":{"fips":"55047","name":"Green Lake","state":"Wisconsin"}},
{"type":"Feature","geometry":{"type":"Polygon","coordinates":[[[-100.2259,41.0467],[-100.2224,40.7005],[-99.9819,40.6996],[-99.6445,40.685],[-99.4184,40.6712],[-99.4255,41.0467],[-100.2259,41.0467]]]},"properties":{"fips":"31047","name":"Dawson","state":"Nebraska"}},
{"type":"Feature","geometry":{"type":"Polygon","coordinates":[[[-85.2945,42.0715],[-85.7647,42.0689],[-85.7898,41.7588],[-85.6606,41.7588],[-85.2909,41.7597],[-85.2945,42.0715]]]},"properties":{"fips":"26149","name":"St. Joseph","state":"Michigan"}},
{"type":"Feature","geometry":{"type":"Polygon","coordinates":[[[-88.7007,38.2564],[-88.7007,38.4746],[-89.1458,38.4738],[-89.1458,38.2126],[-89.1278,38.125],[-88.7043,38.125],[-88.7007,38.2564]]]},"properties":{"fips":"17081","name":"Jefferson","state":"Illinois"}},
{"type":"Feature","geometry":{"type":"Polygon","coordinates":[[[-92.552,43.5001],[-93.0258,43.4993],[-93.0258,43.2553],[-93.0258,43.2132],[-92.5556,43.2132],[-92.552,43.5001]]]},"properties":{"fips":"19131","name":"Mitchell","state":"Iowa"}},
{"type":"Feature","geometry":{"type":"Polygon","coordinates":[[[-141.0039,61.9038],[-141.0039,65.8391],[-141.8007,65.4714],[-142.6586,65.3744],[-142.8452,65.1502],[-143.5128,64.9551],[-143.441,64.816],[-143.7497,64.6485],[-144.0692,64.6837],[-144.4604,64.5832],[-144.9342,64.5772],[-145.5336,64.4182],[-145.7167,64.4543],[-146.3376,64.2816],[-147.0016,64.2576],[-147.0016,63.4793],[-146.4884,63.4827],[-146.4955,63.1692],[-146.1115,63.2181],[-145.1531,63.2181],[-145.1531,63.1314],[-143.1324,63.1168],[-143.0319,62.9321],[-143.1036,62.6151],[-142.7196,62.7139],[-142.314,62.6838],[-141.9766,62.5103],[-141.9766,62.1641],[-141.833,61.9038],[-141.0039,61.9038]]]},"properties":{"fips":"02240","name":"Southeast Fairbanks","state":"Alaska"}},
{"type":"Feature","geometry":{"type":"Polygon","coordinates":[[[-89.1637,41.1042],[-89.1637,41.3104],[-89.4652,41.1489],[-89.1637,41.1042]]]},"properties":{"fips":"17155","name":"Putnam","state":"Illinois"}},
{"type":"Feature","geometry":{"type":"Polygon","coordinates":[[[-94.9281,41.1583],[-95.1543,41.1592],[-95.384,41.16],[-95.384,40.9015],[-94.9281,40.9006],[-94.9281,41.1583]]]},"properties":{"fips":"19137","name":"Montgomery","state":"Iowa"}},
{"type":"Feature","geometry":{"type":"Polygon","coordinates":[[[-92.0818,42.6419],[-92.0818,42.9074],[-92.5556,42.9074],[-92.5556,42.6419],[-92.0818,42.6419]]]},"properties":{"fips":"19017","name":"Bremer","state":"Iowa"}},
{"type":"Feature","geometry":{"type":"Polygon","coordinates":[[[-89.1386,38.7366],[-89.1422,38.503],[-89.1458,38.4738],[-88.7007,38.4746],[-88.6971,38.6061],[-88.6935,38.826],[-89.1386,38.8243],[-89.1386,38.7366]]]},"properties":{"fips":"17121","name":"Marion","state":"Illinois"}},
{"type":"Feature","geometry":{"type":"Polygon","coordinates":[[[-80.7827,35.5057],[-80.5494,35.2085],[-80.5064,35.1853],[-80.2946,35.5031],[-80.7361,35.5057],[-80.7827,35.5057]]]},"properties":{"fips":"37025","name":"Cabarrus","state":"North Carolina"}},
{"type":"Feature","geometry":{"type":"Polygon","coordinates":[[[-102.2108,32.0867],[-102.2862,32.0867],[-102.2862,31.6511],[-101.7765,31.6511],[-101.7765,32.0867],[-102.2108,32.0867]]]},"properties":{"fips":"48329","name":"Midland","state":"Texas"}},
{"type":"Feature","geometry":{"type":"Polygon","coordinates":[[[-99.3035,30.5],[-99.483,30.5],[-99.483,30.7104],[-100.1147,30.7104],[-100.1147,30.2904],[-99.7557,30.2904],[-99.3035,30.2869],[-99.3035,30.5]]]},"properties":{"fips":"48267","name":"Kimble","state":"Texas"}},
{"type":"Feature","geometry":{"type":"Polygon","coordinates":[[[-90.3123,43.5542],[-90.6712,43.5525],[-90.6677,43.4228],[-90.6677,43.172],[-90.4308,43.2012],[-90.1939,43.1642],[-90.1903,43.5551],[-90.3123,43.5542]]]},"properties":{"fips":"55103","name":"Richland","state":"Wisconsin"}},
{"type":"Feature","geometry":{"type":"Polygon","coordinates":[[[-101.0874,35.1819],[-101.0874,35.6191],[-101.0874,35.6251],[-101.6222,35.6243],[-101.6222,35.62],[-101.6222,35.1827],[-101.0874,35.1819]]]},"properties":{"fips":"48065","name":"Carson","state":"Texas"}},
{"type":"Feature","geometry":{"type":"Polygon","coordinates":[[[-86.4682,37.3209],[-86.4,37.1697],[-86.1128,37.0615],[-86.0554,37.1671],[-86.1559,37.3355],[-86.4682,37.3209]]]},"properties":{"fips":"21061","name":"Edmonson","state":"Kentucky"}},
{"type":"Feature","geometry":{"type":"Polygon","coordinates":[[[-85.2981,39.5253],[-85.2981,39.4531],[-85.2981,39.2684],[-85.0648,39.3071],[-84.8207,39.3053],[-84.8171,39.5218],[-85.0361,39.5261],[-85.2981,39.5253]]]},"properties":{"fips":"18047","name":"Franklin","state":"Indiana"}},
{"type":"Feature","geometry":{"type":"Polygon","coordinates":[[[-114.8128,44.8085],[-114.6944,45.1968],[-115.9758,45.1951],[-116.1445,45.1074],[-116.1983,44.8626],[-116.1552,44.4992],[-116.2127,44.1513],[-116.0978,44.2363],[-115.4984,44.2338],[-115.2938,44.3394],[-115.283,44.6083],[-115.0892,44.7698],[-114.8128,44.8085]]]},"properties":{"fips":"16085","name":"Valley","state":"Idaho"}},
{"type":"Feature","geometry":{"type":"Polygon","coordinates":[[[-78.3061,38.0064],[-78.0621,37.9051],[-77.7964,37.729],[-77.6888,38.0082],[-77.9544,38.1181],[-78.2092,38.131],[-78.3061,38.0064]]]},"properties":{"fips":"51109","name":"Louisa","state":"Virginia"}},
{"type":"Feature","geometry":{"type":"Polygon","coordinates":[[[-98.4277,33.0076],[-98.5749,32.9543],[-98.5749,32.5153],[-98.4744,32.5128],[-98.0688,32.5119],[-98.0652,32.5591],[-98.0544,33.0033],[-98.4277,33.0076]]]},"properties":{"fips":"48363","name":"Palo Pinto","state":"Texas"}},
{"type":"Feature","geometry":{"type":"Polygon","coordinates":[[[-102.0852,33.8245],[-102.0888,34.3133],[-102.5267,34.3133],[-102.6164,34.3125],[-102.6164,33.8254],[-102.0852,33.8245]]]},"properties":{"fips":"48279","name":"Lamb","state":"Texas"}},
{"type":"Feature","geometry":{"type":"Polygon","coordinates":[[[-86.3964,30.3788],[-85.9944,30.2689],[-85.9944,30.3892],[-85.858,30.4905],[-85.8436,30.7027],[-86.0375,30.7044],[-86.0339,30.9931],[-86.1882,30.9939],[-86.3892,30.9939],[-86.3964,30.3788]]]},"properties":{"fips":"12131","name":"Walton","state":"Florida"}},
{"type":"Feature","geometry":{"type":"Polygon","coordinates":[[[-74.444,42.355],[-74.4512,42.1694],[-73.9092,42.1274],[-73.7836,42.4641],[-74.2538,42.4083],[-74.444,42.355]]]},"properties":{"fips":"36039","name":"Greene","state":"New York"}},
{"type":"Feature","geometry":{"type":"Polygon","coordinates":[[[-84.8027,40.3104],[-84.8099,40.0055],[-84.8135,39.917],[-84.4869,39.9187],[-84.4259,39.9196],[-84.4331,40.197],[-84.4331,40.3543],[-84.8027,40.3525],[-84.8027,40.3104]]]},"properties":{"fips":"39037","name":"Darke","state":"Ohio"}},
{"type":"Feature","geometry":{"type":"Polygon","coordinates":[[[-95.5814,48.0205],[-95.2296,48.0196],[-95.183,47.4131],[-94.6697,47.4106],[-94.4149,47.4449],[-94.4185,47.8461],[-94.4292,48.3676],[-95.2117,48.3658],[-95.3409,48.5402],[-95.6029,48.5385],[-95.5922,48.1726],[-95.5814,48.0205]]]},"properties":{"fips":"27007","name":"Beltrami","state":"Minnesota"}},
{"type":"Feature","geometry":{"type":"Polygon","coordinates":[[[-85.0863,44.1642],[-85.334,44.165],[-85.5637,44.165],[-85.5637,43.8154],[-85.0899,43.8137],[-85.0863,44.1642]]]},"properties":{"fips":"26133","name":"Osceola","state":"Michigan"}},
{"type":"Feature","geometry":{"type":"Polygon","coordinates":[[[-96.5254,37.607],[-96.5254,37.4764],[-96.5254,37.3029],[-95.9655,37.2994],[-95.9619,37.3871],[-95.9619,37.6035],[-96.5254,37.607]]]},"properties":{"fips":"20049","name":"Elk","state":"Kansas"}},
{"type":"Feature","geometry":{"type":"Polygon","coordinates":[[[-102.0457,38.2624],[-102.0421,37.7384],[-101.5289,37.7367],[-101.5432,38.2633],[-101.5683,38.2633],[-102.0457,38.2624]]]},"properties":{"fips":"20075","name":"Hamilton","state":"Kansas"}},
{"type":"Feature","geometry":{"type":"Polygon","coordinates":[[[-92.2936,46.6632],[-92.0136,46.7061],[-91.7947,46.9398],[-91.7983,48.2026],[-92.0567,48.359],[-92.308,48.316],[-92.7279,48.5394],[-93.0868,48.6279],[-93.0797,47.8916],[-93.0545,47.0266],[-93.0617,46.7663],[-92.3008,46.7646],[-92.2936,46.6632]]]},"properties":{"fips":"27137","name":"St. Louis","state":"Minnesota"}},
{"type":"Feature","geometry":{"type":"Polygon","coordinates":[[[-91.486,41.1626],[-91.4824,41.4238],[-91.8306,41.5114],[-91.9454,41.5105],[-91.9454,41.1635],[-91.7157,41.1626],[-91.486,41.1626]]]},"properties":{"fips":"19183","name":"Washington","state":"Iowa"}},
{"type":"Feature","geometry":{"type":"Polygon","coordinates":[[[-99.1133,32.5145],[-99.1204,32.0798],[-98.923,32.0781],[-98.5497,32.261],[-98.4744,32.5128],[-98.5749,32.5153],[-99.0953,32.5145],[-99.1133,32.5145]]]},"properties":{"fips":"48133","name":"Eastland","state":"Texas"}},
{"type":"Feature","geometry":{"type":"Polygon","coordinates":[[[-99.3035,30.2869],[-99.7557,30.2904],[-99.7593,30.0739],[-99.6014,29.9081],[-99.1779,29.8952],[-98.9194,29.7818],[-98.9194,30.1383],[-99.2999,30.134],[-99.3035,30.2869]]]},"properties":{"fips":"48265","name":"Kerr","state":"Texas"}},
{"type":"Feature","geometry":{"type":"Polygon","coordinates":[[[-78.3097,42.5208],[-78.3097,41.9994],[-78.2056,41.9994],[-77.7498,41.9985],[-77.7247,42.471],[-78.0369,42.5217],[-78.3097,42.5208]]]},"properties":{"fips":"36003","name":"Allegany","state":"New York"}},
{"type":"Feature","geometry":{"type":"Polygon","coordinates":[[[-102.0744,33.3899],[-101.5576,33.395],[-101.5648,33.8306],[-102.0852,33.8245],[-102.0744,33.3899]]]},"properties":{"fips":"48303","name":"Lubbock","state":"Texas"}},
{"type":"Feature","geometry":{"type":"Polygon","coordinates":[[[-80.0218,37.308],[-80.1187,37.2874],[-80.0756,37.2573],[-80.0326,37.2625],[-80.0218,37.308]]]},"properties":{"fips":"51775","name":"Salem","state":"Virginia"}},
{"type":"Feature","geometry":{"type":"Polygon","coordinates":[[[-77.3334,37.3123],[-77.3047,37.2616],[-77.2545,37.2934],[-77.2832,37.3132],[-77.3334,37.3123]]]},"properties":{"fips":"51670","name":"Hopewell","state":"Virginia"}},
{"type":"Feature","geometry":{"type":"Polygon","coordinates":[[[-89.9857,41.1497],[-89.8565,41.2348],[-89.8637,41.5844],[-90.1867,41.5844],[-90.4308,41.4564],[-90.4343,41.3267],[-90.4379,41.1515],[-89.9857,41.1497]]]},"properties":{"fips":"17073","name":"Henry","state":"Illinois"}},
{"type":"Feature","geometry":{"type":"Polygon","coordinates":[[[-89.3181,32.932],[-89.7308,32.8847],[-89.7308,32.6339],[-89.3217,32.5763],[-89.3181,32.5763],[-89.3181,32.932]]]},"properties":{"fips":"28079","name":"Leake","state":"Mississippi"}},
{"type":"Feature","geometry":{"type":"Polygon","coordinates":[[[-106.4103,34.87],[-106.4713,34.5212],[-106.4175,34.4396],[-106.4175,34.2601],[-105.9257,34.2601],[-105.312,34.2601],[-105.312,34.3468],[-105.2904,35.0418],[-105.714,35.0418],[-106.2452,35.0401],[-106.4103,34.87]]]},"properties":{"fips":"35057","name":"Torrance","state":"New Mexico"}},
{"type":"Feature","geometry":{"type":"Polygon","coordinates":[[[-102.0529,40.6979],[-102.0529,40.7494],[-102.6523,40.7494],[-102.6631,40.4384],[-102.0529,40.4402],[-102.0529,40.6979]]]},"properties":{"fips":"08095","name":"Phillips","state":"Colorado"}},
{"type":"Feature","geometry":{"type":"Polygon","coordinates":[[[-102.0529,40.4402],[-102.6631,40.4384],[-102.7815,40.4384],[-102.8031,39.5682],[-102.0493,39.5742],[-102.0529,40.0029],[-102.0529,40.3491],[-102.0529,40.4402]]]},"properties":{"fips":"08125","name":"Yuma","state":"Colorado"}},
{"type":"Feature","geometry":{"type":"Polygon","coordinates":[[[-95.8614,43.2579],[-95.8578,42.9091],[-95.3876,42.91],[-95.3876,43.2553],[-95.8614,43.2579]]]},"properties":{"fips":"19141","name":"O'Brien","state":"Iowa"}},
{"type":"Feature","geometry":{"type":"Polygon","coordinates":[[[-89.7308,32.6339],[-89.7847,32.5866],[-89.7308,32.2224],[-89.3217,32.2233],[-89.3217,32.5763],[-89.7308,32.6339]]]},"properties":{"fips":"28123","name":"Scott","state":"Mississippi"}},
{"type":"Feature","geometry":{"type":"Polygon","coordinates":[[[-99.2138,41.7408],[-99.203,41.3937],[-98.7507,41.3937],[-98.7507,41.7408],[-98.7579,41.7408],[-99.2138,41.7408]]]},"properties":{"fips":"31175","name":"Valley","state":"Nebraska"}},
{"type":"Feature","geometry":{"type":"Polygon","coordinates":[[[-80.8832,36.0555],[-81.0304,36.0461],[-81.1094,35.7763],[-80.9586,35.547],[-80.9478,35.4911],[-80.7827,35.5057],[-80.7361,35.5057],[-80.7074,35.8528],[-80.693,36.0512],[-80.8832,36.0555]]]},"properties":{"fips":"37097","name":"Iredell","state":"North Carolina"}},
{"type":"Feature","geometry":{"type":"Polygon","coordinates":[[[-87.9506,33.9199],[-87.947,33.5239],[-87.8393,33.5247],[-87.4229,33.602],[-87.6347,33.9156],[-87.9506,33.9199]]]},"properties":{"fips":"01057","name":"Fayette","state":"Alabama"}},
{"type":"Feature","geometry":{"type":"Polygon","coordinates":[[[-100.1793,40.0012],[-100.1936,40.0012],[-100.7392,40.002],[-100.7392,39.5682],[-100.7213,39.5682],[-100.1793,39.5665],[-100.1793,40.0012]]]},"properties":{"fips":"20039","name":"Decatur","state":"Kansas"}},
{"type":"Feature","geometry":{"type":"Polygon","coordinates":[[[-118.2334,44.2561],[-117.9714,44.4442],[-117.5909,44.4442],[-117.4869,44.2999],[-117.2213,44.3016],[-117.2248,44.4838],[-116.9018,44.8411],[-116.7834,45.0782],[-117.2679,45.0808],[-117.5658,44.9932],[-118.2442,44.9588],[-118.3052,44.586],[-118.4811,44.2552],[-118.2334,44.2561]]]},"properties":{"fips":"41001","name":"Baker","state":"Oregon"}},
{"type":"Feature","geometry":{"type":"Polygon","coordinates":[[[-87.6347,34.3073],[-87.6347,34.0024],[-87.1501,33.9929],[-87.1107,34.2996],[-87.5306,34.3048],[-87.6347,34.3073]]]},"properties":{"fips":"01133","name":"Winston","state":"Alabama"}},
{"type":"Feature","geometry":{"type":"Polygon","coordinates":[[[-91.0948,38.204],[-91.0984,37.7401],[-90.6461,37.735],[-90.6389,38.0769],[-90.7789,38.204],[-91.0948,38.204]]]},"properties":{"fips":"29221","name":"Washington","state":"Missouri"}},
{"type":"Feature","geometry":{"type":"Polygon","coordinates":[[[-66.081,18.0333],[-66.0702,17.9663],[-66.02,17.9783],[-66.081,18.0333]]]},"properties":{"fips":"72015","name":"Arroyo","state":"Puerto Rico"}},
{"type":"Feature","geometry":{"type":"Polygon","coordinates":[[[-87.527,40.4771],[-87.0927,40.4754],[-87.0963,40.563],[-87.0999,40.7365],[-87.2686,40.7365],[-87.527,40.7365],[-87.527,40.4908],[-87.527,40.4771]]]},"properties":{"fips":"18007","name":"Benton","state":"Indiana"}},
{"type":"Feature","geometry":{"type":"Polygon","coordinates":[[[-120.649,34.9748],[-120.6454,34.5814],[-120.4732,34.4482],[-120.1429,34.4731],[-119.4789,34.3769],[-119.443,34.9009],[-119.4717,34.9009],[-120.0855,35.1131],[-120.2111,35.0212],[-120.649,34.9748]]]},"properties":{"fips":"06083","name":"Santa Barbara","state":"California"}},
{"type":"Feature","geometry":{"type":"Polygon","coordinates":[[[-122.4975,41.1824],[-122.5514,41.3619],[-122.8923,41.203],[-123.0323,41.0046],[-123.4092,41.1798],[-123.4092,41.0192],[-123.5743,40.8568],[-123.5456,40.002],[-122.9354,39.978],[-123.0646,40.2872],[-122.9928,40.4187],[-122.6985,40.5716],[-122.4975,41.1824]]]},"properties":{"fips":"06105","name":"Trinity","state":"California"}},
{"type":"Feature","geometry":{"type":"Polygon","coordinates":[[[-90.1544,39.5201],[-90.1472,39.2615],[-90.1472,39.0004],[-89.6985,38.9987],[-89.7021,39.5235],[-89.9247,39.5218],[-90.1544,39.5201]]]},"properties":{"fips":"17117","name":"Macoupin","state":"Illinois"}},
{"type":"Feature","geometry":{"type":"Polygon","coordinates":[[[-84.3684,43.1282],[-83.9305,43.1325],[-83.6972,43.2218],[-83.6972,43.4787],[-84.1674,43.5689],[-84.3684,43.4658],[-84.3684,43.1282]]]},"properties":{"fips":"26145","name":"Saginaw","state":"Michigan"}},
{"type":"Feature","geometry":{"type":"Polygon","coordinates":[[[-98.0042,32.0179],[-97.8642,32.0875],[-97.9467,32.2336],[-98.0688,32.5119],[-98.4744,32.5128],[-98.5497,32.261],[-98.3272,31.9415],[-98.2088,31.9174],[-98.0042,32.0179]]]},"properties":{"fips":"48143","name":"Erath","state":"Texas"}},
{"type":"Feature","geometry":{"type":"Polygon","coordinates":[[[-82.6779,28.4331],[-82.8035,28.1719],[-82.6528,28.1736],[-82.1072,28.1719],[-82.0569,28.3128],[-82.0533,28.4786],[-82.6779,28.4331]]]},"properties":{"fips":"12101","name":"Pasco","state":"Florida"}},
{"type":"Feature","geometry":{"type":"Polygon","coordinates":[[[-80.029,36.5426],[-80.0541,36.5426],[-80.4418,36.5503],[-80.4525,36.2617],[-80.0362,36.2574],[-80.029,36.5426]]]},"properties":{"fips":"37169","name":"Stokes","state":"North Carolina"}},
{"type":"Feature","geometry":{"type":"Polygon","coordinates":[[[-116.1552,44.4992],[-116.2988,44.4442],[-116.4531,44.1513],[-116.7116,43.8068],[-116.5142,43.8068],[-116.2809,43.8077],[-116.2127,44.1513],[-116.1552,44.4992]]]},"properties":{"fips":"16045","name":"Gem","state":"Idaho"}},
{"type":"Feature","geometry":{"type":"Polygon","coordinates":[[[-81.034,39.0098],[-80.9837,38.7177],[-80.6069,38.9042],[-80.7289,39.0957],[-80.8115,39.1095],[-81.034,39.0098]]]},"properties":{"fips":"54021","name":"Gilmer","state":"West Virginia"}},
{"type":"Feature","geometry":{"type":"Polygon","coordinates":[[[-98.5462,36.9988],[-98.5354,36.4636],[-98.1047,36.4627],[-98.1047,36.5933],[-98.1118,36.9979],[-98.3487,36.9979],[-98.5462,36.9988]]]},"properties":{"fips":"40003","name":"Alfalfa","state":"Oklahoma"}},
{"type":"Feature","geometry":{"type":"Polygon","coordinates":[[[-97.3689,39.5674],[-96.9597,39.5665],[-96.8053,39.5665],[-96.8053,40.0012],[-96.9166,40.0012],[-97.3689,40.002],[-97.3689,39.6541],[-97.3689,39.5674]]]},"properties":{"fips":"20201","name":"Washington","state":"Kansas"}},
{"type":"Feature","geometry":{"type":"Polygon","coordinates":[[[-81.9708,32.2688],[-82.0246,32.2791],[-81.9816,32.0815],[-81.7626,32.048],[-81.7195,32.0892],[-81.7806,32.1528],[-81.9708,32.2688]]]},"properties":{"fips":"13109","name":"Evans","state":"Georgia"}},
{"type":"Feature","geometry":{"type":"Polygon","coordinates":[[[-85.2012,40.0046],[-85.2155,40.0768],[-85.5744,40.0768],[-85.5744,39.9453],[-85.596,39.7864],[-85.3017,39.7873],[-85.2227,39.7881],[-85.2012,40.0046]]]},"properties":{"fips":"18065","name":"Henry","state":"Indiana"}},
{"type":"Feature","geometry":{"type":"Polygon","coordinates":[[[-81.4791,34.8219],[-81.4216,34.5719],[-80.8761,34.5436],[-80.8976,34.821],[-81.4791,34.8219]]]},"properties":{"fips":"45023","name":"Chester","state":"South Carolina"}},
{"type":"Feature","geometry":{"type":"Polygon","coordinates":[[[-114.138,34.303],[-114.436,34.0797],[-114.5365,33.9285],[-114.5257,33.5522],[-114.6262,33.4337],[-114.7087,33.0909],[-114.5149,33.0273],[-114.2673,33.0299],[-114.2673,33.4637],[-113.9586,33.3778],[-113.334,33.3778],[-113.334,33.9989],[-113.334,34.3176],[-113.5853,34.2429],[-114.138,34.303]]]},"properties":{"fips":"04012","name":"La Paz","state":"Arizona"}},
{"type":"Feature","geometry":{"type":"Polygon","coordinates":[[[-100.2654,41.7399],[-100.2511,41.7399],[-99.6875,41.7399],[-99.6875,42.0861],[-100.1685,42.0861],[-100.269,42.0861],[-100.2654,41.7399]]]},"properties":{"fips":"31009","name":"Blaine","state":"Nebraska"}},
{"type":"Feature","geometry":{"type":"Polygon","coordinates":[[[-113.9442,45.6864],[-114.3462,45.4596],[-114.558,45.5653],[-114.7949,45.4364],[-114.6944,45.1968],[-114.8128,44.8085],[-114.5688,44.5757],[-114.3426,44.7939],[-114.0842,44.7561],[-113.8186,44.4949],[-113.5027,44.4219],[-113.3197,44.2329],[-112.9967,44.2338],[-112.8136,44.3772],[-113.0038,44.4511],[-113.133,44.7733],[-113.4561,44.8652],[-113.4525,45.0593],[-113.7396,45.3299],[-113.9442,45.6864]]]},"properties":{"fips":"16059","name":"Lemhi","state":"Idaho"}},
{"type":"Feature","geometry":{"type":"Polygon","coordinates":[[[-100.2259,37.9137],[-100.2259,38.0013],[-100.6638,38.0021],[-100.6531,37.7367],[-100.6531,37.4747],[-100.2152,37.4755],[-100.2259,37.9137]]]},"properties":{"fips":"20069","name":"Gray","state":"Kansas"}},
{"type":"Feature","geometry":{"type":"Polygon","coordinates":[[[-89.7883,33.6768],[-89.7847,33.4165],[-89.6447,33.2859],[-89.4545,33.2859],[-89.3827,33.4603],[-89.5083,33.6776],[-89.7883,33.6768]]]},"properties":{"fips":"28097","name":"Montgomery","state":"Mississippi"}},
{"type":"Feature","geometry":{"type":"Polygon","coordinates":[[[-94.702,32.6519],[-94.702,32.7928],[-94.7056,32.8796],[-94.72,32.9045],[-95.1507,32.9028],[-95.1543,32.5703],[-94.9856,32.5377],[-94.702,32.6519]]]},"properties":{"fips":"48459","name":"Upshur","state":"Texas"}},
{"type":"Feature","geometry":{"type":"Polygon","coordinates":[[[-98.5892,30.1392],[-98.4134,29.9373],[-98.2985,30.0378],[-98.1729,30.3565],[-98.1262,30.4261],[-98.3523,30.4862],[-98.5928,30.5],[-98.5892,30.1392]]]},"properties":{"fips":"48031","name":"Blanco","state":"Texas"}},
{"type":"Feature","geometry":{"type":"Polygon","coordinates":[[[-96.9633,39.1327],[-96.8915,38.8698],[-96.5003,38.8698],[-96.5003,39.0433],[-96.852,39.088],[-96.9633,39.2203],[-96.9633,39.1327]]]},"properties":{"fips":"20061","name":"Geary","state":"Kansas"}},
{"type":"Feature","geometry":{"type":"Polygon","coordinates":[[[-85.2012,38.6911],[-85.334,38.7358],[-85.1689,38.5854],[-85.0755,38.5966],[-84.9356,38.6619],[-85.0253,38.7624],[-85.2012,38.6911]]]},"properties":{"fips":"21041","name":"Carroll","state":"Kentucky"}},
{"type":"Feature","geometry":{"type":"Polygon","coordinates":[[[-86.0769,41.1729],[-86.059,41.4358],[-86.059,41.4788],[-86.4682,41.4332],[-86.4682,41.1712],[-86.0769,41.1729]]]},"properties":{"fips":"18099","name":"Marshall","state":"Indiana"}},
{"type":"Feature","geometry":{"type":"Polygon","coordinates":[[[-80.0362,36.2574],[-80.0433,36.0108],[-80.0469,35.9206],[-79.5408,35.9],[-79.5337,36.2411],[-80.0362,36.2574]]]},"properties":{"fips":"37081","name":"Guilford","state":"North Carolina"}},
{"type":"Feature","geometry":{"type":"Polygon","coordinates":[[[-79.4619,37.7865],[-79.4547,37.765],[-79.4152,37.7882],[-79.4619,37.7865]]]},"properties":{"fips":"51678","name":"Lexington","state":"Virginia"}},
{"type":"Feature","geometry":{"type":"Polygon","coordinates":[[[-84.8243,41.7597],[-84.8063,41.6961],[-84.4007,41.7056],[-84.3613,41.7064],[-84.3649,42.0732],[-84.7094,42.0707],[-84.8279,42.0724],[-84.8243,41.7597]]]},"properties":{"fips":"26059","name":"Hillsdale","state":"Michigan"}},
{"type":"Feature","geometry":{"type":"Polygon","coordinates":[[[-101.5683,38.6997],[-101.5683,38.2633],[-101.5432,38.2633],[-101.1269,38.2642],[-101.1269,38.7006],[-101.4858,38.7006],[-101.5683,38.6997]]]},"properties":{"fips":"20203","name":"Wichita","state":"Kansas"}},
{"type":"Feature","geometry":{"type":"Polygon","coordinates":[[[-93.0474,44.1968],[-93.0474,43.848],[-92.6884,43.8489],[-92.6777,44.1951],[-93.0402,44.1968],[-93.0474,44.1968]]]},"properties":{"fips":"27039","name":"Dodge","state":"Minnesota"}},
{"type":"Feature","geometry":{"type":"Polygon","coordinates":[[[-88.5751,40.2812],[-89.1494,40.2821],[-89.1458,40.0484],[-88.7438,40.0553],[-88.5751,40.2812]]]},"properties":{"fips":"17039","name":"De Witt","state":"Illinois"}},
{"type":"Feature","geometry":{"type":"Polygon","coordinates":[[[-102.2108,32.5231],[-103.0651,32.5222],[-103.0651,32.0867],[-102.7995,32.0858],[-102.2862,32.0867],[-102.2108,32.0867],[-102.2108,32.5231]]]},"properties":{"fips":"48003","name":"Andrews","state":"Texas"}},
{"type":"Feature","geometry":{"type":"Polygon","coordinates":[[[-98.3236,43.8515],[-97.9683,43.8506],[-97.8498,43.8498],[-97.8498,44.1951],[-97.8534,44.1951],[-98.3308,44.1968],[-98.3308,43.9374],[-98.3236,43.8515]]]},"properties":{"fips":"46111","name":"Sanborn","state":"South Dakota"}},
{"type":"Feature","geometry":{"type":"Polygon","coordinates":[[[-93.5247,44.5439],[-93.9088,44.543],[-93.9303,44.4571],[-94.0129,44.2398],[-93.7688,44.196],[-93.5247,44.196],[-93.5247,44.5439]]]},"properties":{"fips":"27079","name":"Le Sueur","state":"Minnesota"}},
{"type":"Feature","geometry":{"type":"Polygon","coordinates":[[[-88.9412,42.495],[-88.7761,42.4925],[-88.7761,42.8429],[-89.013,42.8472],[-89.3683,42.8447],[-89.3647,42.5002],[-88.9412,42.495]]]},"properties":{"fips":"55105","name":"Rock","state":"Wisconsin"}},
{"type":"Feature","geometry":{"type":"Polygon","coordinates":[[[-93.0509,43.848],[-93.0474,43.848],[-93.0474,44.1968],[-93.4063,44.196],[-93.4063,43.848],[-93.0509,43.848]]]},"properties":{"fips":"27147","name":"Steele","state":"Minnesota"}},
{"type":"Feature","geometry":{"type":"Polygon","coordinates":[[[-79.2142,41.0501],[-79.2142,40.9109],[-78.805,40.9058],[-78.7117,41.2021],[-78.9594,41.3619],[-79.0958,41.3405],[-79.2106,41.3319],[-79.2142,41.0501]]]},"properties":{"fips":"42065","name":"Jefferson","state":"Pennsylvania"}},
{"type":"Feature","geometry":{"type":"Polygon","coordinates":[[[-94.4436,42.6454],[-94.4436,42.9082],[-94.9138,42.91],[-94.9138,42.5603],[-94.4436,42.5586],[-94.4436,42.6454]]]},"properties":{"fips":"19151","name":"Pocahontas","state":"Iowa"}},
{"type":"Feature","geometry":{"type":"Polygon","coordinates":[[[-96.0516,43.5001],[-95.8614,43.5001],[-95.4558,43.501],[-95.4522,43.848],[-95.463,43.848],[-96.0516,43.8489],[-96.0516,43.5001]]]},"properties":{"fips":"27105","name":"Nobles","state":"Minnesota"}},
{"type":"Feature","geometry":{"type":"MultiPolygon","coordinates":[[[[-130.2468,56.0974],[-130.3904,55.9436],[-130.1499,55.7666],[-130.0135,55.9161],[-130.2468,56.0974]]],[[[-133.8181,55.9642],[-133.6997,55.7787],[-133.2618,55.5691],[-133.0788,55.4101],[-133.452,55.3199],[-133.1613,54.9591],[-132.8706,54.7023],[-132.6301,54.8835],[-132.3071,54.7186],[-131.9589,54.7916],[-131.9768,55.1808],[-132.1419,55.2383],[-132.3573,55.6489],[-132.6337,55.9221],[-133.007,56.1197],[-133.1649,56.3173],[-133.5813,56.3525],[-133.5489,56.1584],[-133.8181,55.9642]]],[[[-133.3264,57.0114],[-133.8863,57.0973],[-134.414,56.8482],[-134.2596,56.1214],[-133.9617,56.0914],[-133.7823,56.3929],[-133.4126,56.4943],[-133.5023,56.8783],[-133.3264,57.0114]]]]},"properties":{"fips":"02198","name":"Prince of Wales-Hyder","state":"Alaska"}},
{"type":"Feature","geometry":{"type":"Polygon","coordinates":[[[-101.2274,42.9976],[-100.1972,42.9984],[-100.2152,43.3902],[-101.2274,43.3893],[-101.2274,42.9976]]]},"properties":{"fips":"46121","name":"Todd","state":"South Dakota"}},
{"type":"Feature","geometry":{"type":"Polygon","coordinates":[[[-83.1409,31.42],[-83.0476,31.1838],[-82.9722,31.1838],[-82.6707,31.1838],[-82.6276,31.3642],[-83.1409,31.42]]]},"properties":{"fips":"13003","name":"Atkinson","state":"Georgia"}},
{"type":"Feature","geometry":{"type":"MultiPolygon","coordinates":[[[[-134.6329,56.2829],[-134.6329,56.7288],[-134.8411,57.2485],[-135.419,57.5638],[-135.6882,57.3671],[-135.3544,57.0209],[-135.3185,56.7485],[-134.8052,56.2357],[-134.6652,56.1704],[-134.6329,56.2829]]],[[[-136.3701,57.8318],[-135.8928,57.4083],[-135.5661,57.4856],[-135.5733,57.6746],[-135.0852,57.465],[-134.8231,57.5002],[-135.1067,57.7683],[-135.2754,57.7734],[-135.9035,58.0011],[-136.0256,57.8387],[-136.3701,57.8318]]]]},"properties":{"fips":"02220","name":"Sitka","state":"Alaska"}},
{"type":"Feature","geometry":{"type":"Polygon","coordinates":[[[-90.1293,33.6768],[-90.1759,33.3332],[-89.7488,33.2146],[-89.6447,33.2859],[-89.7847,33.4165],[-89.7883,33.6768],[-90.1293,33.6768]]]},"properties":{"fips":"28015","name":"Carroll","state":"Mississippi"}},
{"type":"Feature","geometry":{"type":"Polygon","coordinates":[[[-80.1977,27.263],[-80.3197,27.5577],[-80.6786,27.5586],[-80.6786,27.2063],[-80.2838,27.2063],[-80.1977,27.263]]]},"properties":{"fips":"12111","name":"St. Lucie","state":"Florida"}},
{"type":"Feature","geometry":{"type":"Polygon","coordinates":[[[-92.6382,40.8989],[-92.6382,40.5905],[-92.351,40.5974],[-92.1787,40.6008],[-92.1787,40.8998],[-92.6382,40.8989]]]},"properties":{"fips":"19051","name":"Davis","state":"Iowa"}},
{"type":"Feature","geometry":{"type":"Polygon","coordinates":[[[-90.9045,40.6395],[-90.9081,40.2847],[-90.4487,40.2761],[-90.4451,40.6274],[-90.7897,40.636],[-90.9045,40.6395]]]},"properties":{"fips":"17109","name":"McDonough","state":"Illinois"}},
{"type":"Feature","geometry":{"type":"Polygon","coordinates":[[[-83.4137,41.5002],[-83.4209,41.2537],[-82.8394,41.2554],[-82.843,41.2898],[-82.9507,41.4581],[-83.4137,41.5002]]]},"properties":{"fips":"39143","name":"Sandusky","state":"Ohio"}},
{"type":"Feature","geometry":{"type":"Polygon","coordinates":[[[-88.3705,38.2556],[-88.1516,38.2564],[-88.148,38.5691],[-88.2521,38.5992],[-88.6971,38.6061],[-88.7007,38.4746],[-88.7007,38.2564],[-88.3705,38.2556]]]},"properties":{"fips":"17191","name":"Wayne","state":"Illinois"}},
{"type":"Feature","geometry":{"type":"Polygon","coordinates":[[[-104.9172,30.6632],[-104.9818,30.6288],[-103.9014,30.4124],[-103.8009,30.4124],[-103.4384,30.6658],[-103.5855,30.7663],[-104.1024,31.1056],[-104.9172,30.6632]]]},"properties":{"fips":"48243","name":"Jeff Davis","state":"Texas"}},
{"type":"Feature","geometry":{"type":"Polygon","coordinates":[[[-94.0093,44.7174],[-94.4974,44.7174],[-94.6231,44.4563],[-93.9303,44.4571],[-93.9088,44.543],[-93.7688,44.6401],[-94.0093,44.7174]]]},"properties":{"fips":"27143","name":"Sibley","state":"Minnesota"}},
{"type":"Feature","geometry":{"type":"Polygon","coordinates":[[[-99.4758,33.7335],[-99.6947,33.8271],[-99.9962,33.8357],[-99.9926,33.3976],[-99.4722,33.3993],[-99.4758,33.7335]]]},"properties":{"fips":"48275","name":"Knox","state":"Texas"}},
{"type":"Feature","geometry":{"type":"Polygon","coordinates":[[[-90.2585,38.5322],[-90.2621,38.521],[-89.8995,38.2203],[-89.7021,38.2195],[-89.7057,38.4154],[-89.7057,38.655],[-90.1831,38.6602],[-90.2585,38.5322]]]},"properties":{"fips":"17163","name":"St. Clair","state":"Illinois"}},
{"type":"Feature","geometry":{"type":"Polygon","coordinates":[[[-84.1674,44.1616],[-84.1674,43.9967],[-83.909,43.9108],[-83.5824,44.0568],[-83.5644,44.1633],[-83.8839,44.1616],[-84.1674,44.1616]]]},"properties":{"fips":"26011","name":"Arenac","state":"Michigan"}},
{"type":"Feature","geometry":{"type":"Polygon","coordinates":[[[-87.947,38.85],[-87.9506,39.1748],[-88.008,39.1739],[-88.3597,39.1713],[-88.3633,38.911],[-88.2592,38.8475],[-87.947,38.85]]]},"properties":{"fips":"17079","name":"Jasper","state":"Illinois"}},
{"type":"Feature","geometry":{"type":"Polygon","coordinates":[[[-97.3689,39.3062],[-97.3725,39.1318],[-96.9633,39.1327],[-96.9633,39.2203],[-96.9597,39.5665],[-97.3689,39.5674],[-97.3689,39.3062]]]},"properties":{"fips":"20027","name":"Clay","state":"Kansas"}},
{"type":"Feature","geometry":{"type":"Polygon","coordinates":[[[-114.3319,46.6606],[-114.5939,46.6331],[-115.6312,46.4733],[-115.7784,46.2672],[-116.1696,46.372],[-116.1947,46.1529],[-116.4531,46.1933],[-116.7008,45.9966],[-116.7941,45.8565],[-116.4639,45.6031],[-116.6864,45.2681],[-116.3419,45.2681],[-116.1445,45.1074],[-115.9758,45.1951],[-114.6944,45.1968],[-114.7949,45.4364],[-114.558,45.5653],[-114.3319,46.6606]]]},"properties":{"fips":"16049","name":"Idaho","state":"Idaho"}},
{"type":"Feature","geometry":{"type":"Polygon","coordinates":[[[-99.526,48.999],[-100.1829,48.999],[-100.147,48.5454],[-99.4937,48.5445],[-99.526,48.999]]]},"properties":{"fips":"38079","name":"Rolette","state":"North Dakota"}},
{"type":"Feature","geometry":{"type":"Polygon","coordinates":[[[-100.1793,39.5665],[-100.7213,39.5682],[-100.7213,39.1335],[-100.1649,39.1318],[-100.1613,39.5674],[-100.1793,39.5665]]]},"properties":{"fips":"20179","name":"Sheridan","state":"Kansas"}},
{"type":"Feature","geometry":{"type":"Polygon","coordinates":[[[-98.5928,30.5],[-98.3523,30.4862],[-98.4385,30.6735],[-98.4457,30.9218],[-98.9661,30.9218],[-98.9625,30.4983],[-98.5928,30.5]]]},"properties":{"fips":"48299","name":"Llano","state":"Texas"}},
{"type":"Feature","geometry":{"type":"Polygon","coordinates":[[[-104.0593,38.1465],[-104.0521,38.5227],[-104.9423,38.5193],[-105.05,38.2581],[-105.05,37.9154],[-104.648,37.9008],[-104.35,37.8174],[-104.0629,37.735],[-104.0593,38.1465]]]},"properties":{"fips":"08101","name":"Pueblo","state":"Colorado"}},
{"type":"Feature","geometry":{"type":"Polygon","coordinates":[[[-123.7179,42.7837],[-123.8112,42.7888],[-124.1342,42.6668],[-124.2599,42.9546],[-124.4788,42.9546],[-124.5542,42.8404],[-124.3891,42.5663],[-124.4357,42.44],[-124.3424,42.093],[-124.2132,41.9985],[-123.822,41.9959],[-123.7968,42.2193],[-123.8902,42.501],[-123.7179,42.7837]]]},"properties":{"fips":"41015","name":"Curry","state":"Oregon"}},
{"type":"Feature","geometry":{"type":"Polygon","coordinates":[[[-88.9161,32.9268],[-88.812,32.926],[-88.812,33.2868],[-89.0884,33.2859],[-89.3181,33.1089],[-89.3181,32.932],[-88.9161,32.9268]]]},"properties":{"fips":"28159","name":"Winston","state":"Mississippi"}},
{"type":"Feature","geometry":{"type":"Polygon","coordinates":[[[-99.1779,40.3508],[-98.7256,40.3508],[-98.7256,40.6901],[-99.1779,40.6609],[-99.1779,40.3508]]]},"properties":{"fips":"31099","name":"Kearney","state":"Nebraska"}},
{"type":"Feature","geometry":{"type":"Polygon","coordinates":[[[-66.2425,18.1802],[-66.2389,18.1845],[-66.2676,18.2455],[-66.3143,18.2489],[-66.3502,18.2412],[-66.3753,18.1733],[-66.3143,18.1519],[-66.2425,18.1802]]]},"properties":{"fips":"72019","name":"Barranquitas","state":"Puerto Rico"}},
{"type":"Feature","geometry":{"type":"Polygon","coordinates":[[[-80.5207,39.7211],[-80.833,39.7211],[-80.9443,39.6069],[-80.6176,39.4505],[-80.5458,39.429],[-80.4956,39.4694],[-80.3951,39.6369],[-80.4202,39.7211],[-80.5207,39.7211]]]},"properties":{"fips":"54103","name":"Wetzel","state":"West Virginia"}},
{"type":"Feature","geometry":{"type":"Polygon","coordinates":[[[-84.5443,31.079],[-84.6412,31.2594],[-84.9176,31.2559],[-84.9212,31.073],[-84.731,31.0695],[-84.5443,31.079]]]},"properties":{"fips":"13201","name":"Miller","state":"Georgia"}},
{"type":"Feature","geometry":{"type":"Polygon","coordinates":[[[-105.7427,37.357],[-105.4843,37.5778],[-105.4555,37.7513],[-106.037,37.7487],[-106.0406,37.4008],[-105.7427,37.357]]]},"properties":{"fips":"08003","name":"Alamosa","state":"Colorado"}},
{"type":"Feature","geometry":{"type":"Polygon","coordinates":[[[-99.0128,37.4704],[-99.0128,37.7333],[-99.5583,37.735],[-99.5547,37.4678],[-99.544,37.381],[-99.0128,37.3845],[-99.0128,37.4704]]]},"properties":{"fips":"20097","name":"Kiowa","state":"Kansas"}},
{"type":"Feature","geometry":{"type":"Polygon","coordinates":[[[-102.9251,46.2818],[-102.498,46.2062],[-101.9991,46.2053],[-102.096,46.6314],[-102.9287,46.6297],[-102.9251,46.2818]]]},"properties":{"fips":"38041","name":"Hettinger","state":"North Dakota"}},
{"type":"Feature","geometry":{"type":"Polygon","coordinates":[[[-92.6884,43.8489],[-92.4479,43.8343],[-92.0782,43.8472],[-92.0782,44.1066],[-92.552,44.1951],[-92.6777,44.1951],[-92.6884,43.8489]]]},"properties":{"fips":"27109","name":"Olmsted","state":"Minnesota"}},
{"type":"Feature","geometry":{"type":"Polygon","coordinates":[[[-65.9267,18.1433],[-65.8513,18.2549],[-65.9195,18.2704],[-65.9518,18.2292],[-65.9267,18.1433]]]},"properties":{"fips":"72077","name":"Juncos","state":"Puerto Rico"}},
{"type":"Feature","geometry":{"type":"Polygon","coordinates":[[[-95.0933,41.8636],[-95.0897,42.2107],[-95.323,42.2107],[-95.6711,42.2115],[-95.6711,41.8628],[-95.5563,41.8636],[-95.0933,41.8636]]]},"properties":{"fips":"19047","name":"Crawford","state":"Iowa"}},
{"type":"Feature","geometry":{"type":"Polygon","coordinates":[[[-95.5024,38.7392],[-95.5024,38.8698],[-95.9475,38.8698],[-95.9475,38.7392],[-95.9511,38.4343],[-95.5096,38.4343],[-95.5024,38.7392]]]},"properties":{"fips":"20139","name":"Osage","state":"Kansas"}},
{"type":"Feature","geometry":{"type":"Polygon","coordinates":[[[-92.5556,42.556],[-93.0258,42.5569],[-93.0007,42.209],[-92.7674,42.2098],[-92.5341,42.2966],[-92.5556,42.556]]]},"properties":{"fips":"19075","name":"Grundy","state":"Iowa"}},
{"type":"Feature","geometry":{"type":"Polygon","coordinates":[[[-101.3889,39.5682],[-101.414,39.5682],[-102.0493,39.5682],[-102.0457,39.1335],[-101.4786,39.1344],[-101.3925,39.1352],[-101.3889,39.5682]]]},"properties":{"fips":"20181","name":"Sherman","state":"Kansas"}},
{"type":"Feature","geometry":{"type":"Polygon","coordinates":[[[-66.9783,18.1441],[-66.9819,18.0522],[-66.9604,18.0324],[-66.885,18.0247],[-66.9281,18.151],[-66.9783,18.1441]]]},"properties":{"fips":"72121","name":"Sabana Grande","state":"Puerto Rico"}},
{"type":"Feature","geometry":{"type":"Polygon","coordinates":[[[-95.0394,41.5045],[-94.702,41.5045],[-94.7451,41.8628],[-95.0933,41.8636],[-95.0394,41.5045]]]},"properties":{"fips":"19009","name":"Audubon","state":"Iowa"}},
{"type":"Feature","geometry":{"type":"Polygon","coordinates":[[[-68.0551,45.2526],[-68.5002,44.9811],[-68.4463,44.7629],[-68.816,44.6839],[-68.8017,44.525],[-68.8268,44.3119],[-68.6581,44.1204],[-68.6222,44.1126],[-67.9582,44.415],[-68.1054,44.9391],[-68.0551,45.2526]]]},"properties":{"fips":"23009","name":"Hancock","state":"Maine"}},
{"type":"Feature","geometry":{"type":"Polygon","coordinates":[[[-94.4759,33.9405],[-94.4867,33.6381],[-94.3574,33.5436],[-94.0452,33.5514],[-94.0452,33.5522],[-93.8262,33.6098],[-93.959,33.7507],[-94.239,33.8022],[-94.4759,33.9405]]]},"properties":{"fips":"05081","name":"Little River","state":"Arkansas"}},
{"type":"Feature","geometry":{"type":"Polygon","coordinates":[[[-94.5513,36.1019],[-94.4938,35.7591],[-93.9626,35.7609],[-93.8873,36.2351],[-94.3323,36.2144],[-94.5513,36.1019]]]},"properties":{"fips":"05143","name":"Washington","state":"Arkansas"}},
{"type":"Feature","geometry":{"type":"Polygon","coordinates":[[[-92.2469,34.4937],[-92.2075,34.4929],[-92.0316,34.4895],[-92.1213,35.0126],[-92.229,34.9276],[-92.5449,34.9533],[-92.7387,34.8537],[-92.2469,34.4937]]]},"properties":{"fips":"05119","name":"Pulaski","state":"Arkansas"}},
{"type":"Feature","geometry":{"type":"Polygon","coordinates":[[[-92.0316,34.4895],[-91.705,34.4826],[-91.6762,34.4817],[-91.6942,34.9198],[-91.8019,35.0307],[-92.1213,35.0667],[-92.1213,35.0126],[-92.0316,34.4895]]]},"properties":{"fips":"05085","name":"Lonoke","state":"Arkansas"}},
{"type":"Feature","geometry":{"type":"Polygon","coordinates":[[[-103.0758,37.6431],[-103.0866,37.0005],[-103.0005,37.0005],[-102.0421,36.9928],[-102.0421,37.3888],[-102.0421,37.6439],[-102.7492,37.6439],[-103.0758,37.6431]]]},"properties":{"fips":"08009","name":"Baca","state":"Colorado"}},
{"type":"Feature","geometry":{"type":"Polygon","coordinates":[[[-114.0017,42.526],[-114.2852,42.4177],[-114.2816,41.9942],[-114.0411,41.9933],[-113.0002,41.9985],[-113.0002,42.3275],[-113.0038,42.5878],[-113.2371,42.6256],[-113.4704,42.6694],[-113.6535,42.5363],[-113.9335,42.5354],[-114.0017,42.526]]]},"properties":{"fips":"16031","name":"Cassia","state":"Idaho"}},
{"type":"Feature","geometry":{"type":"Polygon","coordinates":[[[-87.0209,32.8366],[-87.0173,32.7292],[-86.9168,32.6639],[-86.4143,32.7078],[-86.3749,32.7533],[-86.5184,33.0205],[-86.8809,33.0497],[-87.0209,32.8366]]]},"properties":{"fips":"01021","name":"Chilton","state":"Alabama"}},
{"type":"Feature","geometry":{"type":"Polygon","coordinates":[[[-83.9234,31.9097],[-83.9377,31.8478],[-83.8013,31.8032],[-83.6111,31.8539],[-83.6111,32.0282],[-83.9629,32.0308],[-83.9234,31.9097]]]},"properties":{"fips":"13081","name":"Crisp","state":"Georgia"}},
{"type":"Feature","geometry":{"type":"Polygon","coordinates":[[[-95.5922,44.1951],[-95.5958,44.5422],[-95.6029,44.6298],[-96.0947,44.6307],[-96.0803,44.1968],[-96.0624,44.1968],[-95.5922,44.1951]]]},"properties":{"fips":"27083","name":"Lyon","state":"Minnesota"}},
{"type":"Feature","geometry":{"type":"Polygon","coordinates":[[[-78.4641,37.3398],[-78.2343,37.3682],[-78.1338,37.4549],[-78.0728,37.6577],[-78.159,37.7487],[-78.2415,37.6903],[-78.4641,37.3398]]]},"properties":{"fips":"51049","name":"Cumberland","state":"Virginia"}},
{"type":"Feature","geometry":{"type":"Polygon","coordinates":[[[-96.4644,40.2623],[-96.4644,40.0012],[-96.2382,40.0003],[-96.0121,40.0003],[-96.0085,40.2615],[-96.066,40.2623],[-96.4644,40.2623]]]},"properties":{"fips":"31133","name":"Pawnee","state":"Nebraska"}},
{"type":"Feature","geometry":{"type":"Polygon","coordinates":[[[-99.9998,35.4224],[-99.9998,35.6191],[-100.5418,35.6191],[-100.5382,35.1836],[-99.9998,35.1827],[-99.9998,35.4224]]]},"properties":{"fips":"48483","name":"Wheeler","state":"Texas"}},
{"type":"Feature","geometry":{"type":"Polygon","coordinates":[[[-97.4514,47.2388],[-97.473,47.6717],[-97.8821,47.6726],[-97.9862,47.6726],[-97.9611,47.2405],[-97.7063,47.2396],[-97.4514,47.2388]]]},"properties":{"fips":"38091","name":"Steele","state":"North Dakota"}},
{"type":"Feature","geometry":{"type":"Polygon","coordinates":[[[-97.8247,41.0467],[-97.8247,40.6987],[-97.3689,40.6987],[-97.3689,41.0467],[-97.8247,41.0467]]]},"properties":{"fips":"31185","name":"York","state":"Nebraska"}},
{"type":"Feature","geometry":{"type":"Polygon","coordinates":[[[-84.8458,44.8583],[-85.334,44.8128],[-85.334,44.5121],[-84.8494,44.5112],[-84.8458,44.8583]]]},"properties":{"fips":"26079","name":"Kalkaska","state":"Michigan"}},
{"type":"Feature","geometry":{"type":"Polygon","coordinates":[[[-99.0487,39.1327],[-99.0451,39.5682],[-99.0666,39.5682],[-99.6014,39.5674],[-99.605,39.1327],[-99.5906,39.1327],[-99.0487,39.1327]]]},"properties":{"fips":"20163","name":"Rooks","state":"Kansas"}},
{"type":"Feature","geometry":{"type":"Polygon","coordinates":[[[-88.3597,39.1713],[-88.008,39.1739],[-88.0116,39.3792],[-88.471,39.3749],[-88.471,39.2151],[-88.3597,39.1713]]]},"properties":{"fips":"17035","name":"Cumberland","state":"Illinois"}},
{"type":"Feature","geometry":{"type":"Polygon","coordinates":[[[-80.2443,38.3887],[-80.2802,38.6945],[-80.3915,38.7272],[-80.4561,38.7392],[-80.6499,38.5262],[-80.6105,38.3587],[-80.4382,38.2676],[-80.3592,38.2255],[-80.2443,38.3887]]]},"properties":{"fips":"54101","name":"Webster","state":"West Virginia"}},
{"type":"Feature","geometry":{"type":"Polygon","coordinates":[[[-89.0166,34.9946],[-89.0884,34.5986],[-88.7366,34.5968],[-88.7187,34.7566],[-88.8228,34.9954],[-89.0166,34.9946]]]},"properties":{"fips":"28139","name":"Tippah","state":"Mississippi"}},
{"type":"Feature","geometry":{"type":"Polygon","coordinates":[[[-82.6276,31.3642],[-82.5989,31.469],[-82.6276,31.6726],[-82.8358,31.8161],[-82.9973,31.7808],[-82.9973,31.6735],[-83.1445,31.4724],[-83.1409,31.42],[-82.6276,31.3642]]]},"properties":{"fips":"13069","name":"Coffee","state":"Georgia"}},
{"type":"Feature","geometry":{"type":"Polygon","coordinates":[[[-97.9288,38.8715],[-97.9252,38.6095],[-97.3725,38.6095],[-97.3725,38.9583],[-97.9288,38.9583],[-97.9288,38.8715]]]},"properties":{"fips":"20169","name":"Saline","state":"Kansas"}},
{"type":"Feature","geometry":{"type":"Polygon","coordinates":[[[-90.3985,34.4242],[-90.4523,34.0728],[-90.1364,34.1604],[-90.1975,34.5109],[-90.3985,34.4242]]]},"properties":{"fips":"28119","name":"Quitman","state":"Mississippi"}},
{"type":"Feature","geometry":{"type":"Polygon","coordinates":[[[-98.0329,46.2826],[-98.0329,46.6305],[-98.4385,46.6314],[-99.0379,46.6305],[-99.0379,46.2835],[-99.002,46.2826],[-98.0329,46.2826]]]},"properties":{"fips":"38045","name":"LaMoure","state":"North Dakota"}},
{"type":"Feature","geometry":{"type":"Polygon","coordinates":[[[-97.9288,38.8715],[-98.4851,38.8707],[-98.4851,38.6971],[-98.4815,38.5219],[-97.9252,38.5227],[-97.9252,38.6095],[-97.9288,38.8715]]]},"properties":{"fips":"20053","name":"Ellsworth","state":"Kansas"}},
{"type":"Feature","geometry":{"type":"Polygon","coordinates":[[[-86.6835,38.9926],[-86.6835,39.1662],[-87.0532,39.1679],[-87.2399,39.1722],[-87.2399,38.9076],[-87.0999,38.9042],[-86.9025,38.9042],[-86.6835,38.905],[-86.6835,38.9926]]]},"properties":{"fips":"18055","name":"Greene","state":"Indiana"}},
{"type":"Feature","geometry":{"type":"Polygon","coordinates":[[[-92.351,40.3465],[-92.6848,40.3431],[-92.8571,40.3431],[-92.8571,40.0373],[-92.8464,40.0373],[-92.3439,40.0373],[-92.3474,40.3027],[-92.351,40.3465]]]},"properties":{"fips":"29001","name":"Adair","state":"Missouri"}},
{"type":"Feature","geometry":{"type":"Polygon","coordinates":[[[-82.1862,40.4565],[-81.7088,40.4445],[-81.6478,40.6352],[-81.6513,40.6678],[-82.1251,40.6678],[-82.2185,40.5682],[-82.1862,40.4565]]]},"properties":{"fips":"39075","name":"Holmes","state":"Ohio"}},
{"type":"Feature","geometry":{"type":"Polygon","coordinates":[[[-92.8966,35.1707],[-93.0402,35.077],[-92.5556,35.1131],[-92.4802,35.3683],[-92.8499,35.4628],[-92.8966,35.1707]]]},"properties":{"fips":"05029","name":"Conway","state":"Arkansas"}},
{"type":"Feature","geometry":{"type":"Polygon","coordinates":[[[-86.4682,41.1712],[-86.9312,41.1721],[-86.9312,40.9126],[-86.583,40.9109],[-86.4682,40.9101],[-86.4682,41.1712]]]},"properties":{"fips":"18131","name":"Pulaski","state":"Indiana"}},
{"type":"Feature","geometry":{"type":"Polygon","coordinates":[[[-66.2389,18.1845],[-66.1707,18.224],[-66.1923,18.2592],[-66.2066,18.2764],[-66.2676,18.2455],[-66.2389,18.1845]]]},"properties":{"fips":"72045","name":"Comerío","state":"Puerto Rico"}},
{"type":"Feature","geometry":{"type":"Polygon","coordinates":[[[-98.2913,41.4805],[-98.2949,41.7408],[-98.7507,41.7408],[-98.7507,41.3937],[-98.7436,41.3946],[-98.2913,41.3937],[-98.2913,41.4805]]]},"properties":{"fips":"31077","name":"Greeley","state":"Nebraska"}},
{"type":"Feature","geometry":{"type":"Polygon","coordinates":[[[-101.0407,33.834],[-101.5648,33.8306],[-101.5576,33.395],[-101.0371,33.3976],[-101.0407,33.834]]]},"properties":{"fips":"48107","name":"Crosby","state":"Texas"}},
{"type":"Feature","geometry":{"type":"Polygon","coordinates":[[[-88.812,36.7728],[-88.8156,36.5031],[-88.5177,36.5014],[-88.489,36.5014],[-88.4854,36.7505],[-88.4854,36.9421],[-88.812,36.9472],[-88.812,36.7728]]]},"properties":{"fips":"21083","name":"Graves","state":"Kentucky"}},
{"type":"Feature","geometry":{"type":"Polygon","coordinates":[[[-85.9764,36.723],[-85.9764,36.6285],[-85.7898,36.6216],[-85.4381,36.6182],[-85.596,36.8184],[-85.7396,36.8416],[-85.9764,36.723]]]},"properties":{"fips":"21171","name":"Monroe","state":"Kentucky"}},
{"type":"Feature","geometry":{"type":"Polygon","coordinates":[[[-89.2499,39.0279],[-89.6375,38.9995],[-89.598,38.7435],[-89.2535,38.7418],[-89.2499,39.0279]]]},"properties":{"fips":"17005","name":"Bond","state":"Illinois"}},
{"type":"Feature","geometry":{"type":"Polygon","coordinates":[[[-93.9303,34.6656],[-93.9339,34.3503],[-93.4781,34.3408],[-93.4099,34.3391],[-93.4063,34.3967],[-93.3955,34.7437],[-93.7114,34.7455],[-93.9303,34.6656]]]},"properties":{"fips":"05097","name":"Montgomery","state":"Arkansas"}},
{"type":"Feature","geometry":{"type":"Polygon","coordinates":[[[-86.138,36.2961],[-86.059,36.0864],[-85.8077,36.132],[-85.779,36.2376],[-85.8293,36.412],[-85.98,36.4258],[-86.138,36.2961]]]},"properties":{"fips":"47159","name":"Smith","state":"Tennessee"}},
{"type":"Feature","geometry":{"type":"Polygon","coordinates":[[[-87.9362,39.8801],[-87.9649,39.6859],[-87.9613,39.4814],[-87.5306,39.4772],[-87.5306,39.6077],[-87.5342,39.8826],[-87.9362,39.8801]]]},"properties":{"fips":"17045","name":"Edgar","state":"Illinois"}},
{"type":"Feature","geometry":{"type":"Polygon","coordinates":[[[-78.9737,40.3963],[-79.0563,40.2847],[-78.6579,40.2426],[-78.622,40.3268],[-78.3492,40.7245],[-78.8014,40.7245],[-78.9737,40.3963]]]},"properties":{"fips":"42021","name":"Cambria","state":"Pennsylvania"}},
{"type":"Feature","geometry":{"type":"Polygon","coordinates":[[[-123.1508,44.72],[-123.2549,44.5722],[-123.1795,44.2836],[-122.9067,44.2011],[-121.8191,44.2621],[-121.8443,44.3927],[-121.8012,44.6831],[-122.8026,44.7913],[-123.1436,44.7492],[-123.1508,44.72]]]},"properties":{"fips":"41043","name":"Linn","state":"Oregon"}},
{"type":"Feature","geometry":{"type":"Polygon","coordinates":[[[-94.7594,44.8918],[-95.2476,44.8909],[-95.4845,44.7526],[-95.3589,44.6985],[-94.8671,44.4984],[-94.781,44.4563],[-94.6231,44.4563],[-94.4974,44.7174],[-94.501,44.8927],[-94.7594,44.8918]]]},"properties":{"fips":"27129","name":"Renville","state":"Minnesota"}},
{"type":"Feature","geometry":{"type":"Polygon","coordinates":[[[-95.1399,45.7732],[-94.6446,45.7741],[-94.6518,46.3488],[-94.7307,46.3685],[-95.1543,46.3685],[-95.1471,46.1065],[-95.1399,45.7732]]]},"properties":{"fips":"27153","name":"Todd","state":"Minnesota"}},
{"type":"Feature","geometry":{"type":"Polygon","coordinates":[[[-121.8012,44.6831],[-121.7545,44.83],[-121.733,44.8858],[-122.3898,44.8858],[-122.7882,45.1298],[-122.8493,45.2595],[-123.0682,45.0748],[-123.1436,44.7492],[-122.8026,44.7913],[-121.8012,44.6831]]]},"properties":{"fips":"41047","name":"Marion","state":"Oregon"}},
{"type":"Feature","geometry":{"type":"Polygon","coordinates":[[[-76.5653,40.197],[-76.7232,40.1197],[-76.5366,40.051],[-76.2387,39.722],[-76.2315,39.722],[-76.1346,39.722],[-75.8726,40.1369],[-76.1525,40.3156],[-76.5653,40.197]]]},"properties":{"fips":"42071","name":"Lancaster","state":"Pennsylvania"}},
{"type":"Feature","geometry":{"type":"Polygon","coordinates":[[[-92.2541,35.364],[-92.1105,35.3631],[-91.8521,35.358],[-91.7947,35.5341],[-91.8378,35.705],[-92.2398,35.7119],[-92.2541,35.364]]]},"properties":{"fips":"05023","name":"Cleburne","state":"Arkansas"}},
{"type":"Feature","geometry":{"type":"Polygon","coordinates":[[[-82.9973,31.7808],[-83.1768,31.8478],[-83.4819,31.847],[-83.4532,31.7576],[-83.324,31.6803],[-82.9973,31.6735],[-82.9973,31.7808]]]},"properties":{"fips":"13017","name":"Ben Hill","state":"Georgia"}},
{"type":"Feature","geometry":{"type":"Polygon","coordinates":[[[-156.6999,20.9206],[-156.463,20.7814],[-156.4379,20.601],[-156.061,20.6517],[-156.0036,20.7952],[-156.5456,21.0048],[-156.6999,20.9206]]]},"properties":{"fips":"15009","name":"Maui","state":"Hawaii"}},
{"type":"Feature","geometry":{"type":"Polygon","coordinates":[[[-92.2505,37.6044],[-92.028,37.6027],[-92.0208,38.0107],[-92.1859,38.0167],[-92.4049,38.021],[-92.4085,37.8595],[-92.2505,37.6044]]]},"properties":{"fips":"29169","name":"Pulaski","state":"Missouri"}},
{"type":"Feature","geometry":{"type":"Polygon","coordinates":[[[-98.8046,28.0577],[-98.3344,28.0577],[-98.3344,28.6126],[-98.801,28.647],[-98.8046,28.0577]]]},"properties":{"fips":"48311","name":"McMullen","state":"Texas"}},
{"type":"Feature","geometry":{"type":"Polygon","coordinates":[[[-91.3676,41.9478],[-91.364,42.2966],[-91.5973,42.2966],[-91.8306,42.2992],[-91.8306,41.8619],[-91.3676,41.8602],[-91.3676,41.9478]]]},"properties":{"fips":"19113","name":"Linn","state":"Iowa"}},
{"type":"Feature","geometry":{"type":"Polygon","coordinates":[[[-101.0874,35.6251],[-101.0874,35.6191],[-100.5418,35.6191],[-100.5418,36.0564],[-100.5454,36.0564],[-101.0874,36.0572],[-101.0874,36.0555],[-101.0874,35.6251]]]},"properties":{"fips":"48393","name":"Roberts","state":"Texas"}},
{"type":"Feature","geometry":{"type":"Polygon","coordinates":[[[-92.1787,41.1626],[-91.9454,41.1635],[-91.9454,41.5105],[-92.2972,41.5097],[-92.4121,41.5097],[-92.4085,41.1618],[-92.1787,41.1626]]]},"properties":{"fips":"19107","name":"Keokuk","state":"Iowa"}},
{"type":"Feature","geometry":{"type":"Polygon","coordinates":[[[-82.7425,39.4686],[-82.7497,39.3681],[-82.2902,39.3844],[-82.1574,39.5562],[-82.3728,39.655],[-82.7317,39.5545],[-82.7425,39.4686]]]},"properties":{"fips":"39073","name":"Hocking","state":"Ohio"}},
{"type":"Feature","geometry":{"type":"Polygon","coordinates":[[[-84.9822,32.3779],[-84.9212,32.231],[-84.6592,32.2327],[-84.6376,32.5351],[-84.6951,32.5188],[-84.9822,32.3779]]]},"properties":{"fips":"13053","name":"Chattahoochee","state":"Georgia"}},
{"type":"Feature","geometry":{"type":"Polygon","coordinates":[[[-108.7792,46.1323],[-108.4059,46.1331],[-108.3198,46.2637],[-108.0291,46.2637],[-107.7814,46.4957],[-107.8281,46.756],[-108.6321,46.7491],[-109.0089,46.7508],[-108.7792,46.1323]]]},"properties":{"fips":"30065","name":"Musselshell","state":"Montana"}},
{"type":"Feature","geometry":{"type":"Polygon","coordinates":[[[-85.0145,33.4259],[-85.2945,33.4277],[-85.2371,33.1296],[-84.9391,33.2249],[-85.0145,33.4259]]]},"properties":{"fips":"13149","name":"Heard","state":"Georgia"}},
{"type":"Feature","geometry":{"type":"Polygon","coordinates":[[[-91.0302,48.1889],[-91.023,47.4647],[-90.7359,47.6245],[-89.9749,47.8306],[-89.8744,47.9853],[-90.1328,48.1116],[-90.761,48.0987],[-91.0302,48.1889]]]},"properties":{"fips":"27031","name":"Cook","state":"Minnesota"}},
{"type":"Feature","geometry":{"type":"Polygon","coordinates":[[[-95.323,42.2107],[-95.0897,42.2107],[-94.8599,42.2098],[-94.9138,42.5603],[-95.3876,42.562],[-95.323,42.2107]]]},"properties":{"fips":"19161","name":"Sac","state":"Iowa"}},
{"type":"Feature","geometry":{"type":"Polygon","coordinates":[[[-78.9522,36.2394],[-78.8014,36.2359],[-78.7979,36.5417],[-79.1388,36.5417],[-79.1532,36.2419],[-78.9522,36.2394]]]},"properties":{"fips":"37145","name":"Person","state":"North Carolina"}},
{"type":"Feature","geometry":{"type":"Polygon","coordinates":[[[-155.318,67.9997],[-153.4049,67.9997],[-150.0023,67.9997],[-147.7518,67.9997],[-146.0002,67.9997],[-146.0002,68.4996],[-143.7174,68.4996],[-141.0039,68.4988],[-141.0039,69.6456],[-141.431,69.6954],[-143.2544,70.1525],[-145.1747,69.9918],[-145.8566,70.1662],[-147.68,70.1997],[-149.1803,70.4858],[-150.5191,70.4832],[-151.1473,70.3767],[-151.8185,70.5459],[-152.4215,70.6086],[-152.224,70.8242],[-153.2398,70.9222],[-154.5714,70.826],[-154.6145,71.0261],[-155.0309,71.1464],[-155.6446,70.8242],[-155.8313,70.966],[-155.5657,71.1653],[-156.8112,71.2873],[-157.5039,70.9488],[-158.6561,70.7864],[-159.1729,70.8749],[-159.6467,70.7942],[-160.2138,70.5588],[-161.287,70.2968],[-161.8792,70.3294],[-162.3423,70.1903],[-163.0099,69.8131],[-163.2432,69.3063],[-163.5339,69.1413],[-164.2518,68.9309],[-165.3286,68.8579],[-166.2151,68.8793],[-166.3766,68.4223],[-165.9746,68.1405],[-165.386,68.0349],[-164.4994,68.0349],[-164.4994,68.2075],[-162.7227,68.2075],[-162.7227,68.2943],[-161.0896,68.2943],[-161.0896,68.2075],[-157.1557,68.2084],[-157.1557,68.1216],[-156.2369,68.1216],[-156.2369,68.0349],[-155.318,67.9997]]]},"properties":{"fips":"02185","name":"North Slope","state":"Alaska"}},
{"type":"Feature","geometry":{"type":"Polygon","coordinates":[[[-65.9877,18.0591],[-65.9123,17.9809],[-65.8513,18.0118],[-65.9877,18.0591]]]},"properties":{"fips":"72095","name":"Maunabo","state":"Puerto Rico"}},
{"type":"Feature","geometry":{"type":"Polygon","coordinates":[[[-85.6391,40.6532],[-85.4488,40.6532],[-85.3376,40.9169],[-85.334,41.0054],[-85.6426,41.002],[-85.6391,40.6532]]]},"properties":{"fips":"18069","name":"Huntington","state":"Indiana"}},
{"type":"Feature","geometry":{"type":"Polygon","coordinates":[[[-91.1558,37.5881],[-90.7682,37.6027],[-90.7359,37.2711],[-90.5492,37.3175],[-90.5348,37.6439],[-90.6461,37.735],[-91.0984,37.7401],[-91.1522,37.6972],[-91.1558,37.5881]]]},"properties":{"fips":"29093","name":"Iron","state":"Missouri"}},
{"type":"Feature","geometry":{"type":"Polygon","coordinates":[[[-101.0371,33.3976],[-101.0371,32.9706],[-100.6567,32.9638],[-100.5203,32.9629],[-100.5167,33.3976],[-101.0371,33.3976]]]},"properties":{"fips":"48263","name":"Kent","state":"Texas"}},
{"type":"Feature","geometry":{"type":"Polygon","coordinates":[[[-80.5315,37.1336],[-80.6069,37.2445],[-80.8545,37.1474],[-80.912,37.0735],[-80.7397,36.8794],[-80.6356,36.9318],[-80.5423,36.985],[-80.5817,37.0898],[-80.5925,37.1276],[-80.5315,37.1336]]]},"properties":{"fips":"51155","name":"Pulaski","state":"Virginia"}},
{"type":"Feature","geometry":{"type":"Polygon","coordinates":[[[-93.758,39.7847],[-94.2067,39.789],[-94.2067,39.746],[-94.2067,39.527],[-93.758,39.5244],[-93.758,39.6112],[-93.758,39.7847]]]},"properties":{"fips":"29025","name":"Caldwell","state":"Missouri"}},
{"type":"Feature","geometry":{"type":"Polygon","coordinates":[[[-87.2686,33.5127],[-87.064,33.2473],[-87.0281,33.2464],[-86.5184,33.5462],[-86.5794,33.7653],[-86.9527,33.8151],[-87.2686,33.5127]]]},"properties":{"fips":"01073","name":"Jefferson","state":"Alabama"}},
{"type":"Feature","geometry":{"type":"Polygon","coordinates":[[[-156.0574,19.7428],[-155.8887,19.3477],[-155.8851,19.0393],[-155.6016,18.9714],[-155.5154,19.1329],[-155.2965,19.2661],[-154.9806,19.3494],[-154.8263,19.5375],[-155.0919,19.7377],[-155.0847,19.8554],[-155.2821,20.022],[-155.8744,20.2677],[-155.8241,20.0263],[-156.0574,19.7428]]]},"properties":{"fips":"15001","name":"Hawaii","state":"Hawaii"}},
{"type":"Feature","geometry":{"type":"Polygon","coordinates":[[[-117.853,46.6245],[-117.6125,46.3385],[-117.6017,45.9991],[-117.4797,45.9983],[-117.4187,46.3831],[-117.2284,46.4622],[-117.4653,46.6993],[-117.853,46.6245]]]},"properties":{"fips":"53023","name":"Garfield","state":"Washington"}},
{"type":"Feature","geometry":{"type":"Polygon","coordinates":[[[-85.8508,33.499],[-86.1739,33.1046],[-86.0088,33.09],[-85.6534,33.1064],[-85.6426,33.4955],[-85.8508,33.499]]]},"properties":{"fips":"01027","name":"Clay","state":"Alabama"}},
{"type":"Feature","geometry":{"type":"Polygon","coordinates":[[[-95.7429,42.5612],[-95.8614,42.5603],[-96.5003,42.5612],[-96.4464,42.4907],[-96.3567,42.2768],[-96.3567,42.215],[-95.6711,42.2115],[-95.7429,42.5612]]]},"properties":{"fips":"19193","name":"Woodbury","state":"Iowa"}},
{"type":"Feature","geometry":{"type":"Polygon","coordinates":[[[-95.4988,41.5063],[-95.9978,41.5071],[-95.9367,41.3911],[-95.9224,41.191],[-95.8793,41.16],[-95.384,41.16],[-95.1543,41.1592],[-95.1543,41.5054],[-95.4988,41.5063]]]},"properties":{"fips":"19155","name":"Pottawattamie","state":"Iowa"}},
{"type":"Feature","geometry":{"type":"Polygon","coordinates":[[[-113.7145,43.1995],[-113.413,43.1995],[-113.4704,42.6694],[-113.2371,42.6256],[-113.2443,43.111],[-113.0074,43.111],[-113.0074,43.2845],[-113.3628,43.2845],[-113.6355,43.3678],[-113.7971,43.5689],[-114.3606,43.8738],[-114.9708,43.9382],[-114.9887,43.8584],[-114.759,43.7913],[-114.6836,43.5903],[-114.5077,43.4778],[-114.3749,43.1995],[-113.7145,43.1995]]]},"properties":{"fips":"16013","name":"Blaine","state":"Idaho"}},
{"type":"Feature","geometry":{"type":"Polygon","coordinates":[[[-68.816,44.6839],[-69.1821,44.6444],[-69.2683,44.7217],[-69.4729,44.6925],[-69.5052,44.3429],[-69.4083,44.3283],[-69.0278,44.2492],[-68.8017,44.525],[-68.816,44.6839]]]},"properties":{"fips":"23027","name":"Waldo","state":"Maine"}},
{"type":"Feature","geometry":{"type":"Polygon","coordinates":[[[-71.1921,42.2828],[-70.9911,42.3129],[-70.9624,42.4435],[-71.027,42.4443],[-71.1563,42.3301],[-71.1634,42.3035],[-71.1921,42.2828]]]},"properties":{"fips":"25025","name":"Suffolk","state":"Massachusetts"}},
{"type":"Feature","geometry":{"type":"Polygon","coordinates":[[[-73.0227,42.7407],[-72.976,42.556],[-72.8719,42.4839],[-72.3766,42.4211],[-72.3156,42.3438],[-72.2833,42.7218],[-72.4592,42.727],[-72.9294,42.739],[-73.0227,42.7407]]]},"properties":{"fips":"25011","name":"Franklin","state":"Massachusetts"}},
{"type":"Feature","geometry":{"type":"Polygon","coordinates":[[[-84.1674,43.8257],[-84.1674,43.5689],[-83.6972,43.4787],[-83.7008,43.6015],[-83.909,43.6728],[-83.909,43.9108],[-84.1674,43.9967],[-84.1674,43.8257]]]},"properties":{"fips":"26017","name":"Bay","state":"Michigan"}},
{"type":"Feature","geometry":{"type":"Polygon","coordinates":[[[-96.0803,44.1968],[-96.0947,44.6307],[-96.45,44.6315],[-96.4536,44.5439],[-96.4536,44.1968],[-96.0803,44.1968]]]},"properties":{"fips":"27081","name":"Lincoln","state":"Minnesota"}},
{"type":"Feature","geometry":{"type":"Polygon","coordinates":[[[-91.2312,33.5617],[-91.2168,33.529],[-90.7646,33.529],[-90.6605,33.6166],[-90.6569,33.9878],[-90.6605,34.1192],[-90.9548,34.1201],[-90.9548,34.1192],[-90.901,34.0238],[-91.2276,33.669],[-91.2312,33.5617]]]},"properties":{"fips":"28011","name":"Bolivar","state":"Mississippi"}},
{"type":"Feature","geometry":{"type":"Polygon","coordinates":[[[-83.8875,44.8566],[-83.3204,44.8583],[-83.4532,45.0353],[-83.3886,45.2071],[-83.8803,45.2019],[-83.8875,44.8566]]]},"properties":{"fips":"26007","name":"Alpena","state":"Michigan"}},
{"type":"Feature","geometry":{"type":"Polygon","coordinates":[[[-90.4164,46.5661],[-90.1221,46.3367],[-89.9283,46.2998],[-88.9915,46.0971],[-88.9915,46.3324],[-89.3647,46.3333],[-89.3647,46.506],[-89.7416,46.506],[-89.8888,46.7654],[-90.4164,46.5661]]]},"properties":{"fips":"26053","name":"Gogebic","state":"Michigan"}},
{"type":"Feature","geometry":{"type":"Polygon","coordinates":[[[-70.022,46.5738],[-70.0579,46.4166],[-70.2912,46.1855],[-70.2589,45.8909],[-70.5533,45.6675],[-70.4169,45.1444],[-70.1584,45.128],[-69.9287,44.6109],[-69.6057,44.5774],[-69.4729,44.6925],[-69.2683,44.7217],[-69.3544,45.0731],[-69.62,45.0112],[-69.7816,45.543],[-69.6846,45.8514],[-69.7277,45.9768],[-69.7205,46.5738],[-70.022,46.5738]]]},"properties":{"fips":"23025","name":"Somerset","state":"Maine"}},
{"type":"Feature","geometry":{"type":"Polygon","coordinates":[[[-91.1235,32.2112],[-91.0517,32.1245],[-91.0302,32.1202],[-91.0302,32.1142],[-90.7287,32.225],[-90.5528,32.5076],[-90.7215,32.6193],[-91.0445,32.5763],[-91.0697,32.5626],[-90.9943,32.3538],[-91.1235,32.2112]]]},"properties":{"fips":"28149","name":"Warren","state":"Mississippi"}},
{"type":"Feature","geometry":{"type":"Polygon","coordinates":[[[-76.1992,43.6805],[-76.2028,43.5749],[-76.6156,43.4194],[-76.4792,43.2278],[-76.2028,43.2716],[-75.9946,43.1831],[-75.8834,43.1556],[-75.7577,43.4701],[-75.7757,43.6891],[-76.1992,43.6805]]]},"properties":{"fips":"36075","name":"Oswego","state":"New York"}},
{"type":"Feature","geometry":{"type":"Polygon","coordinates":[[[-95.1076,44.1951],[-94.8671,44.2827],[-94.8671,44.4984],[-95.3589,44.6985],[-95.5958,44.5422],[-95.5922,44.1951],[-95.463,44.196],[-95.1076,44.1951]]]},"properties":{"fips":"27127","name":"Redwood","state":"Minnesota"}},
{"type":"Feature","geometry":{"type":"Polygon","coordinates":[[[-83.8839,41.4874],[-83.8839,41.4143],[-83.5716,41.6171],[-83.4173,41.6188],[-83.166,41.6231],[-83.4532,41.733],[-83.7619,41.7236],[-83.8803,41.7202],[-83.8839,41.4874]]]},"properties":{"fips":"39095","name":"Lucas","state":"Ohio"}},
{"type":"Feature","geometry":{"type":"Polygon","coordinates":[[[-91.3676,41.5982],[-91.3676,41.4229],[-91.0732,41.3336],[-90.7861,41.453],[-90.901,41.5973],[-91.3676,41.5982]]]},"properties":{"fips":"19139","name":"Muscatine","state":"Iowa"}},
{"type":"Feature","geometry":{"type":"Polygon","coordinates":[[[-98.661,34.4061],[-98.6108,34.157],[-98.4241,34.084],[-98.1406,34.1415],[-98.1406,34.2901],[-98.1406,34.5066],[-98.661,34.4061]]]},"properties":{"fips":"40033","name":"Cotton","state":"Oklahoma"}},
{"type":"Feature","geometry":{"type":"Polygon","coordinates":[[[-95.384,41.16],[-95.8793,41.16],[-95.8793,41.0535],[-95.8147,40.9015],[-95.384,40.9015],[-95.384,41.16]]]},"properties":{"fips":"19129","name":"Mills","state":"Iowa"}},
{"type":"Feature","geometry":{"type":"Polygon","coordinates":[[[-73.4965,40.9229],[-73.7693,40.8001],[-73.7513,40.5896],[-73.4247,40.6103],[-73.4965,40.9229]]]},"properties":{"fips":"36059","name":"Nassau","state":"New York"}},
{"type":"Feature","geometry":{"type":"Polygon","coordinates":[[[-104.6049,46.8608],[-104.6085,46.6847],[-104.045,46.6417],[-104.045,47.3298],[-104.045,47.3968],[-104.4218,47.3547],[-104.307,47.042],[-104.6049,46.8608]]]},"properties":{"fips":"30109","name":"Wibaux","state":"Montana"}},
{"type":"Feature","geometry":{"type":"Polygon","coordinates":[[[-89.9606,36.3888],[-89.9606,35.9988],[-89.7344,36.0005],[-89.6303,36.1852],[-89.5442,36.3364],[-89.6124,36.4112],[-89.9606,36.3888]]]},"properties":{"fips":"29155","name":"Pemiscot","state":"Missouri"}},
{"type":"Feature","geometry":{"type":"Polygon","coordinates":[[[-91.8485,39.6584],[-91.7157,39.6576],[-91.3065,39.685],[-91.364,39.7589],[-91.4358,39.9453],[-91.8414,39.9479],[-91.8485,39.6584]]]},"properties":{"fips":"29127","name":"Marion","state":"Missouri"}},
{"type":"Feature","geometry":{"type":"Polygon","coordinates":[[[-107.6091,32.6055],[-108.0004,33.2009],[-109.0484,33.2086],[-109.0484,32.7782],[-108.8546,32.7773],[-108.8546,32.603],[-108.5387,32.5162],[-108.5244,31.8633],[-108.2157,31.8642],[-108.2301,32.517],[-107.925,32.6047],[-107.6091,32.6055]]]},"properties":{"fips":"35017","name":"Grant","state":"New Mexico"}},
{"type":"Feature","geometry":{"type":"Polygon","coordinates":[[[-77.7211,39.3217],[-77.8287,39.1327],[-77.9616,39.0141],[-77.6565,38.9428],[-77.5344,38.8475],[-77.3298,39.0579],[-77.4591,39.2203],[-77.678,39.3242],[-77.7211,39.3217]]]},"properties":{"fips":"51107","name":"Loudoun","state":"Virginia"}},
{"type":"Feature","geometry":{"type":"Polygon","coordinates":[[[-102.9574,45.0396],[-101.9991,45.0378],[-101.9991,45.4725],[-101.9991,45.9442],[-102.943,45.945],[-102.9574,45.2131],[-102.9574,45.0396]]]},"properties":{"fips":"46105","name":"Perkins","state":"South Dakota"}},
{"type":"Feature","geometry":{"type":"Polygon","coordinates":[[[-98.4134,29.9373],[-98.6467,29.7449],[-98.4169,29.7466],[-98.3093,29.5945],[-98.0006,29.7526],[-98.2985,30.0378],[-98.4134,29.9373]]]},"properties":{"fips":"48091","name":"Comal","state":"Texas"}},
{"type":"Feature","geometry":{"type":"Polygon","coordinates":[[[-98.9553,27.2691],[-99.4542,27.2648],[-99.4471,27.0234],[-99.2676,26.843],[-99.1707,26.5715],[-98.9553,26.7854],[-98.9553,27.2691]]]},"properties":{"fips":"48505","name":"Zapata","state":"Texas"}},
{"type":"Feature","geometry":{"type":"MultiPolygon","coordinates":[[[[-97.0781,27.9151],[-97.0422,27.8369],[-96.852,28.0602],[-96.8233,28.1393],[-97.0781,27.9151]]],[[[-96.791,28.3188],[-97.0279,28.1848],[-96.8089,28.2175],[-96.7982,28.2724],[-96.791,28.3188]]],[[[-97.2145,28.0766],[-97.2612,28.0757],[-97.1356,27.9022],[-97.2145,28.0766]]]]},"properties":{"fips":"48007","name":"Aransas","state":"Texas"}},
{"type":"Feature","geometry":{"type":"Polygon","coordinates":[[[-94.117,30.2414],[-94.117,30.1606],[-93.8549,29.8651],[-93.7221,30.0515],[-93.7042,30.244],[-93.9016,30.2423],[-94.117,30.2414]]]},"properties":{"fips":"48361","name":"Orange","state":"Texas"}},
{"type":"Feature","geometry":{"type":"Polygon","coordinates":[[[-103.0651,32.0867],[-103.3271,32.0008],[-103.3271,31.6511],[-102.7995,31.652],[-102.7995,32.0858],[-103.0651,32.0867]]]},"properties":{"fips":"48495","name":"Winkler","state":"Texas"}},
{"type":"Feature","geometry":{"type":"Polygon","coordinates":[[[-78.8696,37.5417],[-79.0204,37.4292],[-78.823,37.2049],[-78.683,37.2488],[-78.5933,37.3982],[-78.8266,37.5529],[-78.8696,37.5417]]]},"properties":{"fips":"51011","name":"Appomattox","state":"Virginia"}},
{"type":"Feature","geometry":{"type":"Polygon","coordinates":[[[-118.98,47.262],[-118.9728,47.9432],[-118.9836,47.9621],[-119.2133,47.8873],[-119.321,47.6271],[-119.5328,47.4415],[-119.8773,47.4372],[-120.0065,47.2199],[-119.9742,46.7371],[-119.8737,46.628],[-119.4538,46.6795],[-119.3676,46.7379],[-119.3676,46.9123],[-118.9836,46.9115],[-118.98,47.262]]]},"properties":{"fips":"53025","name":"Grant","state":"Washington"}},
{"type":"Feature","geometry":{"type":"Polygon","coordinates":[[[-80.7289,39.0957],[-80.5961,39.167],[-80.5458,39.429],[-80.6176,39.4505],[-80.8904,39.2942],[-80.8115,39.1095],[-80.7289,39.0957]]]},"properties":{"fips":"54017","name":"Doddridge","state":"West Virginia"}},
{"type":"Feature","geometry":{"type":"Polygon","coordinates":[[[-79.8244,39.1155],[-80.0864,38.9471],[-80.1259,38.7461],[-80.2802,38.6945],[-80.2443,38.3887],[-79.627,38.6645],[-79.5085,38.8758],[-79.3506,38.9574],[-79.3578,38.9643],[-79.7849,39.0373],[-79.8244,39.1155]]]},"properties":{"fips":"54083","name":"Randolph","state":"West Virginia"}},
{"type":"Feature","geometry":{"type":"Polygon","coordinates":[[[-95.3876,43.2553],[-95.3876,43.5001],[-95.4558,43.501],[-95.8614,43.5001],[-95.8614,43.2579],[-95.3876,43.2553]]]},"properties":{"fips":"19143","name":"Osceola","state":"Iowa"}},
{"type":"Feature","geometry":{"type":"Polygon","coordinates":[[[-83.8839,37.5176],[-83.7834,37.3484],[-83.5285,37.2582],[-83.5465,37.3347],[-83.5788,37.5065],[-83.8839,37.5176]]]},"properties":{"fips":"21189","name":"Owsley","state":"Kentucky"}},
{"type":"Feature","geometry":{"type":"Polygon","coordinates":[[[-78.3061,36.266],[-78.3241,36.5435],[-78.4569,36.5426],[-78.4964,36.1749],[-78.3061,36.266]]]},"properties":{"fips":"37181","name":"Vance","state":"North Carolina"}},
{"type":"Feature","geometry":{"type":"Polygon","coordinates":[[[-111.5538,34.4714],[-111.7117,34.151],[-111.4963,33.9998],[-111.263,33.6227],[-111.0405,33.4663],[-110.9472,33.2498],[-110.7246,33.0703],[-110.4483,33.1948],[-110.4518,33.3632],[-109.9996,33.4886],[-109.9996,33.5771],[-109.9996,33.9998],[-110.7498,33.9998],[-110.7498,34.2635],[-111.2487,34.4534],[-111.5538,34.4714]]]},"properties":{"fips":"04007","name":"Gila","state":"Arizona"}},
{"type":"Feature","geometry":{"type":"Polygon","coordinates":[[[-92.8105,35.7222],[-92.4156,35.7883],[-92.4156,35.9756],[-92.4121,36.0624],[-92.8894,36.1139],[-92.9433,36.1148],[-92.9504,35.7248],[-92.8105,35.7222]]]},"properties":{"fips":"05129","name":"Searcy","state":"Arkansas"}},
{"type":"Feature","geometry":{"type":"Polygon","coordinates":[[[-91.3676,34.913],[-91.3783,34.5633],[-91.0553,34.3365],[-91.0517,34.6458],[-91.0984,34.8674],[-91.1486,35.0023],[-91.3676,34.913]]]},"properties":{"fips":"05095","name":"Monroe","state":"Arkansas"}},
{"type":"Feature","geometry":{"type":"Polygon","coordinates":[[[-85.4345,30.5678],[-85.4309,30.7852],[-85.5996,30.8307],[-85.8436,30.7027],[-85.858,30.4905],[-85.9944,30.3892],[-85.4883,30.4364],[-85.4345,30.5678]]]},"properties":{"fips":"12133","name":"Washington","state":"Florida"}},
{"type":"Feature","geometry":{"type":"Polygon","coordinates":[[[-83.6793,33.5969],[-83.9162,33.7438],[-84.0454,33.5256],[-83.9234,33.444],[-83.8624,33.3684],[-83.6829,33.5264],[-83.6793,33.5969]]]},"properties":{"fips":"13217","name":"Newton","state":"Georgia"}},
{"type":"Feature","geometry":{"type":"Polygon","coordinates":[[[-82.0569,28.3128],[-81.9564,28.3455],[-81.9528,28.9597],[-82.3118,28.9605],[-82.1826,28.8214],[-82.2615,28.6676],[-82.0533,28.4786],[-82.0569,28.3128]]]},"properties":{"fips":"12119","name":"Sumter","state":"Florida"}},
{"type":"Feature","geometry":{"type":"Polygon","coordinates":[[[-85.4416,39.1954],[-85.2981,39.2684],[-85.2981,39.4531],[-85.6283,39.4531],[-85.6857,39.35],[-85.6857,39.131],[-85.4416,39.1954]]]},"properties":{"fips":"18031","name":"Decatur","state":"Indiana"}},
{"type":"Feature","geometry":{"type":"Polygon","coordinates":[[[-91.608,42.6436],[-91.6045,43.0818],[-92.0818,43.0826],[-92.0818,42.9074],[-92.0818,42.6419],[-91.608,42.6436]]]},"properties":{"fips":"19065","name":"Fayette","state":"Iowa"}},
{"type":"Feature","geometry":{"type":"Polygon","coordinates":[[[-93.2304,41.8628],[-93.3489,41.8628],[-93.3273,41.508],[-92.8715,41.5088],[-92.7566,41.5088],[-92.7674,41.8628],[-93.2304,41.8628]]]},"properties":{"fips":"19099","name":"Jasper","state":"Iowa"}},
{"type":"Feature","geometry":{"type":"Polygon","coordinates":[[[-83.9054,37.5425],[-84.0921,37.5666],[-84.1997,37.5228],[-84.1387,37.3201],[-83.9449,37.2505],[-83.7834,37.3484],[-83.8839,37.5176],[-83.9054,37.5425]]]},"properties":{"fips":"21109","name":"Jackson","state":"Kentucky"}},
{"type":"Feature","geometry":{"type":"Polygon","coordinates":[[[-91.0445,32.5763],[-91.1522,32.6416],[-91.1666,33.0041],[-91.2635,33.005],[-91.4465,32.5823],[-91.4573,32.5377],[-91.0697,32.5626],[-91.0445,32.5763]]]},"properties":{"fips":"22035","name":"East Carroll","state":"Louisiana"}},
{"type":"Feature","geometry":{"type":"Polygon","coordinates":[[[-92.6238,30.0919],[-92.7387,30.0369],[-92.6166,30.0378],[-92.6166,29.5859],[-92.3223,29.5318],[-92.2003,29.726],[-91.9706,29.8333],[-91.9634,30.0369],[-92.2864,30.1478],[-92.4228,30.049],[-92.6238,30.0919]]]},"properties":{"fips":"22113","name":"Vermilion","state":"Louisiana"}},
{"type":"Feature","geometry":{"type":"Polygon","coordinates":[[[-92.4946,30.4802],[-92.2613,30.5386],[-92.2111,30.8488],[-92.2792,30.9647],[-92.5987,30.896],[-92.631,30.488],[-92.631,30.4811],[-92.4946,30.4802]]]},"properties":{"fips":"22039","name":"Evangeline","state":"Louisiana"}},
{"type":"Feature","geometry":{"type":"Polygon","coordinates":[[[-94.2175,40.0347],[-94.6051,40.039],[-94.6015,39.8199],[-94.6015,39.7469],[-94.2067,39.746],[-94.2067,39.789],[-94.2175,40.0347]]]},"properties":{"fips":"29063","name":"DeKalb","state":"Missouri"}},
{"type":"Feature","geometry":{"type":"Polygon","coordinates":[[[-91.3676,38.6997],[-91.3676,38.21],[-91.0948,38.204],[-90.7789,38.204],[-90.7359,38.4669],[-90.7323,38.6396],[-90.9656,38.5476],[-91.3676,38.6997]]]},"properties":{"fips":"29071","name":"Franklin","state":"Missouri"}},
{"type":"Feature","geometry":{"type":"Polygon","coordinates":[[[-96.066,40.2623],[-96.066,40.5235],[-96.4644,40.5226],[-96.4644,40.2623],[-96.066,40.2623]]]},"properties":{"fips":"31097","name":"Johnson","state":"Nebraska"}},
{"type":"Feature","geometry":{"type":"Polygon","coordinates":[[[-98.7579,41.7408],[-98.7507,41.7408],[-98.2949,41.7408],[-98.2949,41.9152],[-98.3021,42.0887],[-98.7615,42.0887],[-98.7579,41.7408]]]},"properties":{"fips":"31183","name":"Wheeler","state":"Nebraska"}},
{"type":"Feature","geometry":{"type":"Polygon","coordinates":[[[-107.3004,32.6055],[-107.3004,32.7799],[-106.8877,32.8229],[-106.3421,33.0531],[-106.3457,33.3907],[-106.3744,33.4801],[-107.7132,33.4766],[-108.0004,33.4783],[-108.0004,33.2009],[-107.6091,32.6055],[-107.3004,32.6055]]]},"properties":{"fips":"35051","name":"Sierra","state":"New Mexico"}},
{"type":"Feature","geometry":{"type":"Polygon","coordinates":[[[-77.8072,35.3691],[-77.8359,35.1776],[-77.7318,35.0083],[-77.4734,35.2291],[-77.3909,35.3399],[-77.477,35.4267],[-77.8072,35.3691]]]},"properties":{"fips":"37107","name":"Lenoir","state":"North Carolina"}},
{"type":"Feature","geometry":{"type":"Polygon","coordinates":[[[-81.6908,35.5805],[-81.7698,35.1801],[-81.3678,35.1647],[-81.3283,35.1638],[-81.4539,35.4198],[-81.5365,35.5641],[-81.6908,35.5805]]]},"properties":{"fips":"37045","name":"Cleveland","state":"North Carolina"}},
{"type":"Feature","geometry":{"type":"Polygon","coordinates":[[[-104.0521,41.3929],[-104.0521,41.0011],[-103.5748,41.002],[-103.3809,41.002],[-103.3773,41.3946],[-104.0521,41.3929]]]},"properties":{"fips":"31105","name":"Kimball","state":"Nebraska"}},
{"type":"Feature","geometry":{"type":"Polygon","coordinates":[[[-95.2081,36.0744],[-95.4414,36.0753],[-95.7609,36.1629],[-95.8183,35.8562],[-95.7645,35.8562],[-95.6388,35.7875],[-95.2655,35.8133],[-95.2081,36.0744]]]},"properties":{"fips":"40145","name":"Wagoner","state":"Oklahoma"}},
{"type":"Feature","geometry":{"type":"Polygon","coordinates":[[[-97.6704,35.3769],[-97.6704,35.3373],[-97.1427,34.9284],[-97.1427,35.3769],[-97.6704,35.3769]]]},"properties":{"fips":"40027","name":"Cleveland","state":"Oklahoma"}},
{"type":"Feature","geometry":{"type":"Polygon","coordinates":[[[-96.9346,34.3322],[-96.8269,34.5058],[-96.931,34.6372],[-97.2002,34.6226],[-97.3509,34.5066],[-97.3509,34.3761],[-96.9346,34.3322]]]},"properties":{"fips":"40099","name":"Murray","state":"Oklahoma"}},
{"type":"Feature","geometry":{"type":"Polygon","coordinates":[[[-80.3592,40.478],[-79.8711,40.197],[-79.6916,40.6695],[-80.1474,40.6747],[-80.3592,40.478]]]},"properties":{"fips":"42003","name":"Allegheny","state":"Pennsylvania"}},
{"type":"Feature","geometry":{"type":"Polygon","coordinates":[[[-81.4791,34.8219],[-81.4575,34.8391],[-81.7124,34.913],[-81.8523,34.5943],[-81.6442,34.5333],[-81.4216,34.4946],[-81.4216,34.5719],[-81.4791,34.8219]]]},"properties":{"fips":"45087","name":"Union","state":"South Carolina"}},
{"type":"Feature","geometry":{"type":"Polygon","coordinates":[[[-99.6768,44.5482],[-100.5274,44.5473],[-100.3659,44.3558],[-99.9388,44.1951],[-99.6624,44.2174],[-99.6768,44.5482]]]},"properties":{"fips":"46065","name":"Hughes","state":"South Dakota"}},
{"type":"Feature","geometry":{"type":"Polygon","coordinates":[[[-84.2967,36.9455],[-84.3433,36.8373],[-84.2285,36.5924],[-83.988,36.5899],[-83.9305,36.5873],[-83.8767,36.6869],[-84.0921,36.9558],[-84.2967,36.9455]]]},"properties":{"fips":"21235","name":"Whitley","state":"Kentucky"}},
{"type":"Feature","geometry":{"type":"Polygon","coordinates":[[[-82.5738,35.1441],[-82.7461,35.4232],[-82.922,35.2918],[-83.0081,35.0272],[-82.8968,35.0564],[-82.764,35.0685],[-82.5738,35.1441]]]},"properties":{"fips":"37175","name":"Transylvania","state":"North Carolina"}},
{"type":"Feature","geometry":{"type":"Polygon","coordinates":[[[-77.4734,35.2291],[-77.1145,35.0728],[-77.0786,34.8116],[-76.6945,34.8692],[-76.6838,34.9628],[-76.7627,34.9207],[-76.9601,35.0478],[-76.8955,35.254],[-77.1899,35.4181],[-77.3909,35.3399],[-77.4734,35.2291]]]},"properties":{"fips":"37049","name":"Craven","state":"North Carolina"}},
{"type":"Feature","geometry":{"type":"Polygon","coordinates":[[[-99.6122,32.9569],[-99.9891,32.9603],[-100.1434,32.9603],[-100.147,32.5231],[-99.6301,32.5145],[-99.6122,32.5145],[-99.6122,32.9569]]]},"properties":{"fips":"48253","name":"Jones","state":"Texas"}},
{"type":"Feature","geometry":{"type":"Polygon","coordinates":[[[-82.6635,36.9206],[-82.6133,36.9051],[-82.5989,36.9584],[-82.6348,36.9524],[-82.6635,36.9206]]]},"properties":{"fips":"51720","name":"Norton","state":"Virginia"}},
{"type":"Feature","geometry":{"type":"Polygon","coordinates":[[[-82.3225,39.0279],[-82.1,38.9583],[-81.9098,38.8784],[-81.7483,39.0957],[-81.7554,39.1808],[-82.2687,39.204],[-82.3225,39.0279]]]},"properties":{"fips":"39105","name":"Meigs","state":"Ohio"}},
{"type":"Feature","geometry":{"type":"Polygon","coordinates":[[[-82.3225,39.0279],[-82.4338,39.0347],[-82.5738,38.8449],[-82.2867,38.5829],[-82.2185,38.5915],[-82.2185,38.7959],[-82.1,38.9583],[-82.3225,39.0279]]]},"properties":{"fips":"39053","name":"Gallia","state":"Ohio"}},
{"type":"Feature","geometry":{"type":"Polygon","coordinates":[[[-80.3592,38.2255],[-80.4382,38.2676],[-80.711,38.0795],[-80.8832,38.1035],[-80.8079,37.869],[-80.6643,37.7315],[-80.2946,37.692],[-80.0577,37.9523],[-79.9608,38.064],[-80.2659,38.0468],[-80.3592,38.2255]]]},"properties":{"fips":"54025","name":"Greenbrier","state":"West Virginia"}},
{"type":"Feature","geometry":{"type":"Polygon","coordinates":[[[-64.8427,18.3666],[-64.9827,18.3847],[-64.9575,18.3056],[-64.8427,18.3503],[-64.8427,18.3666]]]},"properties":{"fips":"78030","name":"St. Thomas","state":"United States Virgin Islands"}},
{"type":"Feature","geometry":{"type":"Polygon","coordinates":[[[-90.5025,35.4421],[-90.2872,35.4387],[-90.2872,35.6999],[-91.0374,35.7085],[-91.0409,35.4447],[-90.5025,35.4421]]]},"properties":{"fips":"05111","name":"Poinsett","state":"Arkansas"}},
{"type":"Feature","geometry":{"type":"Polygon","coordinates":[[[-120.6526,37.8321],[-120.9254,38.0777],[-120.9218,37.7376],[-121.2413,37.6637],[-121.471,37.4816],[-121.471,37.4231],[-121.4064,37.3106],[-121.392,37.1482],[-121.2269,37.1345],[-120.9828,37.3999],[-120.387,37.6336],[-120.6526,37.8321]]]},"properties":{"fips":"06099","name":"Stanislaus","state":"California"}},
{"type":"Feature","geometry":{"type":"Polygon","coordinates":[[[-122.738,39.3835],[-122.6806,39.2383],[-122.476,39.1739],[-122.3396,38.9239],[-121.8371,38.9248],[-121.9089,39.3036],[-121.8909,39.3835],[-122.738,39.3835]]]},"properties":{"fips":"06011","name":"Colusa","state":"California"}},
{"type":"Feature","geometry":{"type":"Polygon","coordinates":[[[-84.2787,33.9577],[-84.3505,33.6476],[-84.2823,33.6476],[-84.1854,33.6459],[-84.0239,33.7532],[-84.2787,33.9577]]]},"properties":{"fips":"13089","name":"DeKalb","state":"Georgia"}},
{"type":"Feature","geometry":{"type":"Polygon","coordinates":[[[-83.8552,34.7223],[-83.8444,34.5058],[-83.6649,34.5032],[-83.6829,34.8004],[-83.7798,34.7927],[-83.8552,34.7223]]]},"properties":{"fips":"13311","name":"White","state":"Georgia"}},
{"type":"Feature","geometry":{"type":"Polygon","coordinates":[[[-85.0073,34.3924],[-85.0684,34.5874],[-85.1078,34.5874],[-85.1796,34.4362],[-85.4632,34.2867],[-85.4201,34.0805],[-85.0468,34.096],[-85.0073,34.3924]]]},"properties":{"fips":"13115","name":"Floyd","state":"Georgia"}},
{"type":"Feature","geometry":{"type":"Polygon","coordinates":[[[-114.5939,43.1986],[-115.0856,43.1977],[-115.039,42.9117],[-114.8128,42.6643],[-114.6154,42.6497],[-114.5939,42.8507],[-114.5939,43.1986]]]},"properties":{"fips":"16047","name":"Gooding","state":"Idaho"}},
{"type":"Feature","geometry":{"type":"Polygon","coordinates":[[[-89.397,42.2021],[-89.6878,42.1995],[-89.6842,41.9306],[-89.6303,41.9014],[-88.9412,41.892],[-88.9412,42.1523],[-89.397,42.2021]]]},"properties":{"fips":"17141","name":"Ogle","state":"Illinois"}},
{"type":"Feature","geometry":{"type":"Polygon","coordinates":[[[-104.045,47.3968],[-104.045,47.9964],[-104.8813,48.1494],[-105.1935,48.0669],[-105.233,47.7903],[-104.9782,47.6159],[-104.5941,47.6159],[-104.4218,47.3547],[-104.045,47.3968]]]},"properties":{"fips":"30083","name":"Richland","state":"Montana"}},
{"type":"Feature","geometry":{"type":"Polygon","coordinates":[[[-77.6995,36.1534],[-77.8287,35.8674],[-77.6636,35.675],[-77.3514,35.8193],[-77.4016,36.0048],[-77.6995,36.1534]]]},"properties":{"fips":"37065","name":"Edgecombe","state":"North Carolina"}},
{"type":"Feature","geometry":{"type":"Polygon","coordinates":[[[-101.6222,36.4997],[-102.0314,36.5005],[-102.1642,36.5005],[-102.1642,36.0555],[-101.6222,36.0555],[-101.6222,36.4997]]]},"properties":{"fips":"48421","name":"Sherman","state":"Texas"}},
{"type":"Feature","geometry":{"type":"Polygon","coordinates":[[[-85.5924,33.1072],[-85.5924,32.7284],[-85.1294,32.7516],[-85.1868,32.8701],[-85.2335,33.1081],[-85.5924,33.1072]]]},"properties":{"fips":"01017","name":"Chambers","state":"Alabama"}},
{"type":"Feature","geometry":{"type":"Polygon","coordinates":[[[-120.0712,38.5098],[-120.0209,38.4334],[-119.6404,38.3269],[-119.5435,38.4995],[-119.5866,38.7134],[-119.906,38.9334],[-120.0712,38.7031],[-120.0712,38.5098]]]},"properties":{"fips":"06003","name":"Alpine","state":"California"}},
{"type":"Feature","geometry":{"type":"Polygon","coordinates":[[[-121.4458,41.1832],[-121.4458,41.9968],[-122.2893,42.0079],[-123.2297,42.0036],[-123.5169,42.0011],[-123.7035,41.825],[-123.6604,41.3817],[-123.4738,41.3662],[-123.4092,41.1798],[-123.0323,41.0046],[-122.8923,41.203],[-122.5514,41.3619],[-122.4975,41.1824],[-121.4458,41.1832]]]},"properties":{"fips":"06093","name":"Siskiyou","state":"California"}},
{"type":"Feature","geometry":{"type":"Polygon","coordinates":[[[-109.0448,36.9988],[-108.3808,36.9996],[-108.1978,37.3553],[-107.9716,37.6396],[-108.9156,37.6319],[-109.0448,37.485],[-109.0448,36.9988]]]},"properties":{"fips":"08083","name":"Montezuma","state":"Colorado"}},
{"type":"Feature","geometry":{"type":"Polygon","coordinates":[[[-84.6197,34.9886],[-84.7776,34.9877],[-84.8099,34.9877],[-84.914,34.6338],[-84.6556,34.5831],[-84.6197,34.8554],[-84.6197,34.9886]]]},"properties":{"fips":"13213","name":"Murray","state":"Georgia"}},
{"type":"Feature","geometry":{"type":"Polygon","coordinates":[[[-113.0002,41.9985],[-112.1639,41.9968],[-112.1101,41.9976],[-112.1245,42.2854],[-112.4188,42.5028],[-112.6557,42.3292],[-113.0002,42.3275],[-113.0002,41.9985]]]},"properties":{"fips":"16071","name":"Oneida","state":"Idaho"}},
{"type":"Feature","geometry":{"type":"Polygon","coordinates":[[[-87.9865,38.2298],[-87.9254,38.1465],[-88.0905,37.8913],[-88.0295,37.7994],[-87.9254,37.9016],[-87.6993,37.8973],[-87.6885,38.1688],[-87.9865,38.2298]]]},"properties":{"fips":"18129","name":"Posey","state":"Indiana"}},
{"type":"Feature","geometry":{"type":"Polygon","coordinates":[[[-86.2744,37.5932],[-86.0482,37.4498],[-85.8939,37.4403],[-85.6821,37.7324],[-85.7396,37.8114],[-85.937,37.9987],[-85.9441,38.0082],[-85.998,37.9996],[-86.1523,37.7985],[-86.2744,37.5932]]]},"properties":{"fips":"21093","name":"Hardin","state":"Kentucky"}},
{"type":"Feature","geometry":{"type":"Polygon","coordinates":[[[-93.8549,29.8651],[-93.837,29.6907],[-93.4745,29.7689],[-93.1766,29.7706],[-92.6166,29.5859],[-92.6166,30.0378],[-92.7387,30.0369],[-92.9971,30.0387],[-93.7221,30.0515],[-93.8549,29.8651]]]},"properties":{"fips":"22023","name":"Cameron","state":"Louisiana"}},
{"type":"Feature","geometry":{"type":"Polygon","coordinates":[[[-95.0645,38.3896],[-94.6123,38.3887],[-94.6123,38.4772],[-94.6087,38.7384],[-95.0574,38.7384],[-95.0645,38.3896]]]},"properties":{"fips":"20121","name":"Miami","state":"Kansas"}},
{"type":"Feature","geometry":{"type":"Polygon","coordinates":[[[-115.2938,44.3394],[-115.4984,44.2338],[-116.0978,44.2363],[-116.2127,44.1513],[-116.2809,43.8077],[-115.9758,43.5912],[-115.6958,43.6651],[-115.502,43.8901],[-114.9923,43.9494],[-115.0174,44.141],[-115.2938,44.3394]]]},"properties":{"fips":"16015","name":"Boise","state":"Idaho"}},
{"type":"Feature","geometry":{"type":"Polygon","coordinates":[[[-112.5193,43.6264],[-112.5193,43.4254],[-112.1029,43.4254],[-111.5896,43.2819],[-111.5896,43.0199],[-111.0441,43.0191],[-111.0441,43.3154],[-111.0441,43.501],[-111.3994,43.6221],[-111.6255,43.6264],[-112.5193,43.6264]]]},"properties":{"fips":"16019","name":"Bonneville","state":"Idaho"}},
{"type":"Feature","geometry":{"type":"Polygon","coordinates":[[[-71.0809,42.0956],[-70.844,41.6282],[-70.643,41.7184],[-70.5389,41.8112],[-70.7794,42.2519],[-70.826,42.2657],[-70.9553,42.2846],[-71.0809,42.0956]]]},"properties":{"fips":"25023","name":"Plymouth","state":"Massachusetts"}},
{"type":"Feature","geometry":{"type":"Polygon","coordinates":[[[-91.7516,31.0188],[-91.8162,30.8479],[-91.7552,30.4974],[-91.7014,30.4974],[-91.486,30.4974],[-91.3317,30.6589],[-91.6619,30.9707],[-91.6583,30.9939],[-91.7516,31.0188]]]},"properties":{"fips":"22077","name":"Pointe Coupee","state":"Louisiana"}},
{"type":"Feature","geometry":{"type":"Polygon","coordinates":[[[-87.8465,45.7225],[-87.6957,45.7234],[-87.6168,45.9862],[-87.6168,46.2465],[-88.1157,46.2465],[-88.1157,45.9218],[-88.0582,45.7809],[-87.8465,45.7225]]]},"properties":{"fips":"26043","name":"Dickinson","state":"Michigan"}},
{"type":"Feature","geometry":{"type":"Polygon","coordinates":[[[-94.6159,37.3639],[-94.6159,37.3381],[-94.6195,37.0572],[-94.0595,37.0477],[-94.0524,37.29],[-94.0811,37.3493],[-94.6159,37.3639]]]},"properties":{"fips":"29097","name":"Jasper","state":"Missouri"}},
{"type":"Feature","geometry":{"type":"Polygon","coordinates":[[[-101.5253,37.3888],[-101.5576,37.3888],[-101.554,36.9953],[-101.0658,36.9979],[-101.0694,37.3879],[-101.091,37.3879],[-101.5253,37.3888]]]},"properties":{"fips":"20189","name":"Stevens","state":"Kansas"}},
{"type":"Feature","geometry":{"type":"Polygon","coordinates":[[[-90.6425,42.5088],[-90.4738,42.3816],[-90.3195,42.1935],[-89.9211,42.1969],[-89.9283,42.5062],[-90.4272,42.5071],[-90.6425,42.5088]]]},"properties":{"fips":"17085","name":"Jo Daviess","state":"Illinois"}},
{"type":"Feature","geometry":{"type":"Polygon","coordinates":[[[-90.4451,40.7151],[-90.4451,40.6274],[-90.4487,40.2761],[-90.201,40.1842],[-89.9247,40.4359],[-89.8708,40.5132],[-89.9857,40.7125],[-90.4451,40.7151]]]},"properties":{"fips":"17057","name":"Fulton","state":"Illinois"}},
{"type":"Feature","geometry":{"type":"Polygon","coordinates":[[[-77.9974,43.1333],[-77.9113,42.9881],[-77.5811,42.9443],[-77.3729,43.0345],[-77.3765,43.2776],[-77.5775,43.2433],[-77.9939,43.3653],[-77.9974,43.1333]]]},"properties":{"fips":"36055","name":"Monroe","state":"New York"}},
{"type":"Feature","geometry":{"type":"Polygon","coordinates":[[[-91.7947,46.9398],[-91.023,47.4647],[-91.0302,48.1889],[-91.4394,48.0488],[-91.7983,48.2026],[-91.7947,46.9398]]]},"properties":{"fips":"27075","name":"Lake","state":"Minnesota"}},
{"type":"Feature","geometry":{"type":"Polygon","coordinates":[[[-121.3346,43.617],[-121.3489,42.7467],[-120.8823,42.7442],[-120.8787,41.9942],[-119.9994,41.9951],[-119.3605,41.9942],[-119.3641,42.7493],[-119.9455,42.7467],[-119.8953,43.6109],[-121.3346,43.617]]]},"properties":{"fips":"41037","name":"Lake","state":"Oregon"}},
{"type":"Feature","geometry":{"type":"Polygon","coordinates":[[[-71.1957,41.6755],[-71.3429,41.4959],[-71.1204,41.4977],[-71.1957,41.6755]]]},"properties":{"fips":"44005","name":"Newport","state":"Rhode Island"}},
{"type":"Feature","geometry":{"type":"Polygon","coordinates":[[[-75.1117,43.6152],[-75.0686,43.2269],[-75.2193,43.0526],[-75.2122,42.8799],[-74.7635,42.8636],[-74.7599,43.0474],[-74.7132,43.2862],[-74.8532,44.0697],[-75.1691,44.0972],[-75.1117,43.6152]]]},"properties":{"fips":"36043","name":"Herkimer","state":"New York"}},
{"type":"Feature","geometry":{"type":"Polygon","coordinates":[[[-103.0866,37.0005],[-104.0091,36.9962],[-104.0091,36.2179],[-103.7937,36.0856],[-103.3666,36.0864],[-103.3738,35.7394],[-103.04,35.7394],[-103.04,36.0555],[-103.0041,36.5005],[-103.0005,37.0005],[-103.0866,37.0005]]]},"properties":{"fips":"35059","name":"Union","state":"New Mexico"}},
{"type":"Feature","geometry":{"type":"Polygon","coordinates":[[[-94.982,29.884],[-94.9317,29.6736],[-94.7415,29.5258],[-94.5118,29.543],[-94.3718,29.5559],[-94.3539,29.5619],[-94.4436,29.8892],[-94.982,29.884]]]},"properties":{"fips":"48071","name":"Chambers","state":"Texas"}},
{"type":"Feature","geometry":{"type":"Polygon","coordinates":[[[-119.8701,47.9604],[-119.6835,48.0935],[-119.3425,48.0497],[-119.0554,48.1373],[-118.9836,47.9621],[-118.9728,47.9432],[-118.8508,47.9578],[-118.8364,49.0007],[-120.85,49.0007],[-120.7531,48.6571],[-120.7029,48.5316],[-120.6383,48.3976],[-120.1429,48.0643],[-119.8701,47.9604]]]},"properties":{"fips":"53047","name":"Okanogan","state":"Washington"}},
{"type":"Feature","geometry":{"type":"Polygon","coordinates":[[[-86.5184,33.5462],[-86.3784,33.3907],[-86.1451,33.6794],[-86.0662,33.8426],[-86.3246,33.9405],[-86.5794,33.7653],[-86.5184,33.5462]]]},"properties":{"fips":"01115","name":"St. Clair","state":"Alabama"}},
{"type":"Feature","geometry":{"type":"Polygon","coordinates":[[[-88.3059,42.611],[-88.3059,42.495],[-88.1982,42.4959],[-87.7998,42.4916],[-87.807,42.6677],[-88.3059,42.611]]]},"properties":{"fips":"55059","name":"Kenosha","state":"Wisconsin"}},
{"type":"Feature","geometry":{"type":"Polygon","coordinates":[[[-66.4256,18.0428],[-66.4292,18.0823],[-66.5225,18.1519],[-66.5476,18.1527],[-66.5512,18.1519],[-66.5404,17.9757],[-66.4507,17.9835],[-66.4256,18.0428]]]},"properties":{"fips":"72075","name":"Juana Díaz","state":"Puerto Rico"}},
{"type":"Feature","geometry":{"type":"Polygon","coordinates":[[[-89.598,43.9821],[-89.598,43.6427],[-89.2463,43.6427],[-89.1673,43.9829],[-89.598,43.9821]]]},"properties":{"fips":"55077","name":"Marquette","state":"Wisconsin"}},
{"type":"Feature","geometry":{"type":"Polygon","coordinates":[[[-90.6784,45.6383],[-90.6784,45.378],[-90.0431,45.3815],[-90.0431,45.555],[-90.0431,45.8969],[-90.0431,45.982],[-90.3015,45.9811],[-90.6784,45.982],[-90.6784,45.6383]]]},"properties":{"fips":"55099","name":"Price","state":"Wisconsin"}},
{"type":"Feature","geometry":{"type":"Polygon","coordinates":[[[-65.8692,18.3778],[-65.8297,18.4233],[-65.9913,18.4577],[-65.9195,18.4027],[-65.8692,18.3778]]]},"properties":{"fips":"72087","name":"Loíza","state":"Puerto Rico"}},
{"type":"Feature","geometry":{"type":"Polygon","coordinates":[[[-116.3311,47.0223],[-116.3311,46.9346],[-114.9636,46.9329],[-115.3261,47.2559],[-115.5271,47.3032],[-115.6276,47.4793],[-115.7245,47.6966],[-116.0476,47.9775],[-116.3311,47.8908],[-116.3311,47.414],[-116.3311,47.0223]]]},"properties":{"fips":"16079","name":"Shoshone","state":"Idaho"}},
{"type":"Feature","geometry":{"type":"Polygon","coordinates":[[[-81.3283,35.9962],[-81.5473,36.1174],[-81.8093,36.1114],[-81.8057,35.9619],[-81.5544,35.7772],[-81.3642,35.7677],[-81.3355,35.7961],[-81.3283,35.9962]]]},"properties":{"fips":"37027","name":"Caldwell","state":"North Carolina"}},
{"type":"Feature","geometry":{"type":"Polygon","coordinates":[[[-101.2561,47.2645],[-101.7658,47.2413],[-101.7658,46.981],[-100.9366,46.9828],[-100.9653,47.1563],[-101.2561,47.2645]]]},"properties":{"fips":"38065","name":"Oliver","state":"North Dakota"}},
{"type":"Feature","geometry":{"type":"Polygon","coordinates":[[[-96.0121,40.0003],[-95.7896,40.0003],[-95.3409,40.0003],[-95.3086,40.0003],[-95.5527,40.2623],[-96.0085,40.2615],[-96.0121,40.0003]]]},"properties":{"fips":"31147","name":"Richardson","state":"Nebraska"}},
{"type":"Feature","geometry":{"type":"Polygon","coordinates":[[[-100.7572,40.002],[-100.7392,40.002],[-100.1936,40.0012],[-100.1972,40.35],[-100.7572,40.3491],[-100.7572,40.002]]]},"properties":{"fips":"31145","name":"Red Willow","state":"Nebraska"}},
{"type":"Feature","geometry":{"type":"Polygon","coordinates":[[[-94.117,30.2414],[-94.0703,30.5257],[-94.5441,30.5266],[-94.7343,30.4897],[-94.5979,30.1117],[-94.4436,30.1134],[-94.117,30.1606],[-94.117,30.2414]]]},"properties":{"fips":"48199","name":"Hardin","state":"Texas"}},
{"type":"Feature","geometry":{"type":"Polygon","coordinates":[[[-87.2255,34.9997],[-87.606,35.004],[-87.9865,35.0057],[-88.2018,34.9954],[-88.0977,34.8923],[-87.807,34.7317],[-87.4265,34.8004],[-87.2614,34.7583],[-87.2112,34.9989],[-87.2255,34.9997]]]},"properties":{"fips":"01077","name":"Lauderdale","state":"Alabama"}},
{"type":"Feature","geometry":{"type":"Polygon","coordinates":[[[-94.6195,36.4997],[-94.562,36.162],[-94.5513,36.1019],[-94.3323,36.2144],[-93.8873,36.2351],[-93.8155,36.3064],[-93.8657,36.4988],[-94.0775,36.4988],[-94.6195,36.4997]]]},"properties":{"fips":"05007","name":"Benton","state":"Arkansas"}},
{"type":"Feature","geometry":{"type":"Polygon","coordinates":[[[-89.4652,41.1489],[-89.1637,41.3104],[-89.1673,41.5853],[-89.6303,41.5853],[-89.8637,41.5844],[-89.8565,41.2348],[-89.6375,41.1489],[-89.4652,41.1489]]]},"properties":{"fips":"17011","name":"Bureau","state":"Illinois"}},
{"type":"Feature","geometry":{"type":"Polygon","coordinates":[[[-85.8652,40.6515],[-85.8652,40.5656],[-85.8616,40.4067],[-85.8616,40.3783],[-85.578,40.3792],[-85.4452,40.3792],[-85.4452,40.5673],[-85.4488,40.6532],[-85.6391,40.6532],[-85.8652,40.6515]]]},"properties":{"fips":"18053","name":"Grant","state":"Indiana"}},
{"type":"Feature","geometry":{"type":"Polygon","coordinates":[[[-84.853,44.1616],[-84.8494,44.5112],[-85.334,44.5121],[-85.334,44.165],[-85.0863,44.1642],[-84.853,44.1616]]]},"properties":{"fips":"26113","name":"Missaukee","state":"Michigan"}},
{"type":"Feature","geometry":{"type":"Polygon","coordinates":[[[-85.5637,43.294],[-85.3124,43.294],[-85.3124,43.1187],[-84.8386,43.1187],[-84.8458,43.4658],[-85.0863,43.4658],[-85.5637,43.4683],[-85.5637,43.294]]]},"properties":{"fips":"26117","name":"Montcalm","state":"Michigan"}},
{"type":"Feature","geometry":{"type":"Polygon","coordinates":[[[-92.6848,37.0666],[-92.2505,37.0598],[-92.2505,37.473],[-92.6884,37.4816],[-92.6848,37.0666]]]},"properties":{"fips":"29229","name":"Wright","state":"Missouri"}},
{"type":"Feature","geometry":{"type":"Polygon","coordinates":[[[-92.2505,37.473],[-92.2505,37.0598],[-92.089,37.0563],[-91.6547,37.0486],[-91.6475,37.4231],[-91.809,37.5992],[-92.028,37.6027],[-92.2505,37.6044],[-92.2505,37.473]]]},"properties":{"fips":"29215","name":"Texas","state":"Missouri"}},
{"type":"Feature","geometry":{"type":"Polygon","coordinates":[[[-90.5492,37.3175],[-90.219,37.3149],[-90.1472,37.5975],[-90.1472,37.6413],[-90.5348,37.6439],[-90.5492,37.3175]]]},"properties":{"fips":"29123","name":"Madison","state":"Missouri"}},
{"type":"Feature","geometry":{"type":"Polygon","coordinates":[[[-90.2621,31.3504],[-90.2441,31.3504],[-90.2441,31.7173],[-90.7359,31.6984],[-90.7359,31.6107],[-90.6318,31.3496],[-90.5492,31.3496],[-90.2621,31.3504]]]},"properties":{"fips":"28085","name":"Lincoln","state":"Mississippi"}},
{"type":"Feature","geometry":{"type":"Polygon","coordinates":[[[-104.892,34.3468],[-104.892,34.0883],[-104.7843,33.9998],[-104.1562,33.9955],[-103.9445,34.0823],[-103.948,34.6054],[-104.1275,34.779],[-104.3393,34.779],[-104.4434,34.6046],[-104.892,34.6046],[-104.892,34.3468]]]},"properties":{"fips":"35011","name":"De Baca","state":"New Mexico"}},
{"type":"Feature","geometry":{"type":"Polygon","coordinates":[[[-77.3909,35.3399],[-77.1899,35.4181],[-77.1755,35.7325],[-77.3514,35.8193],[-77.6636,35.675],[-77.6995,35.6526],[-77.477,35.4267],[-77.3909,35.3399]]]},"properties":{"fips":"37147","name":"Pitt","state":"North Carolina"}},
{"type":"Feature","geometry":{"type":"Polygon","coordinates":[[[-101.7658,46.981],[-102.096,46.981],[-102.096,46.7173],[-101.7191,46.6314],[-101.2991,46.6305],[-101.2991,46.3711],[-101.0264,46.2843],[-100.9187,46.3952],[-100.5885,46.4278],[-100.6602,46.6348],[-100.9366,46.9828],[-101.7658,46.981]]]},"properties":{"fips":"38059","name":"Morton","state":"North Dakota"}},
{"type":"Feature","geometry":{"type":"Polygon","coordinates":[[[-82.7245,40.996],[-82.4338,40.9925],[-82.3369,41.0656],[-82.3441,41.2838],[-82.843,41.2898],[-82.8394,41.2554],[-82.8286,40.9968],[-82.7245,40.996]]]},"properties":{"fips":"39077","name":"Huron","state":"Ohio"}},
{"type":"Feature","geometry":{"type":"Polygon","coordinates":[[[-96.1916,35.6389],[-95.9798,35.3769],[-95.7142,35.5521],[-95.7645,35.8562],[-95.8183,35.8562],[-96.0336,35.8571],[-96.1916,35.6389]]]},"properties":{"fips":"40111","name":"Okmulgee","state":"Oklahoma"}},
{"type":"Feature","geometry":{"type":"Polygon","coordinates":[[[-80.0721,34.0857],[-80.0003,34.0479],[-79.9751,33.9465],[-79.8746,33.8855],[-79.4978,33.7756],[-79.3255,33.7988],[-79.4942,33.95],[-79.548,34.2309],[-79.6342,34.2979],[-79.6593,34.3056],[-80.0721,34.0857]]]},"properties":{"fips":"45041","name":"Florence","state":"South Carolina"}},
{"type":"Feature","geometry":{"type":"Polygon","coordinates":[[[-81.8703,34.1355],[-82.0067,33.962],[-81.6513,33.8142],[-81.5724,33.8769],[-81.4719,34.0762],[-81.7303,34.1879],[-81.8703,34.1355]]]},"properties":{"fips":"45081","name":"Saluda","state":"South Carolina"}},
{"type":"Feature","geometry":{"type":"Polygon","coordinates":[[[-86.1523,37.7985],[-86.4897,38.046],[-86.6548,37.8424],[-86.6405,37.662],[-86.5938,37.564],[-86.2744,37.5932],[-86.1523,37.7985]]]},"properties":{"fips":"21027","name":"Breckinridge","state":"Kentucky"}},
{"type":"Feature","geometry":{"type":"Polygon","coordinates":[[[-88.0295,37.7994],[-88.1336,37.5743],[-88.0618,37.5056],[-87.9326,37.4798],[-87.7352,37.6388],[-87.9254,37.9016],[-88.0295,37.7994]]]},"properties":{"fips":"21225","name":"Union","state":"Kentucky"}},
{"type":"Feature","geometry":{"type":"Polygon","coordinates":[[[-84.7776,36.6036],[-84.5766,36.8673],[-84.8351,36.9979],[-85.0648,36.8587],[-84.975,36.6156],[-84.7848,36.6036],[-84.7776,36.6036]]]},"properties":{"fips":"21231","name":"Wayne","state":"Kentucky"}},
{"type":"Feature","geometry":{"type":"Polygon","coordinates":[[[-84.9966,38.3355],[-85.2837,38.3578],[-85.4668,38.2856],[-85.4237,38.1473],[-85.1007,38.0374],[-85.0253,38.1293],[-84.9966,38.3355]]]},"properties":{"fips":"21211","name":"Shelby","state":"Kentucky"}},
{"type":"Feature","geometry":{"type":"Polygon","coordinates":[[[-77.1647,34.785],[-77.0786,34.8116],[-77.1145,35.0728],[-77.4734,35.2291],[-77.7318,35.0083],[-77.6744,34.974],[-77.2222,34.8872],[-77.1647,34.785]]]},"properties":{"fips":"37103","name":"Jones","state":"North Carolina"}},
{"type":"Feature","geometry":{"type":"Polygon","coordinates":[[[-84.5838,35.644],[-84.5264,35.6243],[-84.189,35.6105],[-84.1674,35.8055],[-84.2644,35.8966],[-84.5838,35.644]]]},"properties":{"fips":"47105","name":"Loudon","state":"Tennessee"}},
{"type":"Feature","geometry":{"type":"Polygon","coordinates":[[[-96.7192,31.8152],[-96.8951,32.0738],[-97.0853,32.2653],[-97.4765,32.1734],[-97.2755,31.7456],[-97.0387,31.8633],[-96.931,31.7087],[-96.7192,31.8152]]]},"properties":{"fips":"48217","name":"Hill","state":"Texas"}},
{"type":"Feature","geometry":{"type":"Polygon","coordinates":[[[-77.6565,37.564],[-77.5954,37.5554],[-77.4375,37.5984],[-77.4196,37.4472],[-77.2509,37.3819],[-77.1791,37.491],[-77.2401,37.5383],[-77.6313,37.7058],[-77.6565,37.564]]]},"properties":{"fips":"51087","name":"Henrico","state":"Virginia"}},
{"type":"Feature","geometry":{"type":"Polygon","coordinates":[[[-80.9407,40.4247],[-80.8617,40.5991],[-81.0878,40.7279],[-81.3175,40.6515],[-81.2709,40.4333],[-80.9407,40.4247]]]},"properties":{"fips":"39019","name":"Carroll","state":"Ohio"}},
{"type":"Feature","geometry":{"type":"Polygon","coordinates":[[[-97.9037,48.1949],[-97.1427,48.194],[-97.1607,48.5428],[-97.9288,48.5428],[-98.3164,48.5437],[-98.2913,48.1949],[-97.9037,48.1949]]]},"properties":{"fips":"38099","name":"Walsh","state":"North Dakota"}},
{"type":"Feature","geometry":{"type":"Polygon","coordinates":[[[-89.4258,45.1195],[-89.2248,45.0293],[-88.9807,45.0293],[-88.6397,45.1177],[-88.6792,45.3789],[-89.0453,45.4648],[-89.4258,45.4674],[-89.4258,45.1195]]]},"properties":{"fips":"55067","name":"Langlade","state":"Wisconsin"}},
{"type":"Feature","geometry":{"type":"Polygon","coordinates":[[[-90.9261,45.2921],[-91.5399,45.2921],[-91.6655,45.2079],[-91.6511,44.8557],[-90.9225,44.8574],[-90.9225,45.031],[-90.9261,45.2921]]]},"properties":{"fips":"55017","name":"Chippewa","state":"Wisconsin"}},
{"type":"Feature","geometry":{"type":"Polygon","coordinates":[[[-91.8593,29.7363],[-91.6224,29.7354],[-91.4609,29.47],[-91.2384,29.4382],[-91.084,29.6263],[-91.0984,29.6993],[-91.3532,29.7663],[-91.4717,29.9562],[-91.626,29.945],[-91.8593,29.7363]]]},"properties":{"fips":"22101","name":"St. Mary","state":"Louisiana"}},
{"type":"Feature","geometry":{"type":"Polygon","coordinates":[[[-67.1793,18.1682],[-67.1111,17.9457],[-67.1075,18.0565],[-67.1003,18.1063],[-67.1614,18.1536],[-67.1793,18.1682]]]},"properties":{"fips":"72023","name":"Cabo Rojo","state":"Puerto Rico"}},
{"type":"Feature","geometry":{"type":"Polygon","coordinates":[[[-123.3625,46.146],[-123.3625,45.7792],[-122.9282,45.7217],[-122.7631,45.7285],[-122.7847,45.8505],[-122.9031,46.0833],[-123.2118,46.1727],[-123.3625,46.146]]]},"properties":{"fips":"41009","name":"Columbia","state":"Oregon"}},
{"type":"Feature","geometry":{"type":"Polygon","coordinates":[[[-119.6584,43.9589],[-119.8989,43.6986],[-119.8953,43.6109],[-119.9455,42.7467],[-119.3641,42.7493],[-119.3605,41.9942],[-119.3246,41.9942],[-118.1975,41.9968],[-118.2298,42.9142],[-118.2263,44.0396],[-118.8185,44.0482],[-118.8185,43.9606],[-119.6584,43.9589]]]},"properties":{"fips":"41025","name":"Harney","state":"Oregon"}},
{"type":"Feature","geometry":{"type":"Polygon","coordinates":[[[-97.8283,30.9063],[-98.0508,30.6245],[-97.7745,30.4304],[-97.595,30.5017],[-97.3689,30.4192],[-97.333,30.4029],[-97.1535,30.457],[-97.315,30.7525],[-97.8283,30.9063]]]},"properties":{"fips":"48491","name":"Williamson","state":"Texas"}},
{"type":"Feature","geometry":{"type":"Polygon","coordinates":[[[-109.9996,40.8138],[-109.9781,40.8096],[-109.8704,40.764],[-109.2028,40.8585],[-109.0484,40.6627],[-109.0484,41.0003],[-109.9996,40.9977],[-109.9996,40.8138]]]},"properties":{"fips":"49009","name":"Daggett","state":"Utah"}},
{"type":"Feature","geometry":{"type":"Polygon","coordinates":[[[-100.1111,29.6229],[-100.6997,29.6237],[-100.7966,29.2415],[-100.6674,29.0842],[-100.1111,29.086],[-100.1111,29.6229]]]},"properties":{"fips":"48271","name":"Kinney","state":"Texas"}},
{"type":"Feature","geometry":{"type":"Polygon","coordinates":[[[-111.2666,41.1437],[-111.421,41.3611],[-111.4963,41.2271],[-111.8553,41.1394],[-111.7404,40.8611],[-111.6399,40.7992],[-111.5932,40.9934],[-111.2666,41.1437]]]},"properties":{"fips":"49029","name":"Morgan","state":"Utah"}},
{"type":"Feature","geometry":{"type":"Polygon","coordinates":[[[-76.9242,36.7075],[-76.9637,36.6672],[-76.9099,36.6483],[-76.924,36.683],[-76.9171,36.6947],[-76.9171,36.6998],[-76.9278,36.6998],[-76.9278,36.7007],[-76.9242,36.7075]]]},"properties":{"fips":"51620","name":"Franklin","state":"Virginia"}},
{"type":"Feature","geometry":{"type":"Polygon","coordinates":[[[-103.7076,39.74],[-104.8848,39.74],[-105.0535,39.6215],[-105.05,39.5665],[-104.6623,39.5656],[-103.7147,39.5665],[-103.7076,39.5665],[-103.7076,39.74]]]},"properties":{"fips":"08005","name":"Arapahoe","state":"Colorado"}},
{"type":"Feature","geometry":{"type":"Polygon","coordinates":[[[-85.0684,34.5874],[-85.0504,34.6226],[-85.1437,34.7678],[-85.2658,34.9851],[-85.3627,34.9834],[-85.535,34.6235],[-85.5278,34.5891],[-85.1078,34.5874],[-85.0684,34.5874]]]},"properties":{"fips":"13295","name":"Walker","state":"Georgia"}},
{"type":"Feature","geometry":{"type":"Polygon","coordinates":[[[-87.4193,39.9522],[-87.3834,39.6077],[-87.2004,39.6069],[-87.0138,39.6052],[-87.0102,39.8663],[-87.0927,39.9531],[-87.4193,39.9522]]]},"properties":{"fips":"18121","name":"Parke","state":"Indiana"}},
{"type":"Feature","geometry":{"type":"Polygon","coordinates":[[[-85.797,38.8071],[-85.8867,38.7341],[-85.8472,38.5614],[-85.5709,38.6061],[-85.6821,38.8157],[-85.797,38.8071]]]},"properties":{"fips":"18143","name":"Scott","state":"Indiana"}},
{"type":"Feature","geometry":{"type":"Polygon","coordinates":[[[-86.4,37.1697],[-86.6153,37.1465],[-86.6728,36.9996],[-86.6118,36.8828],[-86.4072,36.7763],[-86.1667,36.9343],[-86.1128,37.0615],[-86.4,37.1697]]]},"properties":{"fips":"21227","name":"Warren","state":"Kentucky"}},
{"type":"Feature","geometry":{"type":"Polygon","coordinates":[[[-93.4278,32.2361],[-93.4709,32.237],[-93.6145,32.2379],[-93.356,31.932],[-93.1873,32.1485],[-93.4278,32.2361]]]},"properties":{"fips":"22081","name":"Red River","state":"Louisiana"}},
{"type":"Feature","geometry":{"type":"Polygon","coordinates":[[[-94.8599,44.1083],[-94.3682,44.1083],[-94.3718,44.2647],[-94.781,44.4563],[-94.8671,44.4984],[-94.8671,44.2827],[-95.1076,44.1951],[-94.8599,44.1083]]]},"properties":{"fips":"27015","name":"Brown","state":"Minnesota"}},
{"type":"Feature","geometry":{"type":"Polygon","coordinates":[[[-91.2635,38.9926],[-91.2599,39.1395],[-91.4106,39.1421],[-91.6332,39.0588],[-91.6475,38.7031],[-91.6404,38.704],[-91.4178,38.71],[-91.2635,38.9926]]]},"properties":{"fips":"29139","name":"Montgomery","state":"Missouri"}},
{"type":"Feature","geometry":{"type":"Polygon","coordinates":[[[-89.9606,35.9988],[-90.2872,35.9962],[-90.2872,35.6999],[-90.2872,35.4387],[-90.14,35.4361],[-90.0575,35.4035],[-90.0503,35.4078],[-89.9103,35.5384],[-89.9606,35.7239],[-89.6447,35.9043],[-89.7344,36.0005],[-89.9606,35.9988]]]},"properties":{"fips":"05093","name":"Mississippi","state":"Arkansas"}},
{"type":"Feature","geometry":{"type":"Polygon","coordinates":[[[-91.6906,36.2531],[-91.4537,36.3356],[-91.4501,36.4979],[-91.6727,36.4997],[-92.1213,36.4988],[-92.15,36.4988],[-92.1572,36.2608],[-91.6906,36.2531]]]},"properties":{"fips":"05049","name":"Fulton","state":"Arkansas"}},
{"type":"Feature","geometry":{"type":"Polygon","coordinates":[[[-85.535,34.6235],[-85.5816,34.8606],[-85.7862,34.6243],[-86.059,34.4757],[-86.1057,34.2008],[-85.8436,34.1999],[-85.5134,34.5238],[-85.5278,34.5891],[-85.535,34.6235]]]},"properties":{"fips":"01049","name":"DeKalb","state":"Alabama"}},
{"type":"Feature","geometry":{"type":"Polygon","coordinates":[[[-93.7114,34.7455],[-93.7042,35.0195],[-94.0739,35.0264],[-94.1421,35.0994],[-94.2318,34.9688],[-94.4472,34.9336],[-94.4544,34.7291],[-93.9303,34.6656],[-93.7114,34.7455]]]},"properties":{"fips":"05127","name":"Scott","state":"Arkansas"}},
{"type":"Feature","geometry":{"type":"Polygon","coordinates":[[[-123.822,41.9959],[-124.2132,41.9985],[-124.066,41.465],[-123.6604,41.3817],[-123.7035,41.825],[-123.5169,42.0011],[-123.822,41.9959]]]},"properties":{"fips":"06015","name":"Del Norte","state":"California"}},
{"type":"Feature","geometry":{"type":"Polygon","coordinates":[[[-89.4006,42.5002],[-89.8385,42.5053],[-89.9283,42.5062],[-89.9211,42.1969],[-89.6878,42.1995],[-89.397,42.2021],[-89.4006,42.5002]]]},"properties":{"fips":"17177","name":"Stephenson","state":"Illinois"}},
{"type":"Feature","geometry":{"type":"Polygon","coordinates":[[[-86.6799,38.3947],[-86.6799,38.2633],[-86.461,38.1216],[-86.3318,38.1808],[-86.2564,38.4231],[-86.3103,38.4231],[-86.6799,38.3947]]]},"properties":{"fips":"18025","name":"Crawford","state":"Indiana"}},
{"type":"Feature","geometry":{"type":"Polygon","coordinates":[[[-86.0339,38.4179],[-85.9011,38.18],[-85.7898,38.2882],[-85.9944,38.4179],[-86.0339,38.4179]]]},"properties":{"fips":"18043","name":"Floyd","state":"Indiana"}},
{"type":"Feature","geometry":{"type":"Polygon","coordinates":[[[-81.7626,32.048],[-81.8236,32.0145],[-81.7662,31.8745],[-81.4934,31.6992],[-81.1955,31.5678],[-81.1991,31.7259],[-81.4037,31.9372],[-81.7195,32.0892],[-81.7626,32.048]]]},"properties":{"fips":"13179","name":"Liberty","state":"Georgia"}},
{"type":"Feature","geometry":{"type":"Polygon","coordinates":[[[-114.5939,42.8507],[-114.6154,42.6497],[-114.0017,42.526],[-113.9335,42.5354],[-113.9335,42.7648],[-114.5939,42.8507]]]},"properties":{"fips":"16053","name":"Jerome","state":"Idaho"}},
{"type":"Feature","geometry":{"type":"Polygon","coordinates":[[[-75.8618,38.3518],[-75.8654,38.2384],[-75.7505,38.2848],[-75.6142,38.2788],[-75.3737,38.2899],[-75.3414,38.4523],[-75.6931,38.46],[-75.7003,38.5605],[-75.8618,38.3518]]]},"properties":{"fips":"24045","name":"Wicomico","state":"Maryland"}},
{"type":"Feature","geometry":{"type":"Polygon","coordinates":[[[-88.4495,46.9389],[-88.6792,46.8522],[-88.6792,46.4201],[-88.1157,46.4201],[-88.0439,46.9123],[-88.4495,46.9389]]]},"properties":{"fips":"26013","name":"Baraga","state":"Michigan"}},
{"type":"Feature","geometry":{"type":"Polygon","coordinates":[[[-114.0519,37.0005],[-114.0519,37.6044],[-114.0483,38.149],[-114.0519,38.5726],[-114.0483,38.6774],[-114.9995,38.6774],[-114.9995,38.0511],[-115.8932,38.0503],[-115.8968,36.8424],[-114.0519,36.8433],[-114.0519,37.0005]]]},"properties":{"fips":"32017","name":"Lincoln","state":"Nevada"}},
{"type":"Feature","geometry":{"type":"Polygon","coordinates":[[[-75.0614,39.5691],[-75.2373,39.5588],[-75.406,39.3818],[-74.9142,39.1773],[-74.8604,39.3242],[-74.986,39.5149],[-75.0614,39.5691]]]},"properties":{"fips":"34011","name":"Cumberland","state":"New Jersey"}},
{"type":"Feature","geometry":{"type":"Polygon","coordinates":[[[-85.1366,38.9299],[-84.8709,38.9007],[-84.8781,39.0304],[-85.133,38.948],[-85.1366,38.9299]]]},"properties":{"fips":"18115","name":"Ohio","state":"Indiana"}},
{"type":"Feature","geometry":{"type":"Polygon","coordinates":[[[-74.0456,40.6901],[-74.0205,40.6807],[-73.9631,40.7365],[-73.9128,40.7958],[-73.9344,40.8817],[-73.9846,40.7992],[-74.0456,40.6901]]]},"properties":{"fips":"36061","name":"New York","state":"New York"}},
{"type":"Feature","geometry":{"type":"Polygon","coordinates":[[[-74.8532,44.0697],[-74.5338,44.0989],[-74.6415,44.9528],[-74.7276,44.9949],[-74.9717,44.9837],[-75.3091,44.8368],[-75.8618,44.403],[-75.4455,44.2174],[-75.1691,44.0972],[-74.8532,44.0697]]]},"properties":{"fips":"36089","name":"St. Lawrence","state":"New York"}},
{"type":"Feature","geometry":{"type":"Polygon","coordinates":[[[-90.7359,31.6984],[-90.7359,31.786],[-91.2491,31.8702],[-91.3173,31.7456],[-91.1522,31.6099],[-90.7359,31.6107],[-90.7359,31.6984]]]},"properties":{"fips":"28063","name":"Jefferson","state":"Mississippi"}},
{"type":"Feature","geometry":{"type":"Polygon","coordinates":[[[-95.7788,34.157],[-95.9906,34.157],[-95.9367,33.9414],[-95.7609,33.8726],[-95.3086,33.8804],[-95.1543,33.9371],[-95.1579,34.157],[-95.7788,34.157]]]},"properties":{"fips":"40023","name":"Choctaw","state":"Oklahoma"}},
{"type":"Feature","geometry":{"type":"Polygon","coordinates":[[[-90.5995,39.7898],[-90.5707,39.8397],[-90.9153,39.8448],[-90.9153,39.7572],[-91.364,39.7589],[-91.3065,39.685],[-91.1773,39.5983],[-90.9369,39.3998],[-90.6138,39.3955],[-90.5815,39.5218],[-90.5995,39.7898]]]},"properties":{"fips":"17149","name":"Pike","state":"Illinois"}},
{"type":"Feature","geometry":{"type":"Polygon","coordinates":[[[-91.4106,40.813],[-91.1127,40.6962],[-90.9476,41.0698],[-90.9476,41.0724],[-91.3712,41.0741],[-91.4106,40.813]]]},"properties":{"fips":"19057","name":"Des Moines","state":"Iowa"}},
{"type":"Feature","geometry":{"type":"Polygon","coordinates":[[[-104.045,47.9964],[-104.0485,48.389],[-104.6264,48.389],[-104.7592,48.5634],[-104.9746,48.5634],[-105.8037,48.5634],[-105.8432,48.0102],[-105.5022,48.0978],[-105.1935,48.0669],[-104.8813,48.1494],[-104.045,47.9964]]]},"properties":{"fips":"30085","name":"Roosevelt","state":"Montana"}},
{"type":"Feature","geometry":{"type":"Polygon","coordinates":[[[-82.4877,34.8193],[-82.8394,34.6235],[-82.9937,34.4791],[-82.7748,34.2884],[-82.7425,34.2085],[-82.3154,34.4843],[-82.4553,34.6252],[-82.4877,34.8193]]]},"properties":{"fips":"45007","name":"Anderson","state":"South Carolina"}},
{"type":"Feature","geometry":{"type":"Polygon","coordinates":[[[-103.0005,43.4769],[-102.8102,43.6874],[-102.6882,43.8558],[-104.0557,43.8532],[-104.0557,43.5036],[-104.0557,43.4778],[-103.0005,43.4769]]]},"properties":{"fips":"46033","name":"Custer","state":"South Dakota"}},
{"type":"Feature","geometry":{"type":"Polygon","coordinates":[[[-90.0575,35.4035],[-90.0754,35.3837],[-90.1759,35.1123],[-90.3087,34.9954],[-89.7237,34.9954],[-89.6447,34.9954],[-89.6339,35.376],[-90.0503,35.4078],[-90.0575,35.4035]]]},"properties":{"fips":"47157","name":"Shelby","state":"Tennessee"}},
{"type":"Feature","geometry":{"type":"Polygon","coordinates":[[[-75.1906,40.5914],[-74.943,40.3414],[-74.7491,40.4238],[-74.724,40.7194],[-74.8891,40.7881],[-75.1906,40.5914]]]},"properties":{"fips":"34019","name":"Hunterdon","state":"New Jersey"}},
{"type":"Feature","geometry":{"type":"Polygon","coordinates":[[[-79.7131,36.5417],[-79.6413,36.8562],[-80.0398,36.7943],[-80.0541,36.5426],[-80.029,36.5426],[-79.7131,36.5417]],[[-79.9034,36.6843],[-79.8388,36.7041],[-79.8316,36.6465],[-79.9034,36.6843]]]},"properties":{"fips":"51089","name":"Henry","state":"Virginia"}},
{"type":"Feature","geometry":{"type":"Polygon","coordinates":[[[-76.4361,37.095],[-76.3894,36.9893],[-76.2889,37.1173],[-76.3966,37.107],[-76.4361,37.095]]]},"properties":{"fips":"51650","name":"Hampton","state":"Virginia"}},
{"type":"Feature","geometry":{"type":"Polygon","coordinates":[[[-107.4153,47.6915],[-107.4045,48.2181],[-107.261,48.3048],[-107.1784,48.9998],[-108.2372,48.9998],[-108.2588,48.7421],[-108.4095,48.4483],[-108.4347,47.9767],[-108.8869,47.9226],[-108.8905,47.7344],[-108.6716,47.6193],[-108.3126,47.5832],[-107.9286,47.5678],[-107.9106,47.4509],[-107.6953,47.6296],[-107.4153,47.6915]]]},"properties":{"fips":"30071","name":"Phillips","state":"Montana"}},
{"type":"Feature","geometry":{"type":"Polygon","coordinates":[[[-82.6276,31.6726],[-82.52,31.7104],[-82.4302,31.9664],[-82.4841,31.969],[-82.5451,31.9587],[-82.6456,31.9191],[-82.8358,31.8161],[-82.6276,31.6726]]]},"properties":{"fips":"13161","name":"Jeff Davis","state":"Georgia"}},
{"type":"Feature","geometry":{"type":"Polygon","coordinates":[[[-111.0441,43.0191],[-111.0477,42.5139],[-111.0477,42.0019],[-111.0441,41.5801],[-110.0463,41.5784],[-110.0534,42.2708],[-110.5416,42.2777],[-110.5918,42.4486],[-110.5775,43.2355],[-111.0441,43.3154],[-111.0441,43.0191]]]},"properties":{"fips":"56023","name":"Lincoln","state":"Wyoming"}},
{"type":"Feature","geometry":{"type":"Polygon","coordinates":[[[-88.1731,32.9955],[-88.0546,32.5926],[-87.8536,32.5325],[-87.8142,32.5248],[-87.8321,32.8409],[-87.7173,33.0067],[-87.8393,33.1536],[-88.1731,32.9955]]]},"properties":{"fips":"01063","name":"Greene","state":"Alabama"}},
{"type":"Feature","geometry":{"type":"Polygon","coordinates":[[[-93.9339,34.3503],[-94.2534,34.3554],[-94.2426,34.1922],[-94.1062,34.1914],[-94.0524,33.8864],[-93.959,33.7507],[-93.8226,34.0092],[-93.9339,34.3503]]]},"properties":{"fips":"05061","name":"Howard","state":"Arkansas"}},
{"type":"Feature","geometry":{"type":"Polygon","coordinates":[[[-79.7957,38.2667],[-79.5121,38.1808],[-79.3111,38.4119],[-79.6485,38.5915],[-79.7957,38.2667]]]},"properties":{"fips":"51091","name":"Highland","state":"Virginia"}},
{"type":"Feature","geometry":{"type":"Polygon","coordinates":[[[-77.3442,37.7891],[-77.1252,37.6267],[-76.7914,37.5176],[-76.9171,37.6937],[-77.1827,37.8913],[-77.3442,37.7891]]]},"properties":{"fips":"51101","name":"King William","state":"Virginia"}},
{"type":"Feature","geometry":{"type":"Polygon","coordinates":[[[-90.9261,46.1546],[-90.9261,46.585],[-90.8364,46.9578],[-91.5506,46.756],[-91.5506,46.1572],[-90.9261,46.1546]]]},"properties":{"fips":"55007","name":"Bayfield","state":"Wisconsin"}},
{"type":"Feature","geometry":{"type":"Polygon","coordinates":[[[-90.3123,43.5542],[-90.3123,43.641],[-90.3123,43.7312],[-90.9117,43.7252],[-91.2563,43.7261],[-91.2168,43.5001],[-91.206,43.4228],[-90.6677,43.4228],[-90.6712,43.5525],[-90.3123,43.5542]]]},"properties":{"fips":"55123","name":"Vernon","state":"Wisconsin"}},
{"type":"Feature","geometry":{"type":"Polygon","coordinates":[[[-97.8283,41.526],[-97.8319,41.7425],[-97.8319,41.916],[-98.2949,41.9152],[-98.2949,41.7408],[-98.2913,41.4805],[-97.8283,41.526]]]},"properties":{"fips":"31011","name":"Boone","state":"Nebraska"}},
{"type":"Feature","geometry":{"type":"Polygon","coordinates":[[[-95.3409,40.0003],[-95.3409,39.6533],[-95.0538,39.6155],[-94.8779,39.8208],[-94.9928,39.8981],[-95.3086,40.0003],[-95.3409,40.0003]]]},"properties":{"fips":"20043","name":"Doniphan","state":"Kansas"}},
{"type":"Feature","geometry":{"type":"Polygon","coordinates":[[[-99.2066,41.0467],[-98.7472,41.0467],[-98.7436,41.3946],[-98.7507,41.3937],[-99.203,41.3937],[-99.2066,41.0467]]]},"properties":{"fips":"31163","name":"Sherman","state":"Nebraska"}},
{"type":"Feature","geometry":{"type":"Polygon","coordinates":[[[-117.6914,38.4738],[-118.1975,38.9188],[-117.8637,39.0734],[-118.7539,39.0743],[-118.9298,39.0725],[-118.9082,38.4145],[-119.1559,38.4145],[-118.4273,37.8965],[-118.3519,37.8939],[-117.6914,38.4738]]]},"properties":{"fips":"32021","name":"Mineral","state":"Nevada"}},
{"type":"Feature","geometry":{"type":"Polygon","coordinates":[[[-87.9506,36.2428],[-87.5665,36.1775],[-87.5127,36.3347],[-87.5916,36.3674],[-87.9793,36.3536],[-87.9506,36.2428]]]},"properties":{"fips":"47083","name":"Houston","state":"Tennessee"}},
{"type":"Feature","geometry":{"type":"Polygon","coordinates":[[[-96.852,28.0602],[-96.3782,28.3901],[-96.3244,28.6753],[-96.6438,28.7123],[-96.8915,28.507],[-96.7659,28.4107],[-96.6079,28.281],[-96.8233,28.1393],[-96.852,28.0602]]]},"properties":{"fips":"48057","name":"Calhoun","state":"Texas"}},
{"type":"Feature","geometry":{"type":"Polygon","coordinates":[[[-85.4632,34.2867],[-85.5134,34.5238],[-85.8436,34.1999],[-85.7396,33.9689],[-85.5314,33.9414],[-85.3986,33.9637],[-85.4201,34.0805],[-85.4632,34.2867]]]},"properties":{"fips":"01019","name":"Cherokee","state":"Alabama"}},
{"type":"Feature","geometry":{"type":"Polygon","coordinates":[[[-108.9228,46.1323],[-108.9049,45.683],[-108.8438,45.6108],[-108.6464,45.4639],[-108.0686,45.5189],[-108.047,45.8995],[-107.5122,46.0438],[-107.4655,46.1778],[-107.7383,46.4819],[-107.7814,46.4957],[-108.0291,46.2637],[-108.3198,46.2637],[-108.4059,46.1331],[-108.7792,46.1323],[-108.9228,46.1323]]]},"properties":{"fips":"30111","name":"Yellowstone","state":"Montana"}},
{"type":"Feature","geometry":{"type":"Polygon","coordinates":[[[-98.722,41.0467],[-98.722,40.6987],[-98.2841,40.6979],[-98.2841,40.8688],[-98.2877,41.0467],[-98.722,41.0467]]]},"properties":{"fips":"31079","name":"Hall","state":"Nebraska"}},
{"type":"Feature","geometry":{"type":"Polygon","coordinates":[[[-99.6875,42.0861],[-99.6624,42.0861],[-99.6768,42.7313],[-100.1972,42.8464],[-100.1685,42.0861],[-99.6875,42.0861]]]},"properties":{"fips":"31017","name":"Brown","state":"Nebraska"}},
{"type":"Feature","geometry":{"type":"Polygon","coordinates":[[[-106.4103,34.87],[-107.0241,34.87],[-107.0671,34.9568],[-107.2035,34.9576],[-107.2035,34.5788],[-106.8841,34.5797],[-106.4175,34.4396],[-106.4713,34.5212],[-106.4103,34.87]]]},"properties":{"fips":"35061","name":"Valencia","state":"New Mexico"}},
{"type":"Feature","geometry":{"type":"Polygon","coordinates":[[[-105.2904,35.0418],[-105.2904,35.2162],[-104.1239,35.2154],[-104.1239,35.1423],[-103.6358,35.3897],[-103.7219,35.4224],[-103.9768,35.8021],[-104.3716,35.7789],[-105.0069,35.7712],[-105.3479,35.8708],[-105.7247,35.8708],[-105.714,35.0418],[-105.2904,35.0418]]]},"properties":{"fips":"35047","name":"San Miguel","state":"New Mexico"}},
{"type":"Feature","geometry":{"type":"Polygon","coordinates":[[[-80.4956,36.0469],[-80.3951,35.973],[-80.0433,36.0108],[-80.0362,36.2574],[-80.4525,36.2617],[-80.4525,36.2411],[-80.4956,36.0469]]]},"properties":{"fips":"37067","name":"Forsyth","state":"North Carolina"}},
{"type":"Feature","geometry":{"type":"Polygon","coordinates":[[[-77.8072,35.3691],[-77.8216,35.5856],[-78.0656,35.5856],[-78.1518,35.3511],[-78.3061,35.2875],[-78.1626,35.1896],[-77.8359,35.1776],[-77.8072,35.3691]]]},"properties":{"fips":"37191","name":"Wayne","state":"North Carolina"}},
{"type":"Feature","geometry":{"type":"Polygon","coordinates":[[[-78.9019,34.8357],[-78.805,34.6896],[-78.8696,34.4852],[-78.4461,34.3778],[-78.2559,34.3992],[-78.2559,34.5539],[-78.4964,34.8563],[-78.9019,34.8357]]]},"properties":{"fips":"37017","name":"Bladen","state":"North Carolina"}},
{"type":"Feature","geometry":{"type":"Polygon","coordinates":[[[-110.2724,46.7104],[-110.4662,46.6786],[-110.6528,46.8238],[-110.9113,46.9802],[-111.5394,47.0008],[-111.6578,46.9132],[-111.4963,46.7628],[-111.3312,46.536],[-111.062,46.4089],[-111.062,46.1924],[-110.7821,46.1924],[-110.2831,46.1847],[-110.2831,46.2208],[-110.2724,46.7104]]]},"properties":{"fips":"30059","name":"Meagher","state":"Montana"}},
{"type":"Feature","geometry":{"type":"Polygon","coordinates":[[[-84.1997,37.5228],[-84.3469,37.5391],[-84.4474,37.4859],[-84.5012,37.3286],[-84.2895,37.1517],[-84.1387,37.3201],[-84.1997,37.5228]]]},"properties":{"fips":"21203","name":"Rockcastle","state":"Kentucky"}},
{"type":"Feature","geometry":{"type":"Polygon","coordinates":[[[-81.8703,34.1355],[-81.9457,34.2034],[-82.2472,34.4096],[-82.3261,34.0642],[-82.0462,33.9534],[-82.0067,33.962],[-81.8703,34.1355]]]},"properties":{"fips":"45047","name":"Greenwood","state":"South Carolina"}},
{"type":"Feature","geometry":{"type":"Polygon","coordinates":[[[-86.6548,37.8424],[-86.8163,37.9987],[-86.9779,37.93],[-86.8235,37.7376],[-86.6405,37.662],[-86.6548,37.8424]]]},"properties":{"fips":"21091","name":"Hancock","state":"Kentucky"}},
{"type":"Feature","geometry":{"type":"Polygon","coordinates":[[[-85.0755,37.4137],[-85.1653,37.3106],[-85.0432,37.186],[-84.8997,37.1165],[-84.7202,37.2384],[-84.8458,37.5486],[-85.0396,37.5451],[-85.0755,37.4137]]]},"properties":{"fips":"21045","name":"Casey","state":"Kentucky"}},
{"type":"Feature","geometry":{"type":"Polygon","coordinates":[[[-84.7094,37.8621],[-84.7166,37.8157],[-84.5264,37.7693],[-84.4366,37.8475],[-84.6592,38.0039],[-84.7094,37.8621]]]},"properties":{"fips":"21113","name":"Jessamine","state":"Kentucky"}},
{"type":"Feature","geometry":{"type":"Polygon","coordinates":[[[-82.2149,35.1965],[-81.9708,35.187],[-82.1287,35.3966],[-82.2615,35.3932],[-82.3548,35.1922],[-82.2149,35.1965]]]},"properties":{"fips":"37149","name":"Polk","state":"North Carolina"}},
{"type":"Feature","geometry":{"type":"Polygon","coordinates":[[[-82.222,36.1569],[-82.4159,36.0727],[-82.1323,35.8236],[-81.9816,35.9112],[-82.0821,36.1053],[-82.222,36.1569]]]},"properties":{"fips":"37121","name":"Mitchell","state":"North Carolina"}},
{"type":"Feature","geometry":{"type":"Polygon","coordinates":[[[-76.3141,36.5503],[-75.9587,36.2557],[-75.7936,36.2273],[-75.7721,36.2316],[-75.8654,36.5503],[-76.1238,36.5503],[-76.3141,36.5503]]]},"properties":{"fips":"37053","name":"Currituck","state":"North Carolina"}},
{"type":"Feature","geometry":{"type":"Polygon","coordinates":[[[-80.5817,37.0898],[-80.5423,36.985],[-80.1797,37.113],[-80.2623,37.3415],[-80.431,37.3166],[-80.6069,37.2445],[-80.5315,37.1336],[-80.5817,37.0898]]]},"properties":{"fips":"51121","name":"Montgomery","state":"Virginia"}},
{"type":"Feature","geometry":{"type":"Polygon","coordinates":[[[-77.5954,37.5554],[-77.4196,37.4472],[-77.4375,37.5984],[-77.5954,37.5554]]]},"properties":{"fips":"51760","name":"Richmond","state":"Virginia"}},
{"type":"Feature","geometry":{"type":"Polygon","coordinates":[[[-119.3676,46.7379],[-119.4538,46.6795],[-119.2707,46.5189],[-119.2671,46.2843],[-119.041,46.1924],[-118.7682,46.2981],[-118.4703,46.597],[-118.2298,46.5936],[-118.2155,46.5893],[-118.2119,46.7388],[-119.3676,46.7379]]]},"properties":{"fips":"53021","name":"Franklin","state":"Washington"}},
{"type":"Feature","geometry":{"type":"Polygon","coordinates":[[[-66.3143,18.2489],[-66.2676,18.2455],[-66.2066,18.2764],[-66.203,18.3159],[-66.2784,18.3297],[-66.3143,18.2489]]]},"properties":{"fips":"72105","name":"Naranjito","state":"Puerto Rico"}},
{"type":"Feature","geometry":{"type":"Polygon","coordinates":[[[-97.5627,34.2893],[-98.1406,34.2901],[-98.1406,34.1415],[-97.979,33.8898],[-97.5627,33.8976],[-97.5591,34.0711],[-97.5627,34.2893]]]},"properties":{"fips":"40067","name":"Jefferson","state":"Oklahoma"}},
{"type":"Feature","geometry":{"type":"Polygon","coordinates":[[[-81.9852,36.5082],[-81.9313,36.2651],[-81.917,36.2875],[-81.7303,36.3905],[-81.6765,36.5881],[-81.6478,36.6122],[-81.8272,36.6139],[-81.9852,36.5082]]]},"properties":{"fips":"47091","name":"Johnson","state":"Tennessee"}},
{"type":"Feature","geometry":{"type":"Polygon","coordinates":[[[-85.0181,35.4095],[-84.9463,35.2875],[-84.8602,35.3502],[-84.6197,35.6449],[-84.7238,35.7531],[-84.7956,35.553],[-85.0181,35.4095]]]},"properties":{"fips":"47121","name":"Meigs","state":"Tennessee"}},
{"type":"Feature","geometry":{"type":"Polygon","coordinates":[[[-98.8082,43.9348],[-98.9266,43.9348],[-99.3573,43.934],[-99.4076,43.7054],[-99.2963,43.5001],[-98.7938,43.4993],[-98.8082,43.9348]]]},"properties":{"fips":"46015","name":"Brule","state":"South Dakota"}},
{"type":"Feature","geometry":{"type":"Polygon","coordinates":[[[-96.8951,32.0738],[-96.3818,32.3289],[-96.4536,32.359],[-96.529,32.5454],[-97.0387,32.5488],[-97.0853,32.5497],[-97.0853,32.2653],[-96.8951,32.0738]]]},"properties":{"fips":"48139","name":"Ellis","state":"Texas"}},
{"type":"Feature","geometry":{"type":"Polygon","coordinates":[[[-97.979,33.4672],[-97.979,33.8898],[-98.1406,34.1415],[-98.4241,34.084],[-98.4241,33.8357],[-98.4205,33.4672],[-97.979,33.4672]]]},"properties":{"fips":"48077","name":"Clay","state":"Texas"}},
{"type":"Feature","geometry":{"type":"Polygon","coordinates":[[[-78.8696,37.5417],[-79.1711,37.8028],[-79.4368,37.6173],[-79.1855,37.4661],[-79.085,37.3948],[-79.0204,37.4292],[-78.8696,37.5417]]]},"properties":{"fips":"51009","name":"Amherst","state":"Virginia"}},
{"type":"Feature","geometry":{"type":"Polygon","coordinates":[[[-106.7118,37.4042],[-106.6939,37.8355],[-106.9989,37.9558],[-107.1389,37.9386],[-107.1282,37.4231],[-106.7118,37.4042]]]},"properties":{"fips":"08079","name":"Mineral","state":"Colorado"}},
{"type":"Feature","geometry":{"type":"Polygon","coordinates":[[[-82.4338,32.7619],[-82.6492,32.5128],[-82.4087,32.3538],[-82.2328,32.3186],[-82.0318,32.5385],[-81.9995,32.6073],[-82.1467,32.8126],[-82.3154,32.8358],[-82.4338,32.7619]]]},"properties":{"fips":"13107","name":"Emanuel","state":"Georgia"}},
{"type":"Feature","geometry":{"type":"Polygon","coordinates":[[[-89.6016,40.3199],[-89.9247,40.4359],[-90.201,40.1842],[-90.3554,40.124],[-89.9965,40.1086],[-89.6016,40.1223],[-89.6016,40.3199]]]},"properties":{"fips":"17125","name":"Mason","state":"Illinois"}},
{"type":"Feature","geometry":{"type":"Polygon","coordinates":[[[-93.2304,42.209],[-93.4637,42.209],[-93.697,42.209],[-93.697,41.8636],[-93.3489,41.8628],[-93.2304,41.8628],[-93.2304,42.209]]]},"properties":{"fips":"19169","name":"Story","state":"Iowa"}},
{"type":"Feature","geometry":{"type":"Polygon","coordinates":[[[-95.8614,42.5603],[-95.8578,42.9091],[-96.5361,42.9091],[-96.6295,42.7055],[-96.5003,42.5612],[-95.8614,42.5603]]]},"properties":{"fips":"19149","name":"Plymouth","state":"Iowa"}},
{"type":"Feature","geometry":{"type":"Polygon","coordinates":[[[-97.8068,37.7341],[-97.8068,37.4738],[-97.1535,37.4755],[-97.1535,37.9128],[-97.7027,37.9111],[-97.8068,37.7341]]]},"properties":{"fips":"20173","name":"Sedgwick","state":"Kansas"}},
{"type":"Feature","geometry":{"type":"Polygon","coordinates":[[[-84.8709,38.3569],[-85.0755,38.5966],[-85.1689,38.5854],[-85.3124,38.4927],[-85.2837,38.3578],[-84.9966,38.3355],[-84.8709,38.3569]]]},"properties":{"fips":"21103","name":"Henry","state":"Kentucky"}},
{"type":"Feature","geometry":{"type":"Polygon","coordinates":[[[-90.2585,30.1632],[-90.5384,30.0137],[-90.5313,29.8849],[-90.2298,29.6916],[-90.2585,30.1632]]]},"properties":{"fips":"22089","name":"St. Charles","state":"Louisiana"}},
{"type":"Feature","geometry":{"type":"Polygon","coordinates":[[[-88.0977,34.8923],[-88.1408,34.5814],[-87.5306,34.5668],[-87.4265,34.8004],[-87.807,34.7317],[-88.0977,34.8923]]]},"properties":{"fips":"01033","name":"Colbert","state":"Alabama"}},
{"type":"Feature","geometry":{"type":"Polygon","coordinates":[[[-110.4518,31.731],[-110.4518,32.4277],[-110.4518,32.5136],[-112.2034,32.5067],[-113.334,32.505],[-113.334,32.0386],[-111.3671,31.426],[-111.1625,31.5214],[-111.1625,31.7259],[-110.4518,31.731]]]},"properties":{"fips":"04019","name":"Pima","state":"Arizona"}},
{"type":"Feature","geometry":{"type":"Polygon","coordinates":[[[-109.0484,33.2086],[-109.0484,33.7781],[-109.3463,33.7773],[-109.4971,33.6527],[-109.4971,33.078],[-109.2135,32.6803],[-109.113,32.426],[-109.0484,32.426],[-109.0484,32.7782],[-109.0484,33.2086]]]},"properties":{"fips":"04011","name":"Greenlee","state":"Arizona"}},
{"type":"Feature","geometry":{"type":"Polygon","coordinates":[[[-91.0409,35.3545],[-91.346,35.4387],[-91.4645,35.0891],[-91.3676,34.913],[-91.1486,35.0023],[-91.0409,35.1483],[-91.0409,35.3545]]]},"properties":{"fips":"05147","name":"Woodruff","state":"Arkansas"}},
{"type":"Feature","geometry":{"type":"Polygon","coordinates":[[[-80.8868,26.9589],[-80.8796,26.3335],[-80.0756,26.3207],[-80.0326,26.7966],[-80.0792,26.9701],[-80.8868,26.9589]]]},"properties":{"fips":"12099","name":"Palm Beach","state":"Florida"}},
{"type":"Feature","geometry":{"type":"Polygon","coordinates":[[[-81.7303,31.3298],[-81.7662,31.1692],[-81.4432,31.0163],[-81.2709,31.2946],[-81.6226,31.4527],[-81.7303,31.3298]]]},"properties":{"fips":"13127","name":"Glynn","state":"Georgia"}},
{"type":"Feature","geometry":{"type":"Polygon","coordinates":[[[-93.0976,40.5836],[-92.7136,40.5896],[-92.6382,40.5905],[-92.6382,40.8989],[-93.0976,40.898],[-93.0976,40.5836]]]},"properties":{"fips":"19007","name":"Appanoose","state":"Iowa"}},
{"type":"Feature","geometry":{"type":"Polygon","coordinates":[[[-91.1307,42.2957],[-90.8974,42.2949],[-90.4738,42.3816],[-90.6425,42.5088],[-90.8974,42.6754],[-91.1343,42.6462],[-91.1307,42.2957]]]},"properties":{"fips":"19061","name":"Dubuque","state":"Iowa"}},
{"type":"Feature","geometry":{"type":"Polygon","coordinates":[[[-85.4381,36.6182],[-85.2945,36.6259],[-85.2155,36.8544],[-85.2335,36.9249],[-85.4524,36.9378],[-85.596,36.8184],[-85.4381,36.6182]]]},"properties":{"fips":"21057","name":"Cumberland","state":"Kentucky"}},
{"type":"Feature","geometry":{"type":"Polygon","coordinates":[[[-91.9706,29.8333],[-91.8593,29.7363],[-91.626,29.945],[-91.4717,29.9562],[-91.2563,29.9717],[-91.224,30.0249],[-91.3676,30.0584],[-91.6009,30.0335],[-91.705,30.1211],[-91.9526,30.073],[-91.9634,30.0369],[-91.9706,29.8333]]]},"properties":{"fips":"22045","name":"Iberia","state":"Louisiana"}},
{"type":"Feature","geometry":{"type":"Polygon","coordinates":[[[-87.9111,38.57],[-87.6526,38.5683],[-87.5342,38.8526],[-87.9075,38.85],[-87.9111,38.57]]]},"properties":{"fips":"17101","name":"Lawrence","state":"Illinois"}},
{"type":"Feature","geometry":{"type":"Polygon","coordinates":[[[-76.673,38.4995],[-76.8489,38.3552],[-76.7986,38.2367],[-76.472,38.3243],[-76.673,38.4995]]]},"properties":{"fips":"24037","name":"St. Mary's","state":"Maryland"}},
{"type":"Feature","geometry":{"type":"Polygon","coordinates":[[[-91.2994,30.6495],[-91.1414,30.323],[-91.0194,30.3213],[-90.8902,30.3453],[-90.9907,30.4622],[-90.9117,30.6495],[-90.8507,30.719],[-91.2994,30.6495]]]},"properties":{"fips":"22033","name":"East Baton Rouge","state":"Louisiana"}},
{"type":"Feature","geometry":{"type":"Polygon","coordinates":[[[-92.972,31.7087],[-92.7207,31.518],[-92.6597,31.3882],[-92.1967,31.4776],[-92.3654,31.6485],[-92.3618,31.7963],[-92.6202,31.7095],[-92.972,31.7087]]]},"properties":{"fips":"22043","name":"Grant","state":"Louisiana"}},
{"type":"Feature","geometry":{"type":"Polygon","coordinates":[[[-86.0375,43.8154],[-86.4323,43.8197],[-86.54,43.6178],[-86.461,43.4726],[-86.0411,43.4675],[-86.0375,43.8154]]]},"properties":{"fips":"26127","name":"Oceana","state":"Michigan"}},
{"type":"Feature","geometry":{"type":"Polygon","coordinates":[[[-96.066,40.5235],[-95.7106,40.5235],[-95.7645,40.5853],[-95.8326,40.7838],[-96.4644,40.7838],[-96.4644,40.5226],[-96.066,40.5235]]]},"properties":{"fips":"31131","name":"Otoe","state":"Nebraska"}},
{"type":"Feature","geometry":{"type":"Polygon","coordinates":[[[-88.5895,42.154],[-88.2377,42.154],[-88.1982,42.154],[-88.1982,42.4959],[-88.3059,42.495],[-88.7079,42.4933],[-88.7043,42.154],[-88.5895,42.154]]]},"properties":{"fips":"17111","name":"McHenry","state":"Illinois"}},
{"type":"Feature","geometry":{"type":"Polygon","coordinates":[[[-99.0666,39.5682],[-99.0451,39.5682],[-98.5067,39.5674],[-98.5031,40.002],[-98.7256,40.002],[-99.0666,40.002],[-99.0666,39.5682]]]},"properties":{"fips":"20183","name":"Smith","state":"Kansas"}},
{"type":"Feature","geometry":{"type":"Polygon","coordinates":[[[-88.6002,41.7193],[-88.2628,41.7245],[-88.2628,41.9865],[-88.2377,42.154],[-88.5895,42.154],[-88.6002,41.7193]]]},"properties":{"fips":"17089","name":"Kane","state":"Illinois"}},
{"type":"Feature","geometry":{"type":"Polygon","coordinates":[[[-106.3421,33.0531],[-106.378,32.9577],[-106.378,32.0008],[-105.9975,32.0025],[-104.9172,32.0008],[-104.849,32.0008],[-104.8525,32.5205],[-105.355,32.5188],[-105.3156,33.1321],[-105.3192,33.3057],[-105.7247,33.3048],[-105.7283,33.3907],[-106.3457,33.3907],[-106.3421,33.0531]]]},"properties":{"fips":"35035","name":"Otero","state":"New Mexico"}},
{"type":"Feature","geometry":{"type":"Polygon","coordinates":[[[-86.4897,38.046],[-86.461,38.1216],[-86.6799,38.2633],[-86.7912,38.2049],[-86.8163,37.9987],[-86.6548,37.8424],[-86.4897,38.046]]]},"properties":{"fips":"18123","name":"Perry","state":"Indiana"}},
{"type":"Feature","geometry":{"type":"Polygon","coordinates":[[[-87.2399,38.9076],[-87.527,38.9076],[-87.5342,38.8526],[-87.6526,38.5683],[-87.746,38.4145],[-87.4624,38.5339],[-87.2435,38.5451],[-87.2794,38.6911],[-87.0999,38.9042],[-87.2399,38.9076]]]},"properties":{"fips":"18083","name":"Knox","state":"Indiana"}},
{"type":"Feature","geometry":{"type":"Polygon","coordinates":[[[-80.5207,41.9779],[-80.5207,41.8499],[-79.6126,41.8499],[-79.6126,41.9994],[-79.7634,42.0002],[-79.7634,42.27],[-80.5207,41.9779]]]},"properties":{"fips":"42049","name":"Erie","state":"Pennsylvania"}},
{"type":"Feature","geometry":{"type":"Polygon","coordinates":[[[-80.4023,32.8581],[-80.4525,32.7395],[-80.2766,32.517],[-79.3614,33.0067],[-79.2896,33.1098],[-79.4475,33.2137],[-79.6449,33.1201],[-79.8962,32.859],[-80.151,33.0213],[-80.1582,32.8186],[-80.4023,32.8581]]]},"properties":{"fips":"45019","name":"Charleston","state":"South Carolina"}},
{"type":"Feature","geometry":{"type":"Polygon","coordinates":[[[-80.8976,34.821],[-80.8832,34.9662],[-80.8832,34.9671],[-80.9048,35.0762],[-81.0412,35.1492],[-81.3283,35.1638],[-81.3678,35.1647],[-81.4898,35.0272],[-81.4575,34.8391],[-81.4791,34.8219],[-80.8976,34.821]]]},"properties":{"fips":"45091","name":"York","state":"South Carolina"}},
{"type":"Feature","geometry":{"type":"Polygon","coordinates":[[[-81.2816,32.5566],[-81.1453,32.2267],[-80.8868,32.0343],[-80.8796,32.0798],[-80.9945,32.1966],[-80.8402,32.3848],[-80.8689,32.6605],[-81.016,32.7533],[-81.2816,32.5566]]]},"properties":{"fips":"45053","name":"Jasper","state":"South Carolina"}},
{"type":"Feature","geometry":{"type":"Polygon","coordinates":[[[-74.3687,41.5913],[-74.7563,41.4246],[-74.6953,41.3576],[-74.3687,41.2039],[-74.2359,41.1429],[-73.981,41.325],[-73.981,41.4392],[-73.9523,41.5896],[-74.3687,41.5913]]]},"properties":{"fips":"36071","name":"Orange","state":"New York"}},
{"type":"Feature","geometry":{"type":"Polygon","coordinates":[[[-72.4592,42.727],[-72.5561,42.8515],[-72.452,43.1617],[-72.434,43.233],[-72.8181,43.2553],[-72.9294,42.739],[-72.4592,42.727]]]},"properties":{"fips":"50025","name":"Windham","state":"Vermont"}},
{"type":"Feature","geometry":{"type":"Polygon","coordinates":[[[-108.2157,31.8642],[-108.5244,31.8633],[-108.5387,32.5162],[-108.8546,32.603],[-108.8546,32.7773],[-109.0484,32.7782],[-109.0484,32.426],[-109.0484,31.3324],[-108.2085,31.3333],[-108.2085,31.7834],[-108.2157,31.8642]]]},"properties":{"fips":"35023","name":"Hidalgo","state":"New Mexico"}},
{"type":"Feature","geometry":{"type":"Polygon","coordinates":[[[-107.0671,34.9568],[-107.1964,35.2197],[-107.3076,35.3056],[-108.467,35.3064],[-108.4706,34.9594],[-109.0448,34.9602],[-109.0448,34.5797],[-107.724,34.5779],[-107.2035,34.5788],[-107.2035,34.9576],[-107.0671,34.9568]]]},"properties":{"fips":"35006","name":"Cibola","state":"New Mexico"}},
{"type":"Feature","geometry":{"type":"Polygon","coordinates":[[[-81.3606,37.3381],[-81.2242,37.235],[-80.9801,37.2926],[-80.8581,37.4292],[-81.095,37.5889],[-81.2206,37.5108],[-81.3104,37.4249],[-81.3606,37.3381]]]},"properties":{"fips":"54055","name":"Mercer","state":"West Virginia"}},
{"type":"Feature","geometry":{"type":"Polygon","coordinates":[[[-80.5207,39.9625],[-80.5207,40.0166],[-80.7325,40.033],[-80.8222,39.85],[-80.833,39.7211],[-80.5207,39.7211],[-80.5207,39.9625]]]},"properties":{"fips":"54051","name":"Marshall","state":"West Virginia"}},
{"type":"Feature","geometry":{"type":"Polygon","coordinates":[[[-86.4072,32.0506],[-86.1918,31.9664],[-85.998,32.0514],[-85.919,32.2748],[-86.0231,32.42],[-86.2636,32.5016],[-86.4108,32.4097],[-86.4969,32.3444],[-86.4072,32.0506]]]},"properties":{"fips":"01101","name":"Montgomery","state":"Alabama"}},
{"type":"Feature","geometry":{"type":"Polygon","coordinates":[[[-86.0662,33.8426],[-85.7396,33.9689],[-85.8436,34.1999],[-86.1057,34.2008],[-86.3031,34.0994],[-86.3246,33.9405],[-86.0662,33.8426]]]},"properties":{"fips":"01055","name":"Etowah","state":"Alabama"}},
{"type":"Feature","geometry":{"type":"Polygon","coordinates":[[[-87.5306,34.3048],[-87.5306,34.5668],[-88.1408,34.5814],[-88.1551,34.4628],[-88.1731,34.3211],[-87.6347,34.3073],[-87.5306,34.3048]]]},"properties":{"fips":"01059","name":"Franklin","state":"Alabama"}},
{"type":"Feature","geometry":{"type":"MultiPolygon","coordinates":[[[[-165.1276,60.921],[-164.966,60.7243],[-165.2675,60.5791],[-165.1311,60.4339],[-164.7004,60.2965],[-164.1908,60.0241],[-164.1154,59.8369],[-163.6631,59.7956],[-163.0852,59.8609],[-162.5038,59.9992],[-162.1018,59.9442],[-161.7034,59.4907],[-162.0551,59.2707],[-161.7823,58.9692],[-161.8721,58.6376],[-161.6818,58.5646],[-161.3409,58.739],[-161.0717,58.8258],[-161.0358,58.8386],[-160.6445,59.2596],[-159.8441,59.9528],[-159.7831,60.2131],[-159.3667,60.4726],[-159.3667,60.6461],[-159.015,60.7329],[-158.9432,60.9064],[-156,60.9064],[-153.4408,60.9064],[-153.4839,61.4261],[-152.9993,61.4261],[-152.9993,62.2929],[-153.0711,62.2062],[-153.7603,62.0326],[-157.0624,62.0326],[-157.0624,62.1194],[-158.5304,62.1194],[-158.5304,62.0326],[-159.2662,62.0326],[-159.2662,61.9459],[-160.5333,61.9459],[-160.3502,61.8187],[-161.1255,61.5997],[-162.0121,61.4768],[-162.5074,61.5567],[-163.6559,61.3359],[-164.0185,61.1925],[-164.241,60.9871],[-165.1276,60.921]]],[[[-167.4427,60.2097],[-167.1304,59.9958],[-166.19,59.7501],[-166.0249,59.8618],[-165.5834,59.9082],[-165.7234,60.2363],[-165.8813,60.3437],[-166.4915,60.3892],[-166.8432,60.2106],[-167.4427,60.2097]]]]},"properties":{"fips":"02050","name":"Bethel","state":"Alaska"}},
{"type":"Feature","geometry":{"type":"Polygon","coordinates":[[[-104.0557,44.141],[-104.0557,43.8532],[-102.6882,43.8558],[-102.8102,43.6874],[-102.139,43.7011],[-102.0062,43.9949],[-102.0026,44.5112],[-102.3077,44.4339],[-102.3867,44.1401],[-103.4527,44.141],[-104.0557,44.141]]]},"properties":{"fips":"46103","name":"Pennington","state":"South Dakota"}},
{"type":"Feature","geometry":{"type":"Polygon","coordinates":[[[-97.9826,45.153],[-97.9826,45.2406],[-98.7184,45.244],[-98.7149,44.897],[-98.7041,44.6341],[-97.979,44.6315],[-97.9826,45.153]]]},"properties":{"fips":"46115","name":"Spink","state":"South Dakota"}},
{"type":"Feature","geometry":{"type":"Polygon","coordinates":[[[-96.5003,42.5612],[-96.6295,42.7055],[-96.5361,42.9091],[-96.4536,43.0835],[-96.8053,43.0835],[-96.8053,42.7038],[-96.6331,42.5242],[-96.4464,42.4907],[-96.5003,42.5612]]]},"properties":{"fips":"46127","name":"Union","state":"South Dakota"}},
{"type":"Feature","geometry":{"type":"Polygon","coordinates":[[[-80.8796,32.0798],[-80.4561,32.3263],[-80.4776,32.4853],[-80.6679,32.6674],[-80.8258,32.7043],[-80.8689,32.6605],[-80.8402,32.3848],[-80.9945,32.1966],[-80.8796,32.0798]]]},"properties":{"fips":"45013","name":"Beaufort","state":"South Carolina"}},
{"type":"Feature","geometry":{"type":"Polygon","coordinates":[[[-83.3096,35.8957],[-83.2558,35.7153],[-82.9614,35.7918],[-82.8968,35.9447],[-83.166,36.1809],[-83.2342,36.0847],[-83.3096,35.8957]]]},"properties":{"fips":"47029","name":"Cocke","state":"Tennessee"}},
{"type":"Feature","geometry":{"type":"Polygon","coordinates":[[[-75.1906,40.5914],[-75.1978,40.6085],[-75.3342,40.5372],[-75.4849,40.4187],[-75.0147,40.1378],[-74.9753,40.0493],[-74.724,40.1507],[-74.943,40.3414],[-75.1906,40.5914]]]},"properties":{"fips":"42017","name":"Bucks","state":"Pennsylvania"}},
{"type":"Feature","geometry":{"type":"Polygon","coordinates":[[[-98.076,43.1685],[-98.1513,42.8387],[-97.6345,42.8515],[-97.6381,43.1685],[-98.076,43.1685]]]},"properties":{"fips":"46009","name":"Bon Homme","state":"South Dakota"}},
{"type":"Feature","geometry":{"type":"Polygon","coordinates":[[[-87.5665,36.1775],[-87.5342,35.9928],[-87.204,35.9593],[-87.1824,36.0495],[-87.1537,36.3055],[-87.2865,36.3218],[-87.5127,36.3347],[-87.5665,36.1775]]]},"properties":{"fips":"47043","name":"Dickson","state":"Tennessee"}},
{"type":"Feature","geometry":{"type":"Polygon","coordinates":[[[-95.786,36.9996],[-95.8111,36.5976],[-95.4306,36.5976],[-95.4091,36.9996],[-95.524,36.9996],[-95.786,36.9996]]]},"properties":{"fips":"40105","name":"Nowata","state":"Oklahoma"}},
{"type":"Feature","geometry":{"type":"Polygon","coordinates":[[[-96.0767,32.8383],[-96.2957,32.8418],[-96.5182,32.8134],[-96.529,32.5454],[-96.4536,32.359],[-96.0767,32.3573],[-96.0767,32.8383]]]},"properties":{"fips":"48257","name":"Kaufman","state":"Texas"}},
{"type":"Feature","geometry":{"type":"Polygon","coordinates":[[[-100.0501,33.8357],[-99.9962,33.8357],[-99.6947,33.8271],[-99.4758,33.7335],[-99.4758,33.834],[-99.4758,34.0857],[-99.7737,34.0934],[-99.9962,34.224],[-100.0501,33.8357]]]},"properties":{"fips":"48155","name":"Foard","state":"Texas"}},
{"type":"Feature","geometry":{"type":"Polygon","coordinates":[[[-67.1003,18.1063],[-67.086,18.1501],[-67.1614,18.1536],[-67.1003,18.1063]]]},"properties":{"fips":"72067","name":"Hormigueros","state":"Puerto Rico"}},
{"type":"Feature","geometry":{"type":"Polygon","coordinates":[[[-70.0041,44.1247],[-70.0328,43.976],[-69.8856,43.7767],[-69.699,43.8249],[-69.7564,44.1393],[-70.0041,44.1247]]]},"properties":{"fips":"23023","name":"Sagadahoc","state":"Maine"}},
{"type":"Feature","geometry":{"type":"Polygon","coordinates":[[[-96.2957,33.3521],[-96.3854,33.3976],[-96.8341,33.4053],[-96.8448,32.9878],[-96.5182,32.9827],[-96.2957,32.9818],[-96.2957,33.3521]]]},"properties":{"fips":"48085","name":"Collin","state":"Texas"}},
{"type":"Feature","geometry":{"type":"Polygon","coordinates":[[[-98.2088,31.9174],[-98.3272,31.9415],[-98.5497,32.261],[-98.923,32.0781],[-98.6682,31.7009],[-98.4636,31.6838],[-98.2088,31.9174]]]},"properties":{"fips":"48093","name":"Comanche","state":"Texas"}},
{"type":"Feature","geometry":{"type":"Polygon","coordinates":[[[-100.1147,31.0876],[-99.605,31.0876],[-99.6014,31.4922],[-99.7234,31.5764],[-100.1111,31.5807],[-100.1147,31.0876]]]},"properties":{"fips":"48095","name":"Concho","state":"Texas"}},
{"type":"Feature","geometry":{"type":"Polygon","coordinates":[[[-102.3185,31.6511],[-102.7672,31.652],[-102.7672,31.2937],[-102.5016,31.2534],[-102.3903,31.0876],[-102.3006,31.0859],[-102.3185,31.6511]]]},"properties":{"fips":"48103","name":"Crane","state":"Texas"}},
{"type":"Feature","geometry":{"type":"Polygon","coordinates":[[[-104.849,32.0008],[-104.0234,31.9999],[-103.9803,31.9999],[-103.7219,31.9999],[-103.7219,32.5222],[-103.8152,32.5222],[-103.8152,32.9655],[-104.8418,32.9629],[-104.8525,32.5205],[-104.849,32.0008]]]},"properties":{"fips":"35015","name":"Eddy","state":"New Mexico"}},
{"type":"Feature","geometry":{"type":"Polygon","coordinates":[[[-91.5291,37.7891],[-91.5327,38.1525],[-91.6296,38.1533],[-91.6332,38.0511],[-92.0208,38.0107],[-92.028,37.6027],[-91.809,37.5992],[-91.8055,37.7917],[-91.5291,37.7891]]]},"properties":{"fips":"29161","name":"Phelps","state":"Missouri"}},
{"type":"Feature","geometry":{"type":"Polygon","coordinates":[[[-93.2986,35.327],[-93.435,35.4275],[-93.7114,35.3751],[-94.0272,35.2136],[-94.1421,35.0994],[-94.0739,35.0264],[-93.7042,35.0195],[-93.7078,35.1346],[-93.2771,35.3176],[-93.2986,35.327]]]},"properties":{"fips":"05083","name":"Logan","state":"Arkansas"}},
{"type":"Feature","geometry":{"type":"Polygon","coordinates":[[[-94.2103,39.4548],[-94.2139,39.2074],[-94.1062,39.1438],[-93.758,39.2074],[-93.758,39.5244],[-94.2067,39.527],[-94.2103,39.4548]]]},"properties":{"fips":"29177","name":"Ray","state":"Missouri"}},
{"type":"Feature","geometry":{"type":"Polygon","coordinates":[[[-118.3591,36.7445],[-118.0576,36.1586],[-118.0073,35.7892],[-117.634,35.7969],[-115.7353,35.7935],[-115.6491,35.8098],[-115.8466,35.9645],[-117.1674,36.9713],[-117.8314,37.4652],[-118.7754,37.4627],[-118.6462,37.1396],[-118.438,37.0546],[-118.3591,36.7445]]]},"properties":{"fips":"06027","name":"Inyo","state":"California"}},
{"type":"Feature","geometry":{"type":"Polygon","coordinates":[[[-79.2142,41.0501],[-79.6198,40.9891],[-79.6916,41.1704],[-79.6916,40.6695],[-79.4511,40.5304],[-79.2142,40.776],[-79.2142,40.9109],[-79.2142,41.0501]]]},"properties":{"fips":"42005","name":"Armstrong","state":"Pennsylvania"}},
{"type":"Feature","geometry":{"type":"Polygon","coordinates":[[[-80.9586,35.547],[-81.5365,35.5684],[-81.5365,35.5641],[-81.4539,35.4198],[-80.955,35.4001],[-80.9478,35.4911],[-80.9586,35.547]]]},"properties":{"fips":"37109","name":"Lincoln","state":"North Carolina"}},
{"type":"Feature","geometry":{"type":"Polygon","coordinates":[[[-82.7461,35.4232],[-82.8825,35.6784],[-82.9614,35.7918],[-83.2558,35.7153],[-83.2558,35.6964],[-83.1876,35.5143],[-82.922,35.2918],[-82.7461,35.4232]]]},"properties":{"fips":"37087","name":"Haywood","state":"North Carolina"}},
{"type":"Feature","geometry":{"type":"Polygon","coordinates":[[[-83.3886,36.4129],[-83.6685,36.3442],[-83.7331,36.1646],[-83.6685,36.0804],[-83.4675,36.1749],[-83.2558,36.2892],[-83.2809,36.3948],[-83.3886,36.4129]]]},"properties":{"fips":"47057","name":"Grainger","state":"Tennessee"}},
{"type":"Feature","geometry":{"type":"Polygon","coordinates":[[[-78.4174,41.6025],[-78.421,41.4049],[-78.2379,41.2305],[-78.0944,41.2167],[-77.9903,41.4745],[-78.202,41.6179],[-78.4174,41.6025]]]},"properties":{"fips":"42023","name":"Cameron","state":"Pennsylvania"}},
{"type":"Feature","geometry":{"type":"Polygon","coordinates":[[[-97.1607,43.0835],[-97.1607,42.8],[-97.0171,42.7613],[-96.8053,42.7038],[-96.8053,43.0835],[-96.9238,43.0835],[-97.1607,43.0835]]]},"properties":{"fips":"46027","name":"Clay","state":"South Dakota"}},
{"type":"Feature","geometry":{"type":"Polygon","coordinates":[[[-75.9982,40.9126],[-75.7577,40.7357],[-75.6106,40.7872],[-75.4742,40.8147],[-75.65,41.1223],[-75.9982,40.9126]]]},"properties":{"fips":"42025","name":"Carbon","state":"Pennsylvania"}},
{"type":"Feature","geometry":{"type":"Polygon","coordinates":[[[-80.5602,34.8176],[-80.4095,34.6149],[-80.2874,34.3666],[-79.8316,34.5315],[-79.9285,34.8064],[-80.3197,34.8142],[-80.5602,34.8176]]]},"properties":{"fips":"45025","name":"Chesterfield","state":"South Carolina"}},
{"type":"Feature","geometry":{"type":"Polygon","coordinates":[[[-80.151,33.0213],[-80.3628,33.2576],[-80.5028,33.3349],[-80.7899,33.1811],[-80.4741,33.0643],[-80.4023,32.8581],[-80.1582,32.8186],[-80.151,33.0213]]]},"properties":{"fips":"45035","name":"Dorchester","state":"South Carolina"}},
{"type":"Feature","geometry":{"type":"Polygon","coordinates":[[[-93.2771,39.6155],[-93.1048,39.3835],[-92.8499,39.2263],[-92.7064,39.3217],[-92.692,39.6103],[-92.8571,39.6996],[-93.2663,39.7039],[-93.2771,39.6155]]]},"properties":{"fips":"29041","name":"Chariton","state":"Missouri"}},
{"type":"Feature","geometry":{"type":"Polygon","coordinates":[[[-72.5776,44.7818],[-72.5561,45.0086],[-73.1914,45.0138],[-73.2273,44.7226],[-72.9258,44.6332],[-72.5776,44.7818]]]},"properties":{"fips":"50011","name":"Franklin","state":"Vermont"}},
{"type":"Feature","geometry":{"type":"Polygon","coordinates":[[[-78.7117,41.2021],[-78.2379,41.2305],[-78.421,41.4049],[-78.4174,41.6025],[-78.9558,41.6239],[-78.9558,41.6231],[-79.0958,41.3405],[-78.9594,41.3619],[-78.7117,41.2021]]]},"properties":{"fips":"42047","name":"Elk","state":"Pennsylvania"}},
{"type":"Feature","geometry":{"type":"Polygon","coordinates":[[[-76.4361,37.5142],[-76.4038,37.3999],[-76.3535,37.5271],[-76.4361,37.5142]]]},"properties":{"fips":"51115","name":"Mathews","state":"Virginia"}},
{"type":"Feature","geometry":{"type":"Polygon","coordinates":[[[-92.1859,38.0167],[-92.1967,38.2925],[-92.1931,38.3355],[-92.4946,38.4282],[-92.6238,38.4308],[-92.6956,38.2221],[-92.4049,38.021],[-92.1859,38.0167]]]},"properties":{"fips":"29131","name":"Miller","state":"Missouri"}},
{"type":"Feature","geometry":{"type":"Polygon","coordinates":[[[-106.0873,46.8462],[-106.1914,45.7887],[-104.9818,45.7869],[-104.8848,46.1366],[-104.9064,46.4819],[-104.7341,46.6125],[-104.9853,46.5403],[-105.4484,46.5713],[-105.6171,46.8324],[-106.0873,46.8599],[-106.0873,46.8462]]]},"properties":{"fips":"30017","name":"Custer","state":"Montana"}},
{"type":"Feature","geometry":{"type":"Polygon","coordinates":[[[-106.1914,45.7887],[-106.2811,45.1796],[-106.2631,44.994],[-106.0262,44.994],[-105.0751,45],[-105.0392,45],[-104.9818,45.7869],[-106.1914,45.7887]]]},"properties":{"fips":"30075","name":"Powder River","state":"Montana"}},
{"type":"Feature","geometry":{"type":"Polygon","coordinates":[[[-87.3763,37.57],[-87.8142,37.351],[-87.6814,37.1491],[-87.3332,37.1568],[-87.2973,37.3922],[-87.3763,37.57]]]},"properties":{"fips":"21107","name":"Hopkins","state":"Kentucky"}},
{"type":"Feature","geometry":{"type":"Polygon","coordinates":[[[-85.8652,46.6898],[-86.138,46.6726],[-86.4933,46.5249],[-87.1178,46.4948],[-87.1178,46.1589],[-86.6153,46.1589],[-86.6153,46.3333],[-86.3641,46.3316],[-86.3641,46.506],[-85.8652,46.5051],[-85.8652,46.6898]]]},"properties":{"fips":"26003","name":"Alger","state":"Michigan"}},
{"type":"Feature","geometry":{"type":"Polygon","coordinates":[[[-82.9902,37.9643],[-83.0045,37.8595],[-82.9399,37.7161],[-82.642,37.7204],[-82.6133,37.8793],[-82.9902,37.9643]]]},"properties":{"fips":"21115","name":"Johnson","state":"Kentucky"}},
{"type":"Feature","geometry":{"type":"Polygon","coordinates":[[[-88.4746,39.7916],[-88.471,39.6515],[-87.9649,39.6859],[-87.9362,39.8801],[-88.4638,39.8792],[-88.4746,39.7916]]]},"properties":{"fips":"17041","name":"Douglas","state":"Illinois"}},
{"type":"Feature","geometry":{"type":"Polygon","coordinates":[[[-82.9471,37.503],[-83.123,37.4051],[-83.0009,37.1955],[-82.7317,37.2711],[-82.7102,37.2857],[-82.9255,37.4867],[-82.9471,37.503]]]},"properties":{"fips":"21119","name":"Knott","state":"Kentucky"}},
{"type":"Feature","geometry":{"type":"Polygon","coordinates":[[[-97.3725,38.174],[-97.7027,38.174],[-97.7027,37.9111],[-97.1535,37.9128],[-97.1535,38.0881],[-97.3725,38.174]]]},"properties":{"fips":"20079","name":"Harvey","state":"Kansas"}},
{"type":"Feature","geometry":{"type":"Polygon","coordinates":[[[-90.1831,38.6602],[-90.1652,38.7727],[-90.2585,38.5322],[-90.1831,38.6602]]]},"properties":{"fips":"29510","name":"St. Louis","state":"Missouri"}},
{"type":"Feature","geometry":{"type":"Polygon","coordinates":[[[-78.3815,39.7228],[-78.1338,40.1653],[-78.2559,40.2976],[-78.622,40.3268],[-78.6579,40.2426],[-78.762,40.057],[-78.8086,39.7228],[-78.3815,39.7228]]]},"properties":{"fips":"42009","name":"Bedford","state":"Pennsylvania"}},
{"type":"Feature","geometry":{"type":"Polygon","coordinates":[[[-95.5635,39.6533],[-95.3409,39.6533],[-95.3409,40.0003],[-95.7896,40.0003],[-95.7896,39.6533],[-95.5635,39.6533]]]},"properties":{"fips":"20013","name":"Brown","state":"Kansas"}},
{"type":"Feature","geometry":{"type":"Polygon","coordinates":[[[-93.4817,33.4758],[-93.3668,33.4448],[-93.1156,33.4526],[-93.1048,33.7773],[-93.374,33.9568],[-93.4565,33.9568],[-93.4817,33.4758]]]},"properties":{"fips":"05099","name":"Nevada","state":"Arkansas"}},
{"type":"Feature","geometry":{"type":"Polygon","coordinates":[[[-93.9339,34.3503],[-93.8226,34.0092],[-93.4565,33.9568],[-93.374,33.9568],[-93.4781,34.3408],[-93.9339,34.3503]]]},"properties":{"fips":"05109","name":"Pike","state":"Arkansas"}},
{"type":"Feature","geometry":{"type":"Polygon","coordinates":[[[-77.4483,37.223],[-77.398,37.1706],[-77.3765,37.2445],[-77.3837,37.2427],[-77.4052,37.2376],[-77.416,37.2333],[-77.4483,37.223]]]},"properties":{"fips":"51730","name":"Petersburg","state":"Virginia"}},
{"type":"Feature","geometry":{"type":"Polygon","coordinates":[[[-91.2599,39.1395],[-91.1845,39.2272],[-90.7215,39.2237],[-90.9369,39.3998],[-91.1773,39.5983],[-91.4609,39.4505],[-91.4394,39.3191],[-91.4106,39.1421],[-91.2599,39.1395]]]},"properties":{"fips":"29163","name":"Pike","state":"Missouri"}},
{"type":"Feature","geometry":{"type":"Polygon","coordinates":[[[-90.1472,39.2615],[-90.603,39.1172],[-90.4523,38.9677],[-90.2764,38.9231],[-90.1472,39.0004],[-90.1472,39.2615]]]},"properties":{"fips":"17083","name":"Jersey","state":"Illinois"}},
{"type":"Feature","geometry":{"type":"Polygon","coordinates":[[[-79.9751,33.9465],[-80.3987,33.7678],[-80.5351,33.6441],[-80.4956,33.5582],[-80.2228,33.444],[-80.1008,33.4972],[-79.8746,33.8855],[-79.9751,33.9465]]]},"properties":{"fips":"45027","name":"Clarendon","state":"South Carolina"}},
{"type":"Feature","geometry":{"type":"Polygon","coordinates":[[[-82.6815,36.4318],[-82.6097,36.5941],[-82.8322,36.5941],[-83.2809,36.3948],[-83.2558,36.2892],[-83.0835,36.2419],[-82.703,36.4103],[-82.6815,36.4318]]]},"properties":{"fips":"47073","name":"Hawkins","state":"Tennessee"}},
{"type":"Feature","geometry":{"type":"Polygon","coordinates":[[[-88.3597,35.419],[-88.2413,35.4232],[-88.1803,35.8167],[-88.6074,35.7892],[-88.6146,35.5882],[-88.3597,35.419]]]},"properties":{"fips":"47077","name":"Henderson","state":"Tennessee"}},
{"type":"Feature","geometry":{"type":"Polygon","coordinates":[[[-79.6593,34.3056],[-79.8316,34.5315],[-80.2874,34.3666],[-80.2874,34.364],[-80.0721,34.0857],[-79.6593,34.3056]]]},"properties":{"fips":"45031","name":"Darlington","state":"South Carolina"}},
{"type":"Feature","geometry":{"type":"Polygon","coordinates":[[[-76.1346,39.722],[-75.79,39.722],[-75.5962,39.8371],[-75.3593,40.0656],[-75.6967,40.2417],[-75.8726,40.1369],[-76.1346,39.722]]]},"properties":{"fips":"42029","name":"Chester","state":"Pennsylvania"}},
{"type":"Feature","geometry":{"type":"Polygon","coordinates":[[[-79.548,34.2309],[-79.3757,34.2987],[-79.1281,34.2541],[-79.0706,34.2996],[-79.4511,34.6209],[-79.6342,34.2979],[-79.548,34.2309]]]},"properties":{"fips":"45033","name":"Dillon","state":"South Carolina"}},
{"type":"Feature","geometry":{"type":"Polygon","coordinates":[[[-79.6952,41.1729],[-79.6916,41.1704],[-79.6198,40.9891],[-79.2142,41.0501],[-79.2106,41.3319],[-79.4762,41.3868],[-79.6952,41.1729]]]},"properties":{"fips":"42031","name":"Clarion","state":"Pennsylvania"}},
{"type":"Feature","geometry":{"type":"Polygon","coordinates":[[[-88.0582,45.7809],[-88.1157,45.9218],[-88.6828,46.0146],[-88.6756,45.7225],[-88.4243,45.7225],[-88.0582,45.7809]]]},"properties":{"fips":"55037","name":"Florence","state":"Wisconsin"}},
{"type":"Feature","geometry":{"type":"Polygon","coordinates":[[[-79.4762,41.3868],[-79.2106,41.3319],[-79.0958,41.3405],[-78.9558,41.6231],[-79.5121,41.6248],[-79.4762,41.3868]]]},"properties":{"fips":"42053","name":"Forest","state":"Pennsylvania"}},
{"type":"Feature","geometry":{"type":"Polygon","coordinates":[[[-82.1323,31.0111],[-82.4159,31.0137],[-82.4195,30.7955],[-82.1503,30.7843],[-82.2149,30.5687],[-82.0498,30.3625],[-82.039,30.7491],[-81.9026,30.8204],[-81.9349,31.0481],[-82.1323,31.0111]]]},"properties":{"fips":"13049","name":"Charlton","state":"Georgia"}},
{"type":"Feature","geometry":{"type":"Polygon","coordinates":[[[-106.4749,36.9936],[-107.4225,36.9996],[-107.6199,36.7977],[-107.6235,36.2196],[-106.8841,36.2162],[-106.8841,35.9988],[-106.2488,35.9662],[-106.2452,35.931],[-106.0514,36.0023],[-105.7176,35.9791],[-105.5309,36.0134],[-105.7355,36.1002],[-105.958,36.3545],[-106.0047,36.9953],[-106.4749,36.9936]]]},"properties":{"fips":"35039","name":"Rio Arriba","state":"New Mexico"}},
{"type":"Feature","geometry":{"type":"Polygon","coordinates":[[[-94.0129,31.9819],[-93.8801,31.8444],[-93.4422,31.8453],[-93.356,31.932],[-93.6145,32.2379],[-93.7903,32.3401],[-94.0416,32.1958],[-94.0129,31.9819]]]},"properties":{"fips":"22031","name":"De Soto","state":"Louisiana"}},
{"type":"Feature","geometry":{"type":"Polygon","coordinates":[[[-79.0168,35.8631],[-78.9055,35.8682],[-78.7512,36.071],[-78.8014,36.2359],[-78.9522,36.2394],[-79.0168,35.8631]]]},"properties":{"fips":"37063","name":"Durham","state":"North Carolina"}},
{"type":"Feature","geometry":{"type":"Polygon","coordinates":[[[-107.3076,35.3056],[-107.3076,35.9988],[-107.6271,36.0005],[-109.0448,36.0031],[-109.0448,34.9602],[-108.4706,34.9594],[-108.467,35.3064],[-107.3076,35.3056]]]},"properties":{"fips":"35031","name":"McKinley","state":"New Mexico"}},
{"type":"Feature","geometry":{"type":"Polygon","coordinates":[[[-77.2186,39.7203],[-77.1109,39.4978],[-77.1683,39.3543],[-76.8812,39.35],[-76.7879,39.7211],[-76.9996,39.7203],[-77.2186,39.7203]]]},"properties":{"fips":"24013","name":"Carroll","state":"Maryland"}},
{"type":"Feature","geometry":{"type":"Polygon","coordinates":[[[-75.79,39.722],[-75.7685,39.3775],[-75.7613,39.2967],[-75.5137,39.3655],[-75.6106,39.6223],[-75.5101,39.6859],[-75.4132,39.7941],[-75.4167,39.8019],[-75.5962,39.8371],[-75.79,39.722]]]},"properties":{"fips":"10003","name":"New Castle","state":"Delaware"}},
{"type":"Feature","geometry":{"type":"Polygon","coordinates":[[[-102.0493,39.5742],[-102.0493,39.5682],[-101.414,39.5682],[-101.4104,40.002],[-102.0529,40.0029],[-102.0493,39.5742]]]},"properties":{"fips":"20023","name":"Cheyenne","state":"Kansas"}},
{"type":"Feature","geometry":{"type":"Polygon","coordinates":[[[-82.52,31.7104],[-82.2256,31.5308],[-82.1323,31.4716],[-82.1323,31.7731],[-82.0498,31.8272],[-82.2256,31.9131],[-82.4302,31.9664],[-82.52,31.7104]]]},"properties":{"fips":"13001","name":"Appling","state":"Georgia"}},
{"type":"Feature","geometry":{"type":"Polygon","coordinates":[[[-86.4143,32.7078],[-86.4108,32.4097],[-86.2636,32.5016],[-86.0231,32.42],[-85.8867,32.493],[-86.0088,32.755],[-86.3749,32.7533],[-86.4143,32.7078]]]},"properties":{"fips":"01051","name":"Elmore","state":"Alabama"}},
{"type":"Feature","geometry":{"type":"Polygon","coordinates":[[[-109.0448,37.485],[-108.9156,37.6319],[-107.9716,37.6396],[-107.8604,37.7754],[-108.2552,37.8948],[-109.0412,37.881],[-109.0448,37.485]]]},"properties":{"fips":"08033","name":"Dolores","state":"Colorado"}},
{"type":"Feature","geometry":{"type":"Polygon","coordinates":[[[-96.4069,48.9998],[-97.2289,49.0007],[-97.0961,48.6863],[-97.1643,48.5437],[-96.389,48.5445],[-96.4069,48.9998]]]},"properties":{"fips":"27069","name":"Kittson","state":"Minnesota"}},
{"type":"Feature","geometry":{"type":"Polygon","coordinates":[[[-94.1313,31.0996],[-94.4579,31.0335],[-94.2857,31.0395],[-94.0524,30.6306],[-94.0703,30.5257],[-94.117,30.2414],[-93.9016,30.2423],[-93.8657,30.9475],[-93.9124,31.158],[-94.038,31.134],[-94.1313,31.0996]]]},"properties":{"fips":"48241","name":"Jasper","state":"Texas"}},
{"type":"Feature","geometry":{"type":"Polygon","coordinates":[[[-79.2896,33.1098],[-79.0024,33.572],[-79.1891,33.706],[-79.3183,33.7799],[-79.6772,33.3048],[-79.4475,33.2137],[-79.2896,33.1098]]]},"properties":{"fips":"45043","name":"Georgetown","state":"South Carolina"}},
{"type":"Feature","geometry":{"type":"Polygon","coordinates":[[[-95.8147,40.9015],[-95.8326,40.7838],[-95.7645,40.5853],[-95.3732,40.5802],[-95.384,40.9015],[-95.8147,40.9015]]]},"properties":{"fips":"19071","name":"Fremont","state":"Iowa"}},
{"type":"Feature","geometry":{"type":"Polygon","coordinates":[[[-90.3554,40.124],[-90.5133,39.9883],[-90.5851,39.8766],[-89.9929,39.8732],[-89.9929,39.9015],[-89.9965,40.1086],[-90.3554,40.124]]]},"properties":{"fips":"17017","name":"Cass","state":"Illinois"}},
{"type":"Feature","geometry":{"type":"Polygon","coordinates":[[[-72.434,43.233],[-72.33,43.5998],[-72.2043,43.7707],[-72.793,43.9614],[-72.9581,43.8266],[-72.6996,43.6831],[-72.8683,43.3008],[-72.8181,43.2553],[-72.434,43.233]]]},"properties":{"fips":"50027","name":"Windsor","state":"Vermont"}},
{"type":"Feature","geometry":{"type":"Polygon","coordinates":[[[-100.9725,47.8487],[-101.8734,47.8478],[-102.3867,47.8478],[-102.3867,47.7576],[-102.2036,47.5746],[-101.4391,47.4587],[-101.2561,47.2645],[-100.9653,47.1563],[-100.75,47.1571],[-100.6746,47.3272],[-100.671,47.6743],[-100.5849,47.8478],[-100.9725,47.8487]]]},"properties":{"fips":"38055","name":"McLean","state":"North Dakota"}},
{"type":"Feature","geometry":{"type":"Polygon","coordinates":[[[-77.477,35.4267],[-77.6995,35.6526],[-77.8216,35.5856],[-77.8072,35.3691],[-77.477,35.4267]]]},"properties":{"fips":"37079","name":"Greene","state":"North Carolina"}},
{"type":"Feature","geometry":{"type":"Polygon","coordinates":[[[-88.9304,37.3029],[-88.9268,37.2264],[-88.5643,37.0787],[-88.489,37.0675],[-88.7115,37.3372],[-88.9304,37.3029]]]},"properties":{"fips":"17127","name":"Massac","state":"Illinois"}},
{"type":"Feature","geometry":{"type":"Polygon","coordinates":[[[-75.9444,38.6739],[-76.0305,38.5726],[-76.3356,38.4918],[-76.1346,38.2324],[-75.8618,38.3518],[-75.7003,38.5605],[-75.7075,38.6353],[-75.9444,38.6739]]]},"properties":{"fips":"24019","name":"Dorchester","state":"Maryland"}},
{"type":"Feature","geometry":{"type":"Polygon","coordinates":[[[-116.3311,47.414],[-116.3311,47.8908],[-116.5034,47.9913],[-117.0418,47.9775],[-117.0418,47.3659],[-116.3311,47.414]]]},"properties":{"fips":"16055","name":"Kootenai","state":"Idaho"}},
{"type":"Feature","geometry":{"type":"Polygon","coordinates":[[[-72.4663,41.5836],[-72.7535,41.5793],[-72.5381,41.2554],[-72.3407,41.2803],[-72.4663,41.5836]]]},"properties":{"fips":"09007","name":"Middlesex","state":"Connecticut"}},
{"type":"Feature","geometry":{"type":"Polygon","coordinates":[[[-85.6534,41.5234],[-85.6606,41.7588],[-85.7898,41.7588],[-86.0626,41.7605],[-86.059,41.4788],[-86.059,41.4358],[-85.6534,41.4367],[-85.6534,41.5234]]]},"properties":{"fips":"18039","name":"Elkhart","state":"Indiana"}},
{"type":"Feature","geometry":{"type":"Polygon","coordinates":[[[-102.0457,38.698],[-102.0457,38.6155],[-102.0457,38.2685],[-102.0457,38.2624],[-101.5683,38.2633],[-101.5683,38.6997],[-102.0457,38.698]]]},"properties":{"fips":"20071","name":"Greeley","state":"Kansas"}},
{"type":"Feature","geometry":{"type":"Polygon","coordinates":[[[-90.3015,39.5201],[-90.1544,39.5201],[-89.9247,39.5218],[-89.9929,39.8732],[-90.5851,39.8766],[-90.5707,39.8397],[-90.5995,39.7898],[-90.3697,39.7538],[-90.3015,39.5201]]]},"properties":{"fips":"17137","name":"Morgan","state":"Illinois"}},
{"type":"Feature","geometry":{"type":"Polygon","coordinates":[[[-83.8767,36.6869],[-83.5896,36.9558],[-83.8695,37.0546],[-84.0921,36.9558],[-83.8767,36.6869]]]},"properties":{"fips":"21121","name":"Knox","state":"Kentucky"}},
{"type":"Feature","geometry":{"type":"Polygon","coordinates":[[[-93.557,40.898],[-94.0165,40.8972],[-94.0165,40.5742],[-93.776,40.5776],[-93.557,40.5802],[-93.557,40.898]]]},"properties":{"fips":"19053","name":"Decatur","state":"Iowa"}},
{"type":"Feature","geometry":{"type":"Polygon","coordinates":[[[-82.6133,37.8793],[-82.4984,37.9454],[-82.6061,38.247],[-82.7927,38.2435],[-82.9255,38.1748],[-83.0225,38.0073],[-82.9902,37.9643],[-82.6133,37.8793]]]},"properties":{"fips":"21127","name":"Lawrence","state":"Kentucky"}},
{"type":"Feature","geometry":{"type":"Polygon","coordinates":[[[-79.81,39.2306],[-79.8962,39.2993],[-80.1654,39.2426],[-80.2264,39.1129],[-80.0864,38.9471],[-79.8244,39.1155],[-79.81,39.2306]]]},"properties":{"fips":"54001","name":"Barbour","state":"West Virginia"}},
{"type":"Feature","geometry":{"type":"Polygon","coordinates":[[[-73.0227,42.7407],[-73.2632,42.7459],[-73.3529,42.5096],[-73.4965,42.05],[-73.4857,42.05],[-73.055,42.0397],[-73.0011,42.3129],[-72.976,42.556],[-73.0227,42.7407]]]},"properties":{"fips":"25003","name":"Berkshire","state":"Massachusetts"}},
{"type":"Feature","geometry":{"type":"Polygon","coordinates":[[[-91.6332,39.0588],[-92.1105,39.0639],[-92.2218,38.643],[-92.01,38.5708],[-91.6475,38.7031],[-91.6332,39.0588]]]},"properties":{"fips":"29027","name":"Callaway","state":"Missouri"}},
{"type":"Feature","geometry":{"type":"Polygon","coordinates":[[[-96.4536,45.2689],[-96.4536,44.9777],[-96.45,44.8059],[-95.8506,44.805],[-95.7357,44.9356],[-96.0372,45.1521],[-96.1018,45.177],[-96.4536,45.2689]]]},"properties":{"fips":"27073","name":"Lac qui Parle","state":"Minnesota"}},
{"type":"Feature","geometry":{"type":"Polygon","coordinates":[[[-78.0621,37.9051],[-78.159,37.7487],[-78.0728,37.6577],[-77.9113,37.6894],[-77.6565,37.564],[-77.6313,37.7058],[-77.7964,37.729],[-78.0621,37.9051]]]},"properties":{"fips":"51075","name":"Goochland","state":"Virginia"}},
{"type":"Feature","geometry":{"type":"Polygon","coordinates":[[[-110.0534,42.2708],[-109.0448,42.2639],[-109.0736,42.6935],[-109.6514,43.1668],[-109.7555,43.4632],[-110.0498,43.4649],[-110.5775,43.2355],[-110.5918,42.4486],[-110.5416,42.2777],[-110.0534,42.2708]]]},"properties":{"fips":"56035","name":"Sublette","state":"Wyoming"}},
{"type":"Feature","geometry":{"type":"Polygon","coordinates":[[[-112.1639,41.9968],[-111.884,41.4264],[-111.5107,41.4229],[-111.403,41.6592],[-111.5071,41.9994],[-112.1101,41.9976],[-112.1639,41.9968]]]},"properties":{"fips":"49005","name":"Cache","state":"Utah"}},
{"type":"Feature","geometry":{"type":"Polygon","coordinates":[[[-116.0476,48.5024],[-116.0511,48.2164],[-115.7102,48.2473],[-115.5056,47.9088],[-115.283,47.8908],[-115.0102,48.0179],[-114.8487,48.2258],[-114.8487,48.5737],[-114.6908,48.6785],[-114.7267,49.0007],[-116.0476,49.0007],[-116.0476,48.5024]]]},"properties":{"fips":"30053","name":"Lincoln","state":"Montana"}},
{"type":"Feature","geometry":{"type":"Polygon","coordinates":[[[-82.6599,29.8299],[-82.6563,29.5645],[-82.4051,29.4854],[-82.0569,29.4708],[-82.0569,29.7182],[-82.1323,29.8359],[-82.4195,29.9227],[-82.5307,29.9407],[-82.6599,29.8299]]]},"properties":{"fips":"12001","name":"Alachua","state":"Florida"}},
{"type":"Feature","geometry":{"type":"Polygon","coordinates":[[[-84.0921,37.5666],[-84.0813,37.8527],[-84.3361,37.8922],[-84.4366,37.8475],[-84.5264,37.7693],[-84.3469,37.5391],[-84.1997,37.5228],[-84.0921,37.5666]]]},"properties":{"fips":"21151","name":"Madison","state":"Kentucky"}},
{"type":"Feature","geometry":{"type":"Polygon","coordinates":[[[-97.7278,29.2217],[-97.6129,29.11],[-97.2397,29.3841],[-97.1427,29.628],[-97.3186,29.7844],[-97.6345,29.6495],[-97.8391,29.3772],[-97.7278,29.2217]]]},"properties":{"fips":"48177","name":"Gonzales","state":"Texas"}},
{"type":"Feature","geometry":{"type":"Polygon","coordinates":[[[-98.7615,42.0887],[-98.3021,42.0887],[-98.2985,42.4366],[-98.3057,42.7613],[-98.582,42.7794],[-98.9553,42.8945],[-99.2568,42.8043],[-99.2353,42.0878],[-99.2209,42.0878],[-98.7615,42.0887]]]},"properties":{"fips":"31089","name":"Holt","state":"Nebraska"}},
{"type":"Feature","geometry":{"type":"Polygon","coordinates":[[[-78.0656,35.5856],[-78.1913,35.7308],[-78.2559,35.8184],[-78.7081,35.5195],[-78.5394,35.3167],[-78.3061,35.2875],[-78.1518,35.3511],[-78.0656,35.5856]]]},"properties":{"fips":"37101","name":"Johnston","state":"North Carolina"}},
{"type":"Feature","geometry":{"type":"Polygon","coordinates":[[[-90.4379,41.1515],[-90.4343,41.3267],[-91.0732,41.3336],[-90.9476,41.0724],[-90.9476,41.0698],[-90.7861,41.069],[-90.4379,41.0638],[-90.4379,41.1515]]]},"properties":{"fips":"17131","name":"Mercer","state":"Illinois"}},
{"type":"Feature","geometry":{"type":"Polygon","coordinates":[[[-92.0818,43.2132],[-92.0818,43.0826],[-91.6045,43.0818],[-91.6116,43.5001],[-91.7301,43.501],[-92.0782,43.501],[-92.0818,43.2132]]]},"properties":{"fips":"19191","name":"Winneshiek","state":"Iowa"}},
{"type":"Feature","geometry":{"type":"Polygon","coordinates":[[[-89.0704,35.693],[-89.3576,35.8176],[-89.5011,35.5805],[-89.4724,35.4026],[-89.1853,35.3975],[-89.0776,35.4318],[-89.0704,35.693]]]},"properties":{"fips":"47075","name":"Haywood","state":"Tennessee"}},
{"type":"Feature","geometry":{"type":"Polygon","coordinates":[[[-78.9271,39.7228],[-79.3937,39.7211],[-79.4762,39.7211],[-79.487,39.2057],[-79.2716,39.3294],[-79.0671,39.4746],[-78.9271,39.7228]]]},"properties":{"fips":"24023","name":"Garrett","state":"Maryland"}},
{"type":"Feature","geometry":{"type":"Polygon","coordinates":[[[-79.487,39.1945],[-79.487,39.2057],[-79.4762,39.7211],[-79.7634,39.7211],[-79.8962,39.4359],[-79.8962,39.2993],[-79.81,39.2306],[-79.487,39.1945]]]},"properties":{"fips":"54077","name":"Preston","state":"West Virginia"}},
{"type":"Feature","geometry":{"type":"Polygon","coordinates":[[[-88.4495,46.9389],[-88.2269,47.2001],[-88.5141,47.286],[-88.934,47.0326],[-88.9915,46.4201],[-88.6792,46.4201],[-88.6792,46.8522],[-88.4495,46.9389]]]},"properties":{"fips":"26061","name":"Houghton","state":"Michigan"}},
{"type":"Feature","geometry":{"type":"MultiPolygon","coordinates":[[[[-90.0503,35.4078],[-89.6339,35.376],[-89.4724,35.4026],[-89.5011,35.5805],[-89.7596,35.65],[-89.9103,35.5384],[-90.0503,35.4078]]],[[[-90.14,35.4361],[-90.0754,35.3837],[-90.0575,35.4035],[-90.14,35.4361]]]]},"properties":{"fips":"47167","name":"Tipton","state":"Tennessee"}},
{"type":"Feature","geometry":{"type":"Polygon","coordinates":[[[-84.6017,42.7699],[-84.6017,42.422],[-84.1423,42.4246],[-84.1567,42.7768],[-84.3649,42.7759],[-84.6017,42.7699]]]},"properties":{"fips":"26065","name":"Ingham","state":"Michigan"}},
{"type":"Feature","geometry":{"type":"Polygon","coordinates":[[[-97.8068,37.4738],[-97.8068,37.3862],[-97.8032,36.9988],[-97.4622,36.9988],[-97.1463,36.9988],[-97.1535,37.4755],[-97.8068,37.4738]]]},"properties":{"fips":"20191","name":"Sumner","state":"Kansas"}},
{"type":"Feature","geometry":{"type":"Polygon","coordinates":[[[-83.2665,38.6181],[-83.5214,38.7031],[-83.647,38.637],[-83.6434,38.5253],[-83.4532,38.3819],[-83.3419,38.3191],[-83.166,38.5038],[-83.044,38.7057],[-83.2665,38.6181]]]},"properties":{"fips":"21135","name":"Lewis","state":"Kentucky"}},
{"type":"Feature","geometry":{"type":"Polygon","coordinates":[[[-94.117,30.1606],[-94.4436,30.1134],[-94.4436,29.8892],[-94.3539,29.5619],[-93.837,29.6907],[-93.8549,29.8651],[-94.117,30.1606]]]},"properties":{"fips":"48245","name":"Jefferson","state":"Texas"}},
{"type":"Feature","geometry":{"type":"Polygon","coordinates":[[[-95.9978,41.5071],[-96.1234,41.6832],[-96.4464,41.6832],[-96.328,41.3929],[-95.9367,41.3911],[-95.9978,41.5071]]]},"properties":{"fips":"31177","name":"Washington","state":"Nebraska"}},
{"type":"Feature","geometry":{"type":"Polygon","coordinates":[[[-119.9994,45.8127],[-119.8666,45.8359],[-119.8666,46.0412],[-121.5212,46.0438],[-121.5248,45.7251],[-121.4423,45.6976],[-120.9146,45.6409],[-120.6526,45.7371],[-120.2111,45.726],[-119.9994,45.8127]]]},"properties":{"fips":"53039","name":"Klickitat","state":"Washington"}},
{"type":"Feature","geometry":{"type":"Polygon","coordinates":[[[-91.7157,39.6576],[-91.7193,39.3388],[-91.4394,39.3191],[-91.4609,39.4505],[-91.1773,39.5983],[-91.3065,39.685],[-91.7157,39.6576]]]},"properties":{"fips":"29173","name":"Ralls","state":"Missouri"}},
{"type":"Feature","geometry":{"type":"Polygon","coordinates":[[[-106.1914,40.9977],[-105.2761,40.9985],[-105.2797,41.6566],[-105.2833,42.4315],[-106.0729,42.4332],[-106.0693,41.3954],[-106.3242,41.3954],[-106.3206,40.9994],[-106.1914,40.9977]]]},"properties":{"fips":"56001","name":"Albany","state":"Wyoming"}},
{"type":"Feature","geometry":{"type":"Polygon","coordinates":[[[-78.6615,38.2779],[-78.7476,38.2066],[-78.8373,38.0477],[-78.6435,37.7333],[-78.4928,37.7968],[-78.3061,38.0064],[-78.2092,38.131],[-78.3671,38.1843],[-78.6615,38.2779]],[[-78.5215,38.0262],[-78.4856,38.0692],[-78.4533,38.0219],[-78.5215,38.0262]]]},"properties":{"fips":"51003","name":"Albemarle","state":"Virginia"}},
{"type":"Feature","geometry":{"type":"Polygon","coordinates":[[[-93.496,38.9428],[-93.4781,39.2925],[-93.758,39.2074],[-94.1062,39.1438],[-94.1134,38.917],[-93.496,38.9282],[-93.496,38.9428]]]},"properties":{"fips":"29107","name":"Lafayette","state":"Missouri"}},
{"type":"Feature","geometry":{"type":"Polygon","coordinates":[[[-92.0208,38.0107],[-91.6332,38.0511],[-91.6296,38.1533],[-91.6439,38.2882],[-92.1967,38.2925],[-92.1859,38.0167],[-92.0208,38.0107]]]},"properties":{"fips":"29125","name":"Maries","state":"Missouri"}},
{"type":"Feature","geometry":{"type":"Polygon","coordinates":[[[-91.6475,38.7031],[-92.01,38.5708],[-92.1931,38.3355],[-92.1967,38.2925],[-91.6439,38.2882],[-91.6404,38.704],[-91.6475,38.7031]]]},"properties":{"fips":"29151","name":"Osage","state":"Missouri"}},
{"type":"Feature","geometry":{"type":"Polygon","coordinates":[[[-93.4063,43.848],[-93.4063,44.196],[-93.5247,44.196],[-93.7688,44.196],[-93.7688,43.848],[-93.6468,43.848],[-93.4063,43.848]]]},"properties":{"fips":"27161","name":"Waseca","state":"Minnesota"}},
{"type":"Feature","geometry":{"type":"Polygon","coordinates":[[[-104.045,47.9964],[-103.4994,48.0059],[-103.2015,48.1356],[-102.8282,48.1236],[-102.8856,48.5462],[-102.8856,48.633],[-104.0485,48.6339],[-104.0485,48.389],[-104.045,47.9964]]]},"properties":{"fips":"38105","name":"Williams","state":"North Dakota"}},
{"type":"Feature","geometry":{"type":"Polygon","coordinates":[[[-78.4641,37.3398],[-78.5933,37.3982],[-78.683,37.2488],[-78.4425,37.0795],[-78.2379,37.1199],[-78.2308,37.296],[-78.2343,37.3682],[-78.4641,37.3398]]]},"properties":{"fips":"51147","name":"Prince Edward","state":"Virginia"}},
{"type":"Feature","geometry":{"type":"Polygon","coordinates":[[[-75.7685,39.3775],[-76.0018,39.3766],[-76.1597,39.094],[-76.009,39.2401],[-75.7577,39.2461],[-75.7613,39.2967],[-75.7685,39.3775]]]},"properties":{"fips":"24029","name":"Kent","state":"Maryland"}},
{"type":"Feature","geometry":{"type":"Polygon","coordinates":[[[-90.9081,40.2847],[-90.9117,40.1927],[-90.9153,40.1043],[-90.6964,40.1034],[-90.5133,39.9883],[-90.3554,40.124],[-90.201,40.1842],[-90.4487,40.2761],[-90.9081,40.2847]]]},"properties":{"fips":"17169","name":"Schuyler","state":"Illinois"}},
{"type":"Feature","geometry":{"type":"Polygon","coordinates":[[[-77.3298,39.0579],[-77.1181,38.9342],[-77.0032,38.9652],[-76.8884,39.131],[-77.1683,39.3534],[-77.4591,39.2203],[-77.3298,39.0579]]]},"properties":{"fips":"24031","name":"Montgomery","state":"Maryland"}},
{"type":"Feature","geometry":{"type":"Polygon","coordinates":[[[-88.7833,35.248],[-88.7869,34.9954],[-88.3813,34.9954],[-88.3633,35.3812],[-88.6397,35.3614],[-88.7833,35.248]]]},"properties":{"fips":"47109","name":"McNairy","state":"Tennessee"}},
{"type":"Feature","geometry":{"type":"Polygon","coordinates":[[[-93.1802,32.5849],[-93.2376,33.0179],[-93.4888,33.0187],[-93.5211,33.0187],[-93.374,32.4105],[-93.1802,32.5849]]]},"properties":{"fips":"22119","name":"Webster","state":"Louisiana"}},
{"type":"Feature","geometry":{"type":"Polygon","coordinates":[[[-78.0297,34.3314],[-77.9364,33.9293],[-77.7103,34.297],[-78.0297,34.3314]]]},"properties":{"fips":"37129","name":"New Hanover","state":"North Carolina"}},
{"type":"Feature","geometry":{"type":"Polygon","coordinates":[[[-88.9915,46.0971],[-88.934,46.0739],[-88.6828,46.0146],[-88.1157,45.9218],[-88.1157,46.2465],[-88.1157,46.4201],[-88.6792,46.4201],[-88.9915,46.4201],[-88.9915,46.3324],[-88.9915,46.0971]]]},"properties":{"fips":"26071","name":"Iron","state":"Michigan"}},
{"type":"Feature","geometry":{"type":"Polygon","coordinates":[[[-88.5643,37.0787],[-88.4818,37.0228],[-88.2413,36.9816],[-88.1946,37.1474],[-88.3597,37.4051],[-88.4136,37.4249],[-88.4136,37.424],[-88.5177,37.284],[-88.489,37.0675],[-88.5643,37.0787]]]},"properties":{"fips":"21139","name":"Livingston","state":"Kentucky"}},
{"type":"Feature","geometry":{"type":"Polygon","coordinates":[[[-121.0259,38.3002],[-121.3453,38.2281],[-121.5787,38.0941],[-121.5571,37.8166],[-121.5571,37.5425],[-121.5033,37.5262],[-121.4716,37.4824],[-121.471,37.4816],[-121.2413,37.6637],[-120.9218,37.7376],[-120.9254,38.0777],[-120.9972,38.2255],[-121.0259,38.3002]]]},"properties":{"fips":"06077","name":"San Joaquin","state":"California"}},
{"type":"Feature","geometry":{"type":"Polygon","coordinates":[[[-88.4854,36.9421],[-88.4818,37.0228],[-88.5643,37.0787],[-88.9268,37.2264],[-88.934,37.2281],[-88.8156,36.9541],[-88.812,36.9472],[-88.4854,36.9421]]]},"properties":{"fips":"21145","name":"McCracken","state":"Kentucky"}},
{"type":"Feature","geometry":{"type":"Polygon","coordinates":[[[-80.8689,32.6605],[-80.8258,32.7043],[-81.0806,33.0265],[-81.4109,32.7447],[-81.3893,32.5952],[-81.2816,32.5566],[-81.016,32.7533],[-80.8689,32.6605]]]},"properties":{"fips":"45049","name":"Hampton","state":"South Carolina"}},
{"type":"Feature","geometry":{"type":"Polygon","coordinates":[[[-97.0207,41.7434],[-97.254,41.7434],[-97.254,41.3843],[-96.9058,41.4564],[-96.9058,41.7425],[-97.0207,41.7434]]]},"properties":{"fips":"31037","name":"Colfax","state":"Nebraska"}},
{"type":"Feature","geometry":{"type":"Polygon","coordinates":[[[-64.9073,17.6811],[-64.6919,17.7051],[-64.7458,17.7825],[-64.8714,17.7721],[-64.9073,17.6811]]]},"properties":{"fips":"78010","name":"St. Croix","state":"United States Virgin Islands"}},
{"type":"Feature","geometry":{"type":"Polygon","coordinates":[[[-111.0441,45.0018],[-111.0369,45.3514],[-110.7964,45.5911],[-110.7821,46.1924],[-111.062,46.1924],[-111.3061,46.1881],[-111.421,45.9948],[-111.6614,45.8333],[-111.805,45.7981],[-111.5358,45.6426],[-111.3528,45.6418],[-111.3779,44.7518],[-111.0477,44.4743],[-111.0548,44.6659],[-111.0441,45.0018]]]},"properties":{"fips":"30031","name":"Gallatin","state":"Montana"}},
{"type":"Feature","geometry":{"type":"Polygon","coordinates":[[[-87.9721,35.8158],[-88.008,35.4232],[-87.7173,35.4834],[-87.6598,35.6097],[-87.7173,35.839],[-87.9613,35.8408],[-87.9721,35.8158]]]},"properties":{"fips":"47135","name":"Perry","state":"Tennessee"}},
{"type":"Feature","geometry":{"type":"Polygon","coordinates":[[[-114.9923,43.9494],[-115.502,43.8901],[-115.6958,43.6651],[-115.9758,43.5912],[-115.9794,43.1136],[-116.2665,43.1127],[-116.0511,42.9856],[-115.441,42.9314],[-115.4553,42.7682],[-115.039,42.7682],[-115.039,42.9117],[-115.0856,43.1977],[-115.082,43.6041],[-114.9887,43.8584],[-114.9708,43.9382],[-114.9923,43.9494]]]},"properties":{"fips":"16039","name":"Elmore","state":"Idaho"}},
{"type":"Feature","geometry":{"type":"Polygon","coordinates":[[[-103.4455,42.4375],[-103.4025,42.0036],[-103.363,42.0028],[-102.699,42.0045],[-102.7743,42.44],[-103.4455,42.4375]]]},"properties":{"fips":"31013","name":"Box Butte","state":"Nebraska"}},
{"type":"Feature","geometry":{"type":"Polygon","coordinates":[[[-71.0809,42.0956],[-71.3824,41.9847],[-71.3178,41.776],[-71.2244,41.7107],[-71.1957,41.6755],[-71.1204,41.4977],[-70.844,41.6282],[-71.0809,42.0956]]]},"properties":{"fips":"25005","name":"Bristol","state":"Massachusetts"}},
{"type":"Feature","geometry":{"type":"Polygon","coordinates":[[[-87.9541,38.57],[-87.99,38.2599],[-87.9865,38.2564],[-87.746,38.4145],[-87.6526,38.5683],[-87.9111,38.57],[-87.9541,38.57]]]},"properties":{"fips":"17185","name":"Wabash","state":"Illinois"}},
{"type":"Feature","geometry":{"type":"Polygon","coordinates":[[[-83.4891,36.8957],[-83.4604,36.6646],[-82.8789,36.8931],[-82.8681,36.9739],[-83.123,37.0013],[-83.1804,37.0211],[-83.4891,36.8957]]]},"properties":{"fips":"21095","name":"Harlan","state":"Kentucky"}},
{"type":"Feature","geometry":{"type":"Polygon","coordinates":[[[-86.9599,35.4172],[-86.7804,35.7067],[-87.2148,35.8511],[-87.3404,35.6595],[-87.2937,35.4447],[-87.2076,35.4336],[-86.9599,35.4172]]]},"properties":{"fips":"47119","name":"Maury","state":"Tennessee"}},
{"type":"Feature","geometry":{"type":"Polygon","coordinates":[[[-93.7221,30.0515],[-92.9971,30.0387],[-93.0294,30.3797],[-93.1299,30.4029],[-93.7401,30.402],[-93.7042,30.244],[-93.7221,30.0515]]]},"properties":{"fips":"22019","name":"Calcasieu","state":"Louisiana"}},
{"type":"Feature","geometry":{"type":"Polygon","coordinates":[[[-79.5552,35.5152],[-79.3506,35.5177],[-79.1173,35.6286],[-78.9701,35.522],[-78.9163,35.5839],[-78.9055,35.8682],[-79.0168,35.8631],[-79.2501,35.8768],[-79.5408,35.8433],[-79.5552,35.5152]]]},"properties":{"fips":"37037","name":"Chatham","state":"North Carolina"}},
{"type":"Feature","geometry":{"type":"Polygon","coordinates":[[[-99.3968,28.641],[-99.4076,28.641],[-100.1147,28.6478],[-100.1147,28.1977],[-99.3932,28.2046],[-99.3968,28.641]]]},"properties":{"fips":"48127","name":"Dimmit","state":"Texas"}},
{"type":"Feature","geometry":{"type":"Polygon","coordinates":[[[-83.0045,37.8595],[-83.2629,37.7126],[-83.2486,37.6697],[-82.9471,37.503],[-82.9255,37.4867],[-82.9399,37.7161],[-83.0045,37.8595]]]},"properties":{"fips":"21153","name":"Magoffin","state":"Kentucky"}},
{"type":"Feature","geometry":{"type":"Polygon","coordinates":[[[-111.8553,41.1394],[-112.1855,41.1532],[-112.4942,41.0767],[-112.2608,40.7692],[-112.0096,40.9212],[-111.7404,40.8611],[-111.8553,41.1394]]]},"properties":{"fips":"49011","name":"Davis","state":"Utah"}},
{"type":"Feature","geometry":{"type":"Polygon","coordinates":[[[-112.5193,38.5107],[-112.3362,38.3329],[-112.4439,38.1499],[-111.8445,38.1516],[-111.7655,38.5021],[-112.5193,38.5107]]]},"properties":{"fips":"49031","name":"Piute","state":"Utah"}},
{"type":"Feature","geometry":{"type":"Polygon","coordinates":[[[-82.642,37.7204],[-82.563,37.6852],[-82.3333,37.741],[-82.423,37.8544],[-82.4984,37.9454],[-82.6133,37.8793],[-82.642,37.7204]]]},"properties":{"fips":"21159","name":"Martin","state":"Kentucky"}},
{"type":"Feature","geometry":{"type":"Polygon","coordinates":[[[-91.2563,43.7261],[-91.285,43.8472],[-91.7301,43.8472],[-91.7301,43.501],[-91.6116,43.5001],[-91.2168,43.5001],[-91.2563,43.7261]]]},"properties":{"fips":"27055","name":"Houston","state":"Minnesota"}},
{"type":"Feature","geometry":{"type":"Polygon","coordinates":[[[-122.7631,45.7285],[-122.6447,45.61],[-122.2499,45.5481],[-122.2463,46.0541],[-122.7847,45.8505],[-122.7631,45.7285]]]},"properties":{"fips":"53011","name":"Clark","state":"Washington"}},
{"type":"Feature","geometry":{"type":"Polygon","coordinates":[[[-88.0403,43.5422],[-88.0618,43.1917],[-87.8931,43.1917],[-87.7926,43.5431],[-88.0403,43.5422]]]},"properties":{"fips":"55089","name":"Ozaukee","state":"Wisconsin"}},
{"type":"Feature","geometry":{"type":"Polygon","coordinates":[[[-112.3111,46.4209],[-112.5588,46.2654],[-112.5767,46.1787],[-112.4152,45.8368],[-112.1891,45.7483],[-111.805,45.7981],[-111.6614,45.8333],[-111.7835,46.0498],[-111.7871,46.5695],[-112.0204,46.5687],[-112.3111,46.4209]]]},"properties":{"fips":"30043","name":"Jefferson","state":"Montana"}},
{"type":"Feature","geometry":{"type":"Polygon","coordinates":[[[-83.3096,35.8957],[-83.6721,36.0383],[-83.7942,35.8871],[-83.6614,35.5693],[-83.4855,35.5684],[-83.2558,35.6964],[-83.2558,35.7153],[-83.3096,35.8957]]]},"properties":{"fips":"47155","name":"Sevier","state":"Tennessee"}},
{"type":"Feature","geometry":{"type":"Polygon","coordinates":[[[-66.1671,18.0505],[-66.2174,17.9156],[-66.0702,17.9663],[-66.081,18.0333],[-66.0523,18.1072],[-66.1671,18.0505]]]},"properties":{"fips":"72057","name":"Guayama","state":"Puerto Rico"}},
{"type":"Feature","geometry":{"type":"Polygon","coordinates":[[[-116.5859,41.0003],[-116.6003,40.0742],[-116.6003,39.1619],[-115.9076,39.1619],[-115.9076,39.4583],[-115.8142,39.588],[-115.8358,40.1275],[-116.0009,40.1275],[-116.1588,40.6661],[-116.1588,41.0003],[-116.5859,41.0003]]]},"properties":{"fips":"32011","name":"Eureka","state":"Nevada"}},
{"type":"Feature","geometry":{"type":"Polygon","coordinates":[[[-92.7782,32.4535],[-92.4156,32.4956],[-92.4156,32.5832],[-92.57,32.749],[-92.7243,32.7593],[-92.8822,32.5849],[-92.7782,32.4535]]]},"properties":{"fips":"22061","name":"Lincoln","state":"Louisiana"}},
{"type":"Feature","geometry":{"type":"Polygon","coordinates":[[[-92.4156,32.5832],[-92.0639,32.7232],[-92.0675,33.0084],[-92.7243,33.0144],[-92.7243,32.7593],[-92.57,32.749],[-92.4156,32.5832]]]},"properties":{"fips":"22111","name":"Union","state":"Louisiana"}},
{"type":"Feature","geometry":{"type":"Polygon","coordinates":[[[-71.5331,43.7613],[-71.7269,43.5637],[-71.2352,43.2854],[-71.1634,43.5388],[-71.5331,43.7613]]]},"properties":{"fips":"33001","name":"Belknap","state":"New Hampshire"}},
{"type":"Feature","geometry":{"type":"Polygon","coordinates":[[[-92.3295,33.7077],[-92.351,33.2988],[-92.1393,33.1631],[-91.9885,33.3984],[-91.9742,33.7043],[-92.3295,33.7077]]]},"properties":{"fips":"05011","name":"Bradley","state":"Arkansas"}},
{"type":"Feature","geometry":{"type":"Polygon","coordinates":[[[-101.3422,40.3508],[-101.3243,40.3508],[-100.7787,40.3491],[-100.7787,40.7005],[-101.2489,40.6979],[-101.3458,40.6979],[-101.3422,40.3508]]]},"properties":{"fips":"31085","name":"Hayes","state":"Nebraska"}},
{"type":"Feature","geometry":{"type":"Polygon","coordinates":[[[-76.9386,40.6386],[-76.9494,40.6283],[-76.7017,40.6584],[-76.3787,40.7752],[-76.5294,40.8826],[-76.7914,40.947],[-76.734,41.1721],[-76.8955,41.1394],[-76.7986,40.8817],[-76.7986,40.8783],[-76.9386,40.6386]]]},"properties":{"fips":"42097","name":"Northumberland","state":"Pennsylvania"}},
{"type":"Feature","geometry":{"type":"Polygon","coordinates":[[[-75.948,38.9188],[-76.1992,38.8509],[-76.3356,38.7727],[-76.0305,38.5726],[-75.9444,38.6739],[-75.948,38.9188]]]},"properties":{"fips":"24041","name":"Talbot","state":"Maryland"}},
{"type":"Feature","geometry":{"type":"Polygon","coordinates":[[[-95.3876,42.91],[-94.9138,42.91],[-94.9138,43.2553],[-95.3876,43.2553],[-95.3876,42.91]]]},"properties":{"fips":"19041","name":"Clay","state":"Iowa"}},
{"type":"Feature","geometry":{"type":"Polygon","coordinates":[[[-84.3218,34.9886],[-84.2931,35.2068],[-84.4941,35.2858],[-84.7022,35.2411],[-84.7776,34.9877],[-84.6197,34.9886],[-84.3218,34.9886]]]},"properties":{"fips":"47139","name":"Polk","state":"Tennessee"}},
{"type":"Feature","geometry":{"type":"Polygon","coordinates":[[[-96.0372,39.5665],[-96.2382,39.5665],[-96.5792,39.5665],[-96.7264,39.4033],[-96.5541,39.1791],[-96.389,39.173],[-96.0408,39.1267],[-96.0372,39.2169],[-96.0372,39.5665]]]},"properties":{"fips":"20149","name":"Pottawatomie","state":"Kansas"}},
{"type":"Feature","geometry":{"type":"Polygon","coordinates":[[[-76.5294,39.2409],[-76.6192,39.2375],[-76.533,39.2065],[-76.5294,39.2409]]]},"properties":{"fips":"24510","name":"Baltimore","state":"Maryland"}},
{"type":"Feature","geometry":{"type":"Polygon","coordinates":[[[-70.0041,44.1247],[-70.1297,44.4872],[-70.2374,44.4588],[-70.4815,44.0319],[-70.0328,43.976],[-70.0041,44.1247]]]},"properties":{"fips":"23001","name":"Androscoggin","state":"Maine"}},
{"type":"Feature","geometry":{"type":"Polygon","coordinates":[[[-87.2399,39.1722],[-87.2399,39.259],[-87.6024,39.2598],[-87.6419,39.1576],[-87.527,38.9076],[-87.2399,38.9076],[-87.2399,39.1722]]]},"properties":{"fips":"18153","name":"Sullivan","state":"Indiana"}},
{"type":"Feature","geometry":{"type":"Polygon","coordinates":[[[-89.0884,34.5986],[-89.2463,34.5831],[-89.2463,34.4955],[-89.2463,34.3795],[-88.8263,34.3649],[-88.7366,34.5092],[-88.7366,34.5968],[-89.0884,34.5986]]]},"properties":{"fips":"28145","name":"Union","state":"Mississippi"}},
{"type":"Feature","geometry":{"type":"Polygon","coordinates":[[[-95.4522,43.848],[-95.4558,43.501],[-95.3876,43.5001],[-94.9138,43.5001],[-94.8528,43.501],[-94.8528,43.848],[-94.8599,43.848],[-95.4522,43.848]]]},"properties":{"fips":"27063","name":"Jackson","state":"Minnesota"}},
{"type":"Feature","geometry":{"type":"Polygon","coordinates":[[[-112.1711,40.4668],[-112.1783,40.0115],[-112.0455,39.777],[-111.8337,39.9247],[-111.6435,39.813],[-111.2487,39.813],[-110.8574,39.813],[-110.8933,39.8998],[-111.2487,40.0553],[-111.3133,40.2864],[-111.5538,40.3663],[-111.5932,40.5767],[-111.9809,40.4144],[-112.1711,40.4668]]]},"properties":{"fips":"49049","name":"Utah","state":"Utah"}},
{"type":"Feature","geometry":{"type":"Polygon","coordinates":[[[-80.8079,37.869],[-80.9443,37.8192],[-81.095,37.5889],[-80.8581,37.4292],[-80.8581,37.4283],[-80.6643,37.7315],[-80.8079,37.869]]]},"properties":{"fips":"54089","name":"Summers","state":"West Virginia"}},
{"type":"Feature","geometry":{"type":"Polygon","coordinates":[[[-111.6435,39.813],[-111.7476,39.3827],[-112.0168,39.3148],[-112.0132,39.0459],[-111.2989,39.0322],[-111.3025,39.4668],[-111.2487,39.7039],[-111.2487,39.813],[-111.6435,39.813]]]},"properties":{"fips":"49039","name":"Sanpete","state":"Utah"}},
{"type":"Feature","geometry":{"type":"Polygon","coordinates":[[[-88.4172,43.1943],[-88.3992,43.5439],[-88.4028,43.6307],[-88.8874,43.6333],[-89.0058,43.6333],[-89.0094,43.2845],[-89.0094,43.1977],[-88.5356,43.196],[-88.4172,43.1943]]]},"properties":{"fips":"55027","name":"Dodge","state":"Wisconsin"}},
{"type":"Feature","geometry":{"type":"Polygon","coordinates":[[[-96.8807,44.9769],[-96.4536,44.9777],[-96.4536,45.2689],[-96.4715,45.3265],[-97.2253,45.2973],[-97.2253,45.1521],[-96.8843,45.1504],[-96.8807,44.9769]]]},"properties":{"fips":"46051","name":"Grant","state":"South Dakota"}},
{"type":"Feature","geometry":{"type":"Polygon","coordinates":[[[-78.0979,39.7228],[-77.8646,40.0613],[-78.1338,40.1653],[-78.3815,39.7228],[-78.342,39.7228],[-78.0979,39.7228]]]},"properties":{"fips":"42057","name":"Fulton","state":"Pennsylvania"}},
{"type":"Feature","geometry":{"type":"Polygon","coordinates":[[[-92.7674,44.8617],[-92.8033,44.7458],[-92.7315,44.714],[-92.5413,44.5671],[-92.3151,44.5413],[-92.1357,44.6848],[-92.1357,44.8574],[-92.7674,44.8617]]]},"properties":{"fips":"55093","name":"Pierce","state":"Wisconsin"}},
{"type":"Feature","geometry":{"type":"Polygon","coordinates":[[[-109.7448,46.6941],[-109.7555,47.1855],[-110.1288,47.2723],[-110.2149,47.4166],[-110.6385,47.4166],[-110.7677,47.359],[-110.6457,47.0962],[-110.6528,46.8238],[-110.4662,46.6786],[-110.2724,46.7104],[-109.9709,46.7525],[-109.7448,46.6941]]]},"properties":{"fips":"30045","name":"Judith Basin","state":"Montana"}},
{"type":"Feature","geometry":{"type":"Polygon","coordinates":[[[-80.8761,34.5436],[-80.8796,34.4577],[-80.6571,34.4783],[-80.4095,34.6149],[-80.5602,34.8176],[-80.7971,34.8202],[-80.8402,35.0015],[-80.9048,35.0762],[-80.8832,34.9671],[-80.8832,34.9662],[-80.8976,34.821],[-80.8761,34.5436]]]},"properties":{"fips":"45057","name":"Lancaster","state":"South Carolina"}},
{"type":"Feature","geometry":{"type":"Polygon","coordinates":[[[-77.3262,38.2453],[-77.3693,38.247],[-77.6421,37.991],[-77.3442,37.7891],[-77.1827,37.8913],[-77.0714,37.9643],[-77.1145,38.1499],[-77.3262,38.2453]]]},"properties":{"fips":"51033","name":"Caroline","state":"Virginia"}},
{"type":"Feature","geometry":{"type":"Polygon","coordinates":[[[-105.2833,42.4315],[-105.2797,41.6566],[-104.6551,41.6531],[-104.6551,42.6093],[-104.892,42.6093],[-105.2868,42.6058],[-105.2833,42.4315]]]},"properties":{"fips":"56031","name":"Platte","state":"Wyoming"}},
{"type":"Feature","geometry":{"type":"Polygon","coordinates":[[[-92.7674,44.8617],[-92.7566,45.2097],[-92.7459,45.2956],[-93.0186,45.2973],[-93.0222,45.1238],[-93.0186,44.8909],[-92.8033,44.7458],[-92.7674,44.8617]]]},"properties":{"fips":"27163","name":"Washington","state":"Minnesota"}},
{"type":"Feature","geometry":{"type":"Polygon","coordinates":[[[-89.3109,37.0091],[-89.5191,36.8699],[-89.3288,36.6319],[-89.1745,36.6508],[-89.1243,36.7849],[-89.0991,36.9438],[-89.1314,36.9824],[-89.3109,37.0091]]]},"properties":{"fips":"29133","name":"Mississippi","state":"Missouri"}},
{"type":"Feature","geometry":{"type":"Polygon","coordinates":[[[-75.1978,40.6085],[-75.0506,40.8705],[-75.1188,40.9685],[-75.4742,40.8147],[-75.6106,40.7872],[-75.3342,40.5372],[-75.1978,40.6085]]]},"properties":{"fips":"42095","name":"Northampton","state":"Pennsylvania"}},
{"type":"Feature","geometry":{"type":"Polygon","coordinates":[[[-93.8801,31.8444],[-93.8334,31.5858],[-93.6001,31.1761],[-93.5534,31.1855],[-93.3919,31.3642],[-93.2376,31.3642],[-93.3381,31.7147],[-93.4422,31.8453],[-93.8801,31.8444]]]},"properties":{"fips":"22085","name":"Sabine","state":"Louisiana"}},
{"type":"Feature","geometry":{"type":"Polygon","coordinates":[[[-85.596,36.8184],[-85.4524,36.9378],[-85.5278,37.1096],[-85.6857,37.1826],[-85.7431,37.1697],[-85.7396,36.8416],[-85.596,36.8184]]]},"properties":{"fips":"21169","name":"Metcalfe","state":"Kentucky"}},
{"type":"Feature","geometry":{"type":"Polygon","coordinates":[[[-111.0405,33.4663],[-111.5789,33.4655],[-111.5825,33.2052],[-112.085,33.2043],[-112.1926,33.2653],[-112.2034,32.5067],[-110.4518,32.5136],[-110.4483,33.1948],[-110.7246,33.0703],[-110.9472,33.2498],[-111.0405,33.4663]]]},"properties":{"fips":"04021","name":"Pinal","state":"Arizona"}},
{"type":"Feature","geometry":{"type":"Polygon","coordinates":[[[-110.7498,34.2635],[-110.7498,33.9998],[-109.9996,33.9998],[-109.9996,33.5771],[-109.8919,33.5677],[-109.8596,33.7773],[-109.8453,35.5177],[-109.9996,35.6629],[-109.9996,36.9979],[-110.7498,37.0031],[-110.7498,34.2635]]]},"properties":{"fips":"04017","name":"Navajo","state":"Arizona"}},
{"type":"Feature","geometry":{"type":"Polygon","coordinates":[[[-114.5149,33.0273],[-114.5257,32.7567],[-114.7195,32.7189],[-114.8128,32.4939],[-113.334,32.0386],[-113.334,32.505],[-113.334,33.3778],[-113.9586,33.3778],[-114.2673,33.4637],[-114.2673,33.0299],[-114.5149,33.0273]]]},"properties":{"fips":"04027","name":"Yuma","state":"Arizona"}},
{"type":"Feature","geometry":{"type":"Polygon","coordinates":[[[-93.0186,45.4115],[-93.0186,45.2973],[-92.7459,45.2956],[-92.6489,45.3986],[-92.8858,45.6443],[-92.8428,45.7302],[-93.1407,45.7302],[-93.0186,45.4115]]]},"properties":{"fips":"27025","name":"Chisago","state":"Minnesota"}},
{"type":"Feature","geometry":{"type":"Polygon","coordinates":[[[-89.153,36.205],[-89.4832,36.2127],[-89.6303,36.1852],[-89.7344,36.0005],[-89.6447,35.9043],[-89.3432,35.8811],[-89.1889,35.9997],[-89.153,36.205]]]},"properties":{"fips":"47045","name":"Dyer","state":"Tennessee"}},
{"type":"Feature","geometry":{"type":"Polygon","coordinates":[[[-84.1926,38.3715],[-83.9772,38.192],[-83.848,38.2968],[-83.9808,38.4394],[-84.1028,38.4592],[-84.1926,38.3715]]]},"properties":{"fips":"21181","name":"Nicholas","state":"Kentucky"}},
{"type":"Feature","geometry":{"type":"Polygon","coordinates":[[[-93.6468,43.848],[-93.7688,43.848],[-94.2462,43.848],[-94.2462,43.5001],[-93.9698,43.4993],[-93.6468,43.4993],[-93.6468,43.848]]]},"properties":{"fips":"27043","name":"Faribault","state":"Minnesota"}},
{"type":"Feature","geometry":{"type":"Polygon","coordinates":[[[-83.5285,37.2582],[-83.507,37.2359],[-83.2019,37.1749],[-83.1804,37.0211],[-83.123,37.0013],[-83.0009,37.1955],[-83.123,37.4051],[-83.5465,37.3347],[-83.5285,37.2582]]]},"properties":{"fips":"21193","name":"Perry","state":"Kentucky"}},
{"type":"Feature","geometry":{"type":"Polygon","coordinates":[[[-94.4867,33.6381],[-94.7379,33.706],[-94.7487,33.3289],[-94.6518,33.2687],[-94.0416,33.2979],[-94.0452,33.5514],[-94.3574,33.5436],[-94.4867,33.6381]]]},"properties":{"fips":"48037","name":"Bowie","state":"Texas"}},
{"type":"Feature","geometry":{"type":"Polygon","coordinates":[[[-104.0557,44.5714],[-104.0593,44.9975],[-105.0392,45],[-105.0751,45],[-105.0787,44.1762],[-104.0557,44.1805],[-104.0557,44.5714]]]},"properties":{"fips":"56011","name":"Crook","state":"Wyoming"}},
{"type":"Feature","geometry":{"type":"Polygon","coordinates":[[[-80.0721,34.0857],[-80.2874,34.364],[-80.4812,34.169],[-80.1797,33.9517],[-80.0003,34.0479],[-80.0721,34.0857]]]},"properties":{"fips":"45061","name":"Lee","state":"South Carolina"}},
{"type":"Feature","geometry":{"type":"Polygon","coordinates":[[[-104.6551,41.6531],[-104.6515,41.5647],[-104.0521,41.5647],[-104.0521,41.6978],[-104.0521,42.0019],[-104.0521,42.6119],[-104.6551,42.6093],[-104.6551,41.6531]]]},"properties":{"fips":"56015","name":"Goshen","state":"Wyoming"}},
{"type":"Feature","geometry":{"type":"Polygon","coordinates":[[[-71.1921,42.2828],[-71.4793,42.1566],[-71.4972,42.0174],[-71.3824,41.9847],[-71.0809,42.0956],[-70.9553,42.2846],[-70.9911,42.3129],[-71.1921,42.2828]]]},"properties":{"fips":"25021","name":"Norfolk","state":"Massachusetts"}},
{"type":"Feature","geometry":{"type":"Polygon","coordinates":[[[-85.8939,37.4403],[-85.657,37.4223],[-85.5852,37.4695],[-85.4668,37.4652],[-85.5206,37.5546],[-85.6821,37.7324],[-85.8939,37.4403]]]},"properties":{"fips":"21123","name":"Larue","state":"Kentucky"}},
{"type":"Feature","geometry":{"type":"Polygon","coordinates":[[[-111.6184,44.549],[-111.7906,44.4013],[-111.8588,44.1874],[-112.1568,44.0577],[-111.9773,43.9271],[-111.3994,43.9228],[-111.0477,43.9838],[-111.0477,44.4743],[-111.3779,44.7518],[-111.482,44.7088],[-111.6184,44.549]]]},"properties":{"fips":"16043","name":"Fremont","state":"Idaho"}},
{"type":"Feature","geometry":{"type":"Polygon","coordinates":[[[-85.0504,33.9044],[-84.9212,34.0823],[-85.0468,34.096],[-85.4201,34.0805],[-85.3986,33.9637],[-85.3878,33.9019],[-85.0504,33.9044]]]},"properties":{"fips":"13233","name":"Polk","state":"Georgia"}},
{"type":"Feature","geometry":{"type":"Polygon","coordinates":[[[-102.0816,42.9993],[-102.0673,42.4435],[-102.0062,42.0964],[-101.4248,42.0921],[-100.8469,42.0878],[-100.269,42.0861],[-100.1685,42.0861],[-100.1972,42.8464],[-100.1972,42.9984],[-101.2274,42.9976],[-102.0816,42.9993]]]},"properties":{"fips":"31031","name":"Cherry","state":"Nebraska"}},
{"type":"Feature","geometry":{"type":"Polygon","coordinates":[[[-83.9162,33.7438],[-83.9808,33.7859],[-84.0239,33.7532],[-84.1854,33.6459],[-84.0454,33.5256],[-83.9162,33.7438]]]},"properties":{"fips":"13247","name":"Rockdale","state":"Georgia"}},
{"type":"Feature","geometry":{"type":"Polygon","coordinates":[[[-114.6262,33.4337],[-116.0834,33.4259],[-116.105,32.6184],[-114.7195,32.7189],[-114.5257,32.7567],[-114.5149,33.0273],[-114.7087,33.0909],[-114.6262,33.4337]]]},"properties":{"fips":"06025","name":"Imperial","state":"California"}},
{"type":"Feature","geometry":{"type":"Polygon","coordinates":[[[-117.031,48.8469],[-117.0418,48.0454],[-117.0418,47.9775],[-116.5034,47.9913],[-116.3311,47.8908],[-116.0476,47.9775],[-116.0511,48.2164],[-116.0476,48.5024],[-116.7834,48.5007],[-116.7869,48.8478],[-117.031,48.8469]]]},"properties":{"fips":"16017","name":"Bonner","state":"Idaho"}},
{"type":"Feature","geometry":{"type":"Polygon","coordinates":[[[-87.0927,39.9531],[-87.0927,40.2151],[-87.0927,40.3663],[-87.405,40.1275],[-87.4193,39.9522],[-87.0927,39.9531]]]},"properties":{"fips":"18045","name":"Fountain","state":"Indiana"}},
{"type":"Feature","geometry":{"type":"Polygon","coordinates":[[[-86.2564,35.4121],[-86.26,35.3339],[-85.9118,35.2892],[-85.8759,35.5238],[-85.9836,35.6603],[-86.2062,35.7042],[-86.2456,35.632],[-86.2564,35.4121]]]},"properties":{"fips":"47031","name":"Coffee","state":"Tennessee"}},
{"type":"Feature","geometry":{"type":"Polygon","coordinates":[[[-85.5565,35.5332],[-85.6032,35.7952],[-85.6821,35.8313],[-85.8867,35.8399],[-85.9836,35.6603],[-85.8759,35.5238],[-85.6067,35.5315],[-85.5565,35.5332]]]},"properties":{"fips":"47177","name":"Warren","state":"Tennessee"}},
{"type":"Feature","geometry":{"type":"Polygon","coordinates":[[[-82.7317,37.2711],[-82.5666,37.1963],[-82.5523,37.2032],[-82.3154,37.296],[-81.9672,37.5374],[-82.3333,37.741],[-82.563,37.6852],[-82.5882,37.4463],[-82.7102,37.2857],[-82.7317,37.2711]]]},"properties":{"fips":"21195","name":"Pike","state":"Kentucky"}},
{"type":"Feature","geometry":{"type":"Polygon","coordinates":[[[-83.708,37.7161],[-83.6326,37.8252],[-83.769,37.918],[-83.9664,37.9308],[-84.0023,37.8372],[-83.7224,37.7161],[-83.708,37.7161]]]},"properties":{"fips":"21197","name":"Powell","state":"Kentucky"}},
{"type":"Feature","geometry":{"type":"Polygon","coordinates":[[[-86.2708,43.1187],[-86.2098,42.7673],[-85.7826,42.7682],[-85.7898,43.2055],[-85.9082,43.1187],[-86.2708,43.1187]]]},"properties":{"fips":"26139","name":"Ottawa","state":"Michigan"}},
{"type":"Feature","geometry":{"type":"Polygon","coordinates":[[[-86.2277,36.4876],[-86.2062,36.6397],[-86.4108,36.6508],[-86.5651,36.6337],[-86.7553,36.4052],[-86.5938,36.2454],[-86.2815,36.3476],[-86.2277,36.4876]]]},"properties":{"fips":"47165","name":"Sumner","state":"Tennessee"}},
{"type":"Feature","geometry":{"type":"Polygon","coordinates":[[[-80.0756,35.1432],[-79.9249,35.1157],[-79.8495,34.9027],[-79.9285,34.8064],[-79.6916,34.8047],[-79.4583,35.0435],[-79.6126,35.1638],[-80.0756,35.1432]]]},"properties":{"fips":"37153","name":"Richmond","state":"North Carolina"}},
{"type":"Feature","geometry":{"type":"Polygon","coordinates":[[[-103.8009,30.4124],[-103.7937,29.2595],[-103.2804,28.982],[-103.101,29.0576],[-102.8425,29.3583],[-102.8102,29.5224],[-102.6451,29.7337],[-102.3867,29.7672],[-102.3221,29.8789],[-102.5662,30.0524],[-103.4384,30.6658],[-103.8009,30.4124]]]},"properties":{"fips":"48043","name":"Brewster","state":"Texas"}},
{"type":"Feature","geometry":{"type":"Polygon","coordinates":[[[-106.0765,43.4941],[-106.0191,43.495],[-106.0083,44.5636],[-107.3686,44.5602],[-107.1605,44.3686],[-107.1461,44.1659],[-107.1102,43.5001],[-106.0765,43.4941]]]},"properties":{"fips":"56019","name":"Johnson","state":"Wyoming"}},
{"type":"Feature","geometry":{"type":"Polygon","coordinates":[[[-92.7566,45.2097],[-92.1572,45.2097],[-92.1536,45.64],[-92.5269,45.7285],[-92.8858,45.6443],[-92.6489,45.3986],[-92.7459,45.2956],[-92.7566,45.2097]]]},"properties":{"fips":"55095","name":"Polk","state":"Wisconsin"}},
{"type":"Feature","geometry":{"type":"Polygon","coordinates":[[[-92.1357,44.8574],[-92.1572,45.2097],[-92.7566,45.2097],[-92.7674,44.8617],[-92.1357,44.8574]]]},"properties":{"fips":"55109","name":"St. Croix","state":"Wisconsin"}},
{"type":"Feature","geometry":{"type":"Polygon","coordinates":[[[-102.1642,36.5005],[-103.0041,36.5005],[-103.04,36.0555],[-102.1642,36.0555],[-102.1642,36.5005]]]},"properties":{"fips":"48111","name":"Dallam","state":"Texas"}},
{"type":"Feature","geometry":{"type":"Polygon","coordinates":[[[-76.9386,40.6386],[-77.2868,40.6936],[-77.7534,40.3783],[-77.7031,40.2632],[-77.6708,40.2898],[-77.2904,40.5183],[-76.9494,40.6283],[-76.9386,40.6386]]]},"properties":{"fips":"42067","name":"Juniata","state":"Pennsylvania"}},
{"type":"Feature","geometry":{"type":"Polygon","coordinates":[[[-87.527,41.2984],[-87.527,41.1661],[-87.2758,41.2185],[-87.2183,41.2417],[-87.2219,41.6239],[-87.5234,41.7081],[-87.527,41.4702],[-87.527,41.2984]]]},"properties":{"fips":"18089","name":"Lake","state":"Indiana"}},
{"type":"Feature","geometry":{"type":"Polygon","coordinates":[[[-76.2818,41.3765],[-75.8331,41.4272],[-75.7182,41.642],[-76.1167,41.6514],[-76.2207,41.5415],[-76.2818,41.3765]]]},"properties":{"fips":"42131","name":"Wyoming","state":"Pennsylvania"}},
{"type":"Feature","geometry":{"type":"Polygon","coordinates":[[[-94.2139,39.2074],[-94.6087,39.1138],[-94.6087,39.0442],[-94.6087,38.8475],[-94.1206,38.8329],[-94.1134,38.917],[-94.1062,39.1438],[-94.2139,39.2074]]]},"properties":{"fips":"29095","name":"Jackson","state":"Missouri"}},
{"type":"Feature","geometry":{"type":"Polygon","coordinates":[[[-80.1582,40.8551],[-80.0972,41.0698],[-80.5207,41.1248],[-80.5207,40.9006],[-80.5207,40.8516],[-80.1582,40.8551]]]},"properties":{"fips":"42073","name":"Lawrence","state":"Pennsylvania"}},
{"type":"Feature","geometry":{"type":"Polygon","coordinates":[[[-80.0003,41.4899],[-80.5207,41.4891],[-80.5207,41.1334],[-80.5207,41.1248],[-80.0972,41.0698],[-80.0003,41.1721],[-80.0003,41.4899]]]},"properties":{"fips":"42085","name":"Mercer","state":"Pennsylvania"}},
{"type":"Feature","geometry":{"type":"Polygon","coordinates":[[[-75.65,41.1223],[-75.5998,41.1618],[-75.8331,41.4272],[-76.2818,41.3765],[-76.3105,41.3104],[-76.2064,40.9496],[-75.9982,40.9126],[-75.65,41.1223]]]},"properties":{"fips":"42079","name":"Luzerne","state":"Pennsylvania"}},
{"type":"Feature","geometry":{"type":"Polygon","coordinates":[[[-114.3749,43.1995],[-114.5077,43.4778],[-114.6836,43.5903],[-114.759,43.7913],[-114.9887,43.8584],[-115.082,43.6041],[-115.0856,43.1977],[-114.5939,43.1986],[-114.3749,43.1995]]]},"properties":{"fips":"16025","name":"Camas","state":"Idaho"}},
{"type":"Feature","geometry":{"type":"Polygon","coordinates":[[[-91.3676,41.8602],[-91.8306,41.8619],[-91.8306,41.5114],[-91.4824,41.4238],[-91.3676,41.4229],[-91.3676,41.5982],[-91.3676,41.8602]]]},"properties":{"fips":"19103","name":"Johnson","state":"Iowa"}},
{"type":"Feature","geometry":{"type":"Polygon","coordinates":[[[-93.557,41.1609],[-93.557,40.898],[-93.0976,40.898],[-93.0976,41.1609],[-93.3273,41.1609],[-93.557,41.1609]]]},"properties":{"fips":"19117","name":"Lucas","state":"Iowa"}},
{"type":"Feature","geometry":{"type":"Polygon","coordinates":[[[-99.002,36.9996],[-99.4578,36.9996],[-99.2963,36.8192],[-99.1384,36.7831],[-98.9589,36.5065],[-98.6251,36.3923],[-98.5354,36.4636],[-98.5462,36.9988],[-99.002,36.9996]]]},"properties":{"fips":"40151","name":"Woods","state":"Oklahoma"}},
{"type":"Feature","geometry":{"type":"Polygon","coordinates":[[[-99.2963,36.8192],[-99.2963,36.595],[-99.605,36.5924],[-99.5978,36.1638],[-99.3825,36.1646],[-98.9553,36.1612],[-98.9589,36.5065],[-99.1384,36.7831],[-99.2963,36.8192]]]},"properties":{"fips":"40153","name":"Woodward","state":"Oklahoma"}},
{"type":"Feature","geometry":{"type":"Polygon","coordinates":[[[-105.9257,34.2601],[-105.9257,33.8254],[-106.0514,33.6501],[-106.3744,33.6605],[-106.3744,33.4801],[-106.3457,33.3907],[-105.7283,33.3907],[-105.7247,33.3048],[-105.3192,33.3057],[-105.3156,33.1321],[-104.9064,33.139],[-104.892,34.0883],[-104.892,34.3468],[-105.312,34.3468],[-105.312,34.2601],[-105.9257,34.2601]]]},"properties":{"fips":"35027","name":"Lincoln","state":"New Mexico"}},
{"type":"Feature","geometry":{"type":"Polygon","coordinates":[[[-101.2561,47.2645],[-101.4391,47.4587],[-102.2036,47.5746],[-102.1462,47.0102],[-102.096,46.981],[-101.7658,46.981],[-101.7658,47.2413],[-101.2561,47.2645]]]},"properties":{"fips":"38057","name":"Mercer","state":"North Dakota"}},
{"type":"Feature","geometry":{"type":"Polygon","coordinates":[[[-106.4175,34.4396],[-106.8841,34.5797],[-107.2035,34.5788],[-107.724,34.5779],[-107.7132,33.4766],[-106.3744,33.4801],[-106.3744,33.6605],[-106.0514,33.6501],[-105.9257,33.8254],[-105.9257,34.2601],[-106.4175,34.2601],[-106.4175,34.4396]]]},"properties":{"fips":"35053","name":"Socorro","state":"New Mexico"}},
{"type":"Feature","geometry":{"type":"Polygon","coordinates":[[[-86.6943,40.4324],[-86.7697,40.5621],[-87.0963,40.563],[-87.0927,40.4754],[-87.0927,40.3663],[-87.0927,40.2151],[-86.6943,40.2142],[-86.6943,40.4324]]]},"properties":{"fips":"18157","name":"Tippecanoe","state":"Indiana"}},
{"type":"Feature","geometry":{"type":"Polygon","coordinates":[[[-88.1587,36.8673],[-88.1121,36.7471],[-88.069,36.6783],[-87.6957,36.6371],[-87.7316,37.0022],[-87.8788,36.9601],[-88.1587,36.8673]]]},"properties":{"fips":"21221","name":"Trigg","state":"Kentucky"}},
{"type":"Feature","geometry":{"type":"Polygon","coordinates":[[[-79.6916,34.8047],[-79.4619,34.6303],[-79.347,34.8382],[-79.4583,35.0435],[-79.6916,34.8047]]]},"properties":{"fips":"37165","name":"Scotland","state":"North Carolina"}},
{"type":"Feature","geometry":{"type":"Polygon","coordinates":[[[-88.7079,37.9068],[-88.7043,38.125],[-89.1278,38.125],[-89.1781,37.9506],[-89.1494,37.8621],[-88.7079,37.863],[-88.7079,37.9068]]]},"properties":{"fips":"17055","name":"Franklin","state":"Illinois"}},
{"type":"Feature","geometry":{"type":"Polygon","coordinates":[[[-88.3741,37.5992],[-88.1336,37.5743],[-88.0295,37.7994],[-88.0905,37.8913],[-88.3741,37.9085],[-88.3741,37.9076],[-88.3741,37.5992]]]},"properties":{"fips":"17059","name":"Gallatin","state":"Illinois"}},
{"type":"Feature","geometry":{"type":"Polygon","coordinates":[[[-90.5815,39.5218],[-90.6138,39.3955],[-90.603,39.1172],[-90.1472,39.2615],[-90.1544,39.5201],[-90.3015,39.5201],[-90.5815,39.5218]]]},"properties":{"fips":"17061","name":"Greene","state":"Illinois"}},
{"type":"Feature","geometry":{"type":"Polygon","coordinates":[[[-120.9972,38.2255],[-120.9254,38.0777],[-120.6526,37.8321],[-120.2578,38.2856],[-120.0209,38.4334],[-120.0712,38.5098],[-120.4588,38.4471],[-120.9972,38.2255]]]},"properties":{"fips":"06009","name":"Calaveras","state":"California"}},
{"type":"Feature","geometry":{"type":"Polygon","coordinates":[[[-82.3261,34.0642],[-82.5953,34.0135],[-82.563,33.956],[-82.2185,33.6862],[-82.1144,33.5969],[-82.1718,33.7661],[-82.0462,33.9534],[-82.3261,34.0642]]]},"properties":{"fips":"45065","name":"McCormick","state":"South Carolina"}},
{"type":"Feature","geometry":{"type":"Polygon","coordinates":[[[-82.764,35.0685],[-82.8968,35.0564],[-82.8394,34.6235],[-82.4877,34.8193],[-82.5379,35.0161],[-82.764,35.0685]]]},"properties":{"fips":"45077","name":"Pickens","state":"South Carolina"}},
{"type":"Feature","geometry":{"type":"Polygon","coordinates":[[[-78.3061,38.0064],[-78.4928,37.7968],[-78.2415,37.6903],[-78.159,37.7487],[-78.0621,37.9051],[-78.3061,38.0064]]]},"properties":{"fips":"51065","name":"Fluvanna","state":"Virginia"}},
{"type":"Feature","geometry":{"type":"Polygon","coordinates":[[[-80.0003,34.0479],[-80.1797,33.9517],[-80.4812,34.169],[-80.6176,34.0994],[-80.6212,33.7429],[-80.5351,33.6441],[-80.3987,33.7678],[-79.9751,33.9465],[-80.0003,34.0479]]]},"properties":{"fips":"45085","name":"Sumter","state":"South Carolina"}},
{"type":"Feature","geometry":{"type":"Polygon","coordinates":[[[-76.5079,37.8389],[-76.3212,37.6809],[-76.2351,37.8887],[-76.5187,38.0348],[-76.6335,37.9669],[-76.5079,37.8389]]]},"properties":{"fips":"51133","name":"Northumberland","state":"Virginia"}},
{"type":"Feature","geometry":{"type":"Polygon","coordinates":[[[-83.6434,38.5253],[-83.9305,38.4927],[-83.9808,38.4394],[-83.848,38.2968],[-83.6362,38.1877],[-83.4532,38.3819],[-83.6434,38.5253]]]},"properties":{"fips":"21069","name":"Fleming","state":"Kentucky"}},
{"type":"Feature","geometry":{"type":"Polygon","coordinates":[[[-84.4402,36.1638],[-84.3433,36.0486],[-84.2715,35.9103],[-83.9413,36.1861],[-84.0059,36.2703],[-84.372,36.217],[-84.4402,36.1638]]]},"properties":{"fips":"47001","name":"Anderson","state":"Tennessee"}},
{"type":"Feature","geometry":{"type":"Polygon","coordinates":[[[-112.0491,47.5162],[-111.4102,47.6984],[-111.4102,47.987],[-111.9845,47.9844],[-112.1783,48.1305],[-113.0146,48.1313],[-112.9859,47.9535],[-112.9105,47.6923],[-112.5659,47.6374],[-112.2788,47.5068],[-112.0491,47.5162]]]},"properties":{"fips":"30099","name":"Teton","state":"Montana"}},
{"type":"Feature","geometry":{"type":"Polygon","coordinates":[[[-106.0047,36.9953],[-105.958,36.3545],[-105.7355,36.1002],[-105.5309,36.0134],[-105.3407,36.2617],[-105.3694,36.6809],[-105.2294,36.7239],[-105.2222,36.9953],[-105.7176,36.9962],[-106.0047,36.9953]]]},"properties":{"fips":"35055","name":"Taos","state":"New Mexico"}},
{"type":"Feature","geometry":{"type":"Polygon","coordinates":[[[-85.6534,41.4367],[-86.059,41.4358],[-86.0769,41.1729],[-85.9441,41.0432],[-85.6857,41.0467],[-85.6534,41.2949],[-85.6534,41.4367]]]},"properties":{"fips":"18085","name":"Kosciusko","state":"Indiana"}},
{"type":"Feature","geometry":{"type":"Polygon","coordinates":[[[-101.0264,46.2843],[-101.4966,46.0232],[-101.9991,46.0533],[-101.9991,45.9442],[-100.5131,45.9433],[-100.6136,46.0722],[-100.5885,46.4278],[-100.9187,46.3952],[-101.0264,46.2843]]]},"properties":{"fips":"38085","name":"Sioux","state":"North Dakota"}},
{"type":"Feature","geometry":{"type":"Polygon","coordinates":[[[-85.7898,36.6216],[-85.8149,36.4997],[-85.4955,36.4034],[-85.2837,36.5314],[-85.2765,36.6268],[-85.2945,36.6259],[-85.4381,36.6182],[-85.7898,36.6216]]]},"properties":{"fips":"47027","name":"Clay","state":"Tennessee"}},
{"type":"Feature","geometry":{"type":"Polygon","coordinates":[[[-94.6518,33.2687],[-94.6554,32.8796],[-94.0416,32.8813],[-94.0416,33.0196],[-94.0416,33.2979],[-94.6518,33.2687]]]},"properties":{"fips":"48067","name":"Cass","state":"Texas"}},
{"type":"Feature","geometry":{"type":"Polygon","coordinates":[[[-70.783,43.8145],[-70.625,44.1711],[-70.4815,44.0319],[-70.2374,44.4588],[-70.2805,44.5697],[-70.7686,44.732],[-70.8332,45.2749],[-71.0845,45.3059],[-71.0091,44.2853],[-70.9876,43.7922],[-70.783,43.8145]]]},"properties":{"fips":"23017","name":"Oxford","state":"Maine"}},
{"type":"Feature","geometry":{"type":"Polygon","coordinates":[[[-83.9772,38.192],[-83.7583,37.9987],[-83.4998,38.0503],[-83.6362,38.1877],[-83.848,38.2968],[-83.9772,38.192]]]},"properties":{"fips":"21011","name":"Bath","state":"Kentucky"}},
{"type":"Feature","geometry":{"type":"Polygon","coordinates":[[[-80.0469,35.9206],[-80.0433,36.0108],[-80.3951,35.973],[-80.4597,35.7428],[-80.1833,35.504],[-80.0685,35.5057],[-80.0469,35.9206]]]},"properties":{"fips":"37057","name":"Davidson","state":"North Carolina"}},
{"type":"Feature","geometry":{"type":"Polygon","coordinates":[[[-70.3522,43.5353],[-69.8856,43.7767],[-70.0328,43.976],[-70.4815,44.0319],[-70.625,44.1711],[-70.783,43.8145],[-70.3522,43.5353]]]},"properties":{"fips":"23005","name":"Cumberland","state":"Maine"}},
{"type":"Feature","geometry":{"type":"Polygon","coordinates":[[[-94.3682,43.848],[-94.2462,43.848],[-93.7688,43.848],[-93.7688,44.196],[-94.0129,44.2398],[-94.3718,44.2647],[-94.3682,44.1083],[-94.3682,43.848]]]},"properties":{"fips":"27013","name":"Blue Earth","state":"Minnesota"}},
{"type":"Feature","geometry":{"type":"Polygon","coordinates":[[[-76.9099,36.6483],[-76.8991,36.644],[-76.4828,36.9292],[-76.673,37.1422],[-76.8489,36.9962],[-76.9242,36.7075],[-76.9278,36.7007],[-76.9278,36.6998],[-76.9171,36.6998],[-76.9171,36.6947],[-76.924,36.683],[-76.9099,36.6483]]]},"properties":{"fips":"51093","name":"Isle of Wight","state":"Virginia"}},
{"type":"Feature","geometry":{"type":"Polygon","coordinates":[[[-109.9996,40.9977],[-109.0484,41.0003],[-107.9178,41.002],[-107.9286,41.654],[-107.5086,41.6574],[-107.523,42.2614],[-109.0448,42.2639],[-110.0534,42.2708],[-110.0463,41.5784],[-110.0498,40.9977],[-109.9996,40.9977]]]},"properties":{"fips":"56037","name":"Sweetwater","state":"Wyoming"}},
{"type":"Feature","geometry":{"type":"Polygon","coordinates":[[[-115.6276,47.4793],[-115.5271,47.3032],[-115.3261,47.2559],[-114.9636,46.9329],[-114.6764,46.7371],[-114.4826,47.0231],[-114.7985,47.2688],[-115.283,47.487],[-115.6276,47.4793]]]},"properties":{"fips":"30061","name":"Mineral","state":"Montana"}},
{"type":"Feature","geometry":{"type":"Polygon","coordinates":[[[-77.4339,38.7796],[-77.477,38.7813],[-77.4591,38.7727],[-77.4339,38.7796]]]},"properties":{"fips":"51685","name":"Manassas Park","state":"Virginia"}},
{"type":"Feature","geometry":{"type":"Polygon","coordinates":[[[-89.2463,43.6427],[-89.598,43.6427],[-89.7847,43.641],[-89.598,43.5577],[-89.7201,43.2931],[-89.0094,43.2845],[-89.0058,43.6333],[-89.2463,43.6427]]]},"properties":{"fips":"55021","name":"Columbia","state":"Wisconsin"}},
{"type":"Feature","geometry":{"type":"Polygon","coordinates":[[[-66.3753,18.3443],[-66.3502,18.486],[-66.4399,18.486],[-66.4435,18.3709],[-66.3753,18.3443]]]},"properties":{"fips":"72145","name":"Vega Baja","state":"Puerto Rico"}},
{"type":"Feature","geometry":{"type":"Polygon","coordinates":[[[-100.2618,45.2466],[-100.3408,45.4725],[-101.4714,45.4725],[-101.5001,44.994],[-101.1376,44.994],[-101.1376,44.7475],[-100.7177,44.7707],[-100.4054,44.8978],[-100.2618,45.2466]]]},"properties":{"fips":"46041","name":"Dewey","state":"South Dakota"}},
{"type":"Feature","geometry":{"type":"Polygon","coordinates":[[[-81.1919,33.1184],[-81.5437,33.1579],[-81.6155,33.0943],[-81.5437,33.0454],[-81.4109,32.7447],[-81.0806,33.0265],[-81.1919,33.1184]]]},"properties":{"fips":"45005","name":"Allendale","state":"South Carolina"}},
{"type":"Feature","geometry":{"type":"Polygon","coordinates":[[[-82.703,36.4103],[-83.0835,36.2419],[-83.166,36.1809],[-82.8968,35.9447],[-82.6025,36.0401],[-82.5953,36.0959],[-82.703,36.4103]]]},"properties":{"fips":"47059","name":"Greene","state":"Tennessee"}},
{"type":"Feature","geometry":{"type":"Polygon","coordinates":[[[-83.7834,37.3484],[-83.9449,37.2505],[-83.8695,37.0546],[-83.5896,36.9558],[-83.5106,36.9386],[-83.507,37.2359],[-83.5285,37.2582],[-83.7834,37.3484]]]},"properties":{"fips":"21051","name":"Clay","state":"Kentucky"}},
{"type":"Feature","geometry":{"type":"Polygon","coordinates":[[[-88.0618,37.5056],[-88.3597,37.4051],[-88.1946,37.1474],[-88.0941,37.18],[-87.7998,37.3793],[-87.9326,37.4798],[-88.0618,37.5056]]]},"properties":{"fips":"21055","name":"Crittenden","state":"Kentucky"}},
{"type":"Feature","geometry":{"type":"Polygon","coordinates":[[[-79.9285,34.8064],[-79.8495,34.9027],[-79.9249,35.1157],[-80.0756,35.1432],[-80.2766,35.1956],[-80.3197,34.8142],[-79.9285,34.8064]]]},"properties":{"fips":"37007","name":"Anson","state":"North Carolina"}},
{"type":"Feature","geometry":{"type":"Polygon","coordinates":[[[-84.731,36.5246],[-85.0396,36.5538],[-85.1222,36.4069],[-85.1186,36.1449],[-85.1007,36.1388],[-84.9068,36.156],[-84.7022,36.3708],[-84.731,36.5246]]]},"properties":{"fips":"47049","name":"Fentress","state":"Tennessee"}},
{"type":"Feature","geometry":{"type":"Polygon","coordinates":[[[-89.3288,36.6319],[-89.4186,36.4988],[-89.3468,36.5031],[-88.8335,36.5031],[-89.1745,36.6508],[-89.3288,36.6319]]]},"properties":{"fips":"21075","name":"Fulton","state":"Kentucky"}},
{"type":"Feature","geometry":{"type":"Polygon","coordinates":[[[-82.6061,38.247],[-82.5953,38.4222],[-82.6671,38.5056],[-82.8179,38.3741],[-82.7927,38.2435],[-82.6061,38.247]]]},"properties":{"fips":"21019","name":"Boyd","state":"Kentucky"}},
{"type":"Feature","geometry":{"type":"Polygon","coordinates":[[[-82.7425,34.2085],[-82.5953,34.0135],[-82.3261,34.0642],[-82.2472,34.4096],[-82.3154,34.4843],[-82.7425,34.2085]]]},"properties":{"fips":"45001","name":"Abbeville","state":"South Carolina"}},
{"type":"Feature","geometry":{"type":"Polygon","coordinates":[[[-96.8735,29.6323],[-96.5685,29.9613],[-96.6223,30.0447],[-96.7946,30.1606],[-97.0243,30.0515],[-97.315,29.787],[-97.3186,29.7844],[-97.1427,29.628],[-96.8735,29.6323]]]},"properties":{"fips":"48149","name":"Fayette","state":"Texas"}},
{"type":"Feature","geometry":{"type":"Polygon","coordinates":[[[-119.7912,45.0679],[-119.6727,44.9949],[-119.1631,44.9966],[-119.1451,45.5155],[-119.4358,45.6031],[-119.4323,45.9184],[-119.8666,45.8359],[-119.9994,45.8127],[-120.0065,45.2578],[-119.7912,45.0679]]]},"properties":{"fips":"41049","name":"Morrow","state":"Oregon"}},
{"type":"Feature","geometry":{"type":"Polygon","coordinates":[[[-78.622,40.3268],[-78.2559,40.2976],[-78.1338,40.4737],[-78.1159,40.7391],[-78.36,40.7322],[-78.3492,40.7245],[-78.622,40.3268]]]},"properties":{"fips":"42013","name":"Blair","state":"Pennsylvania"}},
{"type":"Feature","geometry":{"type":"Polygon","coordinates":[[[-70.2769,41.3104],[-70.2661,41.2941],[-70.1189,41.2425],[-70.0615,41.3087],[-70.2302,41.2898],[-70.2769,41.3104]]]},"properties":{"fips":"25019","name":"Nantucket","state":"Massachusetts"}},
{"type":"Feature","geometry":{"type":"Polygon","coordinates":[[[-79.8746,33.8855],[-80.1008,33.4972],[-79.9716,33.5007],[-79.6772,33.3048],[-79.3183,33.7799],[-79.3255,33.7988],[-79.4978,33.7756],[-79.8746,33.8855]]]},"properties":{"fips":"45089","name":"Williamsburg","state":"South Carolina"}},
{"type":"Feature","geometry":{"type":"Polygon","coordinates":[[[-93.9303,44.4571],[-94.6231,44.4563],[-94.781,44.4563],[-94.3718,44.2647],[-94.0129,44.2398],[-93.9303,44.4571]]]},"properties":{"fips":"27103","name":"Nicollet","state":"Minnesota"}},
{"type":"Feature","geometry":{"type":"Polygon","coordinates":[[[-110.0247,38.5004],[-111.3061,38.5098],[-111.7655,38.5021],[-111.8445,38.1516],[-109.9278,38.1516],[-110.0247,38.5004]]]},"properties":{"fips":"49055","name":"Wayne","state":"Utah"}},
{"type":"Feature","geometry":{"type":"Polygon","coordinates":[[[-97.9108,31.0352],[-98.4385,31.0292],[-98.4457,30.9218],[-98.4385,30.6735],[-98.3523,30.4862],[-98.1262,30.4261],[-98.0508,30.6245],[-97.8283,30.9063],[-97.9108,31.0352]]]},"properties":{"fips":"48053","name":"Burnet","state":"Texas"}},
{"type":"Feature","geometry":{"type":"Polygon","coordinates":[[[-113.0864,45.8608],[-112.5767,46.1787],[-112.5588,46.2654],[-113.0361,46.2672],[-113.2838,46.2225],[-113.2766,46.0455],[-113.5171,45.9399],[-113.5171,45.939],[-113.3628,45.7577],[-113.0864,45.8608]]]},"properties":{"fips":"30023","name":"Deer Lodge","state":"Montana"}},
{"type":"Feature","geometry":{"type":"Polygon","coordinates":[[[-112.688,45.6246],[-112.4618,45.7423],[-112.1891,45.7483],[-112.4152,45.8368],[-112.5767,46.1787],[-113.0864,45.8608],[-112.7598,45.7483],[-112.688,45.6246]]]},"properties":{"fips":"30093","name":"Silver Bow","state":"Montana"}},
{"type":"Feature","geometry":{"type":"Polygon","coordinates":[[[-97.3976,43.1694],[-97.6381,43.1685],[-97.6345,42.8515],[-97.4837,42.8507],[-97.1607,42.8],[-97.1607,43.0835],[-97.3976,43.1694]]]},"properties":{"fips":"46135","name":"Yankton","state":"South Dakota"}},
{"type":"Feature","geometry":{"type":"Polygon","coordinates":[[[-101.2274,43.3893],[-101.2274,43.7888],[-101.0658,43.8412],[-101.0658,43.9949],[-102.0062,43.9949],[-102.139,43.7011],[-102.1103,43.3902],[-101.2274,43.3893]]]},"properties":{"fips":"46071","name":"Jackson","state":"South Dakota"}},
{"type":"Feature","geometry":{"type":"Polygon","coordinates":[[[-85.4955,36.4034],[-85.4955,36.3021],[-85.1186,36.1449],[-85.1222,36.4069],[-85.2837,36.5314],[-85.4955,36.4034]]]},"properties":{"fips":"47133","name":"Overton","state":"Tennessee"}},
{"type":"Feature","geometry":{"type":"Polygon","coordinates":[[[-111.2989,39.0322],[-111.3061,38.5098],[-110.0247,38.5004],[-110.1611,38.8878],[-110.0247,39.4694],[-111.0764,39.4694],[-111.2487,39.7039],[-111.3025,39.4668],[-111.2989,39.0322]]]},"properties":{"fips":"49015","name":"Emery","state":"Utah"}},
{"type":"Feature","geometry":{"type":"Polygon","coordinates":[[[-97.376,28.3884],[-97.5412,28.1651],[-97.2612,28.0757],[-97.2145,28.0766],[-97.0279,28.1848],[-96.791,28.3188],[-96.7659,28.4107],[-96.8915,28.507],[-97.1607,28.5533],[-97.376,28.3884]]]},"properties":{"fips":"48391","name":"Refugio","state":"Texas"}},
{"type":"Feature","geometry":{"type":"Polygon","coordinates":[[[-101.0874,36.0572],[-100.5454,36.0564],[-100.5454,36.4997],[-100.9546,36.4997],[-101.0838,36.4997],[-101.0874,36.0572]]]},"properties":{"fips":"48357","name":"Ochiltree","state":"Texas"}},
{"type":"Feature","geometry":{"type":"Polygon","coordinates":[[[-107.4835,36.9996],[-108.3808,36.9996],[-109.0448,36.9988],[-109.0448,36.0031],[-107.6271,36.0005],[-107.6235,36.2196],[-107.6199,36.7977],[-107.4225,36.9996],[-107.4835,36.9996]]]},"properties":{"fips":"35045","name":"San Juan","state":"New Mexico"}},
{"type":"Feature","geometry":{"type":"Polygon","coordinates":[[[-91.8485,35.8674],[-91.8378,35.705],[-91.7947,35.5341],[-91.5829,35.5306],[-91.3712,35.5263],[-91.3568,35.6956],[-91.1989,35.8897],[-91.3568,35.8906],[-91.7121,35.9421],[-91.8485,35.8674]]]},"properties":{"fips":"05063","name":"Independence","state":"Arkansas"}},
{"type":"Feature","geometry":{"type":"Polygon","coordinates":[[[-92.4085,37.8595],[-92.4049,38.021],[-92.6956,38.2221],[-93.0761,38.2633],[-93.0653,38.0623],[-93.0725,37.9025],[-92.8571,37.8956],[-92.4085,37.8595]]]},"properties":{"fips":"29029","name":"Camden","state":"Missouri"}},
{"type":"Feature","geometry":{"type":"Polygon","coordinates":[[[-97.9288,48.5428],[-97.1607,48.5428],[-97.1643,48.5437],[-97.0961,48.6863],[-97.2289,49.0007],[-97.9503,49.0007],[-97.9288,48.5428]]]},"properties":{"fips":"38067","name":"Pembina","state":"North Dakota"}},
{"type":"Feature","geometry":{"type":"Polygon","coordinates":[[[-91.0409,35.4447],[-91.0374,35.7085],[-91.0338,35.8854],[-91.1989,35.8897],[-91.3568,35.6956],[-91.3712,35.5263],[-91.5829,35.5306],[-91.346,35.4387],[-91.0409,35.3545],[-91.0409,35.4447]]]},"properties":{"fips":"05067","name":"Jackson","state":"Arkansas"}},
{"type":"Feature","geometry":{"type":"Polygon","coordinates":[[[-96.9238,43.5001],[-96.9238,43.0835],[-96.8053,43.0835],[-96.4536,43.0835],[-96.5541,43.2596],[-96.5972,43.5001],[-96.9238,43.5001]]]},"properties":{"fips":"46083","name":"Lincoln","state":"South Dakota"}},
{"type":"Feature","geometry":{"type":"Polygon","coordinates":[[[-88.9591,36.223],[-88.8263,36.5031],[-88.8335,36.5031],[-89.3468,36.5031],[-89.4832,36.2127],[-89.153,36.205],[-88.9591,36.223]]]},"properties":{"fips":"47131","name":"Obion","state":"Tennessee"}},
{"type":"Feature","geometry":{"type":"Polygon","coordinates":[[[-81.6513,33.8142],[-82.0139,33.5325],[-81.8523,33.2473],[-81.7554,33.1983],[-81.3714,33.4904],[-81.1883,33.6527],[-81.5724,33.8769],[-81.6513,33.8142]]]},"properties":{"fips":"45003","name":"Aiken","state":"South Carolina"}},
{"type":"Feature","geometry":{"type":"Polygon","coordinates":[[[-123.1508,44.72],[-123.603,44.7209],[-123.5994,44.4331],[-123.7753,44.2836],[-123.1795,44.2836],[-123.2549,44.5722],[-123.1508,44.72]]]},"properties":{"fips":"41003","name":"Benton","state":"Oregon"}},
{"type":"Feature","geometry":{"type":"Polygon","coordinates":[[[-123.1795,44.2836],[-123.7753,44.2836],[-124.1163,44.2759],[-124.1594,43.8635],[-123.7035,43.9443],[-123.5276,43.83],[-123.14,43.7793],[-123.1077,43.5396],[-122.7416,43.4374],[-122.1314,43.44],[-122.0022,43.6152],[-121.9771,43.8566],[-121.7689,44.1015],[-121.8191,44.2621],[-122.9067,44.2011],[-123.1795,44.2836]]]},"properties":{"fips":"41039","name":"Lane","state":"Oregon"}},
{"type":"Feature","geometry":{"type":"Polygon","coordinates":[[[-76.7914,37.5176],[-76.7412,37.467],[-76.7125,37.4317],[-76.6551,37.6035],[-76.752,37.729],[-77.0032,37.8363],[-77.0714,37.9643],[-77.1827,37.8913],[-76.9171,37.6937],[-76.7914,37.5176]]]},"properties":{"fips":"51097","name":"King and Queen","state":"Virginia"}},
{"type":"Feature","geometry":{"type":"Polygon","coordinates":[[[-89.3109,37.0091],[-89.4904,37.2513],[-89.7667,37.1259],[-89.6914,36.8596],[-89.5191,36.8699],[-89.3109,37.0091]]]},"properties":{"fips":"29201","name":"Scott","state":"Missouri"}},
{"type":"Feature","geometry":{"type":"Polygon","coordinates":[[[-96.3782,28.3901],[-96.2203,28.4924],[-95.506,28.8257],[-95.7645,28.9674],[-95.8757,29.2294],[-96.31,28.9631],[-96.3244,28.6753],[-96.3782,28.3901]]]},"properties":{"fips":"48321","name":"Matagorda","state":"Texas"}},
{"type":"Feature","geometry":{"type":"Polygon","coordinates":[[[-99.0953,32.9569],[-98.9517,32.9569],[-98.9553,33.3976],[-99.4722,33.3993],[-99.4722,32.9569],[-99.0953,32.9569]]]},"properties":{"fips":"48447","name":"Throckmorton","state":"Texas"}},
{"type":"Feature","geometry":{"type":"Polygon","coordinates":[[[-91.5506,46.1572],[-92.0495,46.1572],[-92.0316,45.64],[-91.5399,45.6375],[-91.5506,46.1572]]]},"properties":{"fips":"55129","name":"Washburn","state":"Wisconsin"}},
{"type":"Feature","geometry":{"type":"Polygon","coordinates":[[[-109.9278,38.1516],[-111.8445,38.1516],[-112.4439,38.1499],[-112.4798,38.1473],[-112.469,37.8905],[-112.688,37.8054],[-112.6844,37.5434],[-112.1639,37.5365],[-110.6457,37.5408],[-110.4016,37.881],[-110.2185,37.893],[-109.9278,38.1516]]]},"properties":{"fips":"49017","name":"Garfield","state":"Utah"}},
{"type":"Feature","geometry":{"type":"Polygon","coordinates":[[[-96.328,41.1901],[-95.9224,41.191],[-95.9367,41.3911],[-96.328,41.3929],[-96.4715,41.3929],[-96.328,41.1901]]]},"properties":{"fips":"31055","name":"Douglas","state":"Nebraska"}},
{"type":"Feature","geometry":{"type":"Polygon","coordinates":[[[-82.2436,36.5959],[-82.1467,36.595],[-82.179,36.6268],[-82.2436,36.5959]]]},"properties":{"fips":"51520","name":"Bristol","state":"Virginia"}},
{"type":"Feature","geometry":{"type":"Polygon","coordinates":[[[-96.8915,47.6717],[-97.473,47.6717],[-97.4514,47.2388],[-96.8341,47.2379],[-96.852,47.4991],[-96.8915,47.6717]]]},"properties":{"fips":"38097","name":"Traill","state":"North Dakota"}},
{"type":"Feature","geometry":{"type":"Polygon","coordinates":[[[-91.9526,34.0642],[-91.7265,34.1742],[-91.4465,34.0805],[-91.7121,34.2343],[-91.705,34.4826],[-92.0316,34.4895],[-92.2075,34.4929],[-92.2326,34.0625],[-91.9526,34.0642]]]},"properties":{"fips":"05069","name":"Jefferson","state":"Arkansas"}},
{"type":"Feature","geometry":{"type":"Polygon","coordinates":[[[-91.1989,35.8897],[-91.0338,35.8854],[-90.8507,35.9679],[-90.8112,36.1492],[-91.1414,36.1663],[-91.2599,36.2583],[-91.3496,36.2308],[-91.3568,35.8906],[-91.1989,35.8897]]]},"properties":{"fips":"05075","name":"Lawrence","state":"Arkansas"}},
{"type":"Feature","geometry":{"type":"Polygon","coordinates":[[[-77.3837,37.2427],[-77.3693,37.2986],[-77.4303,37.2762],[-77.416,37.2333],[-77.4052,37.2376],[-77.3837,37.2427]]]},"properties":{"fips":"51570","name":"Colonial Heights","state":"Virginia"}},
{"type":"Feature","geometry":{"type":"Polygon","coordinates":[[[-96.0516,32.0059],[-95.786,31.6185],[-95.7393,31.5042],[-95.2727,31.5927],[-95.4019,31.7619],[-95.4271,32.0841],[-96.0516,32.0059]]]},"properties":{"fips":"48001","name":"Anderson","state":"Texas"}},
{"type":"Feature","geometry":{"type":"Polygon","coordinates":[[[-88.812,36.9472],[-88.8156,36.9541],[-89.0991,36.9438],[-89.1243,36.7849],[-88.812,36.7728],[-88.812,36.9472]]]},"properties":{"fips":"21039","name":"Carlisle","state":"Kentucky"}},
{"type":"Feature","geometry":{"type":"Polygon","coordinates":[[[-84.189,35.6105],[-83.9593,35.4636],[-83.9521,35.461],[-83.6614,35.5693],[-83.7942,35.8871],[-84.1674,35.8055],[-84.189,35.6105]]]},"properties":{"fips":"47009","name":"Blount","state":"Tennessee"}},
{"type":"Feature","geometry":{"type":"Polygon","coordinates":[[[-88.7079,35.7909],[-88.6074,35.7892],[-88.1803,35.8167],[-88.1767,35.8459],[-88.2126,36.1199],[-88.532,36.1517],[-88.6935,36.0624],[-88.7079,35.7909]]]},"properties":{"fips":"47017","name":"Carroll","state":"Tennessee"}},
{"type":"Feature","geometry":{"type":"Polygon","coordinates":[[[-87.99,36.3605],[-88.0546,36.4971],[-88.489,36.5014],[-88.5177,36.5014],[-88.532,36.1517],[-88.2126,36.1199],[-87.99,36.3605]]]},"properties":{"fips":"47079","name":"Henry","state":"Tennessee"}},
{"type":"Feature","geometry":{"type":"Polygon","coordinates":[[[-73.055,42.0397],[-73.0083,42.0389],[-72.5094,42.0346],[-72.1361,42.0303],[-72.2223,42.245],[-72.7822,42.1995],[-73.0011,42.3129],[-73.055,42.0397]]]},"properties":{"fips":"25013","name":"Hampden","state":"Massachusetts"}},
{"type":"Feature","geometry":{"type":"Polygon","coordinates":[[[-93.758,39.6112],[-93.758,39.5244],[-93.758,39.2074],[-93.4781,39.2925],[-93.1048,39.3835],[-93.2771,39.6155],[-93.758,39.6112]]]},"properties":{"fips":"29033","name":"Carroll","state":"Missouri"}},
{"type":"Feature","geometry":{"type":"Polygon","coordinates":[[[-97.3186,29.7844],[-97.315,29.787],[-97.6488,30.0679],[-97.7098,30.0249],[-97.875,29.8583],[-97.6345,29.6495],[-97.3186,29.7844]]]},"properties":{"fips":"48055","name":"Caldwell","state":"Texas"}},
{"type":"Feature","geometry":{"type":"Polygon","coordinates":[[[-72.9581,43.8266],[-73.3637,43.7536],[-73.2488,43.5542],[-73.256,43.3146],[-72.8683,43.3008],[-72.6996,43.6831],[-72.9581,43.8266]]]},"properties":{"fips":"50021","name":"Rutland","state":"Vermont"}},
{"type":"Feature","geometry":{"type":"Polygon","coordinates":[[[-121.8443,44.3927],[-121.1085,44.391],[-120.8285,44.5628],[-120.387,44.5636],[-120.3727,44.8214],[-121.7545,44.83],[-121.8012,44.6831],[-121.8443,44.3927]]]},"properties":{"fips":"41031","name":"Jefferson","state":"Oregon"}},
{"type":"Feature","geometry":{"type":"Polygon","coordinates":[[[-81.7375,37.2384],[-81.9026,37.1422],[-81.7806,36.9584],[-81.436,37.0099],[-81.2242,37.235],[-81.3606,37.3381],[-81.5544,37.2075],[-81.7375,37.2384]]]},"properties":{"fips":"51185","name":"Tazewell","state":"Virginia"}},
{"type":"Feature","geometry":{"type":"Polygon","coordinates":[[[-77.8287,39.1327],[-78.0333,39.265],[-78.1518,39.0365],[-78.0046,38.9798],[-77.9616,39.0141],[-77.8287,39.1327]]]},"properties":{"fips":"51043","name":"Clarke","state":"Virginia"}},
{"type":"Feature","geometry":{"type":"Polygon","coordinates":[[[-66.4292,18.0823],[-66.4435,18.1768],[-66.5225,18.1519],[-66.4292,18.0823]]]},"properties":{"fips":"72149","name":"Villalba","state":"Puerto Rico"}},
{"type":"Feature","geometry":{"type":"Polygon","coordinates":[[[-82.922,29.8239],[-82.8789,29.8866],[-83.1589,30.11],[-83.2486,30.2603],[-83.367,30.2603],[-83.3204,29.823],[-82.922,29.8239]]]},"properties":{"fips":"12067","name":"Lafayette","state":"Florida"}},
{"type":"Feature","geometry":{"type":"Polygon","coordinates":[[[-95.9619,37.6035],[-95.9619,37.3871],[-95.524,37.3836],[-95.524,37.7324],[-95.9619,37.7341],[-95.9619,37.6035]]]},"properties":{"fips":"20205","name":"Wilson","state":"Kansas"}},
{"type":"Feature","geometry":{"type":"Polygon","coordinates":[[[-88.148,38.5691],[-88.1516,38.2564],[-87.99,38.2599],[-87.9541,38.57],[-88.148,38.5691]]]},"properties":{"fips":"17047","name":"Edwards","state":"Illinois"}},
{"type":"Feature","geometry":{"type":"Polygon","coordinates":[[[-98.2913,48.1949],[-98.3164,48.5437],[-98.9697,48.5445],[-99.1994,48.371],[-99.1994,48.1554],[-98.9912,47.9904],[-98.8046,48.06],[-98.5246,47.9148],[-98.2913,48.1949]]]},"properties":{"fips":"38071","name":"Ramsey","state":"North Dakota"}},
{"type":"Feature","geometry":{"type":"Polygon","coordinates":[[[-111.482,44.7088],[-111.3779,44.7518],[-111.3528,45.6418],[-111.5358,45.6426],[-111.805,45.7981],[-112.1891,45.7483],[-112.4618,45.7423],[-112.688,45.6246],[-112.6916,45.4837],[-112.4654,45.3935],[-112.4583,45.0885],[-112.1926,45.0009],[-112.1675,44.8265],[-111.482,44.7088]]]},"properties":{"fips":"30057","name":"Madison","state":"Montana"}},
{"type":"Feature","geometry":{"type":"Polygon","coordinates":[[[-95.7106,40.5235],[-95.5563,40.264],[-95.1794,40.2615],[-95.2009,40.5785],[-95.3732,40.5802],[-95.7645,40.5853],[-95.7106,40.5235]]]},"properties":{"fips":"29005","name":"Atchison","state":"Missouri"}},
{"type":"Feature","geometry":{"type":"Polygon","coordinates":[[[-78.7979,36.5417],[-78.7333,36.5417],[-78.6471,36.6981],[-78.7512,36.9197],[-78.9055,37.022],[-79.0922,37.0615],[-79.2178,36.5417],[-79.1388,36.5417],[-78.7979,36.5417]]]},"properties":{"fips":"51083","name":"Halifax","state":"Virginia"}},
{"type":"Feature","geometry":{"type":"Polygon","coordinates":[[[-77.1181,38.9342],[-77.1109,38.8432],[-77.0427,38.8397],[-77.1181,38.9342]]]},"properties":{"fips":"51013","name":"Arlington","state":"Virginia"}},
{"type":"Feature","geometry":{"type":"Polygon","coordinates":[[[-120.7029,48.5316],[-120.7531,48.6571],[-120.9075,48.6407],[-122.4903,48.645],[-122.3791,48.298],[-121.0008,48.2963],[-121.0367,48.4956],[-120.7029,48.5316]]]},"properties":{"fips":"53057","name":"Skagit","state":"Washington"}},
{"type":"Feature","geometry":{"type":"Polygon","coordinates":[[[-104.045,46.5412],[-104.045,46.6417],[-104.6085,46.6847],[-104.7341,46.6125],[-104.9064,46.4819],[-104.8848,46.1366],[-104.5152,46.1366],[-104.3895,45.9708],[-104.045,45.8823],[-104.045,45.945],[-104.045,46.28],[-104.045,46.5412]]]},"properties":{"fips":"30025","name":"Fallon","state":"Montana"}},
{"type":"Feature","geometry":{"type":"Polygon","coordinates":[[[-76.673,37.1422],[-76.9422,37.2341],[-76.9709,37.2488],[-77.154,37.1122],[-76.953,36.9446],[-76.8489,36.9962],[-76.673,37.1422]]]},"properties":{"fips":"51181","name":"Surry","state":"Virginia"}},
{"type":"Feature","geometry":{"type":"Polygon","coordinates":[[[-119.041,46.1924],[-118.9872,46],[-117.9965,46.0009],[-117.9929,46.2079],[-118.2406,46.2946],[-118.2298,46.5936],[-118.4703,46.597],[-118.7682,46.2981],[-119.041,46.1924]]]},"properties":{"fips":"53071","name":"Walla Walla","state":"Washington"}},
{"type":"Feature","geometry":{"type":"Polygon","coordinates":[[[-84.6592,34.078],[-84.4187,34.0737],[-84.2572,34.1862],[-84.2572,34.3348],[-84.2572,34.3812],[-84.652,34.413],[-84.6592,34.078]]]},"properties":{"fips":"13057","name":"Cherokee","state":"Georgia"}},
{"type":"Feature","geometry":{"type":"Polygon","coordinates":[[[-96.2526,45.7595],[-96.2526,45.5859],[-96.1162,45.4124],[-95.7465,45.4124],[-95.7573,45.7603],[-96.2526,45.7595]]]},"properties":{"fips":"27149","name":"Stevens","state":"Minnesota"}},
{"type":"Feature","geometry":{"type":"Polygon","coordinates":[[[-96.5254,37.3029],[-96.5254,36.9988],[-96.0013,36.9988],[-95.9655,36.9988],[-95.9655,37.2994],[-96.5254,37.3029]]]},"properties":{"fips":"20019","name":"Chautauqua","state":"Kansas"}},
{"type":"Feature","geometry":{"type":"Polygon","coordinates":[[[-94.2175,40.1369],[-94.2139,40.3843],[-94.5979,40.3869],[-94.6051,40.1257],[-94.6051,40.039],[-94.2175,40.0347],[-94.2175,40.1369]]]},"properties":{"fips":"29075","name":"Gentry","state":"Missouri"}},
{"type":"Feature","geometry":{"type":"Polygon","coordinates":[[[-78.1302,38.8646],[-78.0046,38.9798],[-78.1518,39.0365],[-78.3133,39.0081],[-78.3959,38.8225],[-78.2846,38.759],[-78.1302,38.8646]]]},"properties":{"fips":"51187","name":"Warren","state":"Virginia"}},
{"type":"Feature","geometry":{"type":"Polygon","coordinates":[[[-92.6418,41.1609],[-92.8715,41.1609],[-93.0976,41.1609],[-93.0976,40.898],[-92.6382,40.8989],[-92.6418,41.1609]]]},"properties":{"fips":"19135","name":"Monroe","state":"Iowa"}},
{"type":"Feature","geometry":{"type":"Polygon","coordinates":[[[-98.8046,29.2509],[-98.8082,29.6907],[-99.002,29.6229],[-99.4112,29.6272],[-99.4148,29.0911],[-98.8046,29.0903],[-98.8046,29.2509]]]},"properties":{"fips":"48325","name":"Medina","state":"Texas"}},
{"type":"Feature","geometry":{"type":"Polygon","coordinates":[[[-94.6015,39.7469],[-94.6015,39.8199],[-94.8779,39.8208],[-95.0538,39.6155],[-95.104,39.533],[-94.6015,39.5304],[-94.6015,39.7469]]]},"properties":{"fips":"29021","name":"Buchanan","state":"Missouri"}},
{"type":"Feature","geometry":{"type":"Polygon","coordinates":[[[-104.0414,45.2131],[-104.045,45.8823],[-104.3895,45.9708],[-104.5152,46.1366],[-104.8848,46.1366],[-104.9818,45.7869],[-105.0392,45],[-104.0593,44.9975],[-104.0414,45.2131]]]},"properties":{"fips":"30011","name":"Carter","state":"Montana"}},
{"type":"Feature","geometry":{"type":"Polygon","coordinates":[[[-85.4416,44.86],[-85.6391,44.775],[-85.8149,44.7741],[-85.8185,44.513],[-85.334,44.5121],[-85.334,44.8128],[-85.4416,44.86]]]},"properties":{"fips":"26055","name":"Grand Traverse","state":"Michigan"}},
{"type":"Feature","geometry":{"type":"Polygon","coordinates":[[[-88.2018,34.9954],[-88.3633,34.9954],[-88.3669,34.7558],[-88.3274,34.4637],[-88.1551,34.4628],[-88.1408,34.5814],[-88.0977,34.8923],[-88.2018,34.9954]]]},"properties":{"fips":"28141","name":"Tishomingo","state":"Mississippi"}},
{"type":"Feature","geometry":{"type":"Polygon","coordinates":[[[-108.0004,33.2009],[-108.0004,33.4783],[-107.7132,33.4766],[-107.724,34.5779],[-109.0448,34.5797],[-109.0484,33.7781],[-109.0484,33.2086],[-108.0004,33.2009]]]},"properties":{"fips":"35003","name":"Catron","state":"New Mexico"}},
{"type":"Feature","geometry":{"type":"Polygon","coordinates":[[[-78.8086,39.7228],[-78.762,40.057],[-78.6579,40.2426],[-79.0563,40.2847],[-79.2932,40.0407],[-79.3937,39.7211],[-78.9271,39.7228],[-78.8086,39.7228]]]},"properties":{"fips":"42111","name":"Somerset","state":"Pennsylvania"}},
{"type":"Feature","geometry":{"type":"Polygon","coordinates":[[[-76.6981,42.5466],[-76.6192,42.2828],[-76.5366,42.282],[-76.253,42.4074],[-76.2638,42.6239],[-76.6658,42.623],[-76.6981,42.5466]]]},"properties":{"fips":"36109","name":"Tompkins","state":"New York"}},
{"type":"Feature","geometry":{"type":"Polygon","coordinates":[[[-76.4792,43.2278],[-76.4505,42.8455],[-76.2746,42.7716],[-75.8977,42.7905],[-75.9946,43.1831],[-76.2028,43.2716],[-76.4792,43.2278]]]},"properties":{"fips":"36067","name":"Onondaga","state":"New York"}},
{"type":"Feature","geometry":{"type":"Polygon","coordinates":[[[-79.1281,34.2541],[-79.3398,33.9706],[-79.1891,33.706],[-79.0024,33.572],[-78.8122,33.7438],[-78.5394,33.8512],[-78.6507,33.9439],[-79.0706,34.2996],[-79.1281,34.2541]]]},"properties":{"fips":"45051","name":"Horry","state":"South Carolina"}},
{"type":"Feature","geometry":{"type":"Polygon","coordinates":[[[-110.7569,48.2198],[-110.6241,48.3066],[-109.8453,48.3057],[-109.7268,48.133],[-109.533,48.1348],[-109.4899,49.0007],[-110.7426,48.999],[-110.7569,48.2198]]]},"properties":{"fips":"30041","name":"Hill","state":"Montana"}},
{"type":"Feature","geometry":{"type":"Polygon","coordinates":[[[-74.2538,42.4083],[-73.7836,42.4641],[-73.6759,42.7837],[-73.8087,42.7785],[-74.182,42.7296],[-74.2538,42.4083]]]},"properties":{"fips":"36001","name":"Albany","state":"New York"}},
{"type":"Feature","geometry":{"type":"Polygon","coordinates":[[[-84.8099,33.5737],[-84.8494,33.5118],[-84.6089,33.5024],[-84.4582,33.5514],[-84.3505,33.6476],[-84.2787,33.9577],[-84.0992,34.0505],[-84.2572,34.1862],[-84.4187,34.0737],[-84.3756,33.9869],[-84.5766,33.7438],[-84.8099,33.5737]]]},"properties":{"fips":"13121","name":"Fulton","state":"Georgia"}},
{"type":"Feature","geometry":{"type":"Polygon","coordinates":[[[-92.3151,44.5413],[-92.2434,44.4545],[-92.0854,44.4073],[-92.0244,44.5903],[-91.6511,44.5963],[-91.6511,44.6839],[-92.1357,44.6848],[-92.3151,44.5413]]]},"properties":{"fips":"55091","name":"Pepin","state":"Wisconsin"}},
{"type":"Feature","geometry":{"type":"Polygon","coordinates":[[[-87.0209,32.8366],[-87.4229,32.8744],[-87.5234,32.4818],[-87.4732,32.3074],[-87.4229,32.4827],[-87.1143,32.4887],[-87.0173,32.7292],[-87.0209,32.8366]]]},"properties":{"fips":"01105","name":"Perry","state":"Alabama"}},
{"type":"Feature","geometry":{"type":"Polygon","coordinates":[[[-148.0461,64.3435],[-147.759,64.2576],[-147.0016,64.2576],[-146.3376,64.2816],[-145.7167,64.4543],[-145.5336,64.4182],[-144.9342,64.5772],[-144.4604,64.5832],[-144.0692,64.6837],[-143.9112,65.0703],[-145.0024,65.1278],[-145.6449,65.0325],[-145.9966,65.224],[-146.1689,65.4439],[-146.5494,65.3443],[-147.5544,65.2086],[-148.6599,65.2103],[-148.5522,64.6175],[-148.0461,64.3435]]]},"properties":{"fips":"02090","name":"Fairbanks North Star","state":"Alaska"}},
{"type":"Feature","geometry":{"type":"Polygon","coordinates":[[[-82.7568,33.2533],[-82.7497,33.2387],[-82.6635,33.1261],[-82.4302,33.2747],[-82.7568,33.2533]]]},"properties":{"fips":"13125","name":"Glascock","state":"Georgia"}},
{"type":"Feature","geometry":{"type":"Polygon","coordinates":[[[-101.7765,32.0867],[-101.7765,31.6511],[-101.2668,31.6511],[-101.2632,32.0875],[-101.694,32.0875],[-101.7765,32.0867]]]},"properties":{"fips":"48173","name":"Glasscock","state":"Texas"}},
{"type":"Feature","geometry":{"type":"Polygon","coordinates":[[[-111.0548,44.6659],[-111.0477,44.4743],[-111.0477,43.9838],[-111.0441,43.501],[-111.0441,43.3154],[-110.5775,43.2355],[-110.0498,43.4649],[-110.0534,44.0078],[-110.2006,44.3197],[-110.2006,44.3205],[-110.3801,44.5834],[-110.6672,44.6659],[-111.0548,44.6659]]]},"properties":{"fips":"56039","name":"Teton","state":"Wyoming"}},
{"type":"Feature","geometry":{"type":"Polygon","coordinates":[[[-105.0535,39.6215],[-105.0535,39.7907],[-105.0535,39.9144],[-105.1469,39.9136],[-105.3981,39.9127],[-105.3981,39.7469],[-105.3981,39.5656],[-105.3299,39.1301],[-105.05,39.5665],[-105.0535,39.6215]]]},"properties":{"fips":"08059","name":"Jefferson","state":"Colorado"}},
{"type":"Feature","geometry":{"type":"Polygon","coordinates":[[[-107.5014,38.6688],[-107.5014,39.2177],[-107.7671,39.0433],[-107.9824,39.0596],[-108.1403,38.9067],[-108.3772,38.8294],[-108.3772,38.6679],[-107.5014,38.6688]]]},"properties":{"fips":"08029","name":"Delta","state":"Colorado"}},
{"type":"Feature","geometry":{"type":"Polygon","coordinates":[[[-84.3505,33.6476],[-84.4582,33.5514],[-84.3864,33.3521],[-84.3541,33.3529],[-84.2823,33.6476],[-84.3505,33.6476]]]},"properties":{"fips":"13063","name":"Clayton","state":"Georgia"}},
{"type":"Feature","geometry":{"type":"Polygon","coordinates":[[[-86.6835,38.6868],[-86.6835,38.5262],[-86.6799,38.3947],[-86.3103,38.4231],[-86.3103,38.6877],[-86.6835,38.6868]]]},"properties":{"fips":"18117","name":"Orange","state":"Indiana"}},
{"type":"Feature","geometry":{"type":"Polygon","coordinates":[[[-73.4247,40.6103],[-73.2093,40.6309],[-72.3946,40.8663],[-72.1038,40.9917],[-72.4017,41.0973],[-72.5848,40.9977],[-73.4965,40.9229],[-73.4247,40.6103]]]},"properties":{"fips":"36103","name":"Suffolk","state":"New York"}},
{"type":"Feature","geometry":{"type":"Polygon","coordinates":[[[-75.7757,43.6891],[-75.7577,43.879],[-75.4849,44.074],[-75.4455,44.2174],[-75.8618,44.403],[-76.3141,44.1994],[-76.3751,44.0319],[-76.1382,43.9348],[-76.1992,43.6805],[-75.7757,43.6891]]]},"properties":{"fips":"36045","name":"Jefferson","state":"New York"}},
{"type":"Feature","geometry":{"type":"Polygon","coordinates":[[[-95.0789,38.0374],[-94.6123,38.0374],[-94.6123,38.0597],[-94.6123,38.3887],[-95.0645,38.3896],[-95.0789,38.0374]]]},"properties":{"fips":"20107","name":"Linn","state":"Kansas"}},
{"type":"Feature","geometry":{"type":"Polygon","coordinates":[[[-81.6908,35.5805],[-81.8236,35.5753],[-82.1682,35.5281],[-82.2651,35.4679],[-82.2615,35.3932],[-82.1287,35.3966],[-81.9708,35.187],[-81.8739,35.1844],[-81.7698,35.1801],[-81.6908,35.5805]]]},"properties":{"fips":"37161","name":"Rutherford","state":"North Carolina"}},
{"type":"Feature","geometry":{"type":"Polygon","coordinates":[[[-74.8891,40.7881],[-74.7707,40.9109],[-74.9681,41.0948],[-75.1188,40.9685],[-75.0506,40.8705],[-75.1978,40.6085],[-75.1906,40.5914],[-74.8891,40.7881]]]},"properties":{"fips":"34041","name":"Warren","state":"New Jersey"}},
{"type":"Feature","geometry":{"type":"Polygon","coordinates":[[[-114.0483,38.149],[-112.4798,38.1473],[-112.4439,38.1499],[-112.3362,38.3329],[-112.5193,38.5107],[-112.5157,38.5726],[-114.0519,38.5726],[-114.0483,38.149]]]},"properties":{"fips":"49001","name":"Beaver","state":"Utah"}},
{"type":"Feature","geometry":{"type":"Polygon","coordinates":[[[-82.2938,36.5959],[-82.2436,36.5959],[-82.179,36.6268],[-82.1467,36.595],[-81.8272,36.6139],[-81.6478,36.6122],[-81.6047,36.638],[-81.838,36.9292],[-82.3333,36.7093],[-82.2938,36.5959]]]},"properties":{"fips":"51191","name":"Washington","state":"Virginia"}},
{"type":"Feature","geometry":{"type":"Polygon","coordinates":[[[-86.1451,33.6794],[-85.797,33.5565],[-85.6391,33.6484],[-85.5314,33.9414],[-85.7396,33.9689],[-86.0662,33.8426],[-86.1451,33.6794]]]},"properties":{"fips":"01015","name":"Calhoun","state":"Alabama"}},
{"type":"Feature","geometry":{"type":"Polygon","coordinates":[[[-83.2809,33.4835],[-83.1624,33.3546],[-83.0117,33.4689],[-82.9973,33.694],[-83.2809,33.7618],[-83.4065,33.6983],[-83.2809,33.4835]]]},"properties":{"fips":"13133","name":"Greene","state":"Georgia"}},
{"type":"Feature","geometry":{"type":"Polygon","coordinates":[[[-80.6284,40.3946],[-80.6822,40.1859],[-80.5207,40.1592],[-80.5171,40.3998],[-80.6284,40.3946]]]},"properties":{"fips":"54009","name":"Brooke","state":"West Virginia"}},
{"type":"Feature","geometry":{"type":"Polygon","coordinates":[[[-156,60.9064],[-158.9432,60.9064],[-159.015,60.7329],[-159.3667,60.6461],[-159.3667,60.4726],[-159.7831,60.2131],[-159.8441,59.9528],[-160.6445,59.2596],[-161.0358,58.8386],[-160.3215,58.9538],[-159.9087,58.7802],[-159.7328,58.9306],[-159.356,58.7347],[-159.0473,58.4177],[-158.7027,58.483],[-158.8607,58.6952],[-158.5197,58.8567],[-158.1392,58.6153],[-157.1988,58.8455],[-157.2742,59.2596],[-156.7717,59.3463],[-156.5061,59.6058],[-156,59.6925],[-156,60.9064]]]},"properties":{"fips":"02070","name":"Dillingham","state":"Alaska"}},
{"type":"Feature","geometry":{"type":"Polygon","coordinates":[[[-113.334,33.3778],[-113.334,32.505],[-112.2034,32.5067],[-112.1926,33.2653],[-112.085,33.2043],[-111.5825,33.2052],[-111.5789,33.4655],[-111.0405,33.4663],[-111.263,33.6227],[-111.4963,33.9998],[-112.1639,34.0479],[-112.2752,33.8821],[-112.7454,33.9998],[-113.334,33.9989],[-113.334,33.3778]]]},"properties":{"fips":"04013","name":"Maricopa","state":"Arizona"}},
{"type":"Feature","geometry":{"type":"Polygon","coordinates":[[[-87.4624,38.5339],[-87.3153,38.2461],[-87.0748,38.2324],[-87.0712,38.515],[-87.2435,38.5451],[-87.4624,38.5339]]]},"properties":{"fips":"18125","name":"Pike","state":"Indiana"}},
{"type":"Feature","geometry":{"type":"Polygon","coordinates":[[[-85.4452,38.9127],[-85.2047,38.9136],[-85.1366,38.9299],[-85.133,38.948],[-85.0648,39.3071],[-85.2981,39.2684],[-85.4416,39.1954],[-85.4452,38.9127]]]},"properties":{"fips":"18137","name":"Ripley","state":"Indiana"}},
{"type":"Feature","geometry":{"type":"Polygon","coordinates":[[[-98.3487,37.3845],[-97.8068,37.3862],[-97.8068,37.4738],[-97.8068,37.7341],[-98.4636,37.7324],[-98.4636,37.4712],[-98.3487,37.3845]]]},"properties":{"fips":"20095","name":"Kingman","state":"Kansas"}},
{"type":"Feature","geometry":{"type":"Polygon","coordinates":[[[-97.9324,39.5665],[-98.4887,39.5674],[-98.4887,39.2194],[-97.9288,39.2194],[-97.9288,39.3062],[-97.9324,39.5665]]]},"properties":{"fips":"20123","name":"Mitchell","state":"Kansas"}},
{"type":"Feature","geometry":{"type":"Polygon","coordinates":[[[-99.5691,38.0872],[-99.5835,38.2624],[-100.2259,38.2624],[-100.2259,38.0013],[-100.2259,37.9137],[-99.5691,37.9128],[-99.5691,38.0872]]]},"properties":{"fips":"20083","name":"Hodgeman","state":"Kansas"}},
{"type":"Feature","geometry":{"type":"Polygon","coordinates":[[[-96.8197,38.5227],[-96.3531,38.5219],[-96.3531,38.7392],[-96.5003,38.8698],[-96.8915,38.8698],[-96.931,38.6095],[-96.8197,38.5227]]]},"properties":{"fips":"20127","name":"Morris","state":"Kansas"}},
{"type":"Feature","geometry":{"type":"Polygon","coordinates":[[[-93.514,45.7345],[-93.4314,46.1538],[-93.7975,46.2431],[-93.8119,46.1563],[-93.7652,45.8222],[-93.758,45.5593],[-93.5104,45.5584],[-93.514,45.7345]]]},"properties":{"fips":"27095","name":"Mille Lacs","state":"Minnesota"}},
{"type":"Feature","geometry":{"type":"Polygon","coordinates":[[[-88.7187,34.0745],[-88.5428,34.0891],[-88.5428,34.4654],[-88.7366,34.5092],[-88.8263,34.3649],[-88.8228,34.0745],[-88.7187,34.0745]]]},"properties":{"fips":"28081","name":"Lee","state":"Mississippi"}},
{"type":"Feature","geometry":{"type":"Polygon","coordinates":[[[-89.2463,34.1613],[-89.2463,34.3795],[-89.2463,34.4955],[-89.6698,34.5547],[-89.7201,34.5539],[-89.7201,34.1922],[-89.5083,34.1621],[-89.2463,34.1613]]]},"properties":{"fips":"28071","name":"Lafayette","state":"Mississippi"}},
{"type":"Feature","geometry":{"type":"Polygon","coordinates":[[[-90.2441,31.7173],[-90.1221,31.7525],[-90.2298,32.0497],[-90.7179,32.048],[-90.7359,31.786],[-90.7359,31.6984],[-90.2441,31.7173]]]},"properties":{"fips":"28029","name":"Copiah","state":"Mississippi"}},
{"type":"Feature","geometry":{"type":"Polygon","coordinates":[[[-88.8838,30.9106],[-88.8335,30.9982],[-88.8407,31.4338],[-88.9448,31.4338],[-89.1458,31.4338],[-89.1386,30.9097],[-88.8838,30.9106]]]},"properties":{"fips":"28111","name":"Perry","state":"Mississippi"}},
{"type":"Feature","geometry":{"type":"Polygon","coordinates":[[[-97.1463,48.1734],[-97.1427,48.194],[-97.9037,48.1949],[-97.8821,47.6726],[-97.473,47.6717],[-96.8915,47.6717],[-97.1463,48.1734]]]},"properties":{"fips":"38035","name":"Grand Forks","state":"North Dakota"}},
{"type":"Feature","geometry":{"type":"Polygon","coordinates":[[[-75.5962,39.8371],[-75.4167,39.8019],[-75.2122,39.8654],[-75.2768,39.9771],[-75.3593,40.0656],[-75.5962,39.8371]]]},"properties":{"fips":"42045","name":"Delaware","state":"Pennsylvania"}},
{"type":"Feature","geometry":{"type":"Polygon","coordinates":[[[-71.788,41.7253],[-71.788,41.6403],[-71.788,41.5965],[-71.4075,41.654],[-71.386,41.7571],[-71.788,41.7253]]]},"properties":{"fips":"44003","name":"Kent","state":"Rhode Island"}},
{"type":"Feature","geometry":{"type":"Polygon","coordinates":[[[-92.2972,41.5097],[-91.9454,41.5105],[-91.8306,41.5114],[-91.8306,41.8619],[-92.2972,41.8628],[-92.2972,41.5097]]]},"properties":{"fips":"19095","name":"Iowa","state":"Iowa"}},
{"type":"Feature","geometry":{"type":"Polygon","coordinates":[[[-96.9058,41.7425],[-96.9058,41.4564],[-96.9058,41.453],[-96.4715,41.3929],[-96.328,41.3929],[-96.4464,41.6832],[-96.5541,41.7416],[-96.9058,41.7425]]]},"properties":{"fips":"31053","name":"Dodge","state":"Nebraska"}},
{"type":"Feature","geometry":{"type":"Polygon","coordinates":[[[-79.0671,39.4746],[-79.2716,39.3294],[-78.9809,39.2375],[-78.6579,39.5347],[-78.7799,39.6223],[-79.0671,39.4746]]]},"properties":{"fips":"54057","name":"Mineral","state":"West Virginia"}},
{"type":"Feature","geometry":{"type":"Polygon","coordinates":[[[-91.6762,34.4817],[-91.3783,34.5633],[-91.3676,34.913],[-91.4645,35.0891],[-91.8019,35.0307],[-91.6942,34.9198],[-91.6762,34.4817]]]},"properties":{"fips":"05117","name":"Prairie","state":"Arkansas"}},
{"type":"Feature","geometry":{"type":"Polygon","coordinates":[[[-110.4483,33.1948],[-110.4518,32.5136],[-110.4518,32.4277],[-109.113,32.426],[-109.2135,32.6803],[-109.4971,33.078],[-109.4971,33.6527],[-109.7483,33.4852],[-109.8919,33.5677],[-109.9996,33.5771],[-109.9996,33.4886],[-110.4518,33.3632],[-110.4483,33.1948]]]},"properties":{"fips":"04009","name":"Graham","state":"Arizona"}},
{"type":"Feature","geometry":{"type":"Polygon","coordinates":[[[-106.6508,40.4453],[-106.6257,39.9247],[-106.4354,39.9247],[-106.2524,39.9144],[-105.9257,39.6988],[-105.6888,39.8517],[-105.6745,39.9325],[-105.653,40.2606],[-105.854,40.4865],[-105.958,40.3491],[-106.6113,40.3783],[-106.6508,40.4453]]]},"properties":{"fips":"08049","name":"Grand","state":"Colorado"}},
{"type":"Feature","geometry":{"type":"Polygon","coordinates":[[[-106.037,37.7487],[-105.4555,37.7513],[-105.4735,37.8956],[-105.7965,38.265],[-106.0119,38.4463],[-106.2452,38.4231],[-106.9989,38.4257],[-107.0025,38.1473],[-106.9989,37.9558],[-106.6939,37.8355],[-106.5862,37.7479],[-106.037,37.7487]]]},"properties":{"fips":"08109","name":"Saguache","state":"Colorado"}},
{"type":"Feature","geometry":{"type":"Polygon","coordinates":[[[-80.8868,26.9589],[-80.6786,27.2063],[-80.6786,27.5586],[-80.8725,27.6419],[-81.1417,27.6436],[-81.2135,27.5285],[-80.9443,27.2106],[-80.8868,26.9589]]]},"properties":{"fips":"12093","name":"Okeechobee","state":"Florida"}},
{"type":"Feature","geometry":{"type":"Polygon","coordinates":[[[-84.6197,34.8554],[-84.6556,34.5831],[-84.6556,34.5487],[-84.3469,34.5625],[-84.1962,34.6183],[-84.3146,34.8073],[-84.6197,34.8554]]]},"properties":{"fips":"13123","name":"Gilmer","state":"Georgia"}},
{"type":"Feature","geometry":{"type":"Polygon","coordinates":[[[-82.6707,31.1838],[-82.4912,30.963],[-82.4195,30.5816],[-82.2149,30.5687],[-82.1503,30.7843],[-82.4195,30.7955],[-82.4159,31.0137],[-82.1323,31.0111],[-82.2831,31.2242],[-82.4159,31.4175],[-82.5989,31.469],[-82.6276,31.3642],[-82.6707,31.1838]]]},"properties":{"fips":"13299","name":"Ware","state":"Georgia"}},
{"type":"Feature","geometry":{"type":"Polygon","coordinates":[[[-91.4106,39.1421],[-91.4394,39.3191],[-91.7193,39.3388],[-92.3116,39.3474],[-92.3151,39.2461],[-92.1034,39.2401],[-92.1105,39.0639],[-91.6332,39.0588],[-91.4106,39.1421]]]},"properties":{"fips":"29007","name":"Audrain","state":"Missouri"}},
{"type":"Feature","geometry":{"type":"Polygon","coordinates":[[[-106.2488,35.9662],[-106.2488,35.7557],[-106.2452,35.931],[-106.2488,35.9662]]]},"properties":{"fips":"35028","name":"Los Alamos","state":"New Mexico"}},
{"type":"Feature","geometry":{"type":"Polygon","coordinates":[[[-109.0089,46.7508],[-108.6321,46.7491],[-108.6105,47.0979],[-108.7182,47.2705],[-108.3162,47.3152],[-108.3126,47.5832],[-108.6716,47.6193],[-108.8905,47.7344],[-109.2746,47.7928],[-109.5402,47.7387],[-109.8381,47.7121],[-109.8488,47.5403],[-110.2149,47.4166],[-110.1288,47.2723],[-109.7555,47.1855],[-109.7448,46.6941],[-109.3894,46.6933],[-109.0089,46.7508]]]},"properties":{"fips":"30027","name":"Fergus","state":"Montana"}},
{"type":"Feature","geometry":{"type":"Polygon","coordinates":[[[-99.6624,42.0861],[-99.2353,42.0878],[-99.2568,42.8043],[-99.6768,42.7313],[-99.6624,42.0861]]]},"properties":{"fips":"31149","name":"Rock","state":"Nebraska"}},
{"type":"Feature","geometry":{"type":"Polygon","coordinates":[[[-101.8734,47.8478],[-101.9739,48.5471],[-102.2324,48.5462],[-102.8856,48.5462],[-102.8282,48.1236],[-102.6092,48.0463],[-102.6415,47.8238],[-102.3867,47.7576],[-102.3867,47.8478],[-101.8734,47.8478]]]},"properties":{"fips":"38061","name":"Mountrail","state":"North Dakota"}},
{"type":"Feature","geometry":{"type":"Polygon","coordinates":[[[-87.4086,37.6834],[-87.3009,37.8982],[-87.4516,37.9412],[-87.6993,37.8973],[-87.9254,37.9016],[-87.7352,37.6388],[-87.4947,37.6474],[-87.4086,37.6834]]]},"properties":{"fips":"21101","name":"Henderson","state":"Kentucky"}},
{"type":"Feature","geometry":{"type":"Polygon","coordinates":[[[-71.3824,41.9847],[-71.4972,42.0174],[-71.7987,42.0079],[-71.788,41.7253],[-71.386,41.7571],[-71.3608,41.7562],[-71.3178,41.776],[-71.3824,41.9847]]]},"properties":{"fips":"44007","name":"Providence","state":"Rhode Island"}},
{"type":"Feature","geometry":{"type":"Polygon","coordinates":[[[-84.372,36.217],[-84.0059,36.2703],[-83.9054,36.4198],[-83.988,36.5899],[-84.2285,36.5924],[-84.2608,36.5916],[-84.372,36.217]]]},"properties":{"fips":"47013","name":"Campbell","state":"Tennessee"}},
{"type":"Feature","geometry":{"type":"MultiPolygon","coordinates":[[[[-97.376,27.2776],[-97.3904,26.8009],[-97.315,26.5998],[-97.2899,26.6007],[-97.376,26.9718],[-97.3473,27.2776],[-97.376,27.2776]]],[[[-97.9862,26.7811],[-97.9575,26.6119],[-97.4407,26.5998],[-97.4801,26.8069],[-97.4227,27.2639],[-97.6381,27.2819],[-97.9862,27.2089],[-97.9862,26.7811]]]]},"properties":{"fips":"48261","name":"Kenedy","state":"Texas"}},
{"type":"Feature","geometry":{"type":"Polygon","coordinates":[[[-77.7247,42.471],[-77.4914,42.5775],[-77.599,42.672],[-77.5811,42.9443],[-77.9113,42.9881],[-77.9544,42.8627],[-78.0369,42.5217],[-77.7247,42.471]]]},"properties":{"fips":"36051","name":"Livingston","state":"New York"}},
{"type":"Feature","geometry":{"type":"Polygon","coordinates":[[[-82.2867,38.5829],[-82.5092,38.4111],[-82.2651,38.2289],[-82.0462,38.3741],[-82.0533,38.4746],[-82.2185,38.5915],[-82.2867,38.5829]]]},"properties":{"fips":"54011","name":"Cabell","state":"West Virginia"}},
{"type":"Feature","geometry":{"type":"Polygon","coordinates":[[[-122.0453,39.7976],[-121.8909,39.3835],[-121.9089,39.3036],[-121.6253,39.2959],[-121.4064,39.3397],[-121.3059,39.5192],[-121.0762,39.5974],[-121.4135,39.8715],[-121.4387,40.1515],[-121.8048,39.8843],[-122.0453,39.7976]]]},"properties":{"fips":"06007","name":"Butte","state":"California"}},
{"type":"Feature","geometry":{"type":"Polygon","coordinates":[[[-106.4354,39.9247],[-106.1806,39.6069],[-106.2057,39.3792],[-106.1339,39.3792],[-105.8288,39.5648],[-105.9257,39.6988],[-106.2524,39.9144],[-106.4354,39.9247]]]},"properties":{"fips":"08117","name":"Summit","state":"Colorado"}},
{"type":"Feature","geometry":{"type":"Polygon","coordinates":[[[-83.0763,34.224],[-82.7748,34.2884],[-82.9937,34.4791],[-83.0512,34.4955],[-83.1122,34.2738],[-83.0763,34.224]]]},"properties":{"fips":"13147","name":"Hart","state":"Georgia"}},
{"type":"Feature","geometry":{"type":"Polygon","coordinates":[[[-90.4379,41.0638],[-90.7861,41.069],[-90.7897,40.636],[-90.4451,40.6274],[-90.4451,40.7151],[-90.4379,41.0638]]]},"properties":{"fips":"17187","name":"Warren","state":"Illinois"}},
{"type":"Feature","geometry":{"type":"Polygon","coordinates":[[[-86.6835,39.1662],[-86.6297,39.3466],[-86.6871,39.4703],[-86.9384,39.4737],[-87.0532,39.1679],[-86.6835,39.1662]]]},"properties":{"fips":"18119","name":"Owen","state":"Indiana"}},
{"type":"Feature","geometry":{"type":"Polygon","coordinates":[[[-86.6799,38.3947],[-86.6835,38.5262],[-86.924,38.5056],[-87.0712,38.515],[-87.0748,38.2324],[-87.0173,38.2032],[-86.7912,38.2049],[-86.6799,38.2633],[-86.6799,38.3947]]]},"properties":{"fips":"18037","name":"Dubois","state":"Indiana"}},
{"type":"Feature","geometry":{"type":"Polygon","coordinates":[[[-99.5835,38.3492],[-99.0307,38.3483],[-99.0343,38.6971],[-99.0415,38.6971],[-99.5835,38.6963],[-99.5835,38.3492]]]},"properties":{"fips":"20165","name":"Rush","state":"Kansas"}},
{"type":"Feature","geometry":{"type":"Polygon","coordinates":[[[-92.2972,42.2974],[-92.2972,41.8628],[-91.8306,41.8619],[-91.8306,42.2992],[-92.0639,42.2974],[-92.2972,42.2974]]]},"properties":{"fips":"19011","name":"Benton","state":"Iowa"}},
{"type":"Feature","geometry":{"type":"Polygon","coordinates":[[[-84.1387,37.3201],[-84.2895,37.1517],[-84.3577,36.9592],[-84.2967,36.9455],[-84.0921,36.9558],[-83.8695,37.0546],[-83.9449,37.2505],[-84.1387,37.3201]]]},"properties":{"fips":"21125","name":"Laurel","state":"Kentucky"}},
{"type":"Feature","geometry":{"type":"Polygon","coordinates":[[[-99.0128,37.8252],[-98.4708,37.8243],[-98.4744,38.1731],[-98.4815,38.2607],[-98.9123,38.2607],[-99.0235,38.0004],[-99.0128,37.8252]]]},"properties":{"fips":"20185","name":"Stafford","state":"Kansas"}},
{"type":"Feature","geometry":{"type":"Polygon","coordinates":[[[-93.5534,31.1855],[-93.557,30.8685],[-92.9792,30.878],[-92.8248,30.89],[-92.8284,31.2525],[-92.9827,31.347],[-93.2376,31.3642],[-93.3919,31.3642],[-93.5534,31.1855]]]},"properties":{"fips":"22115","name":"Vernon","state":"Louisiana"}},
{"type":"Feature","geometry":{"type":"Polygon","coordinates":[[[-83.6649,42.4315],[-83.6865,42.7837],[-83.9234,42.7811],[-84.1567,42.7768],[-84.1423,42.4246],[-84.1315,42.4246],[-83.6649,42.4315]]]},"properties":{"fips":"26093","name":"Livingston","state":"Michigan"}},
{"type":"Feature","geometry":{"type":"Polygon","coordinates":[[[-92.4479,43.5001],[-92.4479,43.8343],[-92.6884,43.8489],[-93.0474,43.848],[-93.0509,43.848],[-93.0509,43.4993],[-93.0258,43.4993],[-92.552,43.5001],[-92.4479,43.5001]]]},"properties":{"fips":"27099","name":"Mower","state":"Minnesota"}},
{"type":"Feature","geometry":{"type":"Polygon","coordinates":[[[-89.6555,31.4338],[-89.6555,31.0025],[-89.3504,31.0103],[-89.3468,31.347],[-89.4509,31.4338],[-89.5873,31.4338],[-89.6555,31.4338]]]},"properties":{"fips":"28073","name":"Lamar","state":"Mississippi"}},
{"type":"Feature","geometry":{"type":"Polygon","coordinates":[[[-90.7179,33.2704],[-90.7035,33.0961],[-90.6569,32.9225],[-90.3626,33.011],[-90.3303,33.3031],[-90.4523,33.3297],[-90.7179,33.2704]]]},"properties":{"fips":"28053","name":"Humphreys","state":"Mississippi"}},
{"type":"Feature","geometry":{"type":"Polygon","coordinates":[[[-97.8355,42.0896],[-97.3689,42.0913],[-97.3689,42.3516],[-97.4837,42.4383],[-97.8355,42.4375],[-97.8355,42.0896]]]},"properties":{"fips":"31139","name":"Pierce","state":"Nebraska"}},
{"type":"Feature","geometry":{"type":"Polygon","coordinates":[[[-83.5214,37.6388],[-83.2486,37.6697],[-83.2629,37.7126],[-83.4962,37.8621],[-83.6326,37.8252],[-83.708,37.7161],[-83.5214,37.6388]]]},"properties":{"fips":"21237","name":"Wolfe","state":"Kentucky"}},
{"type":"Feature","geometry":{"type":"Polygon","coordinates":[[[-87.8142,37.351],[-87.7998,37.3793],[-88.0941,37.18],[-87.8788,36.9601],[-87.7316,37.0022],[-87.6814,37.1491],[-87.8142,37.351]]]},"properties":{"fips":"21033","name":"Caldwell","state":"Kentucky"}},
{"type":"Feature","geometry":{"type":"Polygon","coordinates":[[[-103.4527,44.141],[-102.3867,44.1401],[-102.3077,44.4339],[-102.0026,44.5112],[-101.9991,44.5112],[-101.9991,45.0378],[-102.9574,45.0396],[-102.9646,44.604],[-103.5676,44.604],[-103.5748,44.2561],[-103.4527,44.141]]]},"properties":{"fips":"46093","name":"Meade","state":"South Dakota"}},
{"type":"Feature","geometry":{"type":"Polygon","coordinates":[[[-84.8458,37.5486],[-84.6592,37.6345],[-84.7453,37.7135],[-85.0253,37.6791],[-85.0289,37.631],[-85.0396,37.5451],[-84.8458,37.5486]]]},"properties":{"fips":"21021","name":"Boyle","state":"Kentucky"}},
{"type":"Feature","geometry":{"type":"Polygon","coordinates":[[[-82.4159,36.0727],[-82.5056,35.9773],[-82.4087,35.8184],[-82.2759,35.7042],[-82.1323,35.8236],[-82.4159,36.0727]]]},"properties":{"fips":"37199","name":"Yancey","state":"North Carolina"}},
{"type":"Feature","geometry":{"type":"Polygon","coordinates":[[[-86.8163,32.3409],[-86.9168,32.6639],[-87.0173,32.7292],[-87.1143,32.4887],[-87.4229,32.4827],[-87.4732,32.3074],[-87.4732,32.2653],[-87.1789,32.0471],[-86.9061,32.048],[-86.8163,32.3409]]]},"properties":{"fips":"01047","name":"Dallas","state":"Alabama"}},
{"type":"Feature","geometry":{"type":"Polygon","coordinates":[[[-84.5264,32.9706],[-84.2715,32.9913],[-84.2464,33.1888],[-84.4977,33.1837],[-84.5264,32.9706]]]},"properties":{"fips":"13231","name":"Pike","state":"Georgia"}},
{"type":"Feature","geometry":{"type":"Polygon","coordinates":[[[-86.9061,31.7533],[-87.1358,31.6417],[-87.2076,31.4587],[-87.4265,31.2602],[-86.7661,31.2611],[-86.7015,31.1924],[-86.7015,31.524],[-86.8379,31.5248],[-86.9061,31.7533]]]},"properties":{"fips":"01035","name":"Conecuh","state":"Alabama"}},
{"type":"Feature","geometry":{"type":"Polygon","coordinates":[[[-92.7387,34.8537],[-92.5449,34.9533],[-92.5556,35.1131],[-93.0402,35.077],[-93.2699,34.9035],[-93.2878,34.7729],[-93.0761,34.7721],[-92.7387,34.8537]]]},"properties":{"fips":"05105","name":"Perry","state":"Arkansas"}},
{"type":"Feature","geometry":{"type":"Polygon","coordinates":[[[-84.2572,34.3812],[-84.3469,34.5625],[-84.6556,34.5487],[-84.652,34.413],[-84.2572,34.3812]]]},"properties":{"fips":"13227","name":"Pickens","state":"Georgia"}},
{"type":"Feature","geometry":{"type":"Polygon","coordinates":[[[-82.7568,33.2533],[-82.8502,33.4431],[-83.0117,33.4689],[-83.1624,33.3546],[-83.2737,33.1871],[-83.0512,33.0806],[-82.7497,33.2387],[-82.7568,33.2533]]]},"properties":{"fips":"13141","name":"Hancock","state":"Georgia"}},
{"type":"Feature","geometry":{"type":"Polygon","coordinates":[[[-84.4295,32.1339],[-84.6484,32.2327],[-84.6556,31.92],[-84.5982,31.92],[-84.4438,31.9673],[-84.4295,32.1339]]]},"properties":{"fips":"13307","name":"Webster","state":"Georgia"}},
{"type":"Feature","geometry":{"type":"Polygon","coordinates":[[[-85.5744,40.0768],[-85.578,40.3792],[-85.8616,40.3783],[-85.8616,40.2185],[-85.8616,39.9436],[-85.5744,39.9453],[-85.5744,40.0768]]]},"properties":{"fips":"18095","name":"Madison","state":"Indiana"}},
{"type":"Feature","geometry":{"type":"Polygon","coordinates":[[[-86.6835,38.905],[-86.9025,38.9042],[-86.924,38.5056],[-86.6835,38.5262],[-86.6835,38.6868],[-86.6835,38.905]]]},"properties":{"fips":"18101","name":"Martin","state":"Indiana"}},
{"type":"Feature","geometry":{"type":"Polygon","coordinates":[[[-100.6854,38.2642],[-101.1017,38.2642],[-101.091,37.7367],[-100.6531,37.7367],[-100.6638,38.0021],[-100.2259,38.0013],[-100.2259,38.2624],[-100.2439,38.2624],[-100.6854,38.2642]]]},"properties":{"fips":"20055","name":"Finney","state":"Kansas"}},
{"type":"Feature","geometry":{"type":"Polygon","coordinates":[[[-95.5886,39.216],[-95.4988,39.0571],[-95.1866,39.0442],[-95.1794,39.4196],[-95.5706,39.4187],[-95.5886,39.216]]]},"properties":{"fips":"20087","name":"Jefferson","state":"Kansas"}},
{"type":"Feature","geometry":{"type":"Polygon","coordinates":[[[-87.0963,40.563],[-86.7697,40.5621],[-86.583,40.7357],[-86.583,40.9109],[-86.9312,40.9126],[-87.0999,40.7365],[-87.0963,40.563]]]},"properties":{"fips":"18181","name":"White","state":"Indiana"}},
{"type":"Feature","geometry":{"type":"Polygon","coordinates":[[[-84.5766,36.8673],[-84.3577,36.9592],[-84.2895,37.1517],[-84.5012,37.3286],[-84.7202,37.2384],[-84.8997,37.1165],[-84.8351,36.9979],[-84.5766,36.8673]]]},"properties":{"fips":"21199","name":"Pulaski","state":"Kentucky"}},
{"type":"Feature","geometry":{"type":"Polygon","coordinates":[[[-90.5707,39.8397],[-90.5851,39.8766],[-90.5133,39.9883],[-90.6964,40.1034],[-90.9153,40.1043],[-90.9153,39.8448],[-90.5707,39.8397]]]},"properties":{"fips":"17009","name":"Brown","state":"Illinois"}},
{"type":"Feature","geometry":{"type":"Polygon","coordinates":[[[-92.3116,32.1459],[-92.3116,31.9277],[-92.0065,31.9269],[-91.888,31.9715],[-91.8952,32.1519],[-92.0352,32.2774],[-92.3116,32.2774],[-92.3116,32.1459]]]},"properties":{"fips":"22021","name":"Caldwell","state":"Louisiana"}},
{"type":"Feature","geometry":{"type":"Polygon","coordinates":[[[-93.496,38.9282],[-94.1134,38.917],[-94.1206,38.8329],[-94.0631,38.5674],[-93.5104,38.5562],[-93.496,38.9282]]]},"properties":{"fips":"29101","name":"Johnson","state":"Missouri"}},
{"type":"Feature","geometry":{"type":"Polygon","coordinates":[[[-90.219,37.3149],[-90.1113,37.0409],[-89.8672,37.1259],[-89.8601,37.5992],[-90.1472,37.5975],[-90.219,37.3149]]]},"properties":{"fips":"29017","name":"Bollinger","state":"Missouri"}},
{"type":"Feature","geometry":{"type":"Polygon","coordinates":[[[-91.224,36.8836],[-91.1163,36.8235],[-90.6641,36.8115],[-90.6784,36.9266],[-90.7789,37.0503],[-91.0194,37.0958],[-91.2168,37.0864],[-91.224,36.8836]]]},"properties":{"fips":"29035","name":"Carter","state":"Missouri"}},
{"type":"Feature","geometry":{"type":"Polygon","coordinates":[[[-96.913,40.6979],[-96.913,40.5235],[-96.4644,40.5226],[-96.4644,40.7838],[-96.4644,41.0157],[-96.9094,41.0458],[-96.913,40.6979]]]},"properties":{"fips":"31109","name":"Lancaster","state":"Nebraska"}},
{"type":"Feature","geometry":{"type":"Polygon","coordinates":[[[-74.7491,40.4238],[-74.6199,40.374],[-74.462,40.5991],[-74.462,40.6738],[-74.724,40.7194],[-74.7491,40.4238]]]},"properties":{"fips":"34035","name":"Somerset","state":"New Jersey"}},
{"type":"Feature","geometry":{"type":"Polygon","coordinates":[[[-78.0369,42.5217],[-77.9544,42.8627],[-78.4641,42.8679],[-78.4641,42.5363],[-78.3097,42.5208],[-78.0369,42.5217]]]},"properties":{"fips":"36121","name":"Wyoming","state":"New York"}},
{"type":"Feature","geometry":{"type":"Polygon","coordinates":[[[-76.8955,42.5414],[-77.1073,42.4839],[-76.9637,42.2785],[-76.6192,42.2828],[-76.6981,42.5466],[-76.8955,42.5414]]]},"properties":{"fips":"36097","name":"Schuyler","state":"New York"}},
{"type":"Feature","geometry":{"type":"Polygon","coordinates":[[[-84.0131,40.2735],[-83.5501,40.2297],[-83.5214,40.5037],[-83.8803,40.5389],[-84.0023,40.4831],[-84.0131,40.2735]]]},"properties":{"fips":"39091","name":"Logan","state":"Ohio"}},
{"type":"Feature","geometry":{"type":"Polygon","coordinates":[[[-83.4173,40.5054],[-83.5214,40.5037],[-83.5501,40.2297],[-83.5034,40.1111],[-83.2055,40.1077],[-83.1696,40.1429],[-83.2486,40.4436],[-83.4173,40.5054]]]},"properties":{"fips":"39159","name":"Union","state":"Ohio"}},
{"type":"Feature","geometry":{"type":"Polygon","coordinates":[[[-79.2142,40.9109],[-79.2142,40.776],[-79.4511,40.5304],[-79.3937,40.4573],[-78.9737,40.3963],[-78.8014,40.7245],[-78.805,40.9058],[-79.2142,40.9109]]]},"properties":{"fips":"42063","name":"Indiana","state":"Pennsylvania"}},
{"type":"Feature","geometry":{"type":"Polygon","coordinates":[[[-86.0554,37.1671],[-85.7431,37.1697],[-85.6857,37.1826],[-85.657,37.4223],[-85.8939,37.4403],[-86.0482,37.4498],[-86.1559,37.3355],[-86.0554,37.1671]]]},"properties":{"fips":"21099","name":"Hart","state":"Kentucky"}},
{"type":"Feature","geometry":{"type":"Polygon","coordinates":[[[-87.0999,37.4163],[-86.8989,37.2127],[-86.6118,37.3948],[-86.5938,37.564],[-86.6405,37.662],[-86.8235,37.7376],[-87.0389,37.5606],[-87.0999,37.4163]]]},"properties":{"fips":"21183","name":"Ohio","state":"Kentucky"}},
{"type":"Feature","geometry":{"type":"Polygon","coordinates":[[[-99.7091,45.5937],[-99.7163,45.5937],[-100.4305,45.5945],[-100.3408,45.4725],[-100.2618,45.2466],[-99.7091,45.2457],[-99.7091,45.5937]]]},"properties":{"fips":"46129","name":"Walworth","state":"South Dakota"}},
{"type":"Feature","geometry":{"type":"Polygon","coordinates":[[[-83.2342,36.0847],[-83.4675,36.1749],[-83.6685,36.0804],[-83.6721,36.0383],[-83.3096,35.8957],[-83.2342,36.0847]]]},"properties":{"fips":"47089","name":"Jefferson","state":"Tennessee"}},
{"type":"Feature","geometry":{"type":"Polygon","coordinates":[[[-84.4438,38.2831],[-84.1926,38.3715],[-84.1028,38.4592],[-84.1603,38.5545],[-84.2069,38.582],[-84.4761,38.5425],[-84.5587,38.4927],[-84.4438,38.2831]]]},"properties":{"fips":"21097","name":"Harrison","state":"Kentucky"}},
{"type":"Feature","geometry":{"type":"Polygon","coordinates":[[[-83.2558,35.6964],[-83.4855,35.5684],[-83.6614,35.5693],[-83.9521,35.461],[-83.6111,35.4267],[-83.6793,35.2798],[-83.3383,35.3313],[-83.1876,35.5143],[-83.2558,35.6964]]]},"properties":{"fips":"37173","name":"Swain","state":"North Carolina"}},
{"type":"Feature","geometry":{"type":"Polygon","coordinates":[[[-95.3086,32.9629],[-95.664,32.9603],[-95.6352,32.7206],[-95.5958,32.6871],[-95.4019,32.6047],[-95.4019,32.6064],[-95.1543,32.5703],[-95.1507,32.9028],[-95.1507,33.0136],[-95.3086,32.9629]]]},"properties":{"fips":"48499","name":"Wood","state":"Texas"}},
{"type":"Feature","geometry":{"type":"Polygon","coordinates":[[[-77.2078,36.2462],[-76.7197,36.2437],[-76.6909,36.2772],[-76.6981,36.2961],[-76.935,36.4017],[-76.9171,36.5435],[-77.1647,36.546],[-77.2078,36.2462]]]},"properties":{"fips":"37091","name":"Hertford","state":"North Carolina"}},
{"type":"Feature","geometry":{"type":"Polygon","coordinates":[[[-95.165,30.3453],[-95.0968,30.1675],[-94.982,29.884],[-94.4436,29.8892],[-94.4436,30.1134],[-94.5979,30.1117],[-94.7343,30.4897],[-94.8492,30.494],[-95.165,30.3453]]]},"properties":{"fips":"48291","name":"Liberty","state":"Texas"}},
{"type":"Feature","geometry":{"type":"Polygon","coordinates":[[[-86.2744,38.7641],[-85.8867,38.7341],[-85.797,38.8071],[-85.8006,39.0682],[-86.0805,39.0502],[-86.3174,39.0485],[-86.3174,38.9909],[-86.2744,38.7641]]]},"properties":{"fips":"18071","name":"Jackson","state":"Indiana"}},
{"type":"Feature","geometry":{"type":"Polygon","coordinates":[[[-99.0235,38.0004],[-98.9123,38.2607],[-99.0307,38.3483],[-99.5835,38.3492],[-99.5835,38.2624],[-99.5691,38.0872],[-99.3502,38.0004],[-99.0235,38.0004]]]},"properties":{"fips":"20145","name":"Pawnee","state":"Kansas"}},
{"type":"Feature","geometry":{"type":"Polygon","coordinates":[[[-95.9583,38.0399],[-95.5204,38.0382],[-95.5096,38.3904],[-95.5096,38.4343],[-95.9511,38.4343],[-95.9583,38.1705],[-95.9583,38.0399]]]},"properties":{"fips":"20031","name":"Coffey","state":"Kansas"}},
{"type":"Feature","geometry":{"type":"Polygon","coordinates":[[[-92.2864,30.1478],[-91.9634,30.0369],[-91.9526,30.073],[-91.9885,30.3685],[-92.1429,30.299],[-92.2864,30.1478]]]},"properties":{"fips":"22055","name":"Lafayette","state":"Louisiana"}},
{"type":"Feature","geometry":{"type":"Polygon","coordinates":[[[-95.768,46.1074],[-96.267,46.1082],[-96.267,46.0215],[-96.2526,45.7595],[-95.7573,45.7603],[-95.768,46.1074]]]},"properties":{"fips":"27051","name":"Grant","state":"Minnesota"}},
{"type":"Feature","geometry":{"type":"Polygon","coordinates":[[[-89.7847,32.5866],[-90.0647,32.3994],[-90.2477,32.1537],[-90.2298,32.0497],[-89.7308,32.0471],[-89.7308,32.2224],[-89.7847,32.5866]]]},"properties":{"fips":"28121","name":"Rankin","state":"Mississippi"}},
{"type":"Feature","geometry":{"type":"Polygon","coordinates":[[[-90.7287,32.225],[-90.7179,32.048],[-90.2298,32.0497],[-90.2477,32.1537],[-90.0647,32.3994],[-90.4487,32.5737],[-90.5528,32.5076],[-90.7287,32.225]]]},"properties":{"fips":"28049","name":"Hinds","state":"Mississippi"}},
{"type":"Feature","geometry":{"type":"Polygon","coordinates":[[[-78.4964,34.8563],[-78.6471,34.992],[-78.6184,35.2454],[-79.0958,35.1922],[-79.0994,35.1741],[-79.0383,34.9525],[-78.9019,34.8357],[-78.4964,34.8563]]]},"properties":{"fips":"37051","name":"Cumberland","state":"North Carolina"}},
{"type":"Feature","geometry":{"type":"Polygon","coordinates":[[[-80.8725,36.2359],[-80.9658,36.4017],[-81.2529,36.3665],[-81.4791,36.2402],[-81.5473,36.1174],[-81.3283,35.9962],[-81.0304,36.0461],[-80.8832,36.0555],[-80.8725,36.2359]]]},"properties":{"fips":"37193","name":"Wilkes","state":"North Carolina"}},
{"type":"Feature","geometry":{"type":"Polygon","coordinates":[[[-84.0023,40.4831],[-83.8803,40.5389],[-83.8803,40.6446],[-84.3972,40.685],[-84.4546,40.685],[-84.4331,40.3543],[-84.3397,40.4814],[-84.0023,40.4831]]]},"properties":{"fips":"39011","name":"Auglaize","state":"Ohio"}},
{"type":"Feature","geometry":{"type":"Polygon","coordinates":[[[-97.1427,34.9284],[-96.931,34.9645],[-96.7766,34.9001],[-96.7766,35.4052],[-96.6223,35.4009],[-96.6259,35.4628],[-97.1427,35.4636],[-97.1427,35.3769],[-97.1427,34.9284]]]},"properties":{"fips":"40125","name":"Pottawatomie","state":"Oklahoma"}},
{"type":"Feature","geometry":{"type":"Polygon","coordinates":[[[-95.9798,35.3769],[-95.9798,35.2901],[-95.9834,35.1518],[-95.4522,35.2961],[-95.3445,35.2927],[-95.3445,35.5521],[-95.7142,35.5521],[-95.9798,35.3769]]]},"properties":{"fips":"40091","name":"McIntosh","state":"Oklahoma"}},
{"type":"Feature","geometry":{"type":"Polygon","coordinates":[[[-122.8493,45.2595],[-122.8672,45.317],[-123.14,45.4339],[-123.4666,45.433],[-123.463,45.2165],[-123.7251,45.0765],[-123.0682,45.0748],[-122.8493,45.2595]]]},"properties":{"fips":"41071","name":"Yamhill","state":"Oregon"}},
{"type":"Feature","geometry":{"type":"Polygon","coordinates":[[[-75.3342,40.5372],[-75.6106,40.7872],[-75.7577,40.7357],[-75.8905,40.6773],[-75.528,40.447],[-75.4849,40.4187],[-75.3342,40.5372]]]},"properties":{"fips":"42077","name":"Lehigh","state":"Pennsylvania"}},
{"type":"Feature","geometry":{"type":"Polygon","coordinates":[[[-85.0755,37.4137],[-85.4668,37.4652],[-85.5852,37.4695],[-85.3519,37.1921],[-85.1653,37.3106],[-85.0755,37.4137]]]},"properties":{"fips":"21217","name":"Taylor","state":"Kentucky"}},
{"type":"Feature","geometry":{"type":"Polygon","coordinates":[[[-86.1128,37.0615],[-86.1667,36.9343],[-85.9764,36.723],[-85.7396,36.8416],[-85.7431,37.1697],[-86.0554,37.1671],[-86.1128,37.0615]]]},"properties":{"fips":"21009","name":"Barren","state":"Kentucky"}},
{"type":"Feature","geometry":{"type":"Polygon","coordinates":[[[-98.1729,30.3565],[-97.7098,30.0249],[-97.6488,30.0679],[-97.3689,30.4192],[-97.595,30.5017],[-97.7745,30.4304],[-98.0508,30.6245],[-98.1262,30.4261],[-98.1729,30.3565]]]},"properties":{"fips":"48453","name":"Travis","state":"Texas"}},
{"type":"Feature","geometry":{"type":"Polygon","coordinates":[[[-95.8291,30.6306],[-95.8039,30.2457],[-95.8039,30.0902],[-95.5527,30.171],[-95.2943,30.0275],[-95.0968,30.1675],[-95.165,30.3453],[-95.3589,30.5043],[-95.5993,30.5094],[-95.8291,30.6306]]]},"properties":{"fips":"48339","name":"Montgomery","state":"Texas"}},
{"type":"Feature","geometry":{"type":"Polygon","coordinates":[[[-101.1735,32.5239],[-101.6904,32.5256],[-101.694,32.0875],[-101.2632,32.0875],[-101.1843,32.0875],[-101.1735,32.5239]]]},"properties":{"fips":"48227","name":"Howard","state":"Texas"}},
{"type":"Feature","geometry":{"type":"Polygon","coordinates":[[[-82.4051,36.8768],[-82.3261,36.9713],[-82.5523,37.2032],[-82.5666,37.1963],[-82.8681,36.9739],[-82.8789,36.8931],[-82.7712,36.8003],[-82.4051,36.8768]],[[-82.6635,36.9206],[-82.6348,36.9524],[-82.5989,36.9584],[-82.6133,36.9051],[-82.6635,36.9206]]]},"properties":{"fips":"51195","name":"Wise","state":"Virginia"}},
{"type":"Feature","geometry":{"type":"Polygon","coordinates":[[[-78.1877,39.1748],[-78.1841,39.131],[-78.1374,39.1842],[-78.1877,39.2048],[-78.1877,39.1748]]]},"properties":{"fips":"51840","name":"Winchester","state":"Virginia"}},
{"type":"Feature","geometry":{"type":"Polygon","coordinates":[[[-82.7281,40.7116],[-82.624,40.5501],[-82.3369,40.5553],[-82.4338,40.9925],[-82.7245,40.996],[-82.7281,40.7116]]]},"properties":{"fips":"39139","name":"Richland","state":"Ohio"}},
{"type":"Feature","geometry":{"type":"Polygon","coordinates":[[[-89.756,31.7748],[-89.6519,31.7808],[-89.7308,32.0471],[-90.2298,32.0497],[-90.1221,31.7525],[-89.9749,31.7619],[-89.756,31.7748]]]},"properties":{"fips":"28127","name":"Simpson","state":"Mississippi"}},
{"type":"Feature","geometry":{"type":"Polygon","coordinates":[[[-92.4982,38.9222],[-92.3941,38.7392],[-92.2218,38.643],[-92.1105,39.0639],[-92.1034,39.2401],[-92.3151,39.2461],[-92.43,39.2486],[-92.5592,38.9703],[-92.4982,38.9222]]]},"properties":{"fips":"29019","name":"Boone","state":"Missouri"}},
{"type":"Feature","geometry":{"type":"Polygon","coordinates":[[[-111.4102,48.1322],[-111.4102,47.987],[-111.4102,47.6984],[-110.6385,47.4166],[-110.2149,47.4166],[-109.8488,47.5403],[-109.8381,47.7121],[-109.5402,47.7387],[-109.533,48.1348],[-109.7268,48.133],[-109.8453,48.3057],[-110.6241,48.3066],[-110.7569,48.2198],[-110.8287,48.133],[-111.4102,48.1322]]]},"properties":{"fips":"30015","name":"Chouteau","state":"Montana"}},
{"type":"Feature","geometry":{"type":"Polygon","coordinates":[[[-97.8247,40.6987],[-97.8247,41.0467],[-97.8283,41.1738],[-98.2841,40.8688],[-98.2841,40.6979],[-98.277,40.6979],[-97.8247,40.6987]]]},"properties":{"fips":"31081","name":"Hamilton","state":"Nebraska"}},
{"type":"Feature","geometry":{"type":"Polygon","coordinates":[[[-105.714,35.0418],[-105.7247,35.8708],[-105.7176,35.9791],[-106.0514,36.0023],[-106.2452,35.931],[-106.2488,35.7557],[-106.2452,35.2154],[-106.2452,35.0401],[-105.714,35.0418]]]},"properties":{"fips":"35049","name":"Santa Fe","state":"New Mexico"}},
{"type":"Feature","geometry":{"type":"Polygon","coordinates":[[[-78.3061,35.2875],[-78.5394,35.3167],[-78.6184,35.2454],[-78.6471,34.992],[-78.4964,34.8563],[-78.2559,34.5539],[-78.1123,34.7214],[-78.1626,35.1896],[-78.3061,35.2875]]]},"properties":{"fips":"37163","name":"Sampson","state":"North Carolina"}},
{"type":"Feature","geometry":{"type":"Polygon","coordinates":[[[-96.6223,35.6389],[-96.6259,35.4628],[-96.6223,35.4009],[-96.4428,35.2901],[-95.9798,35.2901],[-95.9798,35.3769],[-96.1916,35.6389],[-96.6223,35.6389]]]},"properties":{"fips":"40107","name":"Okfuskee","state":"Oklahoma"}},
{"type":"Feature","geometry":{"type":"Polygon","coordinates":[[[-97.674,36.1646],[-97.4622,36.1646],[-97.4622,36.5933],[-98.1047,36.5933],[-98.1047,36.4627],[-98.1047,36.1646],[-97.674,36.1646]]]},"properties":{"fips":"40047","name":"Garfield","state":"Oklahoma"}},
{"type":"Feature","geometry":{"type":"Polygon","coordinates":[[[-83.6326,37.8252],[-83.4962,37.8621],[-83.4352,38.0339],[-83.4998,38.0503],[-83.7583,37.9987],[-83.769,37.918],[-83.6326,37.8252]]]},"properties":{"fips":"21165","name":"Menifee","state":"Kentucky"}},
{"type":"Feature","geometry":{"type":"Polygon","coordinates":[[[-104.3716,35.7789],[-104.4362,36.2187],[-105.3407,36.2617],[-105.5309,36.0134],[-105.7176,35.9791],[-105.7247,35.8708],[-105.3479,35.8708],[-105.0069,35.7712],[-104.3716,35.7789]]]},"properties":{"fips":"35033","name":"Mora","state":"New Mexico"}},
{"type":"Feature","geometry":{"type":"Polygon","coordinates":[[[-97.8319,41.916],[-97.8319,41.7425],[-97.3689,41.7434],[-97.3689,42.0913],[-97.8355,42.0896],[-97.8319,41.916]]]},"properties":{"fips":"31119","name":"Madison","state":"Nebraska"}},
{"type":"Feature","geometry":{"type":"Polygon","coordinates":[[[-98.2877,41.3937],[-98.2877,41.0467],[-98.2841,40.8688],[-97.8283,41.1738],[-97.5986,41.3327],[-97.7027,41.3946],[-97.7063,41.3095],[-98.277,41.264],[-98.2877,41.3937]]]},"properties":{"fips":"31121","name":"Merrick","state":"Nebraska"}},
{"type":"Feature","geometry":{"type":"Polygon","coordinates":[[[-121.8191,44.2621],[-121.7689,44.1015],[-121.9771,43.8566],[-122.0022,43.6152],[-121.3346,43.617],[-119.8953,43.6109],[-119.8989,43.6986],[-120.2578,43.6986],[-120.3798,43.8721],[-120.7495,43.8712],[-120.9864,43.9606],[-121.1013,44.1384],[-121.1085,44.391],[-121.8443,44.3927],[-121.8191,44.2621]]]},"properties":{"fips":"41017","name":"Deschutes","state":"Oregon"}},
{"type":"Feature","geometry":{"type":"Polygon","coordinates":[[[-119.3246,41.9942],[-119.3102,40.9607],[-118.7862,40.9607],[-118.7862,40.8559],[-117.6448,40.8577],[-117.6448,40.6841],[-117.3002,40.6764],[-117.3002,40.5261],[-117.0203,40.6429],[-117.0167,41.0003],[-117.0167,41.9994],[-117.0274,42.0002],[-118.1975,41.9968],[-119.3246,41.9942]]]},"properties":{"fips":"32013","name":"Humboldt","state":"Nevada"}},
{"type":"Feature","geometry":{"type":"Polygon","coordinates":[[[-77.6098,41.9994],[-77.599,41.5423],[-76.9601,41.5518],[-76.874,41.5973],[-76.9278,42.0019],[-76.9673,42.0011],[-77.6098,41.9994]]]},"properties":{"fips":"42117","name":"Tioga","state":"Pennsylvania"}},
{"type":"Feature","geometry":{"type":"Polygon","coordinates":[[[-86.4682,37.3209],[-86.6118,37.3948],[-86.8989,37.2127],[-86.942,37.0692],[-86.6728,36.9996],[-86.6153,37.1465],[-86.4,37.1697],[-86.4682,37.3209]]]},"properties":{"fips":"21031","name":"Butler","state":"Kentucky"}},
{"type":"Feature","geometry":{"type":"Polygon","coordinates":[[[-85.998,37.9996],[-86.2672,38.0571],[-86.3318,38.1808],[-86.461,38.1216],[-86.4897,38.046],[-86.1523,37.7985],[-85.998,37.9996]]]},"properties":{"fips":"21163","name":"Meade","state":"Kentucky"}},
{"type":"Feature","geometry":{"type":"Polygon","coordinates":[[[-84.4474,37.4859],[-84.6592,37.6345],[-84.8458,37.5486],[-84.7202,37.2384],[-84.5012,37.3286],[-84.4474,37.4859]]]},"properties":{"fips":"21137","name":"Lincoln","state":"Kentucky"}},
{"type":"Feature","geometry":{"type":"Polygon","coordinates":[[[-83.9305,36.5873],[-83.6757,36.601],[-83.4604,36.6646],[-83.4891,36.8957],[-83.5106,36.9386],[-83.5896,36.9558],[-83.8767,36.6869],[-83.9305,36.5873]]]},"properties":{"fips":"21013","name":"Bell","state":"Kentucky"}},
{"type":"Feature","geometry":{"type":"Polygon","coordinates":[[[-84.5802,38.4729],[-84.7848,38.7203],[-84.9356,38.6619],[-85.0755,38.5966],[-84.8709,38.3569],[-84.7417,38.3526],[-84.5802,38.4729]]]},"properties":{"fips":"21187","name":"Owen","state":"Kentucky"}},
{"type":"Feature","geometry":{"type":"Polygon","coordinates":[[[-76.9601,35.0478],[-76.8022,34.9645],[-76.5689,35.0968],[-76.6084,35.3373],[-76.8955,35.254],[-76.9601,35.0478]]]},"properties":{"fips":"37137","name":"Pamlico","state":"North Carolina"}},
{"type":"Feature","geometry":{"type":"Polygon","coordinates":[[[-76.8489,35.7196],[-76.6371,35.705],[-76.4074,35.6973],[-76.3643,35.9447],[-76.6909,35.9447],[-76.7591,35.8648],[-76.8489,35.7196]]]},"properties":{"fips":"37187","name":"Washington","state":"North Carolina"}},
{"type":"Feature","geometry":{"type":"Polygon","coordinates":[[[-81.1955,38.5279],[-81.2314,38.2633],[-80.912,38.4145],[-80.8796,38.5073],[-81.0304,38.6679],[-81.0842,38.6121],[-81.1955,38.5279]]]},"properties":{"fips":"54015","name":"Clay","state":"West Virginia"}},
{"type":"Feature","geometry":{"type":"Polygon","coordinates":[[[-106.2631,44.994],[-107.9106,45.0009],[-107.7455,44.7157],[-107.3686,44.5602],[-106.0083,44.5636],[-106.0262,44.994],[-106.2631,44.994]]]},"properties":{"fips":"56033","name":"Sheridan","state":"Wyoming"}},
{"type":"Feature","geometry":{"type":"Polygon","coordinates":[[[-66.16,18.4534],[-66.1994,18.4663],[-66.2533,18.3941],[-66.1958,18.389],[-66.1707,18.431],[-66.16,18.4534]]]},"properties":{"fips":"72137","name":"Toa Baja","state":"Puerto Rico"}},
{"type":"Feature","geometry":{"type":"Polygon","coordinates":[[[-67.0501,18.1742],[-67.086,18.1501],[-67.1003,18.1063],[-67.1075,18.0565],[-66.9819,18.0522],[-66.9783,18.1441],[-67.0501,18.1742]]]},"properties":{"fips":"72125","name":"San Germán","state":"Puerto Rico"}},
{"type":"Feature","geometry":{"type":"Polygon","coordinates":[[[-74.7563,41.4246],[-75.0686,41.6016],[-75.3593,41.2391],[-74.9932,41.0922],[-74.6953,41.3576],[-74.7563,41.4246]]]},"properties":{"fips":"42103","name":"Pike","state":"Pennsylvania"}},
{"type":"Feature","geometry":{"type":"Polygon","coordinates":[[[-84.9356,38.6619],[-84.7848,38.7203],[-84.6592,38.777],[-84.7956,38.8569],[-85.0253,38.7624],[-84.9356,38.6619]]]},"properties":{"fips":"21077","name":"Gallatin","state":"Kentucky"}},
{"type":"Feature","geometry":{"type":"Polygon","coordinates":[[[-79.767,35.5117],[-79.6126,35.1638],[-79.4583,35.0435],[-79.2465,35.2128],[-79.0994,35.1741],[-79.0958,35.1922],[-79.1819,35.3073],[-79.3506,35.5177],[-79.5552,35.5152],[-79.767,35.5117]]]},"properties":{"fips":"37125","name":"Moore","state":"North Carolina"}},
{"type":"Feature","geometry":{"type":"Polygon","coordinates":[[[-78.9019,34.8357],[-79.0383,34.9525],[-79.347,34.8382],[-79.4619,34.6303],[-79.4511,34.6209],[-79.0706,34.2996],[-78.8696,34.4852],[-78.805,34.6896],[-78.9019,34.8357]]]},"properties":{"fips":"37155","name":"Robeson","state":"North Carolina"}},
{"type":"Feature","geometry":{"type":"Polygon","coordinates":[[[-97.3689,30.4192],[-97.6488,30.0679],[-97.315,29.787],[-97.0243,30.0515],[-97.0817,30.2594],[-97.333,30.4029],[-97.3689,30.4192]]]},"properties":{"fips":"48021","name":"Bastrop","state":"Texas"}},
{"type":"Feature","geometry":{"type":"Polygon","coordinates":[[[-95.3266,30.8599],[-95.2009,30.8247],[-94.842,31.1468],[-94.9569,31.3865],[-95.4342,31.0584],[-95.3266,30.8599]]]},"properties":{"fips":"48455","name":"Trinity","state":"Texas"}},
{"type":"Feature","geometry":{"type":"Polygon","coordinates":[[[-80.4525,36.2411],[-80.4525,36.2617],[-80.4418,36.5503],[-80.6105,36.5581],[-80.8366,36.5589],[-80.9012,36.5615],[-80.9658,36.4017],[-80.8725,36.2359],[-80.4525,36.2411]]]},"properties":{"fips":"37171","name":"Surry","state":"North Carolina"}},
{"type":"Feature","geometry":{"type":"Polygon","coordinates":[[[-102.8856,48.633],[-102.9394,48.9998],[-104.0485,48.9998],[-104.0485,48.6339],[-102.8856,48.633]]]},"properties":{"fips":"38023","name":"Divide","state":"North Dakota"}},
{"type":"Feature","geometry":{"type":"Polygon","coordinates":[[[-65.8369,18.2756],[-65.8226,18.273],[-65.7651,18.2799],[-65.758,18.291],[-65.7508,18.3847],[-65.8297,18.4233],[-65.8692,18.3778],[-65.8369,18.2756]]]},"properties":{"fips":"72119","name":"Río Grande","state":"Puerto Rico"}},
{"type":"Feature","geometry":{"type":"Polygon","coordinates":[[[-81.0806,33.0265],[-80.8258,32.7043],[-80.6679,32.6674],[-80.4776,32.4853],[-80.2766,32.517],[-80.4525,32.7395],[-80.4023,32.8581],[-80.4741,33.0643],[-80.7899,33.1811],[-80.7971,33.1768],[-81.0806,33.0265]]]},"properties":{"fips":"45029","name":"Colleton","state":"South Carolina"}},
{"type":"Feature","geometry":{"type":"Polygon","coordinates":[[[-86.059,36.0864],[-86.0159,35.961],[-85.8867,35.8399],[-85.6821,35.8313],[-85.6462,36.0151],[-85.8077,36.132],[-86.059,36.0864]]]},"properties":{"fips":"47041","name":"DeKalb","state":"Tennessee"}},
{"type":"Feature","geometry":{"type":"Polygon","coordinates":[[[-96.8018,31.5223],[-96.931,31.7087],[-97.0387,31.8633],[-97.2755,31.7456],[-97.6058,31.5875],[-97.4191,31.3204],[-97.2791,31.28],[-96.8018,31.5223]]]},"properties":{"fips":"48309","name":"McLennan","state":"Texas"}},
{"type":"Feature","geometry":{"type":"Polygon","coordinates":[[[-77.1073,34.6406],[-76.8166,34.6939],[-76.551,34.6458],[-76.2351,34.9259],[-76.4899,35.0169],[-76.6838,34.9628],[-76.6945,34.8692],[-77.0786,34.8116],[-77.1647,34.785],[-77.1073,34.6406]]]},"properties":{"fips":"37031","name":"Carteret","state":"North Carolina"}},
{"type":"Feature","geometry":{"type":"Polygon","coordinates":[[[-99.203,31.4673],[-99.3143,31.4097],[-99.6014,31.4922],[-99.605,31.0876],[-99.4865,30.9407],[-99.0917,30.9407],[-99.0917,31.4613],[-99.203,31.4673]]]},"properties":{"fips":"48307","name":"McCulloch","state":"Texas"}},
{"type":"Feature","geometry":{"type":"Polygon","coordinates":[[[-84.3433,41.4272],[-84.3433,41.4856],[-84.4007,41.7056],[-84.8063,41.6961],[-84.8063,41.5303],[-84.8027,41.4264],[-84.3433,41.4272]]]},"properties":{"fips":"39171","name":"Williams","state":"Ohio"}},
{"type":"Feature","geometry":{"type":"Polygon","coordinates":[[[-95.506,28.8257],[-95.1184,29.0782],[-95.104,29.1229],[-95.0574,29.2028],[-95.2153,29.5559],[-95.4235,29.5799],[-95.6532,29.2913],[-95.847,29.2629],[-95.8757,29.2294],[-95.7645,28.9674],[-95.506,28.8257]]]},"properties":{"fips":"48039","name":"Brazoria","state":"Texas"}},
{"type":"Feature","geometry":{"type":"Polygon","coordinates":[[[-81.2242,40.1704],[-81.235,39.9514],[-81.2386,39.868],[-80.8222,39.85],[-80.7325,40.033],[-80.7038,40.1575],[-80.8832,40.1592],[-81.2242,40.1704]]]},"properties":{"fips":"39013","name":"Belmont","state":"Ohio"}},
{"type":"Feature","geometry":{"type":"Polygon","coordinates":[[[-83.8659,39.2469],[-83.8731,39.021],[-83.6721,39.0201],[-83.385,39.0554],[-83.3527,39.198],[-83.3742,39.3775],[-83.5896,39.3784],[-83.8659,39.2469]]]},"properties":{"fips":"39071","name":"Highland","state":"Ohio"}},
{"type":"Feature","geometry":{"type":"Polygon","coordinates":[[[-83.4209,41.1669],[-83.4209,41.2537],[-83.4137,41.5002],[-83.4173,41.6188],[-83.5716,41.6171],[-83.8839,41.4143],[-83.8803,41.1678],[-83.4209,41.1669]]]},"properties":{"fips":"39173","name":"Wood","state":"Ohio"}},
{"type":"Feature","geometry":{"type":"Polygon","coordinates":[[[-88.0439,44.2406],[-88.191,44.2424],[-88.4028,44.2441],[-88.4028,43.9382],[-88.1623,43.8919],[-88.0403,43.8919],[-88.0439,44.2406]]]},"properties":{"fips":"55015","name":"Calumet","state":"Wisconsin"}},
{"type":"Feature","geometry":{"type":"Polygon","coordinates":[[[-77.2868,40.6936],[-77.355,40.807],[-77.3657,40.8474],[-77.6816,40.7297],[-77.9149,40.3989],[-77.7534,40.3783],[-77.2868,40.6936]]]},"properties":{"fips":"42087","name":"Mifflin","state":"Pennsylvania"}},
{"type":"Feature","geometry":{"type":"Polygon","coordinates":[[[-99.9998,36.0555],[-99.9998,35.8811],[-99.8096,35.9292],[-99.5583,35.8657],[-99.3825,36.0126],[-99.3825,36.1646],[-99.5978,36.1638],[-99.605,36.5924],[-100.0034,36.5933],[-100.0034,36.4997],[-99.9998,36.0555]]]},"properties":{"fips":"40045","name":"Ellis","state":"Oklahoma"}},
{"type":"Feature","geometry":{"type":"Polygon","coordinates":[[[-100.3659,44.1685],[-101.0479,44.1685],[-101.0658,43.9949],[-101.0658,43.8412],[-100.7787,43.7243],[-100.3372,43.7166],[-100.3659,44.1685]]]},"properties":{"fips":"46075","name":"Jones","state":"South Dakota"}},
{"type":"Feature","geometry":{"type":"Polygon","coordinates":[[[-87.9793,36.3536],[-87.5916,36.3674],[-87.6419,36.638],[-87.6957,36.6371],[-88.069,36.6783],[-88.0546,36.4971],[-87.99,36.3605],[-87.9793,36.3536]]]},"properties":{"fips":"47161","name":"Stewart","state":"Tennessee"}},
{"type":"Feature","geometry":{"type":"Polygon","coordinates":[[[-102.6164,33.8254],[-102.6164,34.3125],[-103.0435,34.3125],[-103.0435,34.303],[-103.0471,33.8245],[-102.6164,33.8254]]]},"properties":{"fips":"48017","name":"Bailey","state":"Texas"}},
{"type":"Feature","geometry":{"type":"Polygon","coordinates":[[[-66.6481,18.1587],[-66.6696,18.1527],[-66.6948,18.1304],[-66.6983,17.9775],[-66.5404,17.9757],[-66.5512,18.1519],[-66.6481,18.1587]]]},"properties":{"fips":"72113","name":"Ponce","state":"Puerto Rico"}},
{"type":"Feature","geometry":{"type":"Polygon","coordinates":[[[-99.666,34.7248],[-99.666,34.5075],[-99.8455,34.5066],[-99.7091,34.3872],[-99.4758,34.3967],[-99.2102,34.3365],[-99.1025,34.6381],[-99.2461,34.8219],[-99.4219,34.7257],[-99.666,34.7248]]]},"properties":{"fips":"40065","name":"Jackson","state":"Oklahoma"}},
{"type":"Feature","geometry":{"type":"Polygon","coordinates":[[[-82.3154,34.4843],[-82.2472,34.4096],[-81.9457,34.2034],[-81.6442,34.5333],[-81.8523,34.5943],[-82.1467,34.7858],[-82.3154,34.4843]]]},"properties":{"fips":"45059","name":"Laurens","state":"South Carolina"}},
{"type":"Feature","geometry":{"type":"Polygon","coordinates":[[[-102.9574,45.2131],[-102.943,45.945],[-102.9969,45.945],[-104.045,45.945],[-104.045,45.8823],[-104.0414,45.2131],[-102.9574,45.2131]]]},"properties":{"fips":"46063","name":"Harding","state":"South Dakota"}},
{"type":"Feature","geometry":{"type":"Polygon","coordinates":[[[-81.2996,39.1859],[-81.5832,39.0261],[-81.5042,38.9179],[-81.2781,38.9145],[-81.1632,39.0304],[-81.2996,39.1859]]]},"properties":{"fips":"54105","name":"Wirt","state":"West Virginia"}},
{"type":"Feature","geometry":{"type":"Polygon","coordinates":[[[-88.7402,44.2432],[-88.4028,44.2441],[-88.191,44.2424],[-88.2449,44.5851],[-88.6074,44.5903],[-88.7366,44.5903],[-88.7402,44.2432]]]},"properties":{"fips":"55087","name":"Outagamie","state":"Wisconsin"}},
{"type":"Feature","geometry":{"type":"Polygon","coordinates":[[[-101.9991,46.2053],[-101.9991,46.0533],[-101.4966,46.0232],[-101.0264,46.2843],[-101.2991,46.3711],[-101.2991,46.6305],[-101.7191,46.6314],[-102.096,46.7173],[-102.096,46.6314],[-101.9991,46.2053]]]},"properties":{"fips":"38037","name":"Grant","state":"North Dakota"}},
{"type":"Feature","geometry":{"type":"Polygon","coordinates":[[[-123.3625,46.146],[-123.5492,46.2594],[-123.9045,46.1692],[-123.9691,45.7835],[-123.3625,45.7792],[-123.3625,46.146]]]},"properties":{"fips":"41007","name":"Clatsop","state":"Oregon"}},
{"type":"Feature","geometry":{"type":"Polygon","coordinates":[[[-76.4397,40.496],[-76.1705,40.5347],[-75.8905,40.6773],[-75.7577,40.7357],[-75.9982,40.9126],[-76.2064,40.9496],[-76.3787,40.7752],[-76.7017,40.6584],[-76.5366,40.5553],[-76.4397,40.496]]]},"properties":{"fips":"42107","name":"Schuylkill","state":"Pennsylvania"}},
{"type":"Feature","geometry":{"type":"Polygon","coordinates":[[[-76.734,41.1721],[-76.6407,41.1558],[-76.4469,41.276],[-76.7484,41.4057],[-76.813,41.5904],[-76.874,41.5973],[-76.9601,41.5518],[-77.599,41.5423],[-77.599,41.4788],[-77.5272,41.3585],[-77.1432,41.069],[-76.8955,41.1394],[-76.734,41.1721]]]},"properties":{"fips":"42081","name":"Lycoming","state":"Pennsylvania"}},
{"type":"Feature","geometry":{"type":"Polygon","coordinates":[[[-85.6032,35.7952],[-85.2694,35.7935],[-85.2658,35.9791],[-85.5062,36.0821],[-85.6462,36.0151],[-85.6821,35.8313],[-85.6032,35.7952]]]},"properties":{"fips":"47185","name":"White","state":"Tennessee"}},
{"type":"Feature","geometry":{"type":"Polygon","coordinates":[[[-92.0854,44.4073],[-91.8593,44.1934],[-91.5578,44.025],[-91.5291,44.5963],[-91.6511,44.5963],[-92.0244,44.5903],[-92.0854,44.4073]]]},"properties":{"fips":"55011","name":"Buffalo","state":"Wisconsin"}},
{"type":"Feature","geometry":{"type":"Polygon","coordinates":[[[145.6874,15.1323],[145.7484,15.1546],[145.7412,15.2328],[145.7089,15.2431],[145.6874,15.1323]]]},"properties":{"fips":"69110","name":"Saipan","state":"Commonwealth of the Northern Mariana Islands"}},
{"type":"Feature","geometry":{"type":"Polygon","coordinates":[[[-66.9819,18.0522],[-67.1075,18.0565],[-67.1111,17.9457],[-66.9819,17.9526],[-66.9604,18.0324],[-66.9819,18.0522]]]},"properties":{"fips":"72079","name":"Lajas","state":"Puerto Rico"}},
{"type":"Feature","geometry":{"type":"Polygon","coordinates":[[[-67.0537,18.3065],[-67.0393,18.2893],[-66.9065,18.2532],[-66.8922,18.3675],[-66.8993,18.3658],[-66.9209,18.3932],[-67.0286,18.3932],[-67.0537,18.3065]]]},"properties":{"fips":"72131","name":"San Sebastián","state":"Puerto Rico"}},
{"type":"Feature","geometry":{"type":"Polygon","coordinates":[[[-101.0838,36.4997],[-100.9546,36.4997],[-100.9438,36.9979],[-101.0658,36.9979],[-101.554,36.9953],[-102.0278,36.9928],[-102.0314,36.5005],[-101.6222,36.4997],[-101.0838,36.4997]]]},"properties":{"fips":"40139","name":"Texas","state":"Oklahoma"}},
{"type":"Feature","geometry":{"type":"Polygon","coordinates":[[[-76.3787,40.7752],[-76.2064,40.9496],[-76.3105,41.3104],[-76.4469,41.276],[-76.6407,41.1558],[-76.5294,40.8826],[-76.3787,40.7752]]]},"properties":{"fips":"42037","name":"Columbia","state":"Pennsylvania"}},
{"type":"Feature","geometry":{"type":"Polygon","coordinates":[[[-101.9991,45.4725],[-101.4714,45.4725],[-100.3408,45.4725],[-100.4305,45.5945],[-100.3085,45.7079],[-100.4987,45.9433],[-100.5131,45.9433],[-101.9991,45.9442],[-101.9991,45.4725]]]},"properties":{"fips":"46031","name":"Corson","state":"South Dakota"}},
{"type":"Feature","geometry":{"type":"Polygon","coordinates":[[[-95.4342,31.0584],[-94.9569,31.3865],[-95.0035,31.426],[-95.2727,31.5927],[-95.7393,31.5042],[-95.6568,31.3178],[-95.7645,31.0944],[-95.6173,30.9304],[-95.4342,31.0584]]]},"properties":{"fips":"48225","name":"Houston","state":"Texas"}},
{"type":"Feature","geometry":{"type":"Polygon","coordinates":[[[-99.0917,31.4613],[-99.0917,30.9407],[-98.9661,30.9218],[-98.4457,30.9218],[-98.4385,31.0292],[-98.5641,31.2302],[-98.7041,31.4071],[-98.9912,31.4845],[-99.0917,31.4613]]]},"properties":{"fips":"48411","name":"San Saba","state":"Texas"}},
{"type":"Feature","geometry":{"type":"Polygon","coordinates":[[[-77.2509,37.3819],[-77.2724,37.3209],[-76.9709,37.2488],[-76.9422,37.2341],[-76.874,37.2608],[-76.9027,37.3776],[-77.1791,37.491],[-77.2509,37.3819]]]},"properties":{"fips":"51036","name":"Charles City","state":"Virginia"}},
{"type":"Feature","geometry":{"type":"Polygon","coordinates":[[[-78.2846,38.759],[-78.3959,38.8225],[-78.6435,38.6043],[-78.4856,38.4214],[-78.4533,38.4755],[-78.3384,38.6275],[-78.2846,38.759]]]},"properties":{"fips":"51139","name":"Page","state":"Virginia"}},
{"type":"Feature","geometry":{"type":"Polygon","coordinates":[[[-99.5332,43.5001],[-99.6229,43.7415],[-100.2295,43.714],[-100.2152,43.3902],[-100.1972,42.9984],[-99.5332,42.9984],[-99.5332,43.5001]]]},"properties":{"fips":"46123","name":"Tripp","state":"South Dakota"}},
{"type":"Feature","geometry":{"type":"Polygon","coordinates":[[[-104.9818,30.6288],[-104.6874,30.1795],[-104.6803,29.9244],[-104.508,29.6392],[-104.1455,29.3832],[-103.7937,29.2595],[-103.8009,30.4124],[-103.9014,30.4124],[-104.9818,30.6288]]]},"properties":{"fips":"48377","name":"Presidio","state":"Texas"}},
{"type":"Feature","geometry":{"type":"Polygon","coordinates":[[[-114.0519,37.6044],[-113.5889,37.6044],[-113.2551,37.4824],[-112.8997,37.4996],[-112.6844,37.5434],[-112.688,37.8054],[-112.469,37.8905],[-112.4798,38.1473],[-114.0483,38.149],[-114.0519,37.6044]]]},"properties":{"fips":"49021","name":"Iron","state":"Utah"}},
{"type":"Feature","geometry":{"type":"Polygon","coordinates":[[[-94.4005,31.6537],[-94.4508,31.8444],[-94.9389,31.8453],[-94.8671,31.5266],[-94.5441,31.4321],[-94.3251,31.225],[-94.3108,31.5893],[-94.4005,31.6537]]]},"properties":{"fips":"48347","name":"Nacogdoches","state":"Texas"}},
{"type":"Feature","geometry":{"type":"Polygon","coordinates":[[[-96.6223,30.0447],[-96.1449,30.0704],[-96.0947,30.2251],[-96.1557,30.3299],[-96.2993,30.3788],[-96.6402,30.2964],[-96.7946,30.1606],[-96.6223,30.0447]]]},"properties":{"fips":"48477","name":"Washington","state":"Texas"}},
{"type":"Feature","geometry":{"type":"Polygon","coordinates":[[[-114.0411,41.9933],[-114.0411,41.0003],[-112.7992,41.0003],[-112.4942,41.0767],[-112.2393,41.3362],[-111.884,41.4264],[-112.1639,41.9968],[-113.0002,41.9985],[-114.0411,41.9933]]]},"properties":{"fips":"49003","name":"Box Elder","state":"Utah"}},
{"type":"Feature","geometry":{"type":"Polygon","coordinates":[[[-97.3832,33.4302],[-96.9453,33.4165],[-96.9453,33.9491],[-97.1643,33.7292],[-97.254,33.8641],[-97.4837,33.9156],[-97.4873,33.4337],[-97.3832,33.4302]]]},"properties":{"fips":"48097","name":"Cooke","state":"Texas"}},
{"type":"Feature","geometry":{"type":"Polygon","coordinates":[[[-98.9517,33.834],[-98.9517,34.2128],[-99.2102,34.3365],[-99.4758,34.3967],[-99.4758,34.0857],[-99.4758,33.834],[-98.9517,33.834]]]},"properties":{"fips":"48487","name":"Wilbarger","state":"Texas"}},
{"type":"Feature","geometry":{"type":"Polygon","coordinates":[[[-96.3208,31.3573],[-96.2418,30.9733],[-95.9762,31.0919],[-95.7645,31.0944],[-95.6568,31.3178],[-95.7393,31.5042],[-95.786,31.6185],[-96.2382,31.4132],[-96.3208,31.3573]]]},"properties":{"fips":"48289","name":"Leon","state":"Texas"}},
{"type":"Feature","geometry":{"type":"Polygon","coordinates":[[[-98.0975,28.787],[-98.0042,28.6899],[-97.778,28.6676],[-97.5735,28.8136],[-97.7565,29.0069],[-97.6129,29.11],[-97.7278,29.2217],[-98.1908,28.8824],[-98.0975,28.787]]]},"properties":{"fips":"48255","name":"Karnes","state":"Texas"}},
{"type":"Feature","geometry":{"type":"Polygon","coordinates":[[[-80.8545,37.1474],[-80.9801,37.2926],[-81.2242,37.235],[-81.436,37.0099],[-81.3786,36.9524],[-81.2242,37.0477],[-80.912,37.0735],[-80.8545,37.1474]]]},"properties":{"fips":"51021","name":"Bland","state":"Virginia"}},
{"type":"Feature","geometry":{"type":"Polygon","coordinates":[[[-77.154,37.1122],[-77.398,36.9928],[-77.6206,36.8776],[-77.4303,36.7075],[-76.953,36.9446],[-77.154,37.1122]]]},"properties":{"fips":"51183","name":"Sussex","state":"Virginia"}},
{"type":"Feature","geometry":{"type":"Polygon","coordinates":[[[-78.4425,37.0795],[-78.4928,36.8914],[-78.0262,36.778],[-78.0046,37.0228],[-78.2379,37.1199],[-78.4425,37.0795]]]},"properties":{"fips":"51111","name":"Lunenburg","state":"Virginia"}},
{"type":"Feature","geometry":{"type":"Polygon","coordinates":[[[-81.034,39.0098],[-81.1632,39.0304],[-81.2781,38.9145],[-81.0842,38.6121],[-81.0304,38.6679],[-80.9837,38.7177],[-81.034,39.0098]]]},"properties":{"fips":"54013","name":"Calhoun","state":"West Virginia"}},
{"type":"Feature","geometry":{"type":"Polygon","coordinates":[[[-81.9277,37.5125],[-81.9672,37.5374],[-82.3154,37.296],[-82.1503,37.0417],[-81.9026,37.1422],[-81.7375,37.2384],[-81.9277,37.3587],[-81.9277,37.5125]]]},"properties":{"fips":"51027","name":"Buchanan","state":"Virginia"}},
{"type":"Feature","geometry":{"type":"Polygon","coordinates":[[[-78.3241,36.5435],[-78.0477,36.5443],[-78.0262,36.778],[-78.4928,36.8914],[-78.6471,36.6981],[-78.7333,36.5417],[-78.4569,36.5426],[-78.3241,36.5435]]]},"properties":{"fips":"51117","name":"Mecklenburg","state":"Virginia"}},
{"type":"Feature","geometry":{"type":"Polygon","coordinates":[[[-84.4007,38.2075],[-84.2859,38.0674],[-84.0813,38.1155],[-83.9772,38.192],[-84.1926,38.3715],[-84.4438,38.2831],[-84.4007,38.2075]]]},"properties":{"fips":"21017","name":"Bourbon","state":"Kentucky"}},
{"type":"Feature","geometry":{"type":"Polygon","coordinates":[[[-113.9335,42.7648],[-113.9335,42.5354],[-113.6535,42.5363],[-113.4704,42.6694],[-113.413,43.1995],[-113.7145,43.1995],[-113.7145,42.8498],[-113.9335,42.7648]]]},"properties":{"fips":"16067","name":"Minidoka","state":"Idaho"}},
{"type":"Feature","geometry":{"type":"Polygon","coordinates":[[[-80.9658,36.4017],[-80.9012,36.5615],[-81.3534,36.5744],[-81.2529,36.3665],[-80.9658,36.4017]]]},"properties":{"fips":"37005","name":"Alleghany","state":"North Carolina"}},
{"type":"Feature","geometry":{"type":"Polygon","coordinates":[[[-78.2343,37.3682],[-78.2308,37.296],[-77.7964,37.1929],[-77.6493,37.2651],[-77.8539,37.418],[-78.1338,37.4549],[-78.2343,37.3682]]]},"properties":{"fips":"51007","name":"Amelia","state":"Virginia"}},
{"type":"Feature","geometry":{"type":"Polygon","coordinates":[[[-76.4971,37.241],[-76.4038,37.3999],[-76.4361,37.5142],[-76.6551,37.6035],[-76.7125,37.4317],[-76.6586,37.3802],[-76.4971,37.241]]]},"properties":{"fips":"51073","name":"Gloucester","state":"Virginia"}},
{"type":"Feature","geometry":{"type":"Polygon","coordinates":[[[-78.3133,39.0081],[-78.543,39.0562],[-78.8696,38.7633],[-78.6435,38.6043],[-78.3959,38.8225],[-78.3133,39.0081]]]},"properties":{"fips":"51171","name":"Shenandoah","state":"Virginia"}},
{"type":"Feature","geometry":{"type":"Polygon","coordinates":[[[-82.5523,37.2032],[-82.3261,36.9713],[-82.1503,37.0417],[-82.3154,37.296],[-82.5523,37.2032]]]},"properties":{"fips":"51051","name":"Dickenson","state":"Virginia"}},
{"type":"Feature","geometry":{"type":"Polygon","coordinates":[[[-66.5655,18.2988],[-66.6086,18.328],[-66.7701,18.3254],[-66.8276,18.3237],[-66.8168,18.23],[-66.6696,18.1527],[-66.6481,18.1587],[-66.5655,18.2988]]]},"properties":{"fips":"72141","name":"Utuado","state":"Puerto Rico"}},
{"type":"Feature","geometry":{"type":"Polygon","coordinates":[[[-91.5399,45.2921],[-91.5399,45.6375],[-92.0316,45.64],[-92.1536,45.64],[-92.1572,45.2097],[-91.6655,45.2079],[-91.5399,45.2921]]]},"properties":{"fips":"55005","name":"Barron","state":"Wisconsin"}},
{"type":"Feature","geometry":{"type":"Polygon","coordinates":[[[-67.1829,18.3134],[-67.1291,18.3177],[-67.1327,18.3898],[-67.1614,18.4156],[-67.2403,18.3752],[-67.1829,18.3134]]]},"properties":{"fips":"72003","name":"Aguada","state":"Puerto Rico"}},
{"type":"Feature","geometry":{"type":"Polygon","coordinates":[[[-124.0983,46.7938],[-123.8937,46.5369],[-124.0589,46.3866],[-123.7286,46.2895],[-123.3589,46.384],[-123.3697,46.792],[-124.0983,46.7938]]]},"properties":{"fips":"53049","name":"Pacific","state":"Washington"}},
{"type":"Feature","geometry":{"type":"Polygon","coordinates":[[[-82.1897,37.9747],[-82.0821,37.7015],[-81.8021,37.6602],[-81.6083,37.7891],[-81.9313,38.0253],[-82.1897,37.9747]]]},"properties":{"fips":"54045","name":"Logan","state":"West Virginia"}},
{"type":"Feature","geometry":{"type":"Polygon","coordinates":[[[-119.0231,37.5855],[-119.2707,37.7393],[-119.3102,37.7779],[-120.0532,37.1835],[-120.5413,37.0443],[-120.3691,36.7849],[-119.8127,36.8501],[-119.7015,37.0048],[-119.3282,37.2092],[-119.3138,37.3518],[-119.0231,37.5855]]]},"properties":{"fips":"06039","name":"Madera","state":"California"}},
{"type":"Feature","geometry":{"type":"Polygon","coordinates":[[[-87.5414,44.3274],[-87.3727,44.6753],[-87.7352,44.677],[-87.7639,44.6444],[-87.7675,44.3274],[-87.5414,44.3274]]]},"properties":{"fips":"55061","name":"Kewaunee","state":"Wisconsin"}},
{"type":"Feature","geometry":{"type":"Polygon","coordinates":[[[-89.1386,39.2177],[-89.1386,39.3492],[-89.5298,39.3492],[-89.5334,39.5244],[-89.7021,39.5235],[-89.6985,38.9987],[-89.6375,38.9995],[-89.2499,39.0279],[-89.1386,39.2177]]]},"properties":{"fips":"17135","name":"Montgomery","state":"Illinois"}},
{"type":"Feature","geometry":{"type":"Polygon","coordinates":[[[-107.6342,38.302],[-107.5696,38.1473],[-107.0025,38.1473],[-106.9989,38.4257],[-106.2452,38.4231],[-106.4498,38.6963],[-106.4713,38.9127],[-106.6005,38.9978],[-106.8015,38.978],[-107.0671,39.1189],[-107.2825,39.1189],[-107.3938,39.2564],[-107.5014,39.2177],[-107.5014,38.6688],[-107.5014,38.302],[-107.6342,38.302]]]},"properties":{"fips":"08051","name":"Gunnison","state":"Colorado"}},
{"type":"Feature","geometry":{"type":"Polygon","coordinates":[[[-86.2528,39.3414],[-86.382,39.3397],[-86.3174,39.0485],[-86.0805,39.0502],[-86.0841,39.344],[-86.2528,39.3414]]]},"properties":{"fips":"18013","name":"Brown","state":"Indiana"}},
{"type":"Feature","geometry":{"type":"Polygon","coordinates":[[[-83.0189,30.8496],[-83.1373,30.6237],[-82.6887,30.5979],[-82.5846,30.5919],[-82.9722,30.8694],[-83.0189,30.8496]]]},"properties":{"fips":"13101","name":"Echols","state":"Georgia"}},
{"type":"Feature","geometry":{"type":"Polygon","coordinates":[[[-78.7081,35.5195],[-78.9163,35.5839],[-78.9701,35.522],[-79.1819,35.3073],[-79.0958,35.1922],[-78.6184,35.2454],[-78.5394,35.3167],[-78.7081,35.5195]]]},"properties":{"fips":"37085","name":"Harnett","state":"North Carolina"}},
{"type":"Feature","geometry":{"type":"Polygon","coordinates":[[[-76.5366,42.282],[-76.5581,42.0002],[-76.1454,41.9985],[-76.1059,41.9985],[-76.131,42.41],[-76.253,42.4074],[-76.5366,42.282]]]},"properties":{"fips":"36107","name":"Tioga","state":"New York"}},
{"type":"Feature","geometry":{"type":"Polygon","coordinates":[[[-79.347,34.8382],[-79.0383,34.9525],[-79.0994,35.1741],[-79.2465,35.2128],[-79.4583,35.0435],[-79.347,34.8382]]]},"properties":{"fips":"37093","name":"Hoke","state":"North Carolina"}},
{"type":"Feature","geometry":{"type":"Polygon","coordinates":[[[-76.5581,36.351],[-76.5725,36.1079],[-76.411,36.0753],[-76.2746,36.1887],[-76.454,36.3777],[-76.5581,36.351]]]},"properties":{"fips":"37143","name":"Perquimans","state":"North Carolina"}},
{"type":"Feature","geometry":{"type":"Polygon","coordinates":[[[-87.9613,35.8408],[-87.7173,35.839],[-87.5342,35.9928],[-87.5665,36.1775],[-87.9506,36.2428],[-87.9613,35.8408]]]},"properties":{"fips":"47085","name":"Humphreys","state":"Tennessee"}},
{"type":"Feature","geometry":{"type":"Polygon","coordinates":[[[-102.1678,34.7472],[-101.9991,34.748],[-101.6294,34.748],[-101.6222,35.1827],[-102.1678,35.1836],[-102.1678,34.7472]]]},"properties":{"fips":"48381","name":"Randall","state":"Texas"}},
{"type":"Feature","geometry":{"type":"Polygon","coordinates":[[[-105.7176,36.9962],[-105.2222,36.9953],[-105.154,36.9953],[-105.154,37.2934],[-105.1792,37.546],[-105.4843,37.5778],[-105.7427,37.357],[-105.7176,36.9962]]]},"properties":{"fips":"08023","name":"Costilla","state":"Colorado"}},
{"type":"Feature","geometry":{"type":"Polygon","coordinates":[[[-103.5819,40.5235],[-103.5748,41.002],[-104.0521,41.0011],[-104.9423,40.9977],[-104.9459,40.3491],[-105.0535,40.2615],[-105.0535,40.0003],[-104.9602,40.0003],[-104.149,40.0012],[-104.149,40.5243],[-103.5819,40.5235]]]},"properties":{"fips":"08123","name":"Weld","state":"Colorado"}},
{"type":"Feature","geometry":{"type":"Polygon","coordinates":[[[-84.8099,34.9877],[-84.9786,34.9877],[-85.1437,34.7678],[-85.0504,34.6226],[-84.914,34.6338],[-84.8099,34.9877]]]},"properties":{"fips":"13313","name":"Whitfield","state":"Georgia"}},
{"type":"Feature","geometry":{"type":"Polygon","coordinates":[[[-84.1603,38.5545],[-83.9916,38.594],[-83.9054,38.7684],[-84.0526,38.771],[-84.232,38.8277],[-84.2069,38.582],[-84.1603,38.5545]]]},"properties":{"fips":"21023","name":"Bracken","state":"Kentucky"}},
{"type":"Feature","geometry":{"type":"Polygon","coordinates":[[[-86.2421,40.2159],[-85.8616,40.2185],[-85.8616,40.3783],[-85.8616,40.4067],[-86.2421,40.374],[-86.2421,40.2159]]]},"properties":{"fips":"18159","name":"Tipton","state":"Indiana"}},
{"type":"Feature","geometry":{"type":"Polygon","coordinates":[[[-84.8351,36.9979],[-84.8997,37.1165],[-85.0432,37.186],[-85.2335,36.9249],[-85.2155,36.8544],[-85.0648,36.8587],[-84.8351,36.9979]]]},"properties":{"fips":"21207","name":"Russell","state":"Kentucky"}},
{"type":"Feature","geometry":{"type":"Polygon","coordinates":[[[-88.2413,36.9816],[-88.1587,36.8673],[-87.8788,36.9601],[-88.0941,37.18],[-88.1946,37.1474],[-88.2413,36.9816]]]},"properties":{"fips":"21143","name":"Lyon","state":"Kentucky"}},
{"type":"Feature","geometry":{"type":"Polygon","coordinates":[[[-100.1075,37.4747],[-100.0896,37.0022],[-100.0034,37.0013],[-99.5404,36.9996],[-99.544,37.381],[-99.5547,37.4678],[-100.1075,37.4747]]]},"properties":{"fips":"20025","name":"Clark","state":"Kansas"}},
{"type":"Feature","geometry":{"type":"Polygon","coordinates":[[[-78.4964,36.1749],[-78.4569,36.5426],[-78.7333,36.5417],[-78.7979,36.5417],[-78.8014,36.2359],[-78.7512,36.071],[-78.5466,36.022],[-78.4964,36.1749]]]},"properties":{"fips":"37077","name":"Granville","state":"North Carolina"}},
{"type":"Feature","geometry":{"type":"Polygon","coordinates":[[[-76.6371,35.705],[-76.4684,35.5555],[-76.4864,35.3717],[-76.1418,35.3288],[-75.869,35.583],[-76.0126,35.6689],[-76.0449,35.6655],[-76.4074,35.6973],[-76.6371,35.705]]]},"properties":{"fips":"37095","name":"Hyde","state":"North Carolina"}},
{"type":"Feature","geometry":{"type":"Polygon","coordinates":[[[-90.7035,33.0961],[-90.9153,33.0076],[-90.9656,32.6631],[-90.7215,32.6622],[-90.6569,32.9225],[-90.7035,33.0961]]]},"properties":{"fips":"28125","name":"Sharkey","state":"Mississippi"}},
{"type":"Feature","geometry":{"type":"Polygon","coordinates":[[[-66.6696,18.1527],[-66.8168,18.23],[-66.8276,18.1716],[-66.7988,18.1338],[-66.7701,18.1347],[-66.6948,18.1304],[-66.6696,18.1527]]]},"properties":{"fips":"72001","name":"Adjuntas","state":"Puerto Rico"}},
{"type":"Feature","geometry":{"type":"Polygon","coordinates":[[[-83.3563,32.926],[-83.0727,32.9466],[-83.0512,33.0806],[-83.2737,33.1871],[-83.428,33.1854],[-83.3563,32.926]]]},"properties":{"fips":"13009","name":"Baldwin","state":"Georgia"}},
{"type":"Feature","geometry":{"type":"Polygon","coordinates":[[[-86.1559,37.3355],[-86.0482,37.4498],[-86.2744,37.5932],[-86.5938,37.564],[-86.6118,37.3948],[-86.4682,37.3209],[-86.1559,37.3355]]]},"properties":{"fips":"21085","name":"Grayson","state":"Kentucky"}},
{"type":"Feature","geometry":{"type":"Polygon","coordinates":[[[-88.8228,34.0745],[-88.8263,34.3649],[-89.2463,34.3795],[-89.2463,34.1613],[-89.1386,34.0745],[-88.8228,34.0745]]]},"properties":{"fips":"28115","name":"Pontotoc","state":"Mississippi"}},
{"type":"Feature","geometry":{"type":"Polygon","coordinates":[[[-99.2532,42.9984],[-99.2568,42.8043],[-98.9553,42.8945],[-98.582,42.7794],[-98.3057,42.7613],[-98.3093,42.8825],[-98.4995,42.9984],[-99.2532,42.9984]]]},"properties":{"fips":"31015","name":"Boyd","state":"Nebraska"}},
{"type":"Feature","geometry":{"type":"Polygon","coordinates":[[[-79.1137,38.1542],[-79.0204,38.1439],[-79.0348,38.1989],[-79.1137,38.1542]]]},"properties":{"fips":"51790","name":"Staunton","state":"Virginia"}},
{"type":"Feature","geometry":{"type":"Polygon","coordinates":[[[-96.4644,41.0157],[-96.4644,40.7838],[-95.8326,40.7838],[-95.8147,40.9015],[-95.8793,41.0535],[-96.3208,41.0449],[-96.4644,41.0157]]]},"properties":{"fips":"31025","name":"Cass","state":"Nebraska"}},
{"type":"Feature","geometry":{"type":"Polygon","coordinates":[[[-98.3308,43.9374],[-98.3308,44.1968],[-98.7005,44.1968],[-98.9266,44.1968],[-98.9266,43.9348],[-98.8082,43.9348],[-98.3308,43.9374]]]},"properties":{"fips":"46073","name":"Jerauld","state":"South Dakota"}},
{"type":"Feature","geometry":{"type":"Polygon","coordinates":[[[-110.459,31.3324],[-109.0484,31.3324],[-109.0484,32.426],[-109.113,32.426],[-110.4518,32.4277],[-110.4518,31.731],[-110.459,31.3324]]]},"properties":{"fips":"04003","name":"Cochise","state":"Arizona"}},
{"type":"Feature","geometry":{"type":"Polygon","coordinates":[[[-93.9303,34.6656],[-94.4544,34.7291],[-94.4615,34.5075],[-94.4687,34.1896],[-94.2426,34.1922],[-94.2534,34.3554],[-93.9339,34.3503],[-93.9303,34.6656]]]},"properties":{"fips":"05113","name":"Polk","state":"Arkansas"}},
{"type":"Feature","geometry":{"type":"Polygon","coordinates":[[[-81.4216,34.5719],[-81.4216,34.4946],[-81.3175,34.2395],[-81.1776,34.1742],[-80.8258,34.2687],[-80.8796,34.4577],[-80.8761,34.5436],[-81.4216,34.5719]]]},"properties":{"fips":"45039","name":"Fairfield","state":"South Carolina"}},
{"type":"Feature","geometry":{"type":"Polygon","coordinates":[[[-119.4789,34.3769],[-119.2169,34.1458],[-118.9441,34.0453],[-118.6534,34.3237],[-118.8831,34.791],[-119.242,34.8142],[-119.443,34.9009],[-119.4789,34.3769]]]},"properties":{"fips":"06111","name":"Ventura","state":"California"}},
{"type":"Feature","geometry":{"type":"Polygon","coordinates":[[[-117.7848,33.9465],[-117.975,33.9457],[-118.115,33.7429],[-117.5945,33.3873],[-117.5084,33.505],[-117.4115,33.6587],[-117.6735,33.8709],[-117.7848,33.9465]]]},"properties":{"fips":"06059","name":"Orange","state":"California"}},
{"type":"Feature","geometry":{"type":"Polygon","coordinates":[[[-82.0533,28.4786],[-82.2615,28.6676],[-82.6671,28.6942],[-82.6779,28.4331],[-82.0533,28.4786]]]},"properties":{"fips":"12053","name":"Hernando","state":"Florida"}},
{"type":"Feature","geometry":{"type":"Polygon","coordinates":[[[-81.7195,32.0892],[-81.4037,31.9372],[-81.1991,31.7259],[-81.156,31.7259],[-81.2027,31.9226],[-81.3929,32.0961],[-81.436,32.2413],[-81.7806,32.1528],[-81.7195,32.0892]]]},"properties":{"fips":"13029","name":"Bryan","state":"Georgia"}},
{"type":"Feature","geometry":{"type":"Polygon","coordinates":[[[-93.9698,43.2553],[-93.9698,43.4993],[-94.2462,43.5001],[-94.4436,43.501],[-94.4436,43.2553],[-94.4436,42.9082],[-93.9698,42.9074],[-93.9698,43.2553]]]},"properties":{"fips":"19109","name":"Kossuth","state":"Iowa"}},
{"type":"Feature","geometry":{"type":"Polygon","coordinates":[[[-101.5289,37.7367],[-102.0421,37.7384],[-102.0421,37.6439],[-102.0421,37.3888],[-101.5576,37.3888],[-101.5253,37.3888],[-101.5289,37.7367]]]},"properties":{"fips":"20187","name":"Stanton","state":"Kansas"}},
{"type":"Feature","geometry":{"type":"Polygon","coordinates":[[[-104.0629,37.735],[-104.35,37.8174],[-104.752,37.4068],[-105.154,37.2934],[-105.154,36.9953],[-104.0091,36.9962],[-103.0866,37.0005],[-103.0758,37.6431],[-103.4061,37.6439],[-104.0593,37.6439],[-104.0629,37.735]]]},"properties":{"fips":"08071","name":"Las Animas","state":"Colorado"}},
{"type":"Feature","geometry":{"type":"Polygon","coordinates":[[[-90.1472,39.0004],[-90.2764,38.9231],[-90.1185,38.8054],[-90.1652,38.7727],[-90.1831,38.6602],[-89.7057,38.655],[-89.598,38.7435],[-89.6375,38.9995],[-89.6985,38.9987],[-90.1472,39.0004]]]},"properties":{"fips":"17119","name":"Madison","state":"Illinois"}},
{"type":"Feature","geometry":{"type":"Polygon","coordinates":[[[-81.5616,27.0337],[-82.0569,27.032],[-82.3764,26.946],[-82.2723,26.7897],[-82.2185,26.7691],[-82.0605,26.7708],[-81.5652,26.7699],[-81.5616,27.0337]]]},"properties":{"fips":"12015","name":"Charlotte","state":"Florida"}},
{"type":"Feature","geometry":{"type":"Polygon","coordinates":[[[-87.6885,38.1688],[-87.466,38.1654],[-87.3153,38.2461],[-87.4624,38.5339],[-87.746,38.4145],[-87.9865,38.2564],[-87.9865,38.2298],[-87.6885,38.1688]]]},"properties":{"fips":"18051","name":"Gibson","state":"Indiana"}},
{"type":"Feature","geometry":{"type":"Polygon","coordinates":[[[-90.901,41.5973],[-90.7861,41.453],[-90.341,41.5904],[-90.3159,41.7287],[-90.8974,41.7717],[-90.901,41.5973]]]},"properties":{"fips":"19163","name":"Scott","state":"Iowa"}},
{"type":"Feature","geometry":{"type":"Polygon","coordinates":[[[-121.4458,41.9968],[-120.8787,41.9942],[-120.8823,42.7442],[-121.3489,42.7467],[-121.3346,43.617],[-122.0022,43.6152],[-122.1314,43.44],[-122.0201,43.3592],[-122.0955,43.068],[-122.2822,42.9967],[-122.2893,42.0079],[-121.4458,41.9968]]]},"properties":{"fips":"41035","name":"Klamath","state":"Oregon"}},
{"type":"Feature","geometry":{"type":"Polygon","coordinates":[[[-97.3043,28.8643],[-96.9776,29.104],[-97.2397,29.3841],[-97.6129,29.11],[-97.7565,29.0069],[-97.5735,28.8136],[-97.3043,28.8643]]]},"properties":{"fips":"48123","name":"DeWitt","state":"Texas"}},
{"type":"Feature","geometry":{"type":"Polygon","coordinates":[[[-88.4315,32.2275],[-88.4746,31.8942],[-88.4638,31.6984],[-88.087,31.6992],[-88.1803,31.8212],[-88.0726,31.9904],[-87.929,32.3109],[-88.4208,32.3083],[-88.4315,32.2275]]]},"properties":{"fips":"01023","name":"Choctaw","state":"Alabama"}},
{"type":"Feature","geometry":{"type":"Polygon","coordinates":[[[-88.4208,32.3083],[-87.929,32.3109],[-87.8536,32.5325],[-88.0546,32.5926],[-88.1731,32.9955],[-88.3418,32.9913],[-88.349,32.9294],[-88.3885,32.578],[-88.4208,32.3083]]]},"properties":{"fips":"01119","name":"Sumter","state":"Alabama"}},
{"type":"Feature","geometry":{"type":"Polygon","coordinates":[[[-93.5857,36.4988],[-93.8657,36.4988],[-93.8155,36.3064],[-93.6575,36.3029],[-93.4781,36.1251],[-93.3022,36.1217],[-93.295,36.4979],[-93.3166,36.4988],[-93.5857,36.4988]]]},"properties":{"fips":"05015","name":"Carroll","state":"Arkansas"}},
{"type":"Feature","geometry":{"type":"Polygon","coordinates":[[[-117.634,35.7969],[-118.0073,35.7892],[-119.5363,35.7892],[-120.1932,35.7892],[-120.1932,35.614],[-119.8091,35.2635],[-119.6656,35.2626],[-119.4717,35.077],[-119.4717,34.9009],[-119.443,34.9009],[-119.242,34.8142],[-118.8831,34.791],[-118.8544,34.8176],[-117.6663,34.8228],[-117.634,35.7969]]]},"properties":{"fips":"06029","name":"Kern","state":"California"}},
{"type":"Feature","geometry":{"type":"Polygon","coordinates":[[[-82.0605,26.7708],[-82.1395,26.6376],[-81.8452,26.3301],[-81.6585,26.3172],[-81.5652,26.5131],[-81.5652,26.7699],[-82.0605,26.7708]]]},"properties":{"fips":"12071","name":"Lee","state":"Florida"}},
{"type":"Feature","geometry":{"type":"Polygon","coordinates":[[[-106.859,41.0028],[-107.3184,41.0028],[-107.3148,40.5999],[-107.4297,40.5424],[-107.4404,40.2237],[-107.0384,40.2254],[-107.0384,40.0914],[-107.0348,39.9187],[-106.6257,39.9247],[-106.6508,40.4453],[-106.6364,40.813],[-106.859,41.0028]]]},"properties":{"fips":"08107","name":"Routt","state":"Colorado"}},
{"type":"Feature","geometry":{"type":"Polygon","coordinates":[[[-89.5227,37.5666],[-89.4868,37.3347],[-89.2499,37.3355],[-89.0453,37.3295],[-89.0417,37.5967],[-89.153,37.6001],[-89.5227,37.5709],[-89.5227,37.5666]]]},"properties":{"fips":"17181","name":"Union","state":"Illinois"}},
{"type":"Feature","geometry":{"type":"Polygon","coordinates":[[[-99.0128,37.3845],[-99.544,37.381],[-99.5404,36.9996],[-99.4578,36.9996],[-99.002,36.9996],[-99.0128,37.3845]]]},"properties":{"fips":"20033","name":"Comanche","state":"Kansas"}},
{"type":"Feature","geometry":{"type":"Polygon","coordinates":[[[-87.0389,37.5606],[-86.8235,37.7376],[-86.9779,37.93],[-87.2686,37.8784],[-87.3009,37.8982],[-87.4086,37.6834],[-87.0389,37.5606]]]},"properties":{"fips":"21059","name":"Daviess","state":"Kentucky"}},
{"type":"Feature","geometry":{"type":"Polygon","coordinates":[[[-89.8565,29.9974],[-89.9103,29.8677],[-89.5334,29.6701],[-89.3145,29.9235],[-89.494,30.0412],[-89.6591,29.8626],[-89.8565,29.9974]]]},"properties":{"fips":"22087","name":"St. Bernard","state":"Louisiana"}},
{"type":"Feature","geometry":{"type":"Polygon","coordinates":[[[-112.1245,42.2854],[-111.8768,42.416],[-111.9701,42.7184],[-112.1496,42.8953],[-112.0634,43.0225],[-112.6557,43.0216],[-112.749,42.9512],[-112.5193,42.9125],[-112.4188,42.5028],[-112.1245,42.2854]]]},"properties":{"fips":"16005","name":"Bannock","state":"Idaho"}},
{"type":"Feature","geometry":{"type":"Polygon","coordinates":[[[-100.7392,39.5682],[-100.7392,40.002],[-100.7572,40.002],[-101.3243,40.0029],[-101.4104,40.002],[-101.414,39.5682],[-101.3889,39.5682],[-100.7392,39.5682]]]},"properties":{"fips":"20153","name":"Rawlins","state":"Kansas"}},
{"type":"Feature","geometry":{"type":"Polygon","coordinates":[[[-84.0849,30.6761],[-84.0059,30.6718],[-83.7439,30.658],[-83.7367,31.0377],[-84.0023,31.0773],[-84.1172,31.0781],[-84.0849,30.6761]]]},"properties":{"fips":"13275","name":"Thomas","state":"Georgia"}},
{"type":"Feature","geometry":{"type":"Polygon","coordinates":[[[-84.8207,31.5008],[-85.0468,31.5171],[-85.0899,31.3084],[-85.0253,31.0755],[-84.9212,31.073],[-84.9176,31.2559],[-84.6412,31.2594],[-84.6376,31.4338],[-84.8207,31.5008]]]},"properties":{"fips":"13099","name":"Early","state":"Georgia"}},
{"type":"Feature","geometry":{"type":"Polygon","coordinates":[[[-111.0441,43.501],[-111.0477,43.9838],[-111.3994,43.9228],[-111.3994,43.6221],[-111.0441,43.501]]]},"properties":{"fips":"16081","name":"Teton","state":"Idaho"}},
{"type":"Feature","geometry":{"type":"Polygon","coordinates":[[[-76.2315,39.722],[-76.0772,39.5433],[-76.0018,39.3766],[-75.7685,39.3775],[-75.79,39.722],[-76.1346,39.722],[-76.2315,39.722]]]},"properties":{"fips":"24015","name":"Cecil","state":"Maryland"}},
{"type":"Feature","geometry":{"type":"Polygon","coordinates":[[[-82.983,42.8936],[-82.7389,42.8979],[-82.7066,42.6832],[-82.5235,42.6076],[-82.423,43.0079],[-82.502,43.1685],[-82.9973,43.1539],[-82.983,42.8936]]]},"properties":{"fips":"26147","name":"St. Clair","state":"Michigan"}},
{"type":"Feature","geometry":{"type":"Polygon","coordinates":[[[-90.9548,34.1201],[-90.5672,34.425],[-90.5707,34.5247],[-90.5851,34.6415],[-91.0517,34.6458],[-91.0553,34.3365],[-91.1163,34.1192],[-90.9548,34.1192],[-90.9548,34.1201]]]},"properties":{"fips":"05107","name":"Phillips","state":"Arkansas"}},
{"type":"Feature","geometry":{"type":"Polygon","coordinates":[[[-121.5787,38.0941],[-121.8622,38.0657],[-122.2678,38.0597],[-122.3145,37.8973],[-121.9555,37.7195],[-121.5571,37.8166],[-121.5787,38.0941]]]},"properties":{"fips":"06013","name":"Contra Costa","state":"California"}},
{"type":"Feature","geometry":{"type":"Polygon","coordinates":[[[-72.7535,41.5793],[-72.9832,41.6394],[-73.3098,41.4685],[-73.0693,41.3009],[-73.1088,41.1686],[-72.7535,41.2666],[-72.5381,41.2554],[-72.7535,41.5793]]]},"properties":{"fips":"09009","name":"New Haven","state":"Connecticut"}},
{"type":"Feature","geometry":{"type":"Polygon","coordinates":[[[-87.3153,38.2461],[-87.466,38.1654],[-87.4516,37.9412],[-87.3009,37.8982],[-87.2686,37.8784],[-87.0173,38.2032],[-87.0748,38.2324],[-87.3153,38.2461]]]},"properties":{"fips":"18173","name":"Warrick","state":"Indiana"}},
{"type":"Feature","geometry":{"type":"Polygon","coordinates":[[[-85.8472,38.5614],[-85.9944,38.4179],[-85.7898,38.2882],[-85.6391,38.3801],[-85.4345,38.5245],[-85.4273,38.5863],[-85.5709,38.6061],[-85.8472,38.5614]]]},"properties":{"fips":"18019","name":"Clark","state":"Indiana"}},
{"type":"Feature","geometry":{"type":"Polygon","coordinates":[[[-81.4145,28.7853],[-81.3678,28.8789],[-81.3534,28.9846],[-81.6406,29.2767],[-81.6585,28.9605],[-81.9528,28.9597],[-81.9564,28.3455],[-81.6585,28.3472],[-81.6585,28.7673],[-81.4145,28.7853]]]},"properties":{"fips":"12069","name":"Lake","state":"Florida"}},
{"type":"Feature","geometry":{"type":"Polygon","coordinates":[[[-84.3182,39.0218],[-84.5048,39.0949],[-84.4187,38.8062],[-84.232,38.875],[-84.3182,39.0218]]]},"properties":{"fips":"21037","name":"Campbell","state":"Kentucky"}},
{"type":"Feature","geometry":{"type":"Polygon","coordinates":[[[-91.0589,30.9991],[-91.1773,30.9991],[-91.3101,30.6537],[-91.2994,30.6495],[-90.8507,30.719],[-90.8256,30.9991],[-91.0589,30.9991]]]},"properties":{"fips":"22037","name":"East Feliciana","state":"Louisiana"}},
{"type":"Feature","geometry":{"type":"Polygon","coordinates":[[[-82.8789,29.8866],[-82.7999,29.9321],[-82.7963,30.3368],[-83.0009,30.4295],[-83.1696,30.3849],[-83.2486,30.2603],[-83.1589,30.11],[-82.8789,29.8866]]]},"properties":{"fips":"12121","name":"Suwannee","state":"Florida"}},
{"type":"Feature","geometry":{"type":"MultiPolygon","coordinates":[[[[-91.3317,30.6589],[-91.3101,30.6537],[-91.1773,30.9991],[-91.6368,30.9991],[-91.6619,30.9707],[-91.3317,30.6589]]],[[[-91.6583,30.9939],[-91.7229,31.0446],[-91.7516,31.0188],[-91.6583,30.9939]]]]},"properties":{"fips":"22125","name":"West Feliciana","state":"Louisiana"}},
{"type":"Feature","geometry":{"type":"Polygon","coordinates":[[[-69.4083,44.3283],[-69.2826,44.0525],[-69.376,43.9614],[-69.0422,44.0061],[-69.0278,44.2492],[-69.4083,44.3283]]]},"properties":{"fips":"23013","name":"Knox","state":"Maine"}},
{"type":"Feature","geometry":{"type":"Polygon","coordinates":[[[-83.5393,42.0853],[-83.1876,42.0294],[-83.1301,42.2347],[-82.8717,42.4512],[-83.0835,42.4469],[-83.5537,42.4349],[-83.5393,42.0853]]]},"properties":{"fips":"26163","name":"Wayne","state":"Michigan"}},
{"type":"Feature","geometry":{"type":"Polygon","coordinates":[[[-90.3087,34.9954],[-90.3051,34.8606],[-90.201,34.7248],[-89.7237,34.7721],[-89.7237,34.9954],[-90.3087,34.9954]]]},"properties":{"fips":"28033","name":"DeSoto","state":"Mississippi"}},
{"type":"Feature","geometry":{"type":"Polygon","coordinates":[[[-77.1683,39.3543],[-77.1683,39.3534],[-76.8884,39.131],[-76.8417,39.1035],[-76.6981,39.2143],[-76.8812,39.35],[-77.1683,39.3543]]]},"properties":{"fips":"24027","name":"Howard","state":"Maryland"}},
{"type":"Feature","geometry":{"type":"Polygon","coordinates":[[[-90.1472,37.5975],[-89.8601,37.5992],[-89.5227,37.5666],[-89.5227,37.5709],[-89.6734,37.8028],[-89.939,37.875],[-90.1113,37.6714],[-90.1472,37.6413],[-90.1472,37.5975]]]},"properties":{"fips":"29157","name":"Perry","state":"Missouri"}},
{"type":"Feature","geometry":{"type":"Polygon","coordinates":[[[-90.9584,38.8707],[-90.6641,38.9342],[-90.7215,39.2237],[-91.1845,39.2272],[-91.2599,39.1395],[-91.2635,38.9926],[-90.9584,38.8707]]]},"properties":{"fips":"29113","name":"Lincoln","state":"Missouri"}},
{"type":"Feature","geometry":{"type":"Polygon","coordinates":[[[-95.183,47.4131],[-95.1686,47.1528],[-95.1614,46.8049],[-94.7882,46.8041],[-94.6589,46.8041],[-94.6697,47.4106],[-95.183,47.4131]]]},"properties":{"fips":"27057","name":"Hubbard","state":"Minnesota"}},
{"type":"Feature","geometry":{"type":"Polygon","coordinates":[[[-94.6195,37.0572],[-94.6159,37.3381],[-95.0753,37.3398],[-95.0717,36.9996],[-95.0071,36.9996],[-94.6195,36.9988],[-94.6195,37.0572]]]},"properties":{"fips":"20021","name":"Cherokee","state":"Kansas"}},
{"type":"Feature","geometry":{"type":"Polygon","coordinates":[[[-96.1018,45.177],[-96.1162,45.4124],[-96.2526,45.5859],[-96.8341,45.5859],[-96.4715,45.3265],[-96.4536,45.2689],[-96.1018,45.177]]]},"properties":{"fips":"27011","name":"Big Stone","state":"Minnesota"}},
{"type":"Feature","geometry":{"type":"Polygon","coordinates":[[[-75.7218,38.8303],[-75.3127,38.9463],[-75.4024,39.2547],[-75.5137,39.3655],[-75.7613,39.2967],[-75.7577,39.2461],[-75.747,39.143],[-75.7218,38.8303]]]},"properties":{"fips":"10001","name":"Kent","state":"Delaware"}},
{"type":"Feature","geometry":{"type":"Polygon","coordinates":[[[-116.4531,44.1513],[-116.8982,44.153],[-116.9808,43.8798],[-116.7116,43.8068],[-116.4531,44.1513]]]},"properties":{"fips":"16075","name":"Payette","state":"Idaho"}},
{"type":"Feature","geometry":{"type":"Polygon","coordinates":[[[-85.1976,41.7597],[-85.194,41.526],[-84.8063,41.5303],[-84.8063,41.6961],[-84.8243,41.7597],[-85.1976,41.7597]]]},"properties":{"fips":"18151","name":"Steuben","state":"Indiana"}},
{"type":"Feature","geometry":{"type":"Polygon","coordinates":[[[-83.166,29.2887],[-82.8035,29.147],[-82.7604,28.9932],[-82.5343,29.0447],[-82.4015,29.2157],[-82.4051,29.4854],[-82.6563,29.5645],[-82.9363,29.5911],[-83.166,29.2887]]]},"properties":{"fips":"12075","name":"Levy","state":"Florida"}},
{"type":"Feature","geometry":{"type":"Polygon","coordinates":[[[-82.9722,31.1838],[-82.9722,30.8694],[-82.5846,30.5919],[-82.4589,30.5842],[-82.4195,30.5816],[-82.4912,30.963],[-82.6707,31.1838],[-82.9722,31.1838]]]},"properties":{"fips":"13065","name":"Clinch","state":"Georgia"}},
{"type":"Feature","geometry":{"type":"Polygon","coordinates":[[[-85.7647,42.0689],[-86.2241,42.0715],[-86.2277,41.7597],[-86.0626,41.7605],[-85.7898,41.7588],[-85.7647,42.0689]]]},"properties":{"fips":"26027","name":"Cass","state":"Michigan"}},
{"type":"Feature","geometry":{"type":"Polygon","coordinates":[[[-89.7237,34.9954],[-89.7237,34.7721],[-89.6698,34.5547],[-89.2463,34.4955],[-89.2463,34.5831],[-89.354,34.9937],[-89.6447,34.9954],[-89.7237,34.9954]]]},"properties":{"fips":"28093","name":"Marshall","state":"Mississippi"}},
{"type":"Feature","geometry":{"type":"Polygon","coordinates":[[[-85.7898,43.2931],[-85.7898,43.2055],[-85.7826,42.7682],[-85.5457,42.7682],[-85.3088,42.7699],[-85.3124,43.1187],[-85.3124,43.294],[-85.5637,43.294],[-85.7898,43.2931]]]},"properties":{"fips":"26081","name":"Kent","state":"Michigan"}},
{"type":"Feature","geometry":{"type":"Polygon","coordinates":[[[-101.3458,40.6979],[-101.2489,40.6979],[-101.2489,41.0037],[-102.0529,41.0037],[-102.0529,41.002],[-102.0529,40.7494],[-102.0529,40.6979],[-101.3458,40.6979]]]},"properties":{"fips":"31135","name":"Perkins","state":"Nebraska"}},
{"type":"Feature","geometry":{"type":"Polygon","coordinates":[[[-74.0313,40.1008],[-74.4082,40.1721],[-74.5517,40.0794],[-74.3902,39.7735],[-74.4189,39.557],[-74.3112,39.4995],[-74.0959,39.7624],[-74.0313,40.1008]]]},"properties":{"fips":"34029","name":"Ocean","state":"New Jersey"}},
{"type":"Feature","geometry":{"type":"Polygon","coordinates":[[[-87.5306,39.4772],[-87.6024,39.2598],[-87.2399,39.259],[-87.2004,39.6069],[-87.3834,39.6077],[-87.5306,39.6077],[-87.5306,39.4772]]]},"properties":{"fips":"18167","name":"Vigo","state":"Indiana"}},
{"type":"Feature","geometry":{"type":"Polygon","coordinates":[[[-76.6192,42.2828],[-76.9637,42.2785],[-76.9673,42.0011],[-76.9278,42.0019],[-76.5581,42.0002],[-76.5366,42.282],[-76.6192,42.2828]]]},"properties":{"fips":"36015","name":"Chemung","state":"New York"}},
{"type":"Feature","geometry":{"type":"Polygon","coordinates":[[[-85.0253,38.7624],[-84.7956,38.8569],[-84.8709,38.9007],[-85.1366,38.9299],[-85.2047,38.9136],[-85.2012,38.6911],[-85.0253,38.7624]]]},"properties":{"fips":"18155","name":"Switzerland","state":"Indiana"}},
{"type":"Feature","geometry":{"type":"Polygon","coordinates":[[[-95.1543,46.3685],[-94.7307,46.3685],[-94.7882,46.8041],[-95.1614,46.8049],[-95.165,46.7173],[-95.1543,46.3685]]]},"properties":{"fips":"27159","name":"Wadena","state":"Minnesota"}},
{"type":"Feature","geometry":{"type":"Polygon","coordinates":[[[-104.892,42.6093],[-104.6551,42.6093],[-104.0521,42.6119],[-104.0521,43.001],[-104.0557,43.4778],[-104.0557,43.5036],[-104.8992,43.4993],[-104.892,42.6093]]]},"properties":{"fips":"56027","name":"Niobrara","state":"Wyoming"}},
{"type":"Feature","geometry":{"type":"Polygon","coordinates":[[[-94.0488,38.2143],[-94.0667,38.4471],[-94.6123,38.4772],[-94.6123,38.3887],[-94.6123,38.0597],[-94.0595,38.0365],[-94.0488,38.2143]]]},"properties":{"fips":"29013","name":"Bates","state":"Missouri"}},
{"type":"Feature","geometry":{"type":"Polygon","coordinates":[[[-98.2734,40.35],[-98.2734,40.0029],[-97.9324,40.002],[-97.8211,40.002],[-97.8211,40.3508],[-97.8247,40.3508],[-98.2734,40.35]]]},"properties":{"fips":"31129","name":"Nuckolls","state":"Nebraska"}},
{"type":"Feature","geometry":{"type":"Polygon","coordinates":[[[-85.6821,38.8157],[-85.5709,38.6061],[-85.4273,38.5863],[-85.334,38.7358],[-85.2012,38.6911],[-85.2047,38.9136],[-85.4452,38.9127],[-85.6821,38.8157]]]},"properties":{"fips":"18077","name":"Jefferson","state":"Indiana"}},
{"type":"Feature","geometry":{"type":"Polygon","coordinates":[[[-73.9344,40.8817],[-73.9164,40.9178],[-73.8949,40.9968],[-74.2107,41.1334],[-74.1318,40.8199],[-74.1461,40.7864],[-73.9846,40.7992],[-73.9344,40.8817]]]},"properties":{"fips":"34003","name":"Bergen","state":"New Jersey"}},
{"type":"Feature","geometry":{"type":"Polygon","coordinates":[[[-73.9164,40.9178],[-73.7657,40.8766],[-73.658,40.9848],[-73.7262,41.1008],[-73.4821,41.2125],[-73.5431,41.3662],[-73.981,41.3216],[-73.8949,40.9968],[-73.9164,40.9178]]]},"properties":{"fips":"36119","name":"Westchester","state":"New York"}},
{"type":"Feature","geometry":{"type":"Polygon","coordinates":[[[-78.4641,43.3713],[-79.0599,43.251],[-79.0204,43.0663],[-78.4641,43.0886],[-78.4641,43.129],[-78.4641,43.3713]]]},"properties":{"fips":"36063","name":"Niagara","state":"New York"}},
{"type":"Feature","geometry":{"type":"Polygon","coordinates":[[[-81.5473,36.1174],[-81.4791,36.2402],[-81.7303,36.3905],[-81.917,36.2875],[-81.8093,36.1114],[-81.5473,36.1174]]]},"properties":{"fips":"37189","name":"Watauga","state":"North Carolina"}},
{"type":"Feature","geometry":{"type":"Polygon","coordinates":[[[-95.2476,45.1521],[-96.0372,45.1521],[-95.7357,44.9356],[-95.4845,44.7526],[-95.2476,44.8909],[-95.2476,45.1521]]]},"properties":{"fips":"27023","name":"Chippewa","state":"Minnesota"}},
{"type":"Feature","geometry":{"type":"Polygon","coordinates":[[[-97.4622,36.9988],[-97.4622,36.5933],[-97.0566,36.5933],[-96.7515,36.7823],[-96.7515,36.9988],[-97.1463,36.9988],[-97.4622,36.9988]]]},"properties":{"fips":"40071","name":"Kay","state":"Oklahoma"}},
{"type":"Feature","geometry":{"type":"Polygon","coordinates":[[[-88.7079,37.5992],[-88.7115,37.3372],[-88.489,37.0675],[-88.5177,37.284],[-88.4136,37.424],[-88.4136,37.4249],[-88.4136,37.6001],[-88.7079,37.5992]]]},"properties":{"fips":"17151","name":"Pope","state":"Illinois"}},
{"type":"Feature","geometry":{"type":"Polygon","coordinates":[[[-75.4742,40.8147],[-75.1188,40.9685],[-74.9681,41.0948],[-74.9932,41.0922],[-75.3593,41.2391],[-75.5065,41.2322],[-75.5998,41.1618],[-75.65,41.1223],[-75.4742,40.8147]]]},"properties":{"fips":"42089","name":"Monroe","state":"Pennsylvania"}},
{"type":"Feature","geometry":{"type":"Polygon","coordinates":[[[-107.1964,35.2197],[-106.2452,35.2154],[-106.2488,35.7557],[-106.2488,35.9662],[-106.8841,35.9988],[-106.8841,36.2162],[-107.6235,36.2196],[-107.6271,36.0005],[-107.3076,35.9988],[-107.3076,35.3056],[-107.1964,35.2197]]]},"properties":{"fips":"35043","name":"Sandoval","state":"New Mexico"}},
{"type":"Feature","geometry":{"type":"Polygon","coordinates":[[[-112.8136,44.3772],[-112.9967,44.2338],[-112.9931,43.9726],[-112.6952,43.9718],[-112.6952,44.0585],[-112.1568,44.0577],[-111.8588,44.1874],[-111.7906,44.4013],[-111.6184,44.549],[-112.4726,44.4803],[-112.8136,44.3772]]]},"properties":{"fips":"16033","name":"Clark","state":"Idaho"}},
{"type":"Feature","geometry":{"type":"Polygon","coordinates":[[[-84.7346,45.2019],[-84.731,45.2895],[-85.0971,45.3669],[-85.3878,45.2079],[-85.2227,45.1177],[-84.8566,45.1169],[-84.7346,45.2019]]]},"properties":{"fips":"26029","name":"Charlevoix","state":"Michigan"}},
{"type":"Feature","geometry":{"type":"Polygon","coordinates":[[[-84.1315,42.0715],[-84.3649,42.0732],[-84.3613,41.7064],[-83.8803,41.7202],[-83.7619,41.7236],[-83.7726,42.0827],[-84.1315,42.0715]]]},"properties":{"fips":"26091","name":"Lenawee","state":"Michigan"}},
{"type":"Feature","geometry":{"type":"Polygon","coordinates":[[[-92.0782,44.1066],[-91.8593,44.1934],[-92.0854,44.4073],[-92.2434,44.4545],[-92.552,44.3686],[-92.552,44.1951],[-92.0782,44.1066]]]},"properties":{"fips":"27157","name":"Wabasha","state":"Minnesota"}},
{"type":"Feature","geometry":{"type":"Polygon","coordinates":[[[-94.6015,39.4565],[-94.6015,39.1593],[-94.6087,39.1138],[-94.2139,39.2074],[-94.2103,39.4548],[-94.6015,39.4565]]]},"properties":{"fips":"29047","name":"Clay","state":"Missouri"}},
{"type":"Feature","geometry":{"type":"Polygon","coordinates":[[[-96.6223,35.9413],[-97.1392,35.9421],[-97.1427,35.7248],[-97.1427,35.4636],[-96.6259,35.4628],[-96.6223,35.6389],[-96.6223,35.9413]]]},"properties":{"fips":"40081","name":"Lincoln","state":"Oklahoma"}},
{"type":"Feature","geometry":{"type":"Polygon","coordinates":[[[-88.8407,35.4275],[-89.0776,35.4318],[-89.1853,35.3975],[-89.1996,34.9946],[-89.0166,34.9946],[-88.8228,34.9954],[-88.7869,34.9954],[-88.7833,35.248],[-88.8407,35.4275]]]},"properties":{"fips":"47069","name":"Hardeman","state":"Tennessee"}},
{"type":"Feature","geometry":{"type":"Polygon","coordinates":[[[-94.4185,47.8461],[-93.776,47.8994],[-93.0797,47.8916],[-93.0868,48.6279],[-93.7939,48.5162],[-93.8334,48.6253],[-94.4292,48.7009],[-94.4292,48.3676],[-94.4185,47.8461]]]},"properties":{"fips":"27071","name":"Koochiching","state":"Minnesota"}},
{"type":"Feature","geometry":{"type":"Polygon","coordinates":[[[-96.852,47.4991],[-96.8341,47.2379],[-96.8305,47.1503],[-96.1952,47.1511],[-96.066,47.152],[-96.066,47.4991],[-96.852,47.4991]]]},"properties":{"fips":"27107","name":"Norman","state":"Minnesota"}},
{"type":"Feature","geometry":{"type":"Polygon","coordinates":[[[-87.9506,39.1748],[-87.6419,39.1576],[-87.6024,39.2598],[-87.5306,39.4772],[-87.9613,39.4814],[-88.0116,39.3792],[-88.008,39.1739],[-87.9506,39.1748]]]},"properties":{"fips":"17023","name":"Clark","state":"Illinois"}},
{"type":"Feature","geometry":{"type":"Polygon","coordinates":[[[-95.165,46.7173],[-95.1614,46.8049],[-95.1686,47.1528],[-95.5527,47.1511],[-96.066,47.152],[-96.1952,47.1511],[-96.1736,46.7182],[-95.165,46.7173]]]},"properties":{"fips":"27005","name":"Becker","state":"Minnesota"}},
{"type":"Feature","geometry":{"type":"Polygon","coordinates":[[[-95.5563,41.8636],[-95.6711,41.8628],[-96.1377,41.8662],[-96.1234,41.6832],[-95.9978,41.5071],[-95.4988,41.5063],[-95.5563,41.8636]]]},"properties":{"fips":"19085","name":"Harrison","state":"Iowa"}},
{"type":"Feature","geometry":{"type":"Polygon","coordinates":[[[-90.3985,34.4242],[-90.5707,34.5247],[-90.5672,34.425],[-90.9548,34.1201],[-90.6605,34.1192],[-90.6569,33.9878],[-90.4523,33.986],[-90.4523,34.0728],[-90.3985,34.4242]]]},"properties":{"fips":"28027","name":"Coahoma","state":"Mississippi"}},
{"type":"Feature","geometry":{"type":"Polygon","coordinates":[[[-103.0435,35.1836],[-103.04,35.6226],[-103.04,35.7394],[-103.3738,35.7394],[-103.3809,35.3966],[-103.6358,35.3897],[-104.1239,35.1423],[-104.1275,34.779],[-103.948,34.6054],[-103.7399,34.6046],[-103.4958,34.6913],[-103.284,34.9542],[-103.0435,34.9542],[-103.0435,35.1836]]]},"properties":{"fips":"35037","name":"Quay","state":"New Mexico"}},
{"type":"Feature","geometry":{"type":"Polygon","coordinates":[[[-74.6199,40.374],[-74.4835,40.2537],[-74.2251,40.453],[-74.261,40.502],[-74.2036,40.5931],[-74.462,40.5991],[-74.6199,40.374]]]},"properties":{"fips":"34023","name":"Middlesex","state":"New Jersey"}},
{"type":"Feature","geometry":{"type":"Polygon","coordinates":[[[-79.6485,38.5915],[-79.3111,38.4119],[-79.225,38.4781],[-79.0563,38.7616],[-79.1353,38.8131],[-79.3506,38.9574],[-79.5085,38.8758],[-79.627,38.6645],[-79.6485,38.5915]]]},"properties":{"fips":"54071","name":"Pendleton","state":"West Virginia"}},
{"type":"Feature","geometry":{"type":"Polygon","coordinates":[[[-91.9885,33.3984],[-92.1393,33.1631],[-92.0675,33.0084],[-91.4609,33.0059],[-91.4573,33.389],[-91.9885,33.3984]]]},"properties":{"fips":"05003","name":"Ashley","state":"Arkansas"}},
{"type":"Feature","geometry":{"type":"Polygon","coordinates":[[[-90.7646,33.529],[-90.7179,33.2704],[-90.4523,33.3297],[-90.4523,33.8117],[-90.4523,33.986],[-90.6569,33.9878],[-90.6605,33.6166],[-90.7646,33.529]]]},"properties":{"fips":"28133","name":"Sunflower","state":"Mississippi"}},
{"type":"Feature","geometry":{"type":"Polygon","coordinates":[[[-90.1975,34.5109],[-90.1975,34.5547],[-90.201,34.7248],[-90.3051,34.8606],[-90.4092,34.8331],[-90.5851,34.6415],[-90.5707,34.5247],[-90.3985,34.4242],[-90.1975,34.5109]]]},"properties":{"fips":"28143","name":"Tunica","state":"Mississippi"}},
{"type":"Feature","geometry":{"type":"Polygon","coordinates":[[[-93.374,40.5802],[-93.3668,40.3826],[-92.8571,40.3431],[-92.6848,40.3431],[-92.7136,40.5896],[-93.0976,40.5836],[-93.374,40.5802]]]},"properties":{"fips":"29171","name":"Putnam","state":"Missouri"}},
{"type":"Feature","geometry":{"type":"Polygon","coordinates":[[[-92.351,40.5974],[-92.6382,40.5905],[-92.7136,40.5896],[-92.6848,40.3431],[-92.351,40.3465],[-92.351,40.5974]]]},"properties":{"fips":"29197","name":"Schuyler","state":"Missouri"}},
{"type":"Feature","geometry":{"type":"Polygon","coordinates":[[[-80.8115,39.1095],[-80.8904,39.2942],[-81.0089,39.3509],[-81.2386,39.2684],[-81.2996,39.1859],[-81.1632,39.0304],[-81.034,39.0098],[-80.8115,39.1095]]]},"properties":{"fips":"54085","name":"Ritchie","state":"West Virginia"}},
{"type":"Feature","geometry":{"type":"Polygon","coordinates":[[[-80.9443,39.6069],[-81.0376,39.5399],[-81.1201,39.4574],[-81.0089,39.3509],[-80.8904,39.2942],[-80.6176,39.4505],[-80.9443,39.6069]]]},"properties":{"fips":"54095","name":"Tyler","state":"West Virginia"}},
{"type":"Feature","geometry":{"type":"Polygon","coordinates":[[[-80.6356,36.9318],[-80.4633,36.7084],[-80.2372,36.8725],[-80.1295,37.1233],[-80.1797,37.113],[-80.5423,36.985],[-80.6356,36.9318]]]},"properties":{"fips":"51063","name":"Floyd","state":"Virginia"}},
{"type":"Feature","geometry":{"type":"Polygon","coordinates":[[[-106.0873,47.1812],[-105.4053,47.1812],[-105.3622,47.7903],[-105.233,47.7903],[-105.1935,48.0669],[-105.5022,48.0978],[-105.8432,48.0102],[-106.2308,48.0265],[-106.4175,47.9578],[-106.2595,47.8684],[-106.2595,47.5291],[-106.0873,47.1812]]]},"properties":{"fips":"30055","name":"McCone","state":"Montana"}},
{"type":"Feature","geometry":{"type":"Polygon","coordinates":[[[-96.0372,39.2169],[-96.0408,39.1267],[-95.9475,38.8698],[-95.5024,38.8698],[-95.4988,39.0571],[-95.5886,39.216],[-96.0372,39.2169]]]},"properties":{"fips":"20177","name":"Shawnee","state":"Kansas"}},
{"type":"Feature","geometry":{"type":"Polygon","coordinates":[[[-85.1904,41.264],[-84.8027,41.2709],[-84.8027,41.4264],[-84.8063,41.5303],[-85.194,41.526],[-85.1904,41.264]]]},"properties":{"fips":"18033","name":"DeKalb","state":"Indiana"}},
{"type":"Feature","geometry":{"type":"Polygon","coordinates":[[[-96.4536,43.8498],[-96.4536,44.1968],[-96.8879,44.196],[-96.8879,43.848],[-96.4536,43.8498]]]},"properties":{"fips":"46101","name":"Moody","state":"South Dakota"}},
{"type":"Feature","geometry":{"type":"Polygon","coordinates":[[[-90.5672,31],[-90.8256,30.9991],[-90.8507,30.719],[-90.9117,30.6495],[-90.5672,30.6503],[-90.5672,31]]]},"properties":{"fips":"22091","name":"St. Helena","state":"Louisiana"}},
{"type":"Feature","geometry":{"type":"Polygon","coordinates":[[[-90.4164,46.5661],[-90.5492,46.5842],[-90.5528,46.2405],[-90.3015,46.1546],[-90.3015,45.9811],[-90.0431,45.982],[-89.9283,46.2998],[-90.1221,46.3367],[-90.4164,46.5661]]]},"properties":{"fips":"55051","name":"Iron","state":"Wisconsin"}},
{"type":"Feature","geometry":{"type":"Polygon","coordinates":[[[-103.3271,31.6511],[-103.6106,31.652],[-103.4599,31.4286],[-103.0112,31.3711],[-102.7672,31.2937],[-102.7672,31.652],[-102.7995,31.652],[-103.3271,31.6511]]]},"properties":{"fips":"48475","name":"Ward","state":"Texas"}},
{"type":"Feature","geometry":{"type":"Polygon","coordinates":[[[-98.6108,34.157],[-98.9517,34.2128],[-98.9517,33.834],[-98.4241,33.8357],[-98.4241,34.084],[-98.6108,34.157]]]},"properties":{"fips":"48485","name":"Wichita","state":"Texas"}},
{"type":"Feature","geometry":{"type":"MultiPolygon","coordinates":[[[[-97.315,26.5998],[-97.2432,26.4117],[-97.2253,26.4117],[-97.2899,26.6007],[-97.315,26.5998]]],[[[-97.9575,26.6119],[-98.0042,26.4487],[-97.8606,26.3481],[-97.5268,26.2992],[-97.3509,26.4117],[-97.4407,26.5998],[-97.9575,26.6119]]]]},"properties":{"fips":"48489","name":"Willacy","state":"Texas"}},
{"type":"Feature","geometry":{"type":"Polygon","coordinates":[[[-91.4465,32.5823],[-91.6368,32.6674],[-91.9131,32.5059],[-92.0352,32.2774],[-91.8952,32.1519],[-91.7624,32.3349],[-91.4752,32.4062],[-91.4573,32.5377],[-91.4465,32.5823]]]},"properties":{"fips":"22083","name":"Richland","state":"Louisiana"}},
{"type":"Feature","geometry":{"type":"Polygon","coordinates":[[[-91.949,40.301],[-91.949,40.2572],[-91.4968,40.2486],[-91.4178,40.3783],[-91.7157,40.5982],[-91.9419,40.606],[-91.949,40.301]]]},"properties":{"fips":"29045","name":"Clark","state":"Missouri"}},
{"type":"Feature","geometry":{"type":"Polygon","coordinates":[[[-80.4956,39.4694],[-80.1977,39.393],[-79.9393,39.4522],[-80.1546,39.6103],[-80.3951,39.6369],[-80.4956,39.4694]]]},"properties":{"fips":"54049","name":"Marion","state":"West Virginia"}},
{"type":"Feature","geometry":{"type":"Polygon","coordinates":[[[-81.7483,39.0957],[-81.5832,39.0261],[-81.2996,39.1859],[-81.2386,39.2684],[-81.3714,39.3423],[-81.7267,39.216],[-81.7554,39.1808],[-81.7483,39.0957]]]},"properties":{"fips":"54107","name":"Wood","state":"West Virginia"}},
{"type":"Feature","geometry":{"type":"Polygon","coordinates":[[[-80.5458,39.429],[-80.5961,39.167],[-80.3018,39.1035],[-80.2264,39.1129],[-80.1654,39.2426],[-80.1977,39.393],[-80.4956,39.4694],[-80.5458,39.429]]]},"properties":{"fips":"54033","name":"Harrison","state":"West Virginia"}},
{"type":"Feature","geometry":{"type":"Polygon","coordinates":[[[-106.4175,47.9578],[-106.2308,48.0265],[-105.8432,48.0102],[-105.8037,48.5634],[-106.0227,48.5634],[-106.1124,48.999],[-107.1784,48.9998],[-107.261,48.3048],[-107.4045,48.2181],[-107.4153,47.6915],[-106.8805,47.6777],[-106.6041,47.7851],[-106.4175,47.9578]]]},"properties":{"fips":"30105","name":"Valley","state":"Montana"}},
{"type":"Feature","geometry":{"type":"Polygon","coordinates":[[[-70.9624,42.4435],[-70.7794,42.6935],[-70.8189,42.8722],[-71.246,42.7424],[-71.2568,42.7364],[-71.027,42.4443],[-70.9624,42.4435]]]},"properties":{"fips":"25009","name":"Essex","state":"Massachusetts"}},
{"type":"Feature","geometry":{"type":"Polygon","coordinates":[[[-82.3405,36.2531],[-82.222,36.1569],[-82.0821,36.1053],[-81.9313,36.2651],[-81.9852,36.5082],[-82.301,36.3966],[-82.3405,36.2531]]]},"properties":{"fips":"47019","name":"Carter","state":"Tennessee"}},
{"type":"Feature","geometry":{"type":"Polygon","coordinates":[[[-87.1143,36.6423],[-87.1214,36.4558],[-86.9133,36.3828],[-86.7553,36.4052],[-86.5651,36.6337],[-86.7625,36.6491],[-87.0604,36.6431],[-87.1143,36.6423]]]},"properties":{"fips":"47147","name":"Robertson","state":"Tennessee"}},
{"type":"Feature","geometry":{"type":"Polygon","coordinates":[[[-91.4573,33.389],[-91.4609,33.0059],[-91.4358,33.0059],[-91.2635,33.005],[-91.1666,33.0041],[-91.1666,33.011],[-91.084,33.1562],[-91.2168,33.529],[-91.2312,33.5617],[-91.4537,33.5634],[-91.4573,33.389]]]},"properties":{"fips":"05017","name":"Chicot","state":"Arkansas"}},
{"type":"Feature","geometry":{"type":"Polygon","coordinates":[[[-86.2385,39.9264],[-85.937,39.9273],[-85.8616,39.9436],[-85.8616,40.2185],[-86.2421,40.2159],[-86.2421,40.1807],[-86.2385,39.9264]]]},"properties":{"fips":"18057","name":"Hamilton","state":"Indiana"}},
{"type":"Feature","geometry":{"type":"Polygon","coordinates":[[[-86.1667,40.563],[-86.3749,40.5613],[-86.3749,40.4316],[-86.2421,40.374],[-85.8616,40.4067],[-85.8652,40.5656],[-86.1667,40.563]]]},"properties":{"fips":"18067","name":"Howard","state":"Indiana"}},
{"type":"Feature","geometry":{"type":"Polygon","coordinates":[[[-85.9513,39.6387],[-85.9513,39.6971],[-85.937,39.9273],[-86.2385,39.9264],[-86.3246,39.9239],[-86.3246,39.6318],[-86.2492,39.6335],[-85.9513,39.6387]]]},"properties":{"fips":"18097","name":"Marion","state":"Indiana"}},
{"type":"Feature","geometry":{"type":"Polygon","coordinates":[[[-86.6943,39.923],[-86.6943,40.179],[-86.6943,40.2142],[-87.0927,40.2151],[-87.0927,39.9531],[-87.0102,39.8663],[-86.6943,39.8646],[-86.6943,39.923]]]},"properties":{"fips":"18107","name":"Montgomery","state":"Indiana"}},
{"type":"Feature","geometry":{"type":"Polygon","coordinates":[[[-89.7308,32.8847],[-89.9642,32.8796],[-90.0431,32.7438],[-90.4487,32.5737],[-90.0647,32.3994],[-89.7847,32.5866],[-89.7308,32.6339],[-89.7308,32.8847]]]},"properties":{"fips":"28089","name":"Madison","state":"Mississippi"}},
{"type":"Feature","geometry":{"type":"Polygon","coordinates":[[[-85.2371,46.2457],[-85.1114,46.1581],[-84.3649,46.1581],[-84.1136,45.9785],[-83.5609,45.9124],[-83.5824,46.0893],[-83.988,46.0326],[-84.1244,46.1804],[-84.2249,46.5343],[-84.5048,46.439],[-85.0253,46.4828],[-85.0289,46.6975],[-85.2371,46.756],[-85.2371,46.2457]]]},"properties":{"fips":"26033","name":"Chippewa","state":"Michigan"}},
{"type":"Feature","geometry":{"type":"Polygon","coordinates":[[[-85.8652,46.2448],[-85.8652,45.9682],[-85.5134,46.0945],[-85.0145,46.0112],[-84.8315,45.872],[-84.6556,46.0524],[-84.3756,45.9321],[-84.1136,45.9785],[-84.3649,46.1581],[-85.1114,46.1581],[-85.2371,46.2457],[-85.8652,46.2448]]]},"properties":{"fips":"26097","name":"Mackinac","state":"Michigan"}},
{"type":"Feature","geometry":{"type":"Polygon","coordinates":[[[-82.0498,30.3625],[-82.0498,30.2732],[-81.7231,30.5721],[-81.4432,30.5103],[-81.4432,30.7096],[-81.9026,30.8204],[-82.039,30.7491],[-82.0498,30.3625]]]},"properties":{"fips":"12089","name":"Nassau","state":"Florida"}},
{"type":"Feature","geometry":{"type":"Polygon","coordinates":[[[-79.8962,39.2993],[-79.8962,39.4359],[-79.9393,39.4522],[-80.1977,39.393],[-80.1654,39.2426],[-79.8962,39.2993]]]},"properties":{"fips":"54091","name":"Taylor","state":"West Virginia"}},
{"type":"Feature","geometry":{"type":"Polygon","coordinates":[[[-84.7776,34.9877],[-84.7022,35.2411],[-84.8602,35.3502],[-84.9463,35.2875],[-84.9786,34.9877],[-84.8099,34.9877],[-84.7776,34.9877]]]},"properties":{"fips":"47011","name":"Bradley","state":"Tennessee"}},
{"type":"Feature","geometry":{"type":"Polygon","coordinates":[[[-83.2486,30.2603],[-83.1696,30.3849],[-83.2737,30.6323],[-83.3563,30.6374],[-83.6111,30.6512],[-83.8193,30.3033],[-83.367,30.2603],[-83.2486,30.2603]]]},"properties":{"fips":"12079","name":"Madison","state":"Florida"}},
{"type":"Feature","geometry":{"type":"Polygon","coordinates":[[[-90.1759,33.3332],[-90.3303,33.3031],[-90.3626,33.011],[-89.9642,32.8796],[-89.7488,33.2146],[-90.1759,33.3332]]]},"properties":{"fips":"28051","name":"Holmes","state":"Mississippi"}},
{"type":"Feature","geometry":{"type":"Polygon","coordinates":[[[-88.6935,36.0624],[-88.532,36.1517],[-88.5177,36.5014],[-88.8156,36.5031],[-88.8263,36.5031],[-88.9591,36.223],[-88.6935,36.0624]]]},"properties":{"fips":"47183","name":"Weakley","state":"Tennessee"}},
{"type":"Feature","geometry":{"type":"Polygon","coordinates":[[[-93.0402,44.1968],[-92.6777,44.1951],[-92.552,44.1951],[-92.552,44.3686],[-92.2434,44.4545],[-92.3151,44.5413],[-92.5413,44.5671],[-92.7315,44.714],[-92.7925,44.543],[-93.0402,44.4717],[-93.0402,44.1968]]]},"properties":{"fips":"27049","name":"Goodhue","state":"Minnesota"}},
{"type":"Feature","geometry":{"type":"Polygon","coordinates":[[[-93.0725,37.4154],[-93.1837,37.4171],[-93.6216,37.4274],[-93.6252,37.2823],[-93.6073,37.0984],[-93.0653,37.089],[-93.0725,37.4154]]]},"properties":{"fips":"29077","name":"Greene","state":"Missouri"}},
{"type":"Feature","geometry":{"type":"Polygon","coordinates":[[[-85.2945,33.4277],[-85.3052,33.4826],[-85.6426,33.4955],[-85.6534,33.1064],[-85.5924,33.1072],[-85.2335,33.1081],[-85.2371,33.1296],[-85.2945,33.4277]]]},"properties":{"fips":"01111","name":"Randolph","state":"Alabama"}},
{"type":"Feature","geometry":{"type":"Polygon","coordinates":[[[-107.2969,31.7834],[-106.5287,31.7834],[-106.6185,32.0008],[-106.378,32.0008],[-106.378,32.9577],[-106.3421,33.0531],[-106.8877,32.8229],[-107.3004,32.7799],[-107.3004,32.6055],[-107.2969,31.7834]]]},"properties":{"fips":"35013","name":"Doña Ana","state":"New Mexico"}},
{"type":"Feature","geometry":{"type":"Polygon","coordinates":[[[-76.8955,41.1394],[-77.1432,41.069],[-77.1432,41.0441],[-77.3657,40.8474],[-77.355,40.807],[-76.7986,40.8783],[-76.7986,40.8817],[-76.8955,41.1394]]]},"properties":{"fips":"42119","name":"Union","state":"Pennsylvania"}},
{"type":"Feature","geometry":{"type":"Polygon","coordinates":[[[-99.6732,44.8978],[-100.4054,44.8978],[-100.7177,44.7707],[-100.5274,44.5473],[-99.6768,44.5482],[-99.6732,44.8978]]]},"properties":{"fips":"46119","name":"Sully","state":"South Dakota"}},
{"type":"Feature","geometry":{"type":"Polygon","coordinates":[[[-70.9876,43.7922],[-71.0091,44.2853],[-71.4147,44.2123],[-71.3608,43.9159],[-71.5331,43.7613],[-71.1634,43.5388],[-70.9624,43.5414],[-70.9876,43.7922]]]},"properties":{"fips":"33003","name":"Carroll","state":"New Hampshire"}},
{"type":"Feature","geometry":{"type":"Polygon","coordinates":[[[-80.0326,37.2625],[-79.9536,37.2118],[-79.8854,37.3097],[-80.0218,37.308],[-80.0326,37.2625]]]},"properties":{"fips":"51770","name":"Roanoke","state":"Virginia"}},
{"type":"Feature","geometry":{"type":"Polygon","coordinates":[[[-91.3712,41.0741],[-90.9476,41.0724],[-91.0732,41.3336],[-91.3676,41.4229],[-91.4824,41.4238],[-91.486,41.1626],[-91.3712,41.0741]]]},"properties":{"fips":"19115","name":"Louisa","state":"Iowa"}},
{"type":"Feature","geometry":{"type":"Polygon","coordinates":[[[-95.384,40.9015],[-95.3732,40.5802],[-95.2009,40.5785],[-94.9138,40.575],[-94.9281,40.9006],[-95.384,40.9015]]]},"properties":{"fips":"19145","name":"Page","state":"Iowa"}},
{"type":"Feature","geometry":{"type":"Polygon","coordinates":[[[-80.4095,34.6149],[-80.6571,34.4783],[-80.8796,34.4577],[-80.8258,34.2687],[-80.6176,34.0994],[-80.4812,34.169],[-80.2874,34.364],[-80.2874,34.3666],[-80.4095,34.6149]]]},"properties":{"fips":"45055","name":"Kershaw","state":"South Carolina"}},
{"type":"Feature","geometry":{"type":"Polygon","coordinates":[[[-113.0002,42.3275],[-112.6557,42.3292],[-112.4188,42.5028],[-112.5193,42.9125],[-112.749,42.9512],[-113.0074,42.8627],[-113.0074,43.111],[-113.2443,43.111],[-113.2371,42.6256],[-113.0038,42.5878],[-113.0002,42.3275]]]},"properties":{"fips":"16077","name":"Power","state":"Idaho"}},
{"type":"Feature","geometry":{"type":"Polygon","coordinates":[[[-123.8112,42.7888],[-123.7035,43.0869],[-123.7645,43.4314],[-123.8758,43.6084],[-124.2204,43.6109],[-124.4788,42.9546],[-124.2599,42.9546],[-124.1342,42.6668],[-123.8112,42.7888]]]},"properties":{"fips":"41011","name":"Coos","state":"Oregon"}},
{"type":"Feature","geometry":{"type":"Polygon","coordinates":[[[-123.2297,42.7029],[-122.7954,42.7785],[-122.677,42.8807],[-122.2822,42.9967],[-122.0955,43.068],[-122.0201,43.3592],[-122.1314,43.44],[-122.7416,43.4374],[-123.1077,43.5396],[-123.14,43.7793],[-123.5276,43.83],[-123.7035,43.9443],[-124.1594,43.8635],[-124.2204,43.6109],[-123.8758,43.6084],[-123.7645,43.4314],[-123.7035,43.0869],[-123.8112,42.7888],[-123.7179,42.7837],[-123.2297,42.7029]]]},"properties":{"fips":"41019","name":"Douglas","state":"Oregon"}},
{"type":"Feature","geometry":{"type":"Polygon","coordinates":[[[-90.6677,43.4228],[-91.206,43.4228],[-91.0589,43.2484],[-91.1773,43.08],[-91.1558,42.9881],[-90.6677,43.172],[-90.6677,43.4228]]]},"properties":{"fips":"55023","name":"Crawford","state":"Wisconsin"}},
{"type":"Feature","geometry":{"type":"Polygon","coordinates":[[[-79.6736,37.7633],[-79.6485,37.8741],[-80.0577,37.9523],[-80.2946,37.692],[-80.2192,37.6276],[-80.0218,37.6474],[-79.8172,37.8011],[-79.6736,37.7633]],[[-80.0075,37.7607],[-79.9859,37.814],[-79.968,37.8037],[-80.0075,37.7607]]]},"properties":{"fips":"51005","name":"Alleghany","state":"Virginia"}},
{"type":"Feature","geometry":{"type":"Polygon","coordinates":[[[-80.6069,37.2445],[-80.431,37.3166],[-80.4741,37.424],[-80.8581,37.4283],[-80.8581,37.4292],[-80.9801,37.2926],[-80.8545,37.1474],[-80.6069,37.2445]]]},"properties":{"fips":"51071","name":"Giles","state":"Virginia"}},
{"type":"Feature","geometry":{"type":"Polygon","coordinates":[[[-82.5307,29.9407],[-82.4589,30.1366],[-82.4589,30.5842],[-82.5846,30.5919],[-82.6887,30.5979],[-82.6456,30.3952],[-82.7963,30.3368],[-82.7999,29.9321],[-82.6599,29.8299],[-82.5307,29.9407]]]},"properties":{"fips":"12023","name":"Columbia","state":"Florida"}},
{"type":"Feature","geometry":{"type":"Polygon","coordinates":[[[-66.0666,18.303],[-66.081,18.297],[-66.1456,18.2799],[-66.1923,18.2592],[-66.1707,18.224],[-66.1169,18.2103],[-66.0666,18.303]]]},"properties":{"fips":"72007","name":"Aguas Buenas","state":"Puerto Rico"}},
{"type":"Feature","geometry":{"type":"Polygon","coordinates":[[[-66.4543,18.2575],[-66.544,18.163],[-66.5476,18.1527],[-66.5225,18.1519],[-66.4435,18.1768],[-66.3753,18.1733],[-66.3502,18.2412],[-66.3789,18.2936],[-66.4543,18.2575]]]},"properties":{"fips":"72107","name":"Orocovis","state":"Puerto Rico"}},
{"type":"Feature","geometry":{"type":"Polygon","coordinates":[[[-93.0222,45.1238],[-93.2268,45.0353],[-93.1802,44.8884],[-93.0186,44.8909],[-93.0222,45.1238]]]},"properties":{"fips":"27123","name":"Ramsey","state":"Minnesota"}},
{"type":"Feature","geometry":{"type":"Polygon","coordinates":[[[-109.052,39.6601],[-109.052,40.2228],[-109.0484,40.6627],[-109.2028,40.8585],[-109.8704,40.764],[-109.9781,40.8096],[-109.9781,39.8062],[-110.0247,39.4694],[-109.1059,39.4617],[-109.052,39.4978],[-109.052,39.6601]]]},"properties":{"fips":"49047","name":"Uintah","state":"Utah"}},
{"type":"Feature","geometry":{"type":"Polygon","coordinates":[[[-79.6413,36.8562],[-79.5947,37.0426],[-79.8459,37.2256],[-80.1295,37.1233],[-80.2372,36.8725],[-80.0398,36.7943],[-79.6413,36.8562]]]},"properties":{"fips":"51067","name":"Franklin","state":"Virginia"}},
{"type":"Feature","geometry":{"type":"Polygon","coordinates":[[[-156.9188,21.168],[-156.9619,21.2118],[-157.0158,21.1852],[-156.9188,21.168]]]},"properties":{"fips":"15005","name":"Kalawao","state":"Hawaii"}},
{"type":"Feature","geometry":{"type":"Polygon","coordinates":[[[-95.5706,39.4187],[-95.1794,39.4196],[-94.9676,39.4187],[-95.104,39.533],[-95.0538,39.6155],[-95.3409,39.6533],[-95.5635,39.6533],[-95.5706,39.4187]]]},"properties":{"fips":"20005","name":"Atchison","state":"Kansas"}},
{"type":"Feature","geometry":{"type":"Polygon","coordinates":[[[-71.788,41.7253],[-71.7987,42.0079],[-72.1038,42.0286],[-72.2187,41.9581],[-72.2402,41.7141],[-71.788,41.6403],[-71.788,41.7253]]]},"properties":{"fips":"09015","name":"Windham","state":"Connecticut"}},
{"type":"Feature","geometry":{"type":"Polygon","coordinates":[[[-72.3407,41.2803],[-71.8598,41.3198],[-71.788,41.5965],[-71.788,41.6403],[-72.2402,41.7141],[-72.4089,41.6025],[-72.4663,41.5836],[-72.3407,41.2803]]]},"properties":{"fips":"09011","name":"New London","state":"Connecticut"}},
{"type":"Feature","geometry":{"type":"Polygon","coordinates":[[[-121.733,44.8858],[-121.6971,45.2578],[-121.8191,45.4614],[-122.7452,45.433],[-122.8672,45.317],[-122.8493,45.2595],[-122.7882,45.1298],[-122.3898,44.8858],[-121.733,44.8858]]]},"properties":{"fips":"41005","name":"Clackamas","state":"Oregon"}},
{"type":"Feature","geometry":{"type":"Polygon","coordinates":[[[-94.5118,31.9741],[-94.4508,31.8444],[-94.4005,31.6537],[-93.9842,31.5695],[-93.8334,31.5858],[-93.8801,31.8444],[-94.0129,31.9819],[-94.5118,31.9741]]]},"properties":{"fips":"48419","name":"Shelby","state":"Texas"}},
{"type":"Feature","geometry":{"type":"Polygon","coordinates":[[[-80.5207,40.8516],[-80.5207,40.9006],[-81.0878,40.9015],[-81.0878,40.7279],[-80.8617,40.5991],[-80.6679,40.5828],[-80.5207,40.6386],[-80.5207,40.8516]]]},"properties":{"fips":"39029","name":"Columbiana","state":"Ohio"}},
{"type":"Feature","geometry":{"type":"Polygon","coordinates":[[[-120.3152,35.9069],[-120.2147,35.7892],[-120.1932,35.7892],[-119.5363,35.7892],[-119.5292,36.2694],[-119.5722,36.4885],[-119.9599,36.4009],[-119.9599,36.1818],[-120.3152,35.9069]]]},"properties":{"fips":"06031","name":"Kings","state":"California"}},
{"type":"Feature","geometry":{"type":"Polygon","coordinates":[[[-122.9354,39.978],[-123.5456,40.002],[-124.023,40.0012],[-123.8507,39.8319],[-123.7681,39.5596],[-123.8256,39.3612],[-123.6927,39.0571],[-123.7394,38.954],[-123.5348,38.7684],[-122.8205,38.85],[-123.0933,39.0717],[-122.9964,39.2358],[-123.0646,39.5038],[-122.8852,39.5802],[-122.939,39.7984],[-122.9354,39.978]]]},"properties":{"fips":"06045","name":"Mendocino","state":"California"}},
{"type":"Feature","geometry":{"type":"Polygon","coordinates":[[[-104.6623,39.5656],[-105.05,39.5665],[-105.3299,39.1301],[-105.032,39.1301],[-104.6623,39.1292],[-104.6623,39.5656]]]},"properties":{"fips":"08035","name":"Douglas","state":"Colorado"}},
{"type":"Feature","geometry":{"type":"Polygon","coordinates":[[[-98.9194,30.1383],[-98.9194,29.7818],[-98.7795,29.72],[-98.6467,29.7449],[-98.4134,29.9373],[-98.5892,30.1392],[-98.9194,30.1383]]]},"properties":{"fips":"48259","name":"Kendall","state":"Texas"}},
{"type":"Feature","geometry":{"type":"Polygon","coordinates":[[[-92.8894,36.1139],[-92.8535,36.4979],[-93.295,36.4979],[-93.3022,36.1217],[-92.9433,36.1148],[-92.8894,36.1139]]]},"properties":{"fips":"05009","name":"Boone","state":"Arkansas"}},
{"type":"Feature","geometry":{"type":"Polygon","coordinates":[[[-97.674,35.7256],[-97.1427,35.7248],[-97.1392,35.9421],[-97.3545,36.1595],[-97.4622,36.1646],[-97.674,36.1646],[-97.674,35.7256]]]},"properties":{"fips":"40083","name":"Logan","state":"Oklahoma"}},
{"type":"Feature","geometry":{"type":"Polygon","coordinates":[[[-75.8834,43.1556],[-75.7254,43.1625],[-75.4383,42.8636],[-75.248,42.8713],[-75.2122,42.8799],[-75.2193,43.0526],[-75.0686,43.2269],[-75.1117,43.6152],[-75.5352,43.4194],[-75.7577,43.4701],[-75.8834,43.1556]]]},"properties":{"fips":"36065","name":"Oneida","state":"New York"}},
{"type":"Feature","geometry":{"type":"Polygon","coordinates":[[[-83.6793,35.2798],[-83.7044,35.2489],[-83.7367,35.1561],[-83.4819,34.9937],[-83.1086,35.0006],[-83.3383,35.3313],[-83.6793,35.2798]]]},"properties":{"fips":"37113","name":"Macon","state":"North Carolina"}},
{"type":"Feature","geometry":{"type":"Polygon","coordinates":[[[-74.2825,44.1204],[-74.2143,43.8111],[-74.0564,43.7441],[-73.439,43.8034],[-73.378,43.8085],[-73.439,44.0448],[-73.3134,44.2638],[-73.3385,44.5465],[-73.9092,44.4296],[-74.1425,44.4073],[-74.0923,44.1376],[-74.2825,44.1204]]]},"properties":{"fips":"36031","name":"Essex","state":"New York"}},
{"type":"Feature","geometry":{"type":"Polygon","coordinates":[[[-79.9608,38.064],[-80.0577,37.9523],[-79.6485,37.8741],[-79.4834,38.0863],[-79.5121,38.1808],[-79.7957,38.2667],[-79.9608,38.064]]]},"properties":{"fips":"51017","name":"Bath","state":"Virginia"}},
{"type":"Feature","geometry":{"type":"Polygon","coordinates":[[[-81.6083,37.7891],[-81.515,37.7908],[-81.4575,37.9875],[-81.6442,38.2203],[-81.8344,38.2092],[-81.9313,38.0253],[-81.6083,37.7891]]]},"properties":{"fips":"54005","name":"Boone","state":"West Virginia"}},
{"type":"Feature","geometry":{"type":"Polygon","coordinates":[[[-80.8832,38.1035],[-81.2314,38.2633],[-81.3822,37.9695],[-80.9443,37.8192],[-80.8079,37.869],[-80.8832,38.1035]]]},"properties":{"fips":"54019","name":"Fayette","state":"West Virginia"}},
{"type":"Feature","geometry":{"type":"Polygon","coordinates":[[[-81.1955,38.5279],[-81.5221,38.6129],[-81.698,38.6267],[-81.7267,38.466],[-81.917,38.326],[-81.8344,38.2092],[-81.6442,38.2203],[-81.4575,37.9875],[-81.3822,37.9695],[-81.2314,38.2633],[-81.1955,38.5279]]]},"properties":{"fips":"54039","name":"Kanawha","state":"West Virginia"}},
{"type":"Feature","geometry":{"type":"Polygon","coordinates":[[[-65.7651,18.2799],[-65.661,18.2068],[-65.6216,18.2884],[-65.7544,18.297],[-65.758,18.291],[-65.7651,18.2799]]]},"properties":{"fips":"72037","name":"Ceiba","state":"Puerto Rico"}},
{"type":"Feature","geometry":{"type":"Polygon","coordinates":[[[-66.4615,18.3718],[-66.5332,18.3512],[-66.5907,18.3383],[-66.6086,18.328],[-66.5655,18.2988],[-66.544,18.163],[-66.4543,18.2575],[-66.4615,18.3718]]]},"properties":{"fips":"72039","name":"Ciales","state":"Puerto Rico"}},
{"type":"Feature","geometry":{"type":"Polygon","coordinates":[[[-107.0384,40.0914],[-107.0384,40.2254],[-107.4404,40.2237],[-109.052,40.2228],[-109.052,39.6601],[-107.9393,39.6945],[-107.9393,39.8251],[-107.4332,39.8285],[-107.3184,40.0905],[-107.0384,40.0914]]]},"properties":{"fips":"08103","name":"Rio Blanco","state":"Colorado"}},
{"type":"Feature","geometry":{"type":"Polygon","coordinates":[[[-86.2492,39.6335],[-86.3246,39.6318],[-86.6584,39.6017],[-86.6871,39.4703],[-86.6297,39.3466],[-86.382,39.3397],[-86.2528,39.3414],[-86.2492,39.6335]]]},"properties":{"fips":"18109","name":"Morgan","state":"Indiana"}},
{"type":"Feature","geometry":{"type":"Polygon","coordinates":[[[-92.1967,31.4776],[-92.0854,31.335],[-92.0065,31.3255],[-92.0065,31.9269],[-92.3116,31.9277],[-92.3618,31.7963],[-92.3654,31.6485],[-92.1967,31.4776]]]},"properties":{"fips":"22059","name":"LaSalle","state":"Louisiana"}},
{"type":"Feature","geometry":{"type":"Polygon","coordinates":[[[-92.8392,38.6842],[-92.6238,38.4308],[-92.4946,38.4282],[-92.3941,38.7392],[-92.4982,38.9222],[-92.6166,38.6799],[-92.8392,38.6842]]]},"properties":{"fips":"29135","name":"Moniteau","state":"Missouri"}},
{"type":"Feature","geometry":{"type":"Polygon","coordinates":[[[-79.6126,41.6239],[-79.6126,41.8499],[-80.5207,41.8499],[-80.5207,41.5002],[-80.5207,41.4891],[-80.0003,41.4899],[-79.828,41.6222],[-79.6126,41.6239]]]},"properties":{"fips":"42039","name":"Crawford","state":"Pennsylvania"}},
{"type":"Feature","geometry":{"type":"Polygon","coordinates":[[[-83.4532,38.3819],[-83.6362,38.1877],[-83.4998,38.0503],[-83.4352,38.0339],[-83.2629,38.1155],[-83.245,38.192],[-83.3419,38.3191],[-83.4532,38.3819]]]},"properties":{"fips":"21205","name":"Rowan","state":"Kentucky"}},
{"type":"Feature","geometry":{"type":"Polygon","coordinates":[[[-87.204,35.9593],[-87.2148,35.8511],[-86.7804,35.7067],[-86.6871,35.7102],[-86.6189,35.9679],[-87.0532,36.0452],[-87.1824,36.0495],[-87.204,35.9593]]]},"properties":{"fips":"47187","name":"Williamson","state":"Tennessee"}},
{"type":"Feature","geometry":{"type":"Polygon","coordinates":[[[-98.0078,45.9364],[-97.979,45.9356],[-97.2289,45.9356],[-97.2791,46.2826],[-98.0078,46.2826],[-98.0078,45.9364]]]},"properties":{"fips":"38081","name":"Sargent","state":"North Dakota"}},
{"type":"Feature","geometry":{"type":"Polygon","coordinates":[[[-66.9604,18.0324],[-66.9819,17.9526],[-66.8599,17.9543],[-66.885,18.0247],[-66.9604,18.0324]]]},"properties":{"fips":"72055","name":"Guánica","state":"Puerto Rico"}},
{"type":"Feature","geometry":{"type":"Polygon","coordinates":[[[-116.1696,46.372],[-116.3706,46.4673],[-116.3706,46.3436],[-116.7152,46.3256],[-116.7008,45.9966],[-116.4531,46.1933],[-116.1947,46.1529],[-116.1696,46.372]]]},"properties":{"fips":"16061","name":"Lewis","state":"Idaho"}},
{"type":"Feature","geometry":{"type":"Polygon","coordinates":[[[-116.7008,45.9966],[-116.7152,46.3256],[-116.3706,46.3436],[-116.3706,46.4673],[-116.4567,46.6288],[-116.7187,46.5429],[-117.0382,46.5421],[-117.0382,46.4261],[-116.9162,45.9957],[-116.7941,45.8565],[-116.7008,45.9966]]]},"properties":{"fips":"16069","name":"Nez Perce","state":"Idaho"}},
{"type":"Feature","geometry":{"type":"Polygon","coordinates":[[[-97.9324,39.6541],[-97.9324,40.002],[-98.2734,40.0029],[-98.5031,40.002],[-98.5067,39.5674],[-98.4887,39.5674],[-97.9324,39.5665],[-97.9324,39.6541]]]},"properties":{"fips":"20089","name":"Jewell","state":"Kansas"}},
{"type":"Feature","geometry":{"type":"Polygon","coordinates":[[[-96.8053,39.5665],[-96.5792,39.5665],[-96.2382,39.5665],[-96.2382,40.0003],[-96.4644,40.0012],[-96.8053,40.0012],[-96.8053,39.5665]]]},"properties":{"fips":"20117","name":"Marshall","state":"Kansas"}},
{"type":"Feature","geometry":{"type":"Polygon","coordinates":[[[-95.7896,39.6533],[-95.7896,40.0003],[-96.0121,40.0003],[-96.2382,40.0003],[-96.2382,39.5665],[-96.0372,39.5665],[-95.7896,39.6533]]]},"properties":{"fips":"20131","name":"Nemaha","state":"Kansas"}},
{"type":"Feature","geometry":{"type":"Polygon","coordinates":[[[-94.8061,35.6389],[-94.4723,35.6389],[-94.4938,35.7591],[-94.5513,36.1019],[-94.562,36.162],[-94.7989,36.1612],[-94.8061,35.6389]]]},"properties":{"fips":"40001","name":"Adair","state":"Oklahoma"}},
{"type":"Feature","geometry":{"type":"Polygon","coordinates":[[[-83.7367,35.1561],[-84.0059,34.9877],[-83.9377,34.9877],[-83.5501,34.9929],[-83.4819,34.9937],[-83.7367,35.1561]]]},"properties":{"fips":"37043","name":"Clay","state":"North Carolina"}},
{"type":"Feature","geometry":{"type":"Polygon","coordinates":[[[-83.0081,35.0272],[-83.1086,35.0006],[-83.3527,34.7162],[-83.3383,34.687],[-83.105,34.5367],[-83.0512,34.4955],[-82.9937,34.4791],[-82.8394,34.6235],[-82.8968,35.0564],[-83.0081,35.0272]]]},"properties":{"fips":"45073","name":"Oconee","state":"South Carolina"}},
{"type":"Feature","geometry":{"type":"Polygon","coordinates":[[[-94.4938,35.7591],[-94.4723,35.6389],[-94.4364,35.4284],[-94.3036,35.3528],[-94.0739,35.4456],[-94.0739,35.6621],[-93.9124,35.76],[-93.9626,35.7609],[-94.4938,35.7591]]]},"properties":{"fips":"05033","name":"Crawford","state":"Arkansas"}},
{"type":"Feature","geometry":{"type":"Polygon","coordinates":[[[-101.1269,38.2642],[-101.5432,38.2633],[-101.5289,37.7367],[-101.091,37.7367],[-101.1017,38.2642],[-101.1269,38.2642]]]},"properties":{"fips":"20093","name":"Kearny","state":"Kansas"}},
{"type":"Feature","geometry":{"type":"Polygon","coordinates":[[[-65.338,18.3486],[-65.2842,18.2799],[-65.2555,18.3417],[-65.338,18.3486]]]},"properties":{"fips":"72049","name":"Culebra","state":"Puerto Rico"}},
{"type":"Feature","geometry":{"type":"Polygon","coordinates":[[[-89.9606,31.3908],[-90.0395,31.3358],[-90.0323,31.1761],[-89.8349,31.0017],[-89.7273,31.0025],[-89.6555,31.0025],[-89.6555,31.4338],[-89.9606,31.3908]]]},"properties":{"fips":"28091","name":"Marion","state":"Mississippi"}},
{"type":"Feature","geometry":{"type":"Polygon","coordinates":[[[-89.5083,34.1621],[-89.7201,34.1922],[-89.9318,34.1647],[-89.9247,33.8976],[-89.5083,33.8675],[-89.5083,34.1621]]]},"properties":{"fips":"28161","name":"Yalobusha","state":"Mississippi"}},
{"type":"Feature","geometry":{"type":"Polygon","coordinates":[[[-99.6265,40.002],[-99.6301,40.3508],[-99.6409,40.3508],[-100.0931,40.3517],[-100.1972,40.35],[-100.1936,40.0012],[-100.1793,40.0012],[-99.6265,40.002]]]},"properties":{"fips":"31065","name":"Furnas","state":"Nebraska"}},
{"type":"Feature","geometry":{"type":"Polygon","coordinates":[[[-122.7847,45.8505],[-122.2463,46.0541],[-122.2427,46.3857],[-123.219,46.3857],[-123.2118,46.1727],[-122.9031,46.0833],[-122.7847,45.8505]]]},"properties":{"fips":"53015","name":"Cowlitz","state":"Washington"}},
{"type":"Feature","geometry":{"type":"Polygon","coordinates":[[[-87.2112,34.9989],[-87.2614,34.7583],[-87.1035,34.6862],[-86.7912,34.5504],[-86.784,34.992],[-86.8379,34.992],[-87.2112,34.9989]]]},"properties":{"fips":"01083","name":"Limestone","state":"Alabama"}},
{"type":"Feature","geometry":{"type":"Polygon","coordinates":[[[-85.3914,30.201],[-85.115,30.2002],[-84.932,30.6065],[-85.3842,30.567],[-85.3914,30.201]]]},"properties":{"fips":"12013","name":"Calhoun","state":"Florida"}},
{"type":"Feature","geometry":{"type":"Polygon","coordinates":[[[-82.3118,28.9605],[-82.5343,29.0447],[-82.7604,28.9932],[-82.6671,28.6942],[-82.2615,28.6676],[-82.1826,28.8214],[-82.3118,28.9605]]]},"properties":{"fips":"12017","name":"Citrus","state":"Florida"}},
{"type":"Feature","geometry":{"type":"Polygon","coordinates":[[[-90.7215,32.6193],[-90.7215,32.6622],[-90.9656,32.6631],[-90.9153,33.0076],[-91.1666,33.011],[-91.1666,33.0041],[-91.1522,32.6416],[-91.0445,32.5763],[-90.7215,32.6193]]]},"properties":{"fips":"28055","name":"Issaquena","state":"Mississippi"}},
{"type":"Feature","geometry":{"type":"Polygon","coordinates":[[[-85.9441,38.0082],[-85.9011,38.18],[-86.0339,38.4179],[-86.2564,38.4231],[-86.3318,38.1808],[-86.2672,38.0571],[-85.998,37.9996],[-85.9441,38.0082]]]},"properties":{"fips":"18061","name":"Harrison","state":"Indiana"}},
{"type":"Feature","geometry":{"type":"Polygon","coordinates":[[[-102.0421,36.9928],[-102.0278,36.9928],[-101.554,36.9953],[-101.5576,37.3888],[-102.0421,37.3888],[-102.0421,36.9928]]]},"properties":{"fips":"20129","name":"Morton","state":"Kansas"}},
{"type":"Feature","geometry":{"type":"Polygon","coordinates":[[[-82.1467,34.7858],[-81.8523,34.5943],[-81.7124,34.913],[-81.8739,35.1844],[-81.9708,35.187],[-82.2149,35.1965],[-82.2256,34.8503],[-82.1467,34.7858]]]},"properties":{"fips":"45083","name":"Spartanburg","state":"South Carolina"}},
{"type":"Feature","geometry":{"type":"Polygon","coordinates":[[[-97.9288,39.3062],[-97.9288,39.2194],[-97.9288,38.9583],[-97.3725,38.9583],[-97.3725,39.1318],[-97.3689,39.3062],[-97.9288,39.3062]]]},"properties":{"fips":"20143","name":"Ottawa","state":"Kansas"}},
{"type":"Feature","geometry":{"type":"Polygon","coordinates":[[[-107.5122,46.0438],[-106.9379,45.8703],[-107.0277,46.3952],[-107.1748,46.4828],[-107.7383,46.4819],[-107.4655,46.1778],[-107.5122,46.0438]]]},"properties":{"fips":"30103","name":"Treasure","state":"Montana"}},
{"type":"Feature","geometry":{"type":"Polygon","coordinates":[[[-96.8233,42.2639],[-96.7264,42.2777],[-96.6331,42.5242],[-96.8053,42.7038],[-97.0171,42.7613],[-97.0171,42.3516],[-96.8233,42.2639]]]},"properties":{"fips":"31051","name":"Dixon","state":"Nebraska"}},
{"type":"Feature","geometry":{"type":"Polygon","coordinates":[[[-92.8858,45.6443],[-92.5269,45.7285],[-92.1536,45.64],[-92.0316,45.64],[-92.0495,46.1572],[-92.2936,46.1572],[-92.351,46.0155],[-92.7136,45.8917],[-92.8428,45.7302],[-92.8858,45.6443]]]},"properties":{"fips":"55013","name":"Burnett","state":"Wisconsin"}},
{"type":"Feature","geometry":{"type":"Polygon","coordinates":[[[-89.013,42.8472],[-89.0094,43.1977],[-89.0094,43.2845],[-89.7201,43.2931],[-89.8385,43.2063],[-89.8385,42.8576],[-89.3683,42.8447],[-89.013,42.8472]]]},"properties":{"fips":"55025","name":"Dane","state":"Wisconsin"}},
{"type":"Feature","geometry":{"type":"Polygon","coordinates":[[[-91.084,29.6263],[-91.005,29.7148],[-90.8866,29.9055],[-90.962,30.0662],[-91.1055,30.0627],[-91.224,30.0249],[-91.2563,29.9717],[-91.0984,29.6993],[-91.084,29.6263]]]},"properties":{"fips":"22007","name":"Assumption","state":"Louisiana"}},
{"type":"Feature","geometry":{"type":"Polygon","coordinates":[[[-75.0686,41.6016],[-75.1475,41.8507],[-75.4024,41.9994],[-75.4849,41.9994],[-75.4634,41.642],[-75.5065,41.2322],[-75.3593,41.2391],[-75.0686,41.6016]]]},"properties":{"fips":"42127","name":"Wayne","state":"Pennsylvania"}},
{"type":"Feature","geometry":{"type":"Polygon","coordinates":[[[-74.6486,42.8292],[-74.7635,42.8636],[-75.2122,42.8799],[-75.248,42.8713],[-75.2947,42.7442],[-75.4167,42.3138],[-74.7132,42.5182],[-74.6486,42.8292]]]},"properties":{"fips":"36077","name":"Otsego","state":"New York"}},
{"type":"Feature","geometry":{"type":"Polygon","coordinates":[[[-97.6668,34.681],[-97.5627,34.5066],[-97.3509,34.5066],[-97.2002,34.6226],[-96.931,34.6372],[-96.931,34.8546],[-97.6668,34.8554],[-97.6668,34.681]]]},"properties":{"fips":"40049","name":"Garvin","state":"Oklahoma"}},
{"type":"Feature","geometry":{"type":"Polygon","coordinates":[[[-74.7132,43.2862],[-74.5338,43.2278],[-74.139,43.2536],[-74.1605,43.3713],[-74.2143,43.7286],[-74.0564,43.7441],[-74.2143,43.8111],[-74.2825,44.1204],[-74.5338,44.0989],[-74.8532,44.0697],[-74.7132,43.2862]]]},"properties":{"fips":"36041","name":"Hamilton","state":"New York"}},
{"type":"Feature","geometry":{"type":"Polygon","coordinates":[[[-93.9626,35.7609],[-93.9124,35.76],[-93.697,35.7686],[-93.5176,35.7634],[-93.4781,36.1251],[-93.6575,36.3029],[-93.8155,36.3064],[-93.8873,36.2351],[-93.9626,35.7609]]]},"properties":{"fips":"05087","name":"Madison","state":"Arkansas"}},
{"type":"Feature","geometry":{"type":"Polygon","coordinates":[[[-75.7182,41.642],[-75.4634,41.642],[-75.4849,41.9994],[-76.1059,41.9985],[-76.1454,41.9985],[-76.1167,41.6514],[-75.7182,41.642]]]},"properties":{"fips":"42115","name":"Susquehanna","state":"Pennsylvania"}},
{"type":"Feature","geometry":{"type":"Polygon","coordinates":[[[-85.0253,29.9717],[-85.0217,29.8076],[-85.2263,29.6779],[-84.8817,29.7337],[-84.3397,29.9605],[-84.5443,30.0112],[-85.0253,29.9717]]]},"properties":{"fips":"12037","name":"Franklin","state":"Florida"}},
{"type":"Feature","geometry":{"type":"Polygon","coordinates":[[[-84.8638,30.7113],[-84.932,30.6065],[-84.6448,30.3883],[-84.4187,30.4639],[-84.2823,30.6855],[-84.3792,30.6898],[-84.8638,30.7113]]]},"properties":{"fips":"12039","name":"Gadsden","state":"Florida"}},
{"type":"Feature","geometry":{"type":"Polygon","coordinates":[[[-85.3878,29.9244],[-85.2263,29.6779],[-85.0217,29.8076],[-85.0253,29.9717],[-85.115,30.2002],[-85.3914,30.201],[-85.3878,29.9244]]]},"properties":{"fips":"12045","name":"Gulf","state":"Florida"}},
{"type":"Feature","geometry":{"type":"Polygon","coordinates":[[[-84.0059,30.6718],[-83.9772,30.5223],[-84.0741,30.274],[-84.0777,30.0954],[-83.9916,30.0842],[-83.8193,30.3033],[-83.6111,30.6512],[-83.7439,30.658],[-84.0059,30.6718]]]},"properties":{"fips":"12065","name":"Jefferson","state":"Florida"}},
{"type":"Feature","geometry":{"type":"Polygon","coordinates":[[[-82.8035,28.1719],[-82.8286,28.1719],[-82.8609,28.1719],[-82.8502,27.8635],[-82.5882,27.8163],[-82.6492,28.0207],[-82.6528,28.1736],[-82.8035,28.1719]]]},"properties":{"fips":"12103","name":"Pinellas","state":"Florida"}},
{"type":"Feature","geometry":{"type":"Polygon","coordinates":[[[-98.6215,34.8546],[-98.6215,35.0977],[-99.3609,35.1166],[-99.4076,35.1148],[-99.2461,34.8219],[-99.1025,34.6381],[-98.8261,34.5943],[-98.8261,34.8554],[-98.6215,34.8546]]]},"properties":{"fips":"40075","name":"Kiowa","state":"Oklahoma"}},
{"type":"Feature","geometry":{"type":"Polygon","coordinates":[[[-93.7114,35.3751],[-93.697,35.7686],[-93.9124,35.76],[-94.0739,35.6621],[-94.0739,35.4456],[-94.0272,35.2136],[-93.7114,35.3751]]]},"properties":{"fips":"05047","name":"Franklin","state":"Arkansas"}},
{"type":"Feature","geometry":{"type":"Polygon","coordinates":[[[-96.2993,36.162],[-96.267,36.162],[-96.6008,36.382],[-96.7695,36.5658],[-97.0099,36.5065],[-96.9238,36.2462],[-96.6223,36.1603],[-96.2993,36.162]]]},"properties":{"fips":"40117","name":"Pawnee","state":"Oklahoma"}},
{"type":"Feature","geometry":{"type":"Polygon","coordinates":[[[-96.9346,34.1725],[-96.5864,34.114],[-96.4069,34.157],[-96.4069,34.4181],[-96.5146,34.5058],[-96.8269,34.5058],[-96.9346,34.3322],[-96.9346,34.1725]]]},"properties":{"fips":"40069","name":"Johnston","state":"Oklahoma"}},
{"type":"Feature","geometry":{"type":"Polygon","coordinates":[[[-94.2318,40.5716],[-94.2139,40.3843],[-94.2175,40.1369],[-93.7652,40.1326],[-93.7616,40.264],[-93.776,40.5776],[-94.0165,40.5742],[-94.2318,40.5716]]]},"properties":{"fips":"29081","name":"Harrison","state":"Missouri"}},
{"type":"Feature","geometry":{"type":"Polygon","coordinates":[[[-89.5873,31.4338],[-89.4509,31.4338],[-89.4006,31.4338],[-89.4006,31.7972],[-89.6519,31.7808],[-89.756,31.7748],[-89.756,31.6099],[-89.5873,31.4338]]]},"properties":{"fips":"28031","name":"Covington","state":"Mississippi"}},
{"type":"Feature","geometry":{"type":"Polygon","coordinates":[[[-123.2118,46.1727],[-123.219,46.3857],[-123.3589,46.384],[-123.7286,46.2895],[-123.5492,46.2594],[-123.3625,46.146],[-123.2118,46.1727]]]},"properties":{"fips":"53069","name":"Wahkiakum","state":"Washington"}},
{"type":"Feature","geometry":{"type":"Polygon","coordinates":[[[-82.0498,30.1873],[-82.0498,30.1435],[-82.0498,29.7191],[-81.8129,29.8368],[-81.5796,29.8402],[-81.6801,30.1211],[-82.0498,30.1873]]]},"properties":{"fips":"12019","name":"Clay","state":"Florida"}},
{"type":"Feature","geometry":{"type":"Polygon","coordinates":[[[-85.8652,46.5051],[-86.3641,46.506],[-86.3641,46.3316],[-86.6153,46.3333],[-86.6153,46.1589],[-86.4897,46.1581],[-86.461,45.7577],[-86.1954,45.9631],[-85.8652,45.9682],[-85.8652,46.2448],[-85.8652,46.5051]]]},"properties":{"fips":"26153","name":"Schoolcraft","state":"Michigan"}},
{"type":"Feature","geometry":{"type":"Polygon","coordinates":[[[-92.2936,46.4175],[-92.2936,46.1572],[-92.0495,46.1572],[-91.5506,46.1572],[-91.5506,46.756],[-92.0136,46.7061],[-92.2936,46.6632],[-92.2936,46.4175]]]},"properties":{"fips":"55031","name":"Douglas","state":"Wisconsin"}},
{"type":"Feature","geometry":{"type":"MultiPolygon","coordinates":[[[[-84.0023,32.5299],[-84.0526,32.5222],[-84.0095,32.5213],[-84.0023,32.5299]]],[[[-84.0275,32.1708],[-83.848,32.2911],[-83.848,32.4689],[-84.0167,32.5067],[-84.0526,32.5222],[-84.2536,32.3719],[-84.1818,32.2301],[-84.0275,32.1708]]]]},"properties":{"fips":"13193","name":"Macon","state":"Georgia"}},
{"type":"Feature","geometry":{"type":"Polygon","coordinates":[[[-92.8822,32.5849],[-92.7243,32.7593],[-92.7243,33.0144],[-92.9899,33.017],[-93.2376,33.0179],[-93.1802,32.5849],[-92.8822,32.5849]]]},"properties":{"fips":"22027","name":"Claiborne","state":"Louisiana"}},
{"type":"Feature","geometry":{"type":"Polygon","coordinates":[[[-123.5348,38.7684],[-123.0036,38.2959],[-122.4903,38.1095],[-122.397,38.1422],[-122.4078,38.1559],[-122.3934,38.3045],[-122.6267,38.6679],[-122.8205,38.85],[-123.5348,38.7684]]]},"properties":{"fips":"06097","name":"Sonoma","state":"California"}},
{"type":"Feature","geometry":{"type":"Polygon","coordinates":[[[-97.6668,34.8554],[-96.931,34.8546],[-96.931,34.9645],[-97.1427,34.9284],[-97.6704,35.3373],[-97.6704,35.3356],[-97.6668,34.8554]]]},"properties":{"fips":"40087","name":"McClain","state":"Oklahoma"}},
{"type":"Feature","geometry":{"type":"Polygon","coordinates":[[[-96.9166,40.35],[-96.9166,40.0012],[-96.8053,40.0012],[-96.4644,40.0012],[-96.4644,40.2623],[-96.4644,40.5226],[-96.913,40.5235],[-96.9166,40.35]]]},"properties":{"fips":"31067","name":"Gage","state":"Nebraska"}},
{"type":"Feature","geometry":{"type":"Polygon","coordinates":[[[-94.7056,32.8796],[-94.6554,32.8796],[-94.6518,33.2687],[-94.7487,33.3289],[-94.8097,33.3632],[-94.8205,32.9827],[-94.72,32.9045],[-94.7056,32.8796]]]},"properties":{"fips":"48343","name":"Morris","state":"Texas"}},
{"type":"Feature","geometry":{"type":"Polygon","coordinates":[[[-97.1427,35.3769],[-97.1427,35.4636],[-97.1427,35.7248],[-97.674,35.7256],[-97.6704,35.3769],[-97.1427,35.3769]]]},"properties":{"fips":"40109","name":"Oklahoma","state":"Oklahoma"}},
{"type":"Feature","geometry":{"type":"Polygon","coordinates":[[[-95.3086,33.377],[-95.585,33.3589],[-95.8614,33.2189],[-95.8614,32.9792],[-95.664,32.9603],[-95.3086,32.9629],[-95.3086,33.377]]]},"properties":{"fips":"48223","name":"Hopkins","state":"Texas"}},
{"type":"Feature","geometry":{"type":"Polygon","coordinates":[[[-74.2646,42.7966],[-74.0923,42.9555],[-74.0959,42.983],[-74.541,42.9856],[-74.7599,43.0474],[-74.7635,42.8636],[-74.6486,42.8292],[-74.2646,42.7966]]]},"properties":{"fips":"36057","name":"Montgomery","state":"New York"}},
{"type":"Feature","geometry":{"type":"Polygon","coordinates":[[[-96.5254,36.9988],[-96.7515,36.9988],[-96.7515,36.7823],[-97.0566,36.5933],[-97.0099,36.5065],[-96.7695,36.5658],[-96.6008,36.382],[-96.267,36.162],[-96.0013,36.1612],[-96.0013,36.4241],[-96.0013,36.9988],[-96.5254,36.9988]]]},"properties":{"fips":"40113","name":"Osage","state":"Oklahoma"}},
{"type":"Feature","geometry":{"type":"Polygon","coordinates":[[[-86.784,30.9974],[-87.1645,30.9991],[-87.3153,30.847],[-87.2578,30.6117],[-86.9204,30.3703],[-86.7984,30.3866],[-86.784,30.9974]]]},"properties":{"fips":"12113","name":"Santa Rosa","state":"Florida"}},
{"type":"Feature","geometry":{"type":"Polygon","coordinates":[[[-80.9873,28.6126],[-81.1058,28.8282],[-81.3678,28.8789],[-81.4145,28.7853],[-81.4575,28.6401],[-80.9873,28.6126]]]},"properties":{"fips":"12117","name":"Seminole","state":"Florida"}},
{"type":"Feature","geometry":{"type":"Polygon","coordinates":[[[-84.5084,31.0781],[-84.1423,31.4398],[-84.4295,31.4364],[-84.6376,31.4338],[-84.6412,31.2594],[-84.5443,31.079],[-84.5084,31.0781]]]},"properties":{"fips":"13007","name":"Baker","state":"Georgia"}},
{"type":"Feature","geometry":{"type":"Polygon","coordinates":[[[-85.3627,34.9834],[-85.4739,34.9834],[-85.6067,34.9843],[-85.5816,34.8606],[-85.535,34.6235],[-85.3627,34.9834]]]},"properties":{"fips":"13083","name":"Dade","state":"Georgia"}},
{"type":"Feature","geometry":{"type":"Polygon","coordinates":[[[-84.4295,31.4364],[-84.1423,31.4398],[-83.9987,31.4441],[-84.0167,31.6503],[-84.2967,31.6219],[-84.451,31.6219],[-84.4295,31.4364]]]},"properties":{"fips":"13095","name":"Dougherty","state":"Georgia"}},
{"type":"Feature","geometry":{"type":"Polygon","coordinates":[[[-84.3756,31.079],[-84.1172,31.0781],[-84.0023,31.0773],[-83.9987,31.335],[-83.9987,31.4441],[-84.1423,31.4398],[-84.5084,31.0781],[-84.3756,31.079]]]},"properties":{"fips":"13205","name":"Mitchell","state":"Georgia"}},
{"type":"Feature","geometry":{"type":"Polygon","coordinates":[[[-84.731,31.0695],[-84.9212,31.073],[-85.0253,31.0755],[-85.0037,31.0008],[-84.8745,30.7276],[-84.731,31.0695]]]},"properties":{"fips":"13253","name":"Seminole","state":"Georgia"}},
{"type":"Feature","geometry":{"type":"Polygon","coordinates":[[[-96.6223,36.1603],[-96.9238,36.2462],[-97.3545,36.1595],[-97.1392,35.9421],[-96.6223,35.9413],[-96.6223,36.1603]]]},"properties":{"fips":"40119","name":"Payne","state":"Oklahoma"}},
{"type":"Feature","geometry":{"type":"Polygon","coordinates":[[[-84.7848,36.6036],[-84.975,36.6156],[-85.2765,36.6268],[-85.2837,36.5314],[-85.1222,36.4069],[-85.0396,36.5538],[-84.731,36.5246],[-84.7848,36.6036]]]},"properties":{"fips":"47137","name":"Pickett","state":"Tennessee"}},
{"type":"Feature","geometry":{"type":"Polygon","coordinates":[[[-85.5278,37.1096],[-85.3519,37.1921],[-85.5852,37.4695],[-85.657,37.4223],[-85.6857,37.1826],[-85.5278,37.1096]]]},"properties":{"fips":"21087","name":"Green","state":"Kentucky"}},
{"type":"Feature","geometry":{"type":"Polygon","coordinates":[[[-96.2957,32.9818],[-96.5182,32.9827],[-96.5182,32.8134],[-96.2957,32.8418],[-96.2957,32.9818]]]},"properties":{"fips":"48397","name":"Rockwall","state":"Texas"}},
{"type":"Feature","geometry":{"type":"Polygon","coordinates":[[[-64.7996,18.3374],[-64.735,18.3151],[-64.753,18.3709],[-64.7996,18.3374]]]},"properties":{"fips":"78020","name":"St. John","state":"United States Virgin Islands"}},
{"type":"Feature","geometry":{"type":"Polygon","coordinates":[[[-104.9172,30.6632],[-104.9172,32.0008],[-105.9975,32.0025],[-105.9975,31.3865],[-105.556,30.9905],[-104.9818,30.6288],[-104.9172,30.6632]]]},"properties":{"fips":"48229","name":"Hudspeth","state":"Texas"}},
{"type":"Feature","geometry":{"type":"Polygon","coordinates":[[[-81.0842,38.6121],[-81.2781,38.9145],[-81.5042,38.9179],[-81.5221,38.6129],[-81.1955,38.5279],[-81.0842,38.6121]]]},"properties":{"fips":"54087","name":"Roane","state":"West Virginia"}},
{"type":"Feature","geometry":{"type":"Polygon","coordinates":[[[-84.2608,36.5916],[-84.2285,36.5924],[-84.3433,36.8373],[-84.2967,36.9455],[-84.3577,36.9592],[-84.5766,36.8673],[-84.7776,36.6036],[-84.2608,36.5916]]]},"properties":{"fips":"21147","name":"McCreary","state":"Kentucky"}},
{"type":"Feature","geometry":{"type":"Polygon","coordinates":[[[-88.8407,31.4338],[-88.4495,31.4355],[-88.4638,31.6984],[-88.4746,31.8942],[-88.9089,31.8264],[-88.9448,31.8246],[-88.9448,31.4338],[-88.8407,31.4338]]]},"properties":{"fips":"28153","name":"Wayne","state":"Mississippi"}},
{"type":"Feature","geometry":{"type":"Polygon","coordinates":[[[-90.6677,43.172],[-91.1558,42.9881],[-91.0661,42.751],[-90.8974,42.6754],[-90.6425,42.5088],[-90.4272,42.5071],[-90.4272,42.8129],[-90.4308,43.2012],[-90.6677,43.172]]]},"properties":{"fips":"55043","name":"Grant","state":"Wisconsin"}},
{"type":"Feature","geometry":{"type":"Polygon","coordinates":[[[-91.6619,30.9707],[-91.6368,30.9991],[-91.5901,31.1915],[-91.4717,31.396],[-91.3783,31.7327],[-91.5434,31.7516],[-91.6978,31.7319],[-91.8342,31.2663],[-91.7229,31.0446],[-91.6583,30.9939],[-91.6619,30.9707]]]},"properties":{"fips":"22029","name":"Concordia","state":"Louisiana"}},
{"type":"Feature","geometry":{"type":"Polygon","coordinates":[[[-95.4486,32.3555],[-95.4594,32.1356],[-94.9856,32.1382],[-94.9856,32.371],[-94.9856,32.5377],[-95.1543,32.5703],[-95.4019,32.6064],[-95.4019,32.6047],[-95.5958,32.6871],[-95.5958,32.4801],[-95.4486,32.3555]]]},"properties":{"fips":"48423","name":"Smith","state":"Texas"}},
{"type":"Feature","geometry":{"type":"Polygon","coordinates":[[[-74.5338,44.0989],[-74.2825,44.1204],[-74.0923,44.1376],[-74.1425,44.4073],[-73.9092,44.4296],[-74.0277,44.9958],[-74.7276,44.9949],[-74.6415,44.9528],[-74.5338,44.0989]]]},"properties":{"fips":"36033","name":"Franklin","state":"New York"}},
{"type":"Feature","geometry":{"type":"Polygon","coordinates":[[[-91.1235,32.2112],[-91.4932,32.2035],[-91.5757,31.8822],[-91.5434,31.7516],[-91.3783,31.7327],[-91.3173,31.7456],[-91.2491,31.8702],[-91.0302,32.1142],[-91.0302,32.1202],[-91.0517,32.1245],[-91.1235,32.2112]]]},"properties":{"fips":"22107","name":"Tensas","state":"Louisiana"}},
{"type":"Feature","geometry":{"type":"Polygon","coordinates":[[[-91.0948,31.3212],[-91.1594,31.347],[-91.4681,31.3195],[-91.5901,31.1915],[-91.6368,30.9991],[-91.1773,30.9991],[-91.0589,30.9991],[-91.0948,31.3212]]]},"properties":{"fips":"28157","name":"Wilkinson","state":"Mississippi"}},
{"type":"Feature","geometry":{"type":"Polygon","coordinates":[[[-91.0302,32.1142],[-91.2491,31.8702],[-90.7359,31.786],[-90.7179,32.048],[-90.7287,32.225],[-91.0302,32.1142]]]},"properties":{"fips":"28021","name":"Claiborne","state":"Mississippi"}},
{"type":"Feature","geometry":{"type":"Polygon","coordinates":[[[-88.9125,32.2241],[-88.9089,31.8264],[-88.4746,31.8942],[-88.4315,32.2275],[-88.9125,32.2241]]]},"properties":{"fips":"28023","name":"Clarke","state":"Mississippi"}},
{"type":"Feature","geometry":{"type":"Polygon","coordinates":[[[-99.3107,44.897],[-98.7149,44.897],[-98.7184,45.244],[-98.722,45.244],[-99.5727,45.2457],[-99.5727,44.897],[-99.3107,44.897]]]},"properties":{"fips":"46049","name":"Faulk","state":"South Dakota"}},
{"type":"Feature","geometry":{"type":"Polygon","coordinates":[[[-87.2076,35.4336],[-87.2937,35.4447],[-87.5737,35.3983],[-87.606,35.004],[-87.2255,34.9997],[-87.2076,35.4336]]]},"properties":{"fips":"47099","name":"Lawrence","state":"Tennessee"}},
{"type":"Feature","geometry":{"type":"Polygon","coordinates":[[[-89.1386,30.9097],[-89.1458,31.4338],[-89.4006,31.4338],[-89.4509,31.4338],[-89.3468,31.347],[-89.3504,31.0103],[-89.3396,30.9097],[-89.1386,30.9097]]]},"properties":{"fips":"28035","name":"Forrest","state":"Mississippi"}},
{"type":"Feature","geometry":{"type":"Polygon","coordinates":[[[-122.2032,46.7628],[-123.1615,46.7938],[-123.3697,46.792],[-123.3589,46.384],[-123.219,46.3857],[-122.2427,46.3857],[-121.5212,46.3883],[-121.3705,46.7259],[-121.4566,46.7835],[-121.8335,46.7302],[-122.2032,46.7628]]]},"properties":{"fips":"53041","name":"Lewis","state":"Washington"}},
{"type":"Feature","geometry":{"type":"Polygon","coordinates":[[[-79.5121,36.5409],[-79.4691,36.5409],[-79.3973,36.644],[-79.3434,36.5409],[-79.2178,36.5417],[-79.0922,37.0615],[-79.4439,37.0555],[-79.5947,37.0426],[-79.6413,36.8562],[-79.7131,36.5417],[-79.5121,36.5409]]]},"properties":{"fips":"51143","name":"Pittsylvania","state":"Virginia"}},
{"type":"Feature","geometry":{"type":"Polygon","coordinates":[[[-78.6579,39.5347],[-78.9809,39.2375],[-78.5071,39.0889],[-78.403,39.167],[-78.3456,39.466],[-78.4676,39.5167],[-78.6579,39.5347]]]},"properties":{"fips":"54027","name":"Hampshire","state":"West Virginia"}},
{"type":"Feature","geometry":{"type":"Polygon","coordinates":[[[-121.008,39.6395],[-121.0762,39.5974],[-121.3059,39.5192],[-121.4064,39.3397],[-121.6253,39.2959],[-121.611,39.0579],[-121.4135,38.9961],[-121.2807,39.0347],[-121.2664,39.2727],[-121.0223,39.3912],[-121.008,39.6395]]]},"properties":{"fips":"06115","name":"Yuba","state":"California"}},
{"type":"Feature","geometry":{"type":"Polygon","coordinates":[[[-90.5528,32.5076],[-90.4487,32.5737],[-90.0431,32.7438],[-89.9642,32.8796],[-90.3626,33.011],[-90.6569,32.9225],[-90.7215,32.6622],[-90.7215,32.6193],[-90.5528,32.5076]]]},"properties":{"fips":"28163","name":"Yazoo","state":"Mississippi"}},
{"type":"Feature","geometry":{"type":"Polygon","coordinates":[[[-78.2056,41.9994],[-78.202,41.6179],[-77.9903,41.4745],[-77.599,41.4788],[-77.599,41.5423],[-77.6098,41.9994],[-77.7498,41.9985],[-78.2056,41.9994]]]},"properties":{"fips":"42105","name":"Potter","state":"Pennsylvania"}},
{"type":"Feature","geometry":{"type":"Polygon","coordinates":[[[-98.32,26.7828],[-98.5856,26.2545],[-98.198,26.0561],[-97.8678,26.0569],[-97.8606,26.3481],[-98.0042,26.4487],[-97.9575,26.6119],[-97.9862,26.7811],[-98.32,26.7828]]]},"properties":{"fips":"48215","name":"Hidalgo","state":"Texas"}},
{"type":"Feature","geometry":{"type":"Polygon","coordinates":[[[-75.9372,37.5494],[-76.0197,37.3175],[-75.8331,37.1732],[-75.6752,37.4635],[-75.9372,37.5494]]]},"properties":{"fips":"51131","name":"Northampton","state":"Virginia"}},
{"type":"Feature","geometry":{"type":"Polygon","coordinates":[[[-75.7577,43.4701],[-75.5352,43.4194],[-75.1117,43.6152],[-75.1691,44.0972],[-75.4455,44.2174],[-75.4849,44.074],[-75.7577,43.879],[-75.7757,43.6891],[-75.7577,43.4701]]]},"properties":{"fips":"36049","name":"Lewis","state":"New York"}},
{"type":"Feature","geometry":{"type":"Polygon","coordinates":[[[-84.1818,32.2301],[-84.2536,32.3719],[-84.3936,32.414],[-84.4295,32.1666],[-84.1818,32.2301]]]},"properties":{"fips":"13249","name":"Schley","state":"Georgia"}},
{"type":"Feature","geometry":{"type":"Polygon","coordinates":[[[-91.1343,42.6462],[-90.8974,42.6754],[-91.0661,42.751],[-91.1558,42.9881],[-91.1773,43.08],[-91.6045,43.0818],[-91.608,42.6436],[-91.1343,42.6462]]]},"properties":{"fips":"19043","name":"Clayton","state":"Iowa"}},
{"type":"Feature","geometry":{"type":"Polygon","coordinates":[[[-76.6909,36.2772],[-76.5761,36.0066],[-76.411,36.0753],[-76.5725,36.1079],[-76.5581,36.351],[-76.6981,36.2961],[-76.6909,36.2772]]]},"properties":{"fips":"37041","name":"Chowan","state":"North Carolina"}},
{"type":"Feature","geometry":{"type":"Polygon","coordinates":[[[-86.583,34.3048],[-86.4538,34.2592],[-86.3031,34.0994],[-86.1057,34.2008],[-86.059,34.4757],[-86.3282,34.5994],[-86.5507,34.5461],[-86.583,34.3048]]]},"properties":{"fips":"01095","name":"Marshall","state":"Alabama"}},
{"type":"Feature","geometry":{"type":"Polygon","coordinates":[[[-76.1059,41.9985],[-75.4849,41.9994],[-75.4024,41.9994],[-75.4167,42.1952],[-75.8439,42.2596],[-75.8654,42.416],[-76.131,42.41],[-76.1059,41.9985]]]},"properties":{"fips":"36007","name":"Broome","state":"New York"}},
{"type":"Feature","geometry":{"type":"Polygon","coordinates":[[[-74.182,42.7296],[-73.8087,42.7785],[-74.0923,42.9555],[-74.2646,42.7966],[-74.182,42.7296]]]},"properties":{"fips":"36093","name":"Schenectady","state":"New York"}},
{"type":"Feature","geometry":{"type":"Polygon","coordinates":[[[-96.2418,30.9733],[-96.5685,30.6958],[-96.3603,30.5421],[-96.2993,30.3788],[-96.1557,30.3299],[-96.17,30.823],[-96.2418,30.9733]]]},"properties":{"fips":"48041","name":"Brazos","state":"Texas"}},
{"type":"Feature","geometry":{"type":"Polygon","coordinates":[[[-78.2308,38.5322],[-78.0944,38.3114],[-77.7031,38.3612],[-77.617,38.3681],[-77.6349,38.4102],[-77.7354,38.4128],[-77.9364,38.6963],[-78.2308,38.5322]]]},"properties":{"fips":"51047","name":"Culpeper","state":"Virginia"}},
{"type":"Feature","geometry":{"type":"Polygon","coordinates":[[[-96.2993,30.3788],[-96.3603,30.5421],[-96.5685,30.6958],[-96.6223,30.7311],[-96.9633,30.5575],[-96.6402,30.2964],[-96.2993,30.3788]]]},"properties":{"fips":"48051","name":"Burleson","state":"Texas"}},
{"type":"Feature","geometry":{"type":"Polygon","coordinates":[[[-89.3432,30.6477],[-89.3396,30.3728],[-88.8156,30.3754],[-88.8838,30.6769],[-89.3432,30.6477]]]},"properties":{"fips":"28047","name":"Harrison","state":"Mississippi"}},
{"type":"Feature","geometry":{"type":"Polygon","coordinates":[[[-95.305,33.3778],[-95.3086,33.3804],[-95.4917,33.4551],[-95.8578,33.462],[-95.8578,33.4096],[-95.8614,33.2189],[-95.585,33.3589],[-95.3086,33.377],[-95.305,33.3778]]]},"properties":{"fips":"48119","name":"Delta","state":"Texas"}},
{"type":"Feature","geometry":{"type":"Polygon","coordinates":[[[-112.8997,37.0005],[-112.8997,37.4996],[-113.2551,37.4824],[-113.5889,37.6044],[-114.0519,37.6044],[-114.0519,37.0005],[-112.8997,37.0005]]]},"properties":{"fips":"49053","name":"Washington","state":"Utah"}},
{"type":"Feature","geometry":{"type":"Polygon","coordinates":[[[-76.5294,40.8826],[-76.6407,41.1558],[-76.734,41.1721],[-76.7914,40.947],[-76.5294,40.8826]]]},"properties":{"fips":"42093","name":"Montour","state":"Pennsylvania"}},
{"type":"Feature","geometry":{"type":"Polygon","coordinates":[[[-101.274,31.079],[-101.7765,31.0798],[-102.3006,31.0859],[-102.3903,31.0876],[-101.8734,30.9123],[-101.7693,30.6529],[-101.6509,30.6202],[-101.7586,30.2878],[-100.9617,30.2878],[-100.9617,30.7062],[-100.9617,31.0824],[-101.274,31.079]]]},"properties":{"fips":"48105","name":"Crockett","state":"Texas"}},
{"type":"Feature","geometry":{"type":"Polygon","coordinates":[[[-81.4324,29.3987],[-81.6801,29.3248],[-81.6406,29.2767],[-81.3534,28.9846],[-81.3678,28.8789],[-81.1058,28.8282],[-80.9873,28.6126],[-80.9694,28.7904],[-80.7325,28.7913],[-81.1022,29.427],[-81.1488,29.2664],[-81.418,29.2612],[-81.4324,29.3987]]]},"properties":{"fips":"12127","name":"Volusia","state":"Florida"}},
{"type":"Feature","geometry":{"type":"Polygon","coordinates":[[[-77.7498,41.9985],[-77.6098,41.9994],[-76.9673,42.0011],[-76.9637,42.2785],[-77.1073,42.4839],[-77.3657,42.5766],[-77.4914,42.5775],[-77.7247,42.471],[-77.7498,41.9985]]]},"properties":{"fips":"36101","name":"Steuben","state":"New York"}},
{"type":"Feature","geometry":{"type":"Polygon","coordinates":[[[-88.3059,42.8421],[-88.3059,42.611],[-87.807,42.6677],[-87.8285,42.8421],[-88.069,42.8429],[-88.3059,42.8421]]]},"properties":{"fips":"55101","name":"Racine","state":"Wisconsin"}},
{"type":"Feature","geometry":{"type":"Polygon","coordinates":[[[-92.7925,34.5032],[-92.9469,34.3889],[-93.4063,34.3967],[-93.4099,34.3391],[-92.8858,34.1561],[-92.6777,34.1493],[-92.6705,34.4139],[-92.7925,34.5032]]]},"properties":{"fips":"05059","name":"Hot Spring","state":"Arkansas"}},
{"type":"Feature","geometry":{"type":"Polygon","coordinates":[[[-93.9734,42.6445],[-93.9698,42.9074],[-94.4436,42.9082],[-94.4436,42.6454],[-93.9734,42.6445]]]},"properties":{"fips":"19091","name":"Humboldt","state":"Iowa"}},
{"type":"Feature","geometry":{"type":"Polygon","coordinates":[[[-91.1522,37.6972],[-91.0984,37.7401],[-91.0948,38.204],[-91.3676,38.21],[-91.5327,38.1525],[-91.5291,37.7891],[-91.1522,37.6972]]]},"properties":{"fips":"29055","name":"Crawford","state":"Missouri"}},
{"type":"Feature","geometry":{"type":"Polygon","coordinates":[[[-95.5958,44.5422],[-95.3589,44.6985],[-95.4845,44.7526],[-95.7357,44.9356],[-95.8506,44.805],[-96.45,44.8059],[-96.45,44.6315],[-96.0947,44.6307],[-95.6029,44.6298],[-95.5958,44.5422]]]},"properties":{"fips":"27173","name":"Yellow Medicine","state":"Minnesota"}},
{"type":"Feature","geometry":{"type":"Polygon","coordinates":[[[-83.9234,33.444],[-84.0454,33.5256],[-84.1854,33.6459],[-84.2823,33.6476],[-84.3541,33.3529],[-84.1028,33.2979],[-83.9234,33.444]]]},"properties":{"fips":"13151","name":"Henry","state":"Georgia"}},
{"type":"Feature","geometry":{"type":"Polygon","coordinates":[[[-85.998,32.0514],[-85.657,31.8805],[-85.4273,32.0154],[-85.4093,32.1468],[-85.4345,32.2344],[-85.919,32.2748],[-85.998,32.0514]]]},"properties":{"fips":"01011","name":"Bullock","state":"Alabama"}},
{"type":"Feature","geometry":{"type":"Polygon","coordinates":[[[-120.9182,36.7402],[-120.5413,37.0443],[-120.0532,37.1835],[-120.1788,37.2616],[-120.387,37.6336],[-120.9828,37.3999],[-121.2269,37.1345],[-121.2161,36.961],[-120.9182,36.7402]]]},"properties":{"fips":"06047","name":"Merced","state":"California"}},
{"type":"Feature","geometry":{"type":"Polygon","coordinates":[[[-76.6622,37.2513],[-76.7268,37.2505],[-76.7268,37.3063],[-76.6586,37.3802],[-76.7125,37.4317],[-76.7412,37.467],[-76.9027,37.3776],[-76.874,37.2608],[-76.612,37.1671],[-76.5904,37.2135],[-76.6622,37.2513]]]},"properties":{"fips":"51095","name":"James City","state":"Virginia"}},
{"type":"Feature","geometry":{"type":"Polygon","coordinates":[[[-92.8141,32.1468],[-92.3116,32.1459],[-92.3116,32.2774],[-92.4156,32.4956],[-92.7782,32.4535],[-92.8141,32.1468]]]},"properties":{"fips":"22049","name":"Jackson","state":"Louisiana"}},
{"type":"Feature","geometry":{"type":"Polygon","coordinates":[[[-76.6981,36.2961],[-76.5581,36.351],[-76.454,36.3777],[-76.4899,36.5108],[-76.5402,36.5503],[-76.9171,36.5521],[-76.9171,36.5435],[-76.935,36.4017],[-76.6981,36.2961]]]},"properties":{"fips":"37073","name":"Gates","state":"North Carolina"}},
{"type":"Feature","geometry":{"type":"Polygon","coordinates":[[[-90.9117,43.7252],[-90.9727,44.0705],[-91.1522,44.08],[-91.425,43.9846],[-91.285,43.8472],[-91.2563,43.7261],[-90.9117,43.7252]]]},"properties":{"fips":"55063","name":"La Crosse","state":"Wisconsin"}},
{"type":"Feature","geometry":{"type":"MultiPolygon","coordinates":[[[[-84.0526,32.5222],[-84.0167,32.5067],[-84.0095,32.5213],[-84.0526,32.5222]]],[[[-84.0023,32.5299],[-84.2033,32.6897],[-84.2859,32.7473],[-84.4438,32.5617],[-84.3936,32.414],[-84.2536,32.3719],[-84.0526,32.5222],[-84.0023,32.5299]]]]},"properties":{"fips":"13269","name":"Taylor","state":"Georgia"}},
{"type":"Feature","geometry":{"type":"Polygon","coordinates":[[[-76.2746,36.1887],[-76.1849,36.2926],[-76.4899,36.5108],[-76.454,36.3777],[-76.2746,36.1887]]]},"properties":{"fips":"37139","name":"Pasquotank","state":"North Carolina"}},
{"type":"Feature","geometry":{"type":"Polygon","coordinates":[[[-77.9364,38.6963],[-77.7354,38.4128],[-77.6349,38.4102],[-77.5308,38.5562],[-77.7103,38.8234],[-77.6565,38.9428],[-77.9616,39.0141],[-78.0046,38.9798],[-78.1302,38.8646],[-77.9364,38.6963]]]},"properties":{"fips":"51061","name":"Fauquier","state":"Virginia"}},
{"type":"Feature","geometry":{"type":"Polygon","coordinates":[[[-78.3671,38.1843],[-78.2092,38.131],[-77.9544,38.1181],[-77.7031,38.3612],[-78.0944,38.3114],[-78.2882,38.2727],[-78.3671,38.1843]]]},"properties":{"fips":"51137","name":"Orange","state":"Virginia"}},
{"type":"Feature","geometry":{"type":"Polygon","coordinates":[[[-75.2947,42.7442],[-75.8905,42.7235],[-75.8654,42.416],[-75.8439,42.2596],[-75.4167,42.1952],[-75.4167,42.3138],[-75.2947,42.7442]]]},"properties":{"fips":"36017","name":"Chenango","state":"New York"}},
{"type":"Feature","geometry":{"type":"Polygon","coordinates":[[[-79.1855,37.4661],[-79.2573,37.3561],[-79.085,37.3948],[-79.1855,37.4661]]]},"properties":{"fips":"51680","name":"Lynchburg","state":"Virginia"}},
{"type":"Feature","geometry":{"type":"Polygon","coordinates":[[[-96.4069,34.4181],[-96.1449,34.419],[-96.0911,34.6802],[-96.0911,34.7678],[-96.4069,34.7678],[-96.5146,34.5058],[-96.4069,34.4181]]]},"properties":{"fips":"40029","name":"Coal","state":"Oklahoma"}},
{"type":"Feature","geometry":{"type":"Polygon","coordinates":[[[-95.9798,35.2901],[-96.4428,35.2901],[-96.4895,34.9104],[-96.4069,34.7678],[-96.0911,34.7678],[-96.0875,35.0496],[-95.9834,35.1518],[-95.9798,35.2901]]]},"properties":{"fips":"40063","name":"Hughes","state":"Oklahoma"}},
{"type":"Feature","geometry":{"type":"Polygon","coordinates":[[[-97.333,30.4029],[-97.0817,30.2594],[-97.0243,30.0515],[-96.7946,30.1606],[-96.6402,30.2964],[-96.9633,30.5575],[-97.1535,30.457],[-97.333,30.4029]]]},"properties":{"fips":"48287","name":"Lee","state":"Texas"}},
{"type":"Feature","geometry":{"type":"Polygon","coordinates":[[[-79.0204,37.4292],[-79.085,37.3948],[-79.2573,37.3561],[-79.4439,37.0555],[-79.0922,37.0615],[-78.9055,37.022],[-78.823,37.2049],[-79.0204,37.4292]]]},"properties":{"fips":"51031","name":"Campbell","state":"Virginia"}},
{"type":"Feature","geometry":{"type":"Polygon","coordinates":[[[-96.8269,34.5058],[-96.5146,34.5058],[-96.4069,34.7678],[-96.4895,34.9104],[-96.7766,34.9001],[-96.931,34.9645],[-96.931,34.8546],[-96.931,34.6372],[-96.8269,34.5058]]]},"properties":{"fips":"40123","name":"Pontotoc","state":"Oklahoma"}},
{"type":"Feature","geometry":{"type":"Polygon","coordinates":[[[-120.003,39.4454],[-120.0065,39.3165],[-120.003,39.1653],[-119.7122,39.2512],[-119.6943,39.5167],[-119.2851,39.6215],[-119.1882,39.6507],[-119.2241,39.9995],[-119.3389,39.9986],[-119.3102,40.9607],[-119.3246,41.9942],[-119.3605,41.9942],[-119.9994,41.9951],[-119.9994,41.9942],[-119.9994,41.1841],[-120.003,39.7228],[-120.003,39.4454]]]},"properties":{"fips":"32031","name":"Washoe","state":"Nevada"}},
{"type":"Feature","geometry":{"type":"Polygon","coordinates":[[[-74.3687,41.5913],[-74.5768,41.7451],[-74.4548,41.8756],[-74.7814,42.0165],[-75.1475,41.8507],[-75.0686,41.6016],[-74.7563,41.4246],[-74.3687,41.5913]]]},"properties":{"fips":"36105","name":"Sullivan","state":"New York"}},
{"type":"Feature","geometry":{"type":"Polygon","coordinates":[[[-77.6134,40.1988],[-77.4698,39.9445],[-77.136,40.0699],[-76.8596,40.2263],[-76.9135,40.3285],[-77.3944,40.3036],[-77.6134,40.1988]]]},"properties":{"fips":"42041","name":"Cumberland","state":"Pennsylvania"}},
{"type":"Feature","geometry":{"type":"Polygon","coordinates":[[[-80.6069,38.9042],[-80.4561,38.7392],[-80.3915,38.7272],[-80.3018,39.1035],[-80.5961,39.167],[-80.7289,39.0957],[-80.6069,38.9042]]]},"properties":{"fips":"54041","name":"Lewis","state":"West Virginia"}},
{"type":"Feature","geometry":{"type":"Polygon","coordinates":[[[-92.631,30.4811],[-92.631,30.488],[-93.1299,30.4235],[-93.1299,30.4029],[-93.0294,30.3797],[-92.9971,30.0387],[-92.7387,30.0369],[-92.6238,30.0919],[-92.631,30.4811]]]},"properties":{"fips":"22053","name":"Jefferson Davis","state":"Louisiana"}},
{"type":"Feature","geometry":{"type":"Polygon","coordinates":[[[-100.7105,41.7399],[-100.7141,41.3937],[-100.2511,41.3937],[-100.2511,41.7399],[-100.2654,41.7399],[-100.7105,41.7399]]]},"properties":{"fips":"31113","name":"Logan","state":"Nebraska"}},
{"type":"Feature","geometry":{"type":"Polygon","coordinates":[[[-84.9822,32.3779],[-85.0037,32.5102],[-85.4345,32.4097],[-85.4345,32.2344],[-85.4093,32.1468],[-85.0504,32.0626],[-84.9212,32.231],[-84.9822,32.3779]]]},"properties":{"fips":"01113","name":"Russell","state":"Alabama"}},
{"type":"Feature","geometry":{"type":"Polygon","coordinates":[[[-91.7121,35.9421],[-91.3568,35.8906],[-91.3496,36.2308],[-91.2599,36.2583],[-91.407,36.4971],[-91.4501,36.4979],[-91.4537,36.3356],[-91.6906,36.2531],[-91.7121,35.9421]]]},"properties":{"fips":"05135","name":"Sharp","state":"Arkansas"}},
{"type":"Feature","geometry":{"type":"Polygon","coordinates":[[[-119.5722,36.4885],[-119.5292,36.2694],[-119.5363,35.7892],[-118.0073,35.7892],[-118.0576,36.1586],[-118.3591,36.7445],[-118.9836,36.7419],[-119.303,36.6603],[-119.5722,36.4885]]]},"properties":{"fips":"06107","name":"Tulare","state":"California"}},
{"type":"Feature","geometry":{"type":"Polygon","coordinates":[[[-85.9764,36.723],[-86.1667,36.9343],[-86.4072,36.7763],[-86.4108,36.6508],[-86.2062,36.6397],[-85.9764,36.6285],[-85.9764,36.723]]]},"properties":{"fips":"21003","name":"Allen","state":"Kentucky"}},
{"type":"Feature","geometry":{"type":"Polygon","coordinates":[[[-90.2298,29.6916],[-90,29.2982],[-90.0898,29.1641],[-89.9031,29.2947],[-90.0682,29.7389],[-90.0072,29.8952],[-90.14,29.9184],[-90.1077,30.1649],[-90.158,30.1899],[-90.2585,30.1632],[-90.2298,29.6916]]]},"properties":{"fips":"22051","name":"Jefferson","state":"Louisiana"}},
{"type":"Feature","geometry":{"type":"Polygon","coordinates":[[[-73.981,41.325],[-73.981,41.3216],[-73.5431,41.3662],[-73.5288,41.5269],[-73.981,41.4392],[-73.981,41.325]]]},"properties":{"fips":"36079","name":"Putnam","state":"New York"}},
{"type":"Feature","geometry":{"type":"Polygon","coordinates":[[[-74.2359,41.1429],[-74.2107,41.1334],[-73.8949,40.9968],[-73.981,41.3216],[-73.981,41.325],[-74.2359,41.1429]]]},"properties":{"fips":"36087","name":"Rockland","state":"New York"}},
{"type":"Feature","geometry":{"type":"Polygon","coordinates":[[[-73.3098,41.4685],[-73.518,41.6669],[-73.5288,41.5269],[-73.5431,41.3662],[-73.4821,41.2125],[-73.7262,41.1008],[-73.658,40.9848],[-73.1088,41.1686],[-73.0693,41.3009],[-73.3098,41.4685]]]},"properties":{"fips":"09001","name":"Fairfield","state":"Connecticut"}},
{"type":"Feature","geometry":{"type":"Polygon","coordinates":[[[-92.1141,36.7943],[-92.1213,36.4988],[-91.6727,36.4997],[-91.6583,36.8888],[-91.6547,37.0486],[-92.089,37.0563],[-92.1141,36.7943]]]},"properties":{"fips":"29091","name":"Howell","state":"Missouri"}},
{"type":"Feature","geometry":{"type":"Polygon","coordinates":[[[144.6213,13.4519],[144.6608,13.2715],[144.9228,13.5207],[144.6213,13.4519]]]},"properties":{"fips":"66010","name":"Guam","state":"Guam"}},
{"type":"Feature","geometry":{"type":"Polygon","coordinates":[[[-96.8305,31.1056],[-96.6223,30.7311],[-96.5685,30.6958],[-96.2418,30.9733],[-96.3208,31.3573],[-96.5972,31.2207],[-96.8305,31.1056]]]},"properties":{"fips":"48395","name":"Robertson","state":"Texas"}},
{"type":"Feature","geometry":{"type":"Polygon","coordinates":[[[-121.0259,38.5081],[-121.1408,38.7117],[-121.4853,38.7349],[-121.6038,38.7358],[-121.5105,38.6009],[-121.593,38.3131],[-121.7115,38.0855],[-121.8622,38.0657],[-121.5787,38.0941],[-121.3453,38.2281],[-121.0259,38.3002],[-121.0259,38.5081]]]},"properties":{"fips":"06067","name":"Sacramento","state":"California"}},
{"type":"Feature","geometry":{"type":"Polygon","coordinates":[[[-95.4522,35.2961],[-95.3481,35.0581],[-94.9281,35.0581],[-94.8133,35.3236],[-95.0502,35.4585],[-95.1758,35.3013],[-95.3445,35.2927],[-95.4522,35.2961]]]},"properties":{"fips":"40061","name":"Haskell","state":"Oklahoma"}},
{"type":"Feature","geometry":{"type":"Polygon","coordinates":[[[-95.0609,34.681],[-95.0609,34.8554],[-94.9281,35.0581],[-95.3481,35.0581],[-95.506,35.0289],[-95.5132,34.681],[-95.0609,34.681]]]},"properties":{"fips":"40077","name":"Latimer","state":"Oklahoma"}},
{"type":"Feature","geometry":{"type":"Polygon","coordinates":[[[-80.5207,40.6386],[-80.6679,40.5828],[-80.6284,40.3946],[-80.5171,40.3998],[-80.5207,40.4771],[-80.5207,40.6386]]]},"properties":{"fips":"54029","name":"Hancock","state":"West Virginia"}},
{"type":"Feature","geometry":{"type":"Polygon","coordinates":[[[-93.4817,33.4758],[-93.7221,33.4818],[-93.6827,33.2902],[-93.8549,33.1356],[-93.8047,33.0196],[-93.5211,33.0187],[-93.4888,33.0187],[-93.4817,33.2601],[-93.3668,33.4448],[-93.4817,33.4758]]]},"properties":{"fips":"05073","name":"Lafayette","state":"Arkansas"}},
{"type":"Feature","geometry":{"type":"Polygon","coordinates":[[[-74.8604,39.3242],[-74.541,39.3002],[-74.3112,39.4995],[-74.4189,39.557],[-74.7348,39.7297],[-74.8783,39.6086],[-74.986,39.5149],[-74.8604,39.3242]]]},"properties":{"fips":"34001","name":"Atlantic","state":"New Jersey"}},
{"type":"Feature","geometry":{"type":"Polygon","coordinates":[[[-114.0017,42.526],[-114.6154,42.6497],[-114.8128,42.6643],[-115.039,42.9117],[-115.039,42.7682],[-115.039,41.9959],[-114.2816,41.9942],[-114.2852,42.4177],[-114.0017,42.526]]]},"properties":{"fips":"16083","name":"Twin Falls","state":"Idaho"}},
{"type":"Feature","geometry":{"type":"Polygon","coordinates":[[[-98.4636,31.6838],[-98.6682,31.7009],[-98.9912,31.4845],[-98.7041,31.4071],[-98.5641,31.2302],[-98.2698,31.4166],[-98.4636,31.6838]]]},"properties":{"fips":"48333","name":"Mills","state":"Texas"}},
{"type":"Feature","geometry":{"type":"Polygon","coordinates":[[[-85.0648,36.8587],[-85.2155,36.8544],[-85.2945,36.6259],[-85.2765,36.6268],[-84.975,36.6156],[-85.0648,36.8587]]]},"properties":{"fips":"21053","name":"Clinton","state":"Kentucky"}},
{"type":"Feature","geometry":{"type":"Polygon","coordinates":[[[-81.6478,40.9144],[-81.6513,40.6678],[-81.6478,40.6352],[-81.3175,40.6515],[-81.0878,40.7279],[-81.0878,40.9015],[-81.0878,40.9882],[-81.3929,40.9882],[-81.6478,40.9144]]]},"properties":{"fips":"39151","name":"Stark","state":"Ohio"}},
{"type":"Feature","geometry":{"type":"Polygon","coordinates":[[[-86.5184,33.0205],[-86.4897,33.1029],[-86.3784,33.3907],[-86.5184,33.5462],[-87.0281,33.2464],[-86.8809,33.0497],[-86.5184,33.0205]]]},"properties":{"fips":"01117","name":"Shelby","state":"Alabama"}},
{"type":"Feature","geometry":{"type":"Polygon","coordinates":[[[-123.1436,44.7492],[-123.0682,45.0748],[-123.7251,45.0765],[-123.7251,45.0447],[-123.7251,44.7389],[-123.603,44.7209],[-123.1508,44.72],[-123.1436,44.7492]]]},"properties":{"fips":"41053","name":"Polk","state":"Oregon"}},
{"type":"Feature","geometry":{"type":"Polygon","coordinates":[[[-99.0415,38.6971],[-99.0343,38.6971],[-98.4851,38.6971],[-98.4851,38.8707],[-98.4887,39.1327],[-99.0379,39.1335],[-99.0415,38.6971]]]},"properties":{"fips":"20167","name":"Russell","state":"Kansas"}},
{"type":"Feature","geometry":{"type":"Polygon","coordinates":[[[-95.0574,38.7384],[-95.0574,38.9823],[-95.1866,39.0442],[-95.4988,39.0571],[-95.5024,38.8698],[-95.5024,38.7392],[-95.0574,38.7384]]]},"properties":{"fips":"20045","name":"Douglas","state":"Kansas"}},
{"type":"Feature","geometry":{"type":"Polygon","coordinates":[[[-97.3689,39.6541],[-97.3689,40.002],[-97.8211,40.002],[-97.9324,40.002],[-97.9324,39.6541],[-97.3689,39.6541]]]},"properties":{"fips":"20157","name":"Republic","state":"Kansas"}},
{"type":"Feature","geometry":{"type":"Polygon","coordinates":[[[-121.8622,38.0657],[-121.7115,38.0855],[-121.593,38.3131],[-121.6935,38.527],[-122.1027,38.5133],[-122.196,38.1551],[-122.4078,38.1559],[-122.397,38.1422],[-122.2678,38.0597],[-121.8622,38.0657]]]},"properties":{"fips":"06095","name":"Solano","state":"California"}},
{"type":"Feature","geometry":{"type":"Polygon","coordinates":[[[-92.1572,36.2608],[-92.15,36.4988],[-92.5305,36.4988],[-92.5449,36.2634],[-92.4121,36.0624],[-92.4156,35.9756],[-92.1967,36.1328],[-92.1572,36.2608]]]},"properties":{"fips":"05005","name":"Baxter","state":"Arkansas"}},
{"type":"Feature","geometry":{"type":"Polygon","coordinates":[[[-76.332,36.8888],[-76.2889,36.8218],[-76.2243,36.8398],[-76.1849,36.9309],[-76.332,36.8888]]]},"properties":{"fips":"51710","name":"Norfolk","state":"Virginia"}},
{"type":"Feature","geometry":{"type":"Polygon","coordinates":[[[-103.0579,33.3881],[-103.0543,33.5703],[-103.5101,33.5703],[-103.7219,33.5694],[-103.8152,32.9655],[-103.8152,32.5222],[-103.7219,32.5222],[-103.7219,31.9999],[-103.3271,32.0008],[-103.0651,32.0867],[-103.0651,32.5222],[-103.0651,32.9595],[-103.0579,33.3881]]]},"properties":{"fips":"35025","name":"Lea","state":"New Mexico"}},
{"type":"Feature","geometry":{"type":"Polygon","coordinates":[[[-91.0697,32.5626],[-91.4573,32.5377],[-91.4752,32.4062],[-91.4932,32.2035],[-91.1235,32.2112],[-90.9943,32.3538],[-91.0697,32.5626]]]},"properties":{"fips":"22065","name":"Madison","state":"Louisiana"}},
{"type":"Feature","geometry":{"type":"Polygon","coordinates":[[[-103.3271,32.0008],[-103.7219,31.9999],[-103.9803,31.9999],[-103.7973,31.7705],[-103.6106,31.652],[-103.3271,31.6511],[-103.3271,32.0008]]]},"properties":{"fips":"48301","name":"Loving","state":"Texas"}},
{"type":"Feature","geometry":{"type":"Polygon","coordinates":[[[-105.0535,39.9144],[-104.9602,40.0003],[-105.0535,40.0003],[-105.1469,39.9136],[-105.0535,39.9144]]]},"properties":{"fips":"08014","name":"Broomfield","state":"Colorado"}},
{"type":"Feature","geometry":{"type":"Polygon","coordinates":[[[-95.1579,34.157],[-95.1543,33.9371],[-94.7379,33.706],[-94.4867,33.6381],[-94.4759,33.9405],[-94.4687,34.1896],[-94.4615,34.5075],[-94.9389,34.5066],[-95.1579,34.157]]]},"properties":{"fips":"40089","name":"McCurtain","state":"Oklahoma"}},
{"type":"Feature","geometry":{"type":"Polygon","coordinates":[[[-80.5207,40.0166],[-80.5207,40.1592],[-80.6822,40.1859],[-80.7038,40.1575],[-80.7325,40.033],[-80.5207,40.0166]]]},"properties":{"fips":"54069","name":"Ohio","state":"West Virginia"}},
{"type":"Feature","geometry":{"type":"Polygon","coordinates":[[[-83.9593,35.4636],[-84.0275,35.2918],[-83.7044,35.2489],[-83.6793,35.2798],[-83.6111,35.4267],[-83.9521,35.461],[-83.9593,35.4636]]]},"properties":{"fips":"37075","name":"Graham","state":"North Carolina"}},
{"type":"Feature","geometry":{"type":"Polygon","coordinates":[[[-84.128,34.9877],[-84.0059,34.9877],[-83.7367,35.1561],[-83.7044,35.2489],[-84.0275,35.2918],[-84.2931,35.2068],[-84.3218,34.9886],[-84.128,34.9877]]]},"properties":{"fips":"37039","name":"Cherokee","state":"North Carolina"}},
{"type":"Feature","geometry":{"type":"Polygon","coordinates":[[[-96.4464,42.4907],[-96.6331,42.5242],[-96.7264,42.2777],[-96.3567,42.2768],[-96.4464,42.4907]]]},"properties":{"fips":"31043","name":"Dakota","state":"Nebraska"}},
{"type":"Feature","geometry":{"type":"Polygon","coordinates":[[[-72.3156,42.3438],[-72.2223,42.245],[-72.1361,42.0303],[-72.1038,42.0286],[-71.7987,42.0079],[-71.4972,42.0174],[-71.4793,42.1566],[-71.6264,42.3507],[-71.5295,42.5199],[-71.8992,42.7115],[-71.9279,42.7124],[-72.2833,42.7218],[-72.3156,42.3438]]]},"properties":{"fips":"25027","name":"Worcester","state":"Massachusetts"}},
{"type":"Feature","geometry":{"type":"Polygon","coordinates":[[[-84.3649,39.5897],[-84.4797,39.5914],[-84.8135,39.5674],[-84.8171,39.5218],[-84.8207,39.3053],[-84.3541,39.2925],[-84.3649,39.5897]]]},"properties":{"fips":"39017","name":"Butler","state":"Ohio"}},
{"type":"Feature","geometry":{"type":"Polygon","coordinates":[[[-93.374,32.4105],[-93.5211,33.0187],[-93.8047,33.0196],[-93.8155,33.0196],[-93.7832,32.7121],[-93.6863,32.4071],[-93.4709,32.237],[-93.4278,32.2361],[-93.374,32.4105]]]},"properties":{"fips":"22015","name":"Bossier","state":"Louisiana"}},
{"type":"Feature","geometry":{"type":"Polygon","coordinates":[[[-88.9412,41.892],[-89.6303,41.9014],[-89.6303,41.5853],[-89.1673,41.5853],[-88.9376,41.6282],[-88.9412,41.892]]]},"properties":{"fips":"17103","name":"Lee","state":"Illinois"}},
{"type":"Feature","geometry":{"type":"Polygon","coordinates":[[[-122.9282,45.7217],[-122.7452,45.433],[-121.8191,45.4614],[-121.9232,45.6495],[-122.2499,45.5481],[-122.6447,45.61],[-122.7631,45.7285],[-122.9282,45.7217]]]},"properties":{"fips":"41051","name":"Multnomah","state":"Oregon"}},
{"type":"Feature","geometry":{"type":"Polygon","coordinates":[[[-78.0297,34.3314],[-78.1626,34.3572],[-78.2559,34.2163],[-78.5394,34.1484],[-78.6507,33.9439],[-78.5394,33.8512],[-77.9364,33.9293],[-78.0297,34.3314]]]},"properties":{"fips":"37019","name":"Brunswick","state":"North Carolina"}},
{"type":"Feature","geometry":{"type":"Polygon","coordinates":[[[-85.8077,36.132],[-85.6462,36.0151],[-85.5062,36.0821],[-85.2658,35.9791],[-85.1007,36.1388],[-85.1186,36.1449],[-85.4955,36.3021],[-85.779,36.2376],[-85.8077,36.132]]]},"properties":{"fips":"47141","name":"Putnam","state":"Tennessee"}},
{"type":"Feature","geometry":{"type":"Polygon","coordinates":[[[-77.4016,36.0048],[-77.3262,36.071],[-77.2904,36.1681],[-77.6457,36.4799],[-77.9005,36.5039],[-78.0082,36.2024],[-77.6995,36.1534],[-77.4016,36.0048]]]},"properties":{"fips":"37083","name":"Halifax","state":"North Carolina"}},
{"type":"Feature","geometry":{"type":"Polygon","coordinates":[[[-113.7971,43.5689],[-113.6355,43.3678],[-113.3628,43.2845],[-113.0074,43.2845],[-112.9356,43.4494],[-112.6987,43.623],[-112.6952,43.9718],[-112.9931,43.9726],[-112.9967,44.2338],[-113.3197,44.2329],[-113.4453,43.9142],[-113.3771,43.8094],[-113.7971,43.5689]]]},"properties":{"fips":"16023","name":"Butte","state":"Idaho"}},
{"type":"Feature","geometry":{"type":"Polygon","coordinates":[[[-104.8848,39.74],[-105.0535,39.7907],[-105.0535,39.6215],[-104.8848,39.74]]]},"properties":{"fips":"08031","name":"Denver","state":"Colorado"}},
{"type":"Feature","geometry":{"type":"Polygon","coordinates":[[[-92.0639,32.7232],[-91.9131,32.5059],[-91.6368,32.6674],[-91.4358,33.0059],[-91.4609,33.0059],[-92.0675,33.0084],[-92.0639,32.7232]]]},"properties":{"fips":"22067","name":"Morehouse","state":"Louisiana"}},
{"type":"Feature","geometry":{"type":"Polygon","coordinates":[[[-76.3966,37.107],[-76.2889,37.1173],[-76.3966,37.1646],[-76.3966,37.107]]]},"properties":{"fips":"51735","name":"Poquoson","state":"Virginia"}},
{"type":"Feature","geometry":{"type":"Polygon","coordinates":[[[-76.332,36.8888],[-76.4074,36.8974],[-76.4217,36.8665],[-76.2889,36.8218],[-76.332,36.8888]]]},"properties":{"fips":"51740","name":"Portsmouth","state":"Virginia"}},
{"type":"Feature","geometry":{"type":"Polygon","coordinates":[[[-105.1469,39.9136],[-105.0535,40.0003],[-105.0535,40.2615],[-105.653,40.2606],[-105.6745,39.9325],[-105.3981,39.9127],[-105.1469,39.9136]]]},"properties":{"fips":"08013","name":"Boulder","state":"Colorado"}},
{"type":"Feature","geometry":{"type":"Polygon","coordinates":[[[-89.8565,29.9974],[-89.6232,30.1521],[-90.1077,30.1649],[-90.14,29.9184],[-90.0072,29.8952],[-89.9103,29.8677],[-89.8565,29.9974]]]},"properties":{"fips":"22071","name":"Orleans","state":"Louisiana"}},
{"type":"Feature","geometry":{"type":"Polygon","coordinates":[[[-82.922,35.2918],[-83.1876,35.5143],[-83.3383,35.3313],[-83.1086,35.0006],[-83.0081,35.0272],[-82.922,35.2918]]]},"properties":{"fips":"37099","name":"Jackson","state":"North Carolina"}},
{"type":"Feature","geometry":{"type":"Polygon","coordinates":[[[-87.7639,31.2972],[-87.5773,31.4321],[-87.5019,31.8289],[-87.667,31.9913],[-88.0726,31.9904],[-88.1803,31.8212],[-88.087,31.6992],[-87.9075,31.4913],[-87.947,31.1932],[-87.7639,31.2972]]]},"properties":{"fips":"01025","name":"Clarke","state":"Alabama"}},
{"type":"Feature","geometry":{"type":"Polygon","coordinates":[[[-87.8536,32.5325],[-87.929,32.3109],[-88.0726,31.9904],[-87.667,31.9913],[-87.4732,32.2653],[-87.4732,32.3074],[-87.5234,32.4818],[-87.8142,32.5248],[-87.8536,32.5325]]]},"properties":{"fips":"01091","name":"Marengo","state":"Alabama"}},
{"type":"Feature","geometry":{"type":"Polygon","coordinates":[[[-87.8142,32.5248],[-87.5234,32.4818],[-87.4229,32.8744],[-87.4229,33.0033],[-87.7173,33.0067],[-87.8321,32.8409],[-87.8142,32.5248]]]},"properties":{"fips":"01065","name":"Hale","state":"Alabama"}},
{"type":"Feature","geometry":{"type":"Polygon","coordinates":[[[-87.9506,33.9199],[-87.9865,34.0522],[-88.209,34.0582],[-88.2485,33.7446],[-88.2736,33.5342],[-87.947,33.5239],[-87.9506,33.9199]]]},"properties":{"fips":"01075","name":"Lamar","state":"Alabama"}},
{"type":"Feature","geometry":{"type":"Polygon","coordinates":[[[-87.947,33.5239],[-88.2736,33.5342],[-88.3059,33.2885],[-88.3418,32.9913],[-88.1731,32.9955],[-87.8393,33.1536],[-87.8393,33.5247],[-87.947,33.5239]]]},"properties":{"fips":"01107","name":"Pickens","state":"Alabama"}},
{"type":"Feature","geometry":{"type":"Polygon","coordinates":[[[-96.0085,40.2615],[-95.5527,40.2623],[-95.5563,40.264],[-95.7106,40.5235],[-96.066,40.5235],[-96.066,40.2623],[-96.0085,40.2615]]]},"properties":{"fips":"31127","name":"Nemaha","state":"Nebraska"}},
{"type":"Feature","geometry":{"type":"Polygon","coordinates":[[[-77.2832,37.3132],[-77.2724,37.3209],[-77.2509,37.3819],[-77.4196,37.4472],[-77.5954,37.5554],[-77.6565,37.564],[-77.8539,37.418],[-77.6493,37.2651],[-77.4483,37.223],[-77.416,37.2333],[-77.4303,37.2762],[-77.3693,37.2986],[-77.3837,37.2427],[-77.3765,37.2445],[-77.3334,37.3123],[-77.2832,37.3132]]]},"properties":{"fips":"51041","name":"Chesterfield","state":"Virginia"}},
{"type":"Feature","geometry":{"type":"Polygon","coordinates":[[[-94.038,31.134],[-93.9124,31.158],[-93.6001,31.1761],[-93.8334,31.5858],[-93.9842,31.5695],[-94.038,31.134]]]},"properties":{"fips":"48403","name":"Sabine","state":"Texas"}},
{"type":"Feature","geometry":{"type":"Polygon","coordinates":[[[-85.8185,44.513],[-85.8149,44.7741],[-86.0734,44.7784],[-86.2564,44.6916],[-86.2349,44.5181],[-85.8185,44.513]]]},"properties":{"fips":"26019","name":"Benzie","state":"Michigan"}},
{"type":"Feature","geometry":{"type":"Polygon","coordinates":[[[-94.6123,38.4772],[-94.0667,38.4471],[-94.0631,38.5674],[-94.1206,38.8329],[-94.6087,38.8475],[-94.6087,38.7384],[-94.6123,38.4772]]]},"properties":{"fips":"29037","name":"Cass","state":"Missouri"}},
{"type":"Feature","geometry":{"type":"Polygon","coordinates":[[[-86.3749,32.7533],[-86.0088,32.755],[-86.0088,33.09],[-86.1739,33.1046],[-86.4897,33.1029],[-86.5184,33.0205],[-86.3749,32.7533]]]},"properties":{"fips":"01037","name":"Coosa","state":"Alabama"}},
{"type":"Feature","geometry":{"type":"Polygon","coordinates":[[[-105.854,40.4865],[-105.653,40.2606],[-105.0535,40.2615],[-104.9459,40.3491],[-104.9423,40.9977],[-105.2761,40.9985],[-106.1914,40.9977],[-105.854,40.4865]]]},"properties":{"fips":"08069","name":"Larimer","state":"Colorado"}},
{"type":"Feature","geometry":{"type":"Polygon","coordinates":[[[-86.7553,36.4052],[-86.9133,36.3828],[-87.0532,36.0452],[-86.6189,35.9679],[-86.5148,36.1002],[-86.5938,36.2454],[-86.7553,36.4052]]]},"properties":{"fips":"47037","name":"Davidson","state":"Tennessee"}},
{"type":"Feature","geometry":{"type":"Polygon","coordinates":[[[-78.1159,40.7391],[-77.6816,40.7297],[-77.3657,40.8474],[-77.1432,41.0441],[-77.5093,40.9633],[-77.8,41.1815],[-78.0369,41.154],[-78.0764,40.959],[-78.36,40.7322],[-78.1159,40.7391]]]},"properties":{"fips":"42027","name":"Centre","state":"Pennsylvania"}},
{"type":"Feature","geometry":{"type":"Polygon","coordinates":[[[-96.5685,29.9613],[-96.1736,29.634],[-96.0875,29.6014],[-96.0336,29.7277],[-96.1449,30.0704],[-96.6223,30.0447],[-96.5685,29.9613]]]},"properties":{"fips":"48015","name":"Austin","state":"Texas"}},
{"type":"Feature","geometry":{"type":"Polygon","coordinates":[[[-73.1914,45.0138],[-73.3421,45.0112],[-73.3601,44.5636],[-73.2273,44.7226],[-73.1914,45.0138]]]},"properties":{"fips":"50013","name":"Grand Isle","state":"Vermont"}},
{"type":"Feature","geometry":{"type":"Polygon","coordinates":[[[-76.8991,36.644],[-76.9171,36.5521],[-76.5402,36.5503],[-76.4899,36.5503],[-76.4217,36.8665],[-76.4074,36.8974],[-76.4828,36.9292],[-76.8991,36.644]]]},"properties":{"fips":"51800","name":"Suffolk","state":"Virginia"}},
{"type":"Feature","geometry":{"type":"Polygon","coordinates":[[[-103.503,38.265],[-103.503,38.5167],[-104.0521,38.5227],[-104.0593,38.1465],[-103.6178,38.113],[-103.503,38.265]]]},"properties":{"fips":"08025","name":"Crowley","state":"Colorado"}},
{"type":"Feature","geometry":{"type":"Polygon","coordinates":[[[-105.05,38.2581],[-105.7965,38.265],[-105.4735,37.8956],[-105.1935,38.0073],[-105.05,37.9154],[-105.05,38.2581]]]},"properties":{"fips":"08027","name":"Custer","state":"Colorado"}},
{"type":"Feature","geometry":{"type":"Polygon","coordinates":[[[-92.4156,32.4956],[-92.3116,32.2774],[-92.0352,32.2774],[-91.9131,32.5059],[-92.0639,32.7232],[-92.4156,32.5832],[-92.4156,32.4956]]]},"properties":{"fips":"22073","name":"Ouachita","state":"Louisiana"}},
{"type":"Feature","geometry":{"type":"Polygon","coordinates":[[[-101.2668,31.5566],[-101.2668,31.6511],[-101.7765,31.6511],[-101.7765,31.0798],[-101.274,31.079],[-101.2668,31.5283],[-101.2668,31.5566]]]},"properties":{"fips":"48383","name":"Reagan","state":"Texas"}},
{"type":"Feature","geometry":{"type":"Polygon","coordinates":[[[-98.1406,34.5066],[-98.1406,34.2901],[-97.5627,34.2893],[-97.5627,34.5066],[-97.6668,34.681],[-98.0903,34.681],[-98.1406,34.5066]]]},"properties":{"fips":"40137","name":"Stephens","state":"Oklahoma"}},
{"type":"Feature","geometry":{"type":"Polygon","coordinates":[[[-91.2132,37.4154],[-91.0194,37.0958],[-90.7789,37.0503],[-90.7359,37.2711],[-90.7682,37.6027],[-91.1558,37.5881],[-91.2132,37.4154]]]},"properties":{"fips":"29179","name":"Reynolds","state":"Missouri"}},
{"type":"Feature","geometry":{"type":"Polygon","coordinates":[[[-103.5855,30.7663],[-103.0112,31.3711],[-103.4599,31.4286],[-103.6106,31.652],[-103.7973,31.7705],[-103.9803,31.9999],[-104.0234,31.9999],[-104.1024,31.1056],[-103.5855,30.7663]]]},"properties":{"fips":"48389","name":"Reeves","state":"Texas"}},
{"type":"Feature","geometry":{"type":"Polygon","coordinates":[[[-104.6623,39.1292],[-105.032,39.1301],[-104.9423,38.6499],[-104.9423,38.5193],[-104.0521,38.5227],[-104.0557,38.8689],[-104.0521,39.1284],[-104.6623,39.1292]]]},"properties":{"fips":"08041","name":"El Paso","state":"Colorado"}},
{"type":"Feature","geometry":{"type":"Polygon","coordinates":[[[-81.0376,39.5399],[-81.2816,39.606],[-81.5867,39.5871],[-81.8452,39.4505],[-81.7267,39.216],[-81.3714,39.3423],[-81.1201,39.4574],[-81.0376,39.5399]]]},"properties":{"fips":"39167","name":"Washington","state":"Ohio"}},
{"type":"Feature","geometry":{"type":"Polygon","coordinates":[[[-80.0218,37.6474],[-80.2192,37.6276],[-80.4741,37.424],[-80.431,37.3166],[-80.2623,37.3415],[-80.0756,37.4223],[-80.0218,37.6474]]]},"properties":{"fips":"51045","name":"Craig","state":"Virginia"}},
{"type":"Feature","geometry":{"type":"Polygon","coordinates":[[[-87.4229,33.602],[-87.2686,33.5127],[-86.9527,33.8151],[-86.9635,33.858],[-87.1501,33.9929],[-87.6347,34.0024],[-87.6347,33.9156],[-87.4229,33.602]]]},"properties":{"fips":"01127","name":"Walker","state":"Alabama"}},
{"type":"Feature","geometry":{"type":"Polygon","coordinates":[[[-78.0333,39.265],[-78.2272,39.3912],[-78.3456,39.466],[-78.403,39.167],[-78.5071,39.0889],[-78.543,39.0562],[-78.3133,39.0081],[-78.1518,39.0365],[-78.0333,39.265]],[[-78.1877,39.1748],[-78.1877,39.2048],[-78.1374,39.1842],[-78.1841,39.131],[-78.1877,39.1748]]]},"properties":{"fips":"51069","name":"Frederick","state":"Virginia"}},
{"type":"Feature","geometry":{"type":"Polygon","coordinates":[[[-109.4181,46.0447],[-109.5653,45.7835],[-109.5617,45.6091],[-109.9314,45.5224],[-110.0642,45.1719],[-109.7986,45.1676],[-109.4791,45.421],[-109.192,45.4648],[-108.8438,45.6108],[-108.9049,45.683],[-108.9228,46.1323],[-109.4145,46.1323],[-109.4181,46.0447]]]},"properties":{"fips":"30095","name":"Stillwater","state":"Montana"}},
{"type":"Feature","geometry":{"type":"Polygon","coordinates":[[[-90.2549,30.7122],[-89.8493,30.6658],[-89.7273,31.0025],[-89.8349,31.0017],[-90.2585,31.0008],[-90.3482,31],[-90.2549,30.7122]]]},"properties":{"fips":"22117","name":"Washington","state":"Louisiana"}},
{"type":"Feature","geometry":{"type":"Polygon","coordinates":[[[-86.2815,36.3476],[-86.5938,36.2454],[-86.5148,36.1002],[-86.1523,35.9541],[-86.0159,35.961],[-86.059,36.0864],[-86.138,36.2961],[-86.2815,36.3476]]]},"properties":{"fips":"47189","name":"Wilson","state":"Tennessee"}},
{"type":"Feature","geometry":{"type":"Polygon","coordinates":[[[-114.5939,46.6331],[-114.6764,46.7371],[-114.9636,46.9329],[-116.3311,46.9346],[-116.4567,46.6288],[-116.3706,46.4673],[-116.1696,46.372],[-115.7784,46.2672],[-115.6312,46.4733],[-114.5939,46.6331]]]},"properties":{"fips":"16035","name":"Clearwater","state":"Idaho"}},
{"type":"Feature","geometry":{"type":"Polygon","coordinates":[[[-90.5313,29.8849],[-90.6569,29.8892],[-90.8866,29.9055],[-91.005,29.7148],[-90.7682,29.6959],[-90.3841,29.366],[-90.3769,29.2835],[-90.2226,29.0851],[-90.0898,29.1641],[-90,29.2982],[-90.2298,29.6916],[-90.5313,29.8849]]]},"properties":{"fips":"22057","name":"Lafourche","state":"Louisiana"}},
{"type":"Feature","geometry":{"type":"Polygon","coordinates":[[[-84.731,45.2895],[-84.731,45.7878],[-85.1186,45.5748],[-85.0971,45.3669],[-84.731,45.2895]]]},"properties":{"fips":"26047","name":"Emmet","state":"Michigan"}},
{"type":"Feature","geometry":{"type":"Polygon","coordinates":[[[-78.0082,36.2024],[-77.9005,36.5039],[-77.9005,36.5443],[-78.0477,36.5443],[-78.3241,36.5435],[-78.3061,36.266],[-78.0082,36.2024]]]},"properties":{"fips":"37185","name":"Warren","state":"North Carolina"}},
{"type":"Feature","geometry":{"type":"Polygon","coordinates":[[[145.5833,15.0163],[145.673,15],[145.6443,15.1013],[145.5833,15.0163]]]},"properties":{"fips":"69120","name":"Tinian","state":"Commonwealth of the Northern Mariana Islands"}},
{"type":"Feature","geometry":{"type":"Polygon","coordinates":[[[-66.5871,18.3898],[-66.5871,18.4852],[-66.7665,18.4843],[-66.7701,18.3254],[-66.6086,18.328],[-66.5907,18.3383],[-66.5871,18.3898]]]},"properties":{"fips":"72013","name":"Arecibo","state":"Puerto Rico"}},
{"type":"Feature","geometry":{"type":"Polygon","coordinates":[[[-83.7726,42.0827],[-83.7619,41.7236],[-83.4532,41.733],[-83.1876,42.0294],[-83.5393,42.0853],[-83.7726,42.0827]]]},"properties":{"fips":"26115","name":"Monroe","state":"Michigan"}},
{"type":"Feature","geometry":{"type":"Polygon","coordinates":[[[-114.6047,47.7903],[-114.5831,47.6021],[-114.3498,47.6021],[-114.2027,47.3556],[-114.1883,47.1382],[-113.8222,47.1821],[-113.9478,47.6004],[-113.6355,47.6004],[-113.6643,47.8831],[-114.0375,47.9629],[-114.4934,47.9621],[-114.6047,47.7903]]]},"properties":{"fips":"30047","name":"Lake","state":"Montana"}},
{"type":"Feature","geometry":{"type":"Polygon","coordinates":[[[-113.8294,46.6606],[-113.3017,46.8324],[-113.3017,47.1795],[-113.4668,47.1795],[-113.4668,47.6004],[-113.6355,47.6004],[-113.9478,47.6004],[-113.8222,47.1821],[-114.1883,47.1382],[-114.7985,47.2688],[-114.4826,47.0231],[-114.6764,46.7371],[-114.5939,46.6331],[-114.3319,46.6606],[-113.8294,46.6606]]]},"properties":{"fips":"30063","name":"Missoula","state":"Montana"}},
{"type":"Feature","geometry":{"type":"Polygon","coordinates":[[[-105.3981,39.9127],[-105.6745,39.9325],[-105.6888,39.8517],[-105.3981,39.7469],[-105.3981,39.9127]]]},"properties":{"fips":"08047","name":"Gilpin","state":"Colorado"}},
{"type":"Feature","geometry":{"type":"Polygon","coordinates":[[[-105.05,37.9154],[-105.1935,38.0073],[-105.4735,37.8956],[-105.4555,37.7513],[-105.4843,37.5778],[-105.1792,37.546],[-105.154,37.2934],[-104.752,37.4068],[-104.35,37.8174],[-104.648,37.9008],[-105.05,37.9154]]]},"properties":{"fips":"08055","name":"Huerfano","state":"Colorado"}},
{"type":"Feature","geometry":{"type":"Polygon","coordinates":[[[-81.8559,37.5486],[-81.8021,37.6602],[-82.0821,37.7015],[-82.1897,37.9747],[-82.3046,37.9437],[-82.423,37.8544],[-82.3333,37.741],[-81.9672,37.5374],[-81.9277,37.5125],[-81.8559,37.5486]]]},"properties":{"fips":"54059","name":"Mingo","state":"West Virginia"}},
{"type":"Feature","geometry":{"type":"Polygon","coordinates":[[[-78.3348,39.6361],[-78.4676,39.5167],[-78.3456,39.466],[-78.2272,39.3912],[-78.0226,39.6198],[-78.3348,39.6361]]]},"properties":{"fips":"54065","name":"Morgan","state":"West Virginia"}},
{"type":"Feature","geometry":{"type":"Polygon","coordinates":[[[-87.947,31.1932],[-87.9075,31.4913],[-88.087,31.6992],[-88.4638,31.6984],[-88.4495,31.4355],[-88.4315,31.1142],[-87.9721,31.1623],[-87.947,31.1932]]]},"properties":{"fips":"01129","name":"Washington","state":"Alabama"}},
{"type":"Feature","geometry":{"type":"Polygon","coordinates":[[[-88.8048,39.216],[-88.471,39.2151],[-88.471,39.3749],[-88.471,39.4471],[-88.812,39.6533],[-89.0273,39.6541],[-89.1386,39.3492],[-89.1386,39.2177],[-88.8048,39.216]]]},"properties":{"fips":"17173","name":"Shelby","state":"Illinois"}},
{"type":"Feature","geometry":{"type":"Polygon","coordinates":[[[-87.5306,39.6077],[-87.3834,39.6077],[-87.4193,39.9522],[-87.405,40.1275],[-87.5306,40.1481],[-87.5342,39.8826],[-87.5306,39.6077]]]},"properties":{"fips":"18165","name":"Vermillion","state":"Indiana"}},
{"type":"Feature","geometry":{"type":"Polygon","coordinates":[[[-74.9753,40.0493],[-75.0614,39.9917],[-74.9035,39.7907],[-74.7348,39.7297],[-74.4189,39.557],[-74.3902,39.7735],[-74.5517,40.0794],[-74.5876,40.1386],[-74.724,40.1507],[-74.9753,40.0493]]]},"properties":{"fips":"34005","name":"Burlington","state":"New Jersey"}},
{"type":"Feature","geometry":{"type":"Polygon","coordinates":[[[-92.0782,43.501],[-91.7301,43.501],[-91.7301,43.8472],[-92.0782,43.8472],[-92.4479,43.8343],[-92.4479,43.5001],[-92.0782,43.501]]]},"properties":{"fips":"27045","name":"Fillmore","state":"Minnesota"}},
{"type":"Feature","geometry":{"type":"Polygon","coordinates":[[[-97.5447,32.9938],[-97.5519,32.5557],[-97.0853,32.5497],[-97.0387,32.5488],[-97.0315,32.9895],[-97.3976,32.9913],[-97.5447,32.9938]]]},"properties":{"fips":"48439","name":"Tarrant","state":"Texas"}},
{"type":"Feature","geometry":{"type":"Polygon","coordinates":[[[-88.2377,42.154],[-88.2628,41.9865],[-87.9218,41.9942],[-87.9147,41.7167],[-88.0295,41.6858],[-87.527,41.4702],[-87.5234,41.7081],[-87.7603,42.1523],[-88.1982,42.154],[-88.2377,42.154]]]},"properties":{"fips":"17031","name":"Cook","state":"Illinois"}},
{"type":"Feature","geometry":{"type":"Polygon","coordinates":[[[145.7089,18.0685],[145.7986,18.108],[145.7986,18.1647],[145.7591,18.1647],[145.7591,18.1141],[145.7089,18.0685]]]},"properties":{"fips":"69085","name":"Northern Islands","state":"Commonwealth of the Northern Mariana Islands"}},
{"type":"Feature","geometry":{"type":"Polygon","coordinates":[[[-76.1238,36.5503],[-76.0808,36.7127],[-76.2243,36.8398],[-76.2889,36.8218],[-76.4217,36.8665],[-76.4899,36.5503],[-76.3141,36.5503],[-76.1238,36.5503]]]},"properties":{"fips":"51550","name":"Chesapeake","state":"Virginia"}},
{"type":"Feature","geometry":{"type":"Polygon","coordinates":[[[-84.3649,42.7759],[-84.1567,42.7768],[-83.9234,42.7811],[-83.9305,43.1325],[-84.3684,43.1282],[-84.3684,43.1178],[-84.3649,42.7759]]]},"properties":{"fips":"26155","name":"Shiawassee","state":"Michigan"}},
{"type":"Feature","geometry":{"type":"Polygon","coordinates":[[[-83.1194,43.3275],[-83.1194,43.6754],[-83.4747,43.7312],[-83.7008,43.6015],[-83.6972,43.4787],[-83.6972,43.2218],[-83.4604,43.2235],[-83.1194,43.3275]]]},"properties":{"fips":"26157","name":"Tuscola","state":"Michigan"}},
{"type":"Feature","geometry":{"type":"Polygon","coordinates":[[[-104.045,46.28],[-104.045,45.945],[-102.9969,45.945],[-102.9969,46.2809],[-104.045,46.28]]]},"properties":{"fips":"38011","name":"Bowman","state":"North Dakota"}},
{"type":"Feature","geometry":{"type":"Polygon","coordinates":[[[-103.6106,46.6297],[-103.6681,47.329],[-104.045,47.3298],[-104.045,46.6417],[-104.045,46.5412],[-103.6106,46.6297]]]},"properties":{"fips":"38033","name":"Golden Valley","state":"North Dakota"}},
{"type":"Feature","geometry":{"type":"Polygon","coordinates":[[[-90.9225,44.8574],[-91.6511,44.8557],[-91.6511,44.6839],[-91.6511,44.5963],[-91.5291,44.5963],[-91.1666,44.5971],[-90.9225,44.5963],[-90.9225,44.8574]]]},"properties":{"fips":"55035","name":"Eau Claire","state":"Wisconsin"}},
{"type":"Feature","geometry":{"type":"Polygon","coordinates":[[[-119.906,38.9334],[-119.5866,38.7134],[-119.3282,38.5348],[-119.4215,38.9548],[-119.5507,39.0854],[-120.003,39.1129],[-120.003,39.0674],[-119.906,38.9334]]]},"properties":{"fips":"32005","name":"Douglas","state":"Nevada"}},
{"type":"Feature","geometry":{"type":"Polygon","coordinates":[[[-85.2012,40.5673],[-85.4452,40.5673],[-85.4452,40.3792],[-85.2191,40.3792],[-85.2012,40.5673]]]},"properties":{"fips":"18009","name":"Blackford","state":"Indiana"}},
{"type":"Feature","geometry":{"type":"Polygon","coordinates":[[[-85.0684,40.5682],[-85.0755,40.9178],[-85.3376,40.9169],[-85.4488,40.6532],[-85.4452,40.5673],[-85.2012,40.5673],[-85.0684,40.5682]]]},"properties":{"fips":"18179","name":"Wells","state":"Indiana"}},
{"type":"Feature","geometry":{"type":"Polygon","coordinates":[[[-92.3331,33.7953],[-92.5843,33.8022],[-92.7746,33.5101],[-92.5664,33.3675],[-92.351,33.2988],[-92.3295,33.7077],[-92.3331,33.7953]]]},"properties":{"fips":"05013","name":"Calhoun","state":"Arkansas"}},
{"type":"Feature","geometry":{"type":"Polygon","coordinates":[[[-88.1336,40.9977],[-87.527,41.0106],[-87.527,41.1661],[-87.527,41.2984],[-88.0152,41.2923],[-88.2449,41.2013],[-88.2521,41.1145],[-88.2485,40.9943],[-88.1336,40.9977]]]},"properties":{"fips":"17091","name":"Kankakee","state":"Illinois"}},
{"type":"Feature","geometry":{"type":"Polygon","coordinates":[[[-87.6993,37.8973],[-87.4516,37.9412],[-87.466,38.1654],[-87.6885,38.1688],[-87.6993,37.8973]]]},"properties":{"fips":"18163","name":"Vanderburgh","state":"Indiana"}},
{"type":"Feature","geometry":{"type":"Polygon","coordinates":[[[-116.1445,45.1074],[-116.3419,45.2681],[-116.6864,45.2681],[-116.7834,45.0782],[-116.9018,44.8411],[-116.6254,44.8385],[-116.5285,44.4915],[-116.2988,44.4442],[-116.1552,44.4992],[-116.1983,44.8626],[-116.1445,45.1074]]]},"properties":{"fips":"16003","name":"Adams","state":"Idaho"}},
{"type":"Feature","geometry":{"type":"Polygon","coordinates":[[[-72.5094,42.0346],[-72.4089,41.6025],[-72.2402,41.7141],[-72.2187,41.9581],[-72.1038,42.0286],[-72.1361,42.0303],[-72.5094,42.0346]]]},"properties":{"fips":"09013","name":"Tolland","state":"Connecticut"}},
{"type":"Feature","geometry":{"type":"Polygon","coordinates":[[[-85.937,37.9987],[-85.4273,38.1181],[-85.4237,38.1473],[-85.4668,38.2856],[-85.6391,38.3801],[-85.7898,38.2882],[-85.9011,38.18],[-85.9441,38.0082],[-85.937,37.9987]]]},"properties":{"fips":"21111","name":"Jefferson","state":"Kentucky"}},
{"type":"Feature","geometry":{"type":"Polygon","coordinates":[[[-89.3396,30.9097],[-89.3504,31.0103],[-89.6555,31.0025],[-89.7273,31.0025],[-89.8493,30.6658],[-89.6914,30.4596],[-89.5442,30.6486],[-89.3432,30.6477],[-89.3396,30.9097]]]},"properties":{"fips":"28109","name":"Pearl River","state":"Mississippi"}},
{"type":"Feature","geometry":{"type":"Polygon","coordinates":[[[-90.8866,29.9055],[-90.6569,29.8892],[-90.6425,30.1667],[-90.962,30.0662],[-90.8866,29.9055]]]},"properties":{"fips":"22093","name":"St. James","state":"Louisiana"}},
{"type":"Feature","geometry":{"type":"Polygon","coordinates":[[[-110.9005,40.6781],[-110.8933,39.8998],[-110.8574,39.813],[-109.9781,39.8062],[-109.9781,40.8096],[-109.9996,40.8138],[-110.2939,40.8336],[-110.9005,40.6781]]]},"properties":{"fips":"49013","name":"Duchesne","state":"Utah"}},
{"type":"Feature","geometry":{"type":"Polygon","coordinates":[[[-98.2985,30.0378],[-98.0006,29.7526],[-97.875,29.8583],[-97.7098,30.0249],[-98.1729,30.3565],[-98.2985,30.0378]]]},"properties":{"fips":"48209","name":"Hays","state":"Texas"}},
{"type":"Feature","geometry":{"type":"Polygon","coordinates":[[[-112.1783,40.0115],[-112.3434,39.9041],[-114.0483,39.9058],[-114.0483,39.5424],[-112.2106,39.5536],[-112.1891,39.3294],[-112.0168,39.3148],[-111.7476,39.3827],[-111.6435,39.813],[-111.8337,39.9247],[-112.0455,39.777],[-112.1783,40.0115]]]},"properties":{"fips":"49023","name":"Juab","state":"Utah"}},
{"type":"Feature","geometry":{"type":"Polygon","coordinates":[[[-77.1647,36.546],[-77.2975,36.5443],[-77.7677,36.5452],[-77.9005,36.5443],[-77.9005,36.5039],[-77.6457,36.4799],[-77.2904,36.1681],[-77.2078,36.2462],[-77.1647,36.546]]]},"properties":{"fips":"37131","name":"Northampton","state":"North Carolina"}},
{"type":"Feature","geometry":{"type":"Polygon","coordinates":[[[-86.5005,31.5257],[-86.1954,31.4398],[-86.1451,31.6176],[-86.1918,31.9664],[-86.4072,32.0506],[-86.4466,31.9647],[-86.5005,31.5257]]]},"properties":{"fips":"01041","name":"Crenshaw","state":"Alabama"}},
{"type":"Feature","geometry":{"type":"Polygon","coordinates":[[[-111.0477,42.5139],[-111.3671,42.5904],[-111.6363,42.5698],[-111.6004,42.4151],[-111.6255,42.2072],[-111.5071,41.9994],[-111.0477,42.0019],[-111.0477,42.5139]]]},"properties":{"fips":"16007","name":"Bear Lake","state":"Idaho"}},
{"type":"Feature","geometry":{"type":"Polygon","coordinates":[[[-84.0526,39.8508],[-84.0526,39.8801],[-84.4259,39.9196],[-84.4869,39.9187],[-84.4797,39.5914],[-84.3649,39.5897],[-84.1136,39.5777],[-84.0526,39.8508]]]},"properties":{"fips":"39113","name":"Montgomery","state":"Ohio"}},
{"type":"Feature","geometry":{"type":"Polygon","coordinates":[[[-85.7898,31.1967],[-85.7108,31.195],[-85.4165,31.3152],[-85.4165,31.6193],[-85.7467,31.6185],[-85.7898,31.6176],[-85.7898,31.1967]]]},"properties":{"fips":"01045","name":"Dale","state":"Alabama"}},
{"type":"Feature","geometry":{"type":"Polygon","coordinates":[[[-122.3898,37.7083],[-122.4078,37.8114],[-122.5155,37.7805],[-122.5011,37.7083],[-122.3898,37.7083]]]},"properties":{"fips":"06075","name":"San Francisco","state":"California"}},
{"type":"Feature","geometry":{"type":"Polygon","coordinates":[[[-107.9645,38.1525],[-107.7383,37.9051],[-107.5696,37.9652],[-107.5696,38.1473],[-107.6342,38.302],[-108.1332,38.3312],[-107.9645,38.1525]]]},"properties":{"fips":"08091","name":"Ouray","state":"Colorado"}},
{"type":"Feature","geometry":{"type":"Polygon","coordinates":[[[-88.9304,37.3029],[-89.0453,37.3295],[-89.2499,37.3355],[-89.1709,37.0683],[-88.934,37.2281],[-88.9268,37.2264],[-88.9304,37.3029]]]},"properties":{"fips":"17153","name":"Pulaski","state":"Illinois"}},
{"type":"Feature","geometry":{"type":"Polygon","coordinates":[[[-90.8112,36.1492],[-90.8076,36.2668],[-90.7861,36.4988],[-91.1271,36.4979],[-91.407,36.4971],[-91.2599,36.2583],[-91.1414,36.1663],[-90.8112,36.1492]]]},"properties":{"fips":"05121","name":"Randolph","state":"Arkansas"}},
{"type":"Feature","geometry":{"type":"Polygon","coordinates":[[[-91.8019,35.0307],[-91.4645,35.0891],[-91.346,35.4387],[-91.5829,35.5306],[-91.7947,35.5341],[-91.8521,35.358],[-92.1105,35.3631],[-92.1213,35.0667],[-91.8019,35.0307]]]},"properties":{"fips":"05145","name":"White","state":"Arkansas"}},
{"type":"Feature","geometry":{"type":"Polygon","coordinates":[[[-82.1718,41.0638],[-82.3369,41.0656],[-82.4338,40.9925],[-82.3369,40.5553],[-82.2185,40.5682],[-82.1251,40.6678],[-82.1287,40.9917],[-82.1718,41.0638]]]},"properties":{"fips":"39005","name":"Ashland","state":"Ohio"}},
{"type":"Feature","geometry":{"type":"Polygon","coordinates":[[[-95.2655,35.8133],[-95.6388,35.7875],[-95.7645,35.8562],[-95.7142,35.5521],[-95.3445,35.5521],[-95.3445,35.2927],[-95.1758,35.3013],[-95.0502,35.4585],[-95.1291,35.6389],[-95.2655,35.8133]]]},"properties":{"fips":"40101","name":"Muskogee","state":"Oklahoma"}},
{"type":"Feature","geometry":{"type":"Polygon","coordinates":[[[-91.2384,29.4382],[-91.2778,29.2475],[-90.7897,29.1074],[-90.5995,29.2887],[-90.3769,29.2835],[-90.3841,29.366],[-90.7682,29.6959],[-91.005,29.7148],[-91.084,29.6263],[-91.2384,29.4382]]]},"properties":{"fips":"22109","name":"Terrebonne","state":"Louisiana"}},
{"type":"Feature","geometry":{"type":"Polygon","coordinates":[[[-123.603,44.7209],[-123.7251,44.7389],[-123.7251,45.0447],[-124.005,45.0447],[-124.1163,44.2759],[-123.7753,44.2836],[-123.5994,44.4331],[-123.603,44.7209]]]},"properties":{"fips":"41041","name":"Lincoln","state":"Oregon"}},
{"type":"Feature","geometry":{"type":"Polygon","coordinates":[[[-82.6061,43.6908],[-82.7389,43.9898],[-82.9148,44.0705],[-83.2629,43.9735],[-83.4747,43.7312],[-83.1194,43.6754],[-82.6061,43.6908]]]},"properties":{"fips":"26063","name":"Huron","state":"Michigan"}},
{"type":"Feature","geometry":{"type":"Polygon","coordinates":[[[-94.4723,40.5707],[-94.6338,40.5716],[-94.5979,40.3869],[-94.2139,40.3843],[-94.2318,40.5716],[-94.4723,40.5707]]]},"properties":{"fips":"29227","name":"Worth","state":"Missouri"}},
{"type":"Feature","geometry":{"type":"Polygon","coordinates":[[[-92.7064,39.3217],[-92.43,39.2486],[-92.3151,39.2461],[-92.3116,39.3474],[-92.3008,39.6052],[-92.692,39.6103],[-92.7064,39.3217]]]},"properties":{"fips":"29175","name":"Randolph","state":"Missouri"}},
{"type":"Feature","geometry":{"type":"Polygon","coordinates":[[[-158.2792,21.5786],[-158.1141,21.302],[-157.6511,21.2986],[-157.8413,21.4592],[-157.9669,21.7127],[-158.2792,21.5786]]]},"properties":{"fips":"15003","name":"Honolulu","state":"Hawaii"}},
{"type":"Feature","geometry":{"type":"Polygon","coordinates":[[[-114.0519,38.5726],[-112.5157,38.5726],[-112.2178,38.7272],[-112.225,38.8646],[-112.0132,39.0459],[-112.0168,39.3148],[-112.1891,39.3294],[-112.2106,39.5536],[-114.0483,39.5424],[-114.0483,38.6774],[-114.0519,38.5726]]]},"properties":{"fips":"49027","name":"Millard","state":"Utah"}},
{"type":"Feature","geometry":{"type":"Polygon","coordinates":[[[-111.7655,38.5021],[-111.3061,38.5098],[-111.2989,39.0322],[-112.0132,39.0459],[-112.225,38.8646],[-112.2178,38.7272],[-112.5157,38.5726],[-112.5193,38.5107],[-111.7655,38.5021]]]},"properties":{"fips":"49041","name":"Sevier","state":"Utah"}},
{"type":"Feature","geometry":{"type":"Polygon","coordinates":[[[-112.4942,41.0767],[-112.7992,41.0003],[-114.0411,41.0003],[-114.0483,40.1172],[-114.0483,39.9058],[-112.3434,39.9041],[-112.1783,40.0115],[-112.1711,40.4668],[-112.2608,40.7692],[-112.4942,41.0767]]]},"properties":{"fips":"49045","name":"Tooele","state":"Utah"}},
{"type":"Feature","geometry":{"type":"MultiPolygon","coordinates":[[[[-80.4956,25.1996],[-80.3592,25.1532],[-80.2515,25.3422],[-80.2695,25.3525],[-80.3771,25.3061],[-80.4956,25.1996]]],[[[-81.4683,25.8035],[-81.2888,25.6875],[-81.1273,25.3808],[-81.0806,25.1188],[-80.8581,25.1764],[-80.8725,25.8052],[-81.4683,25.8035]]],[[[-81.8129,24.569],[-81.2565,24.6644],[-81.4432,24.813],[-81.8129,24.569]]]]},"properties":{"fips":"12087","name":"Monroe","state":"Florida"}},
{"type":"Feature","geometry":{"type":"Polygon","coordinates":[[[-82.1467,32.8126],[-82.0821,32.9165],[-81.7662,32.9096],[-81.5437,33.0454],[-81.6155,33.0943],[-81.7554,33.1983],[-81.8523,33.2473],[-82.2687,33.267],[-82.3154,32.8358],[-82.1467,32.8126]]]},"properties":{"fips":"13033","name":"Burke","state":"Georgia"}},
{"type":"Feature","geometry":{"type":"Polygon","coordinates":[[[-85.5924,32.7284],[-85.6965,32.5961],[-85.4345,32.4097],[-85.0037,32.5102],[-85.0827,32.6081],[-85.1294,32.7516],[-85.5924,32.7284]]]},"properties":{"fips":"01081","name":"Lee","state":"Alabama"}},
{"type":"Feature","geometry":{"type":"Polygon","coordinates":[[[-97.2612,28.0757],[-97.5412,28.1651],[-97.8175,28.1771],[-97.8821,28.0568],[-97.7996,27.9958],[-97.5053,27.8446],[-97.1356,27.9022],[-97.2612,28.0757]]]},"properties":{"fips":"48409","name":"San Patricio","state":"Texas"}},
{"type":"Feature","geometry":{"type":"Polygon","coordinates":[[[-120.387,37.6336],[-120.1788,37.2616],[-120.0532,37.1835],[-119.3102,37.7779],[-119.5758,37.8956],[-119.8127,37.7573],[-120.1286,37.7814],[-120.387,37.6336]]]},"properties":{"fips":"06043","name":"Mariposa","state":"California"}},
{"type":"Feature","geometry":{"type":"Polygon","coordinates":[[[-95.1794,40.2615],[-95.043,40.13],[-94.6051,40.1257],[-94.5979,40.3869],[-94.6338,40.5716],[-94.9138,40.575],[-95.2009,40.5785],[-95.1794,40.2615]]]},"properties":{"fips":"29147","name":"Nodaway","state":"Missouri"}},
{"type":"Feature","geometry":{"type":"Polygon","coordinates":[[[-88.2592,38.8475],[-88.3633,38.911],[-88.6935,38.9145],[-88.6935,38.826],[-88.6971,38.6061],[-88.2521,38.5992],[-88.2592,38.8475]]]},"properties":{"fips":"17025","name":"Clay","state":"Illinois"}},
{"type":"Feature","geometry":{"type":"Polygon","coordinates":[[[-132.1994,55.6335],[-131.4277,55.2392],[-131.0939,55.1928],[-130.9467,54.826],[-130.6273,54.7392],[-130.3401,54.9213],[-129.9812,55.2838],[-130.1499,55.7666],[-130.3904,55.9436],[-130.2468,56.0974],[-130.7816,56.3671],[-131.0867,56.4075],[-131.0939,56.2048],[-131.8333,56.0544],[-132.1994,55.6335]]]},"properties":{"fips":"02130","name":"Ketchikan Gateway","state":"Alaska"}},
{"type":"Feature","geometry":{"type":"Polygon","coordinates":[[[-137.5259,58.9091],[-137.6049,59.2433],[-138.5596,59.7415],[-138.7032,59.9099],[-139.2021,60.0903],[-139.0872,60.3575],[-139.6974,60.3403],[-139.9881,60.1856],[-141.0003,60.3059],[-141.0003,60.3918],[-141.79,60.4356],[-141.79,60.5215],[-143.1934,60.5215],[-143.8933,59.9863],[-142.9098,60.0903],[-142.5365,60.0843],[-141.5961,59.9623],[-140.8891,59.7424],[-140.3076,59.6925],[-139.6328,59.8747],[-139.5861,59.6427],[-139.8553,59.5371],[-139.421,59.3798],[-138.2904,59.0543],[-137.9422,58.8094],[-137.5259,58.9091]]]},"properties":{"fips":"02282","name":"Yakutat","state":"Alaska"}},
{"type":"Feature","geometry":{"type":"Polygon","coordinates":[[[-84.8027,40.5725],[-84.8027,40.7279],[-84.8027,40.9229],[-85.0755,40.9178],[-85.0684,40.5682],[-84.8027,40.5725]]]},"properties":{"fips":"18001","name":"Adams","state":"Indiana"}},
{"type":"Feature","geometry":{"type":"Polygon","coordinates":[[[-102.0457,39.0468],[-103.162,39.0373],[-103.1728,38.6121],[-102.0457,38.6155],[-102.0457,38.698],[-102.0457,39.0468]]]},"properties":{"fips":"08017","name":"Cheyenne","state":"Colorado"}},
{"type":"Feature","geometry":{"type":"Polygon","coordinates":[[[-83.6685,36.3442],[-83.9054,36.4198],[-84.0059,36.2703],[-83.9413,36.1861],[-83.7331,36.1646],[-83.6685,36.3442]]]},"properties":{"fips":"47173","name":"Union","state":"Tennessee"}},
{"type":"Feature","geometry":{"type":"Polygon","coordinates":[[[-87.9326,40.3998],[-87.9362,39.8801],[-87.5342,39.8826],[-87.5306,40.1481],[-87.527,40.4771],[-87.527,40.4908],[-87.9362,40.4857],[-87.9326,40.3998]]]},"properties":{"fips":"17183","name":"Vermilion","state":"Illinois"}},
{"type":"Feature","geometry":{"type":"Polygon","coordinates":[[[-122.9282,48.0652],[-123.9799,48.1648],[-124.6547,48.3908],[-124.6942,48.115],[-124.6116,47.8805],[-122.9498,47.8667],[-122.9282,48.0652]]]},"properties":{"fips":"53009","name":"Clallam","state":"Washington"}},
{"type":"Feature","geometry":{"type":"Polygon","coordinates":[[[-123.3697,46.792],[-123.1615,46.7938],[-123.201,47.085],[-123.4882,47.0824],[-123.5061,47.5179],[-124.3532,47.5334],[-124.0983,46.7938],[-123.3697,46.792]]]},"properties":{"fips":"53027","name":"Grays Harbor","state":"Washington"}},
{"type":"Feature","geometry":{"type":"Polygon","coordinates":[[[-81.2135,29.671],[-81.3786,30.2526],[-81.4324,30.1057],[-81.6801,30.1211],[-81.5796,29.8402],[-81.5221,29.622],[-81.2135,29.671]]]},"properties":{"fips":"12109","name":"St. Johns","state":"Florida"}},
{"type":"Feature","geometry":{"type":"Polygon","coordinates":[[[-124.6116,47.8805],[-124.425,47.7387],[-124.3532,47.5334],[-123.5061,47.5179],[-123.5061,47.6047],[-122.9785,47.6064],[-122.6375,47.8659],[-122.6985,48.103],[-122.9282,48.0652],[-122.9498,47.8667],[-124.6116,47.8805]]]},"properties":{"fips":"53031","name":"Jefferson","state":"Washington"}},
{"type":"Feature","geometry":{"type":"Polygon","coordinates":[[[-123.0036,38.2959],[-122.939,38.0322],[-122.5298,37.8192],[-122.4903,38.1095],[-123.0036,38.2959]]]},"properties":{"fips":"06041","name":"Marin","state":"California"}},
{"type":"Feature","geometry":{"type":"Polygon","coordinates":[[[-77.4483,37.223],[-77.6493,37.2651],[-77.7964,37.1929],[-77.8898,36.9885],[-77.6565,36.8948],[-77.6206,36.8776],[-77.398,36.9928],[-77.398,37.1706],[-77.4483,37.223]]]},"properties":{"fips":"51053","name":"Dinwiddie","state":"Virginia"}},
{"type":"Feature","geometry":{"type":"Polygon","coordinates":[[[-89.6016,40.1223],[-89.9965,40.1086],[-89.9929,39.9015],[-89.5765,39.9763],[-89.6016,40.1223]]]},"properties":{"fips":"17129","name":"Menard","state":"Illinois"}},
{"type":"Feature","geometry":{"type":"Polygon","coordinates":[[[-109.0484,40.6627],[-109.052,40.2228],[-107.4404,40.2237],[-107.4297,40.5424],[-107.3148,40.5999],[-107.3184,41.0028],[-107.9178,41.002],[-109.0484,41.0003],[-109.0484,40.6627]]]},"properties":{"fips":"08081","name":"Moffat","state":"Colorado"}},
{"type":"Feature","geometry":{"type":"Polygon","coordinates":[[[-112.1101,41.9976],[-111.5071,41.9994],[-111.6255,42.2072],[-111.6004,42.4151],[-111.8768,42.416],[-112.1245,42.2854],[-112.1101,41.9976]]]},"properties":{"fips":"16041","name":"Franklin","state":"Idaho"}},
{"type":"Feature","geometry":{"type":"Polygon","coordinates":[[[-121.8371,38.9248],[-121.6038,38.7358],[-121.4853,38.7349],[-121.4135,38.9961],[-121.611,39.0579],[-121.6253,39.2959],[-121.9089,39.3036],[-121.8371,38.9248]]]},"properties":{"fips":"06101","name":"Sutter","state":"California"}},
{"type":"Feature","geometry":{"type":"Polygon","coordinates":[[[-80.8832,40.1592],[-80.7038,40.1575],[-80.6822,40.1859],[-80.6284,40.3946],[-80.6679,40.5828],[-80.8617,40.5991],[-80.9407,40.4247],[-80.8832,40.1592]]]},"properties":{"fips":"39081","name":"Jefferson","state":"Ohio"}},
{"type":"Feature","geometry":{"type":"Polygon","coordinates":[[[-103.0435,34.9542],[-103.284,34.9542],[-103.4958,34.6913],[-103.7399,34.6046],[-103.7399,34.303],[-103.0435,34.303],[-103.0435,34.3125],[-103.0435,34.7472],[-103.0435,34.9542]]]},"properties":{"fips":"35009","name":"Curry","state":"New Mexico"}},
{"type":"Feature","geometry":{"type":"Polygon","coordinates":[[[-73.9092,42.1274],[-73.9308,42.0784],[-73.4965,42.05],[-73.3529,42.5096],[-73.7836,42.4641],[-73.9092,42.1274]]]},"properties":{"fips":"36021","name":"Columbia","state":"New York"}},
{"type":"Feature","geometry":{"type":"Polygon","coordinates":[[[-90.1364,33.7215],[-90.4523,33.8117],[-90.4523,33.3297],[-90.3303,33.3031],[-90.1759,33.3332],[-90.1293,33.6768],[-90.1364,33.7215]]]},"properties":{"fips":"28083","name":"Leflore","state":"Mississippi"}},
{"type":"Feature","geometry":{"type":"Polygon","coordinates":[[[-84.1567,34.6484],[-83.8552,34.7223],[-83.7798,34.7927],[-83.9377,34.9877],[-84.0059,34.9877],[-84.128,34.9877],[-84.1567,34.6484]]]},"properties":{"fips":"13291","name":"Union","state":"Georgia"}},
{"type":"Feature","geometry":{"type":"Polygon","coordinates":[[[-83.2665,38.6181],[-83.2701,39.0158],[-83.385,39.0554],[-83.6721,39.0201],[-83.7044,38.6396],[-83.647,38.637],[-83.5214,38.7031],[-83.2665,38.6181]]]},"properties":{"fips":"39001","name":"Adams","state":"Ohio"}},
{"type":"Feature","geometry":{"type":"Polygon","coordinates":[[[-74.9142,39.1773],[-74.7922,38.9918],[-74.541,39.3002],[-74.8604,39.3242],[-74.9142,39.1773]]]},"properties":{"fips":"34009","name":"Cape May","state":"New Jersey"}},
{"type":"Feature","geometry":{"type":"Polygon","coordinates":[[[-114.0519,36.8433],[-115.8968,36.8424],[-115.8968,36.1723],[-115.8466,35.9645],[-115.6491,35.8098],[-114.6334,35.0015],[-114.5724,35.1389],[-114.6657,35.4499],[-114.7554,36.0907],[-114.3714,36.1431],[-114.1524,36.0237],[-114.0483,36.1938],[-114.0519,36.8433]]]},"properties":{"fips":"32003","name":"Clark","state":"Nevada"}},
{"type":"Feature","geometry":{"type":"Polygon","coordinates":[[[-95.1866,39.0442],[-95.0574,38.9823],[-94.9102,38.9918],[-94.7738,39.2005],[-94.9676,39.4187],[-95.1794,39.4196],[-95.1866,39.0442]]]},"properties":{"fips":"20103","name":"Leavenworth","state":"Kansas"}},
{"type":"Feature","geometry":{"type":"Polygon","coordinates":[[[-78.1338,37.4549],[-77.8539,37.418],[-77.6565,37.564],[-77.9113,37.6894],[-78.0728,37.6577],[-78.1338,37.4549]]]},"properties":{"fips":"51145","name":"Powhatan","state":"Virginia"}},
{"type":"Feature","geometry":{"type":"Polygon","coordinates":[[[-117.9606,47.2602],[-117.8243,47.2602],[-117.8207,47.8255],[-118.3411,47.8942],[-118.8508,47.9578],[-118.9728,47.9432],[-118.98,47.262],[-117.9606,47.2602]]]},"properties":{"fips":"53043","name":"Lincoln","state":"Washington"}},
{"type":"Feature","geometry":{"type":"Polygon","coordinates":[[[-122.8026,47.4037],[-123.018,47.5205],[-122.9785,47.6064],[-123.5061,47.6047],[-123.5061,47.5179],[-123.4882,47.0824],[-123.201,47.085],[-122.86,47.1675],[-122.8026,47.353],[-122.8026,47.4037]]]},"properties":{"fips":"53045","name":"Mason","state":"Washington"}},
{"type":"Feature","geometry":{"type":"Polygon","coordinates":[[[-123.2046,48.5961],[-122.8744,48.4182],[-122.7416,48.6622],[-122.9175,48.7138],[-123.2046,48.5961]]]},"properties":{"fips":"53055","name":"San Juan","state":"Washington"}},
{"type":"Feature","geometry":{"type":"Polygon","coordinates":[[[-90.2621,38.521],[-90.341,38.3879],[-90.2513,38.1276],[-90.2082,38.0881],[-89.8995,38.2203],[-90.2621,38.521]]]},"properties":{"fips":"17133","name":"Monroe","state":"Illinois"}},
{"type":"Feature","geometry":{"type":"Polygon","coordinates":[[[-107.4297,39.3663],[-107.3938,39.2564],[-107.2825,39.1189],[-107.0671,39.1189],[-106.8015,38.978],[-106.6005,38.9978],[-106.579,39.0579],[-106.4282,39.362],[-107.1138,39.3663],[-107.4297,39.3663]]]},"properties":{"fips":"08097","name":"Pitkin","state":"Colorado"}},
{"type":"Feature","geometry":{"type":"Polygon","coordinates":[[[-121.3274,40.4453],[-121.0618,40.4462],[-121.0618,40.2563],[-120.7639,40.3156],[-120.2111,40.0862],[-120.107,39.9393],[-120.1465,39.7074],[-120.003,39.7228],[-119.9994,41.1841],[-121.331,41.1841],[-121.3274,40.4453]]]},"properties":{"fips":"06035","name":"Lassen","state":"California"}},
{"type":"Feature","geometry":{"type":"Polygon","coordinates":[[[-92.1787,40.8998],[-91.7193,40.9015],[-91.7157,41.1626],[-91.9454,41.1635],[-92.1787,41.1626],[-92.1787,40.8998]]]},"properties":{"fips":"19101","name":"Jefferson","state":"Iowa"}},
{"type":"Feature","geometry":{"type":"Polygon","coordinates":[[[-102.0457,38.2624],[-102.0457,38.2685],[-102.742,38.2667],[-102.7492,37.6439],[-102.0421,37.6439],[-102.0421,37.7384],[-102.0457,38.2624]]]},"properties":{"fips":"08099","name":"Prowers","state":"Colorado"}},
{"type":"Feature","geometry":{"type":"Polygon","coordinates":[[[-117.0382,47.1271],[-117.0382,46.5421],[-116.7187,46.5429],[-116.4567,46.6288],[-116.3311,46.9346],[-116.3311,47.0223],[-116.8336,47.0326],[-117.0382,47.1271]]]},"properties":{"fips":"16057","name":"Latah","state":"Idaho"}},
{"type":"Feature","geometry":{"type":"Polygon","coordinates":[[[-81.6585,28.3472],[-81.4145,27.9984],[-81.2099,27.8214],[-81.1417,27.6436],[-80.8725,27.6419],[-80.8689,27.8223],[-80.8617,28.3472],[-81.6585,28.3472]]]},"properties":{"fips":"12097","name":"Osceola","state":"Florida"}},
{"type":"Feature","geometry":{"type":"Polygon","coordinates":[[[-94.2569,44.9794],[-94.0129,44.9786],[-93.7688,44.9777],[-93.5211,45.2466],[-94.0488,45.4227],[-94.2605,45.2835],[-94.2569,44.9794]]]},"properties":{"fips":"27171","name":"Wright","state":"Minnesota"}},
{"type":"Feature","geometry":{"type":"Polygon","coordinates":[[[-84.5084,32.8821],[-84.2859,32.7473],[-84.2033,32.6897],[-84.1244,32.8495],[-84.1244,32.932],[-84.2715,32.9913],[-84.5264,32.9706],[-84.5084,32.8821]]]},"properties":{"fips":"13293","name":"Upson","state":"Georgia"}},
{"type":"Feature","geometry":{"type":"Polygon","coordinates":[[[-102.0529,41.0037],[-102.0565,41.2219],[-102.6092,41.2219],[-102.62,41.0028],[-102.0529,41.002],[-102.0529,41.0037]]]},"properties":{"fips":"31049","name":"Deuel","state":"Nebraska"}},
{"type":"Feature","geometry":{"type":"Polygon","coordinates":[[[-102.1678,35.1836],[-102.1642,35.62],[-102.1642,35.6277],[-103.04,35.6226],[-103.0435,35.1836],[-102.1678,35.1836]]]},"properties":{"fips":"48359","name":"Oldham","state":"Texas"}},
{"type":"Feature","geometry":{"type":"Polygon","coordinates":[[[-83.507,33.8177],[-83.647,33.9061],[-83.7977,33.9302],[-83.9808,33.7859],[-83.9162,33.7438],[-83.6793,33.5969],[-83.507,33.8177]]]},"properties":{"fips":"13297","name":"Walton","state":"Georgia"}},
{"type":"Feature","geometry":{"type":"Polygon","coordinates":[[[-82.7497,33.2387],[-83.0512,33.0806],[-83.0727,32.9466],[-82.9471,32.7593],[-82.52,32.822],[-82.6635,33.1261],[-82.7497,33.2387]]]},"properties":{"fips":"13303","name":"Washington","state":"Georgia"}},
{"type":"Feature","geometry":{"type":"Polygon","coordinates":[[[-74.1318,40.8199],[-74.2718,40.8972],[-74.3723,40.74],[-74.1354,40.6747],[-74.1461,40.7864],[-74.1318,40.8199]]]},"properties":{"fips":"34013","name":"Essex","state":"New Jersey"}},
{"type":"Feature","geometry":{"type":"Polygon","coordinates":[[[-81.6226,31.4527],[-81.6621,31.5386],[-81.9708,31.7894],[-82.0498,31.8272],[-82.1323,31.7731],[-82.1323,31.4716],[-82.0426,31.3736],[-81.7303,31.3298],[-81.6226,31.4527]]]},"properties":{"fips":"13305","name":"Wayne","state":"Georgia"}},
{"type":"Feature","geometry":{"type":"Polygon","coordinates":[[[-90.2585,38.5322],[-90.1652,38.7727],[-90.1185,38.8054],[-90.3303,38.8861],[-90.5384,38.6868],[-90.7323,38.6396],[-90.7359,38.4669],[-90.4056,38.5013],[-90.341,38.3879],[-90.2621,38.521],[-90.2585,38.5322]]]},"properties":{"fips":"29189","name":"St. Louis","state":"Missouri"}},
{"type":"Feature","geometry":{"type":"Polygon","coordinates":[[[-90.5672,30.6503],[-90.9117,30.6495],[-90.9907,30.4622],[-90.8902,30.3453],[-90.6318,30.2216],[-90.4846,30.2766],[-90.5672,30.6503]]]},"properties":{"fips":"22063","name":"Livingston","state":"Louisiana"}},
{"type":"Feature","geometry":{"type":"Polygon","coordinates":[[[-86.4969,32.3444],[-86.4108,32.4097],[-86.4143,32.7078],[-86.9168,32.6639],[-86.8163,32.3409],[-86.4969,32.3444]]]},"properties":{"fips":"01001","name":"Autauga","state":"Alabama"}},
{"type":"Feature","geometry":{"type":"Polygon","coordinates":[[[-85.657,31.8805],[-85.7467,31.6185],[-85.4165,31.6193],[-85.1258,31.7628],[-85.1258,31.78],[-85.0612,31.9904],[-85.0504,32.0626],[-85.4093,32.1468],[-85.4273,32.0154],[-85.657,31.8805]]]},"properties":{"fips":"01005","name":"Barbour","state":"Alabama"}},
{"type":"Feature","geometry":{"type":"Polygon","coordinates":[[[-87.9721,31.1623],[-88.4315,31.1142],[-88.4243,30.9982],[-88.4136,30.7354],[-88.3956,30.3694],[-88.1372,30.3204],[-88.008,30.6847],[-87.9721,31.1623]]]},"properties":{"fips":"01097","name":"Mobile","state":"Alabama"}},
{"type":"Feature","geometry":{"type":"Polygon","coordinates":[[[-117.4294,49.0007],[-118.1975,49.0007],[-118.1042,48.6519],[-118.2011,48.4054],[-118.1401,48.2696],[-118.3411,47.8942],[-117.8207,47.8255],[-117.4366,48.0471],[-117.5012,48.1348],[-117.5012,48.6562],[-117.5622,48.8366],[-117.4294,49.0007]]]},"properties":{"fips":"53065","name":"Stevens","state":"Washington"}},
{"type":"Feature","geometry":{"type":"Polygon","coordinates":[[[-120.85,49.0007],[-122.7595,49.0024],[-122.7918,48.8933],[-122.4903,48.7507],[-122.4903,48.645],[-120.9075,48.6407],[-120.7531,48.6571],[-120.85,49.0007]]]},"properties":{"fips":"53073","name":"Whatcom","state":"Washington"}},
{"type":"Feature","geometry":{"type":"Polygon","coordinates":[[[-83.4352,31.3504],[-83.2952,31.0274],[-83.1983,31.0257],[-83.0476,31.1838],[-83.1409,31.42],[-83.1445,31.4724],[-83.3383,31.4759],[-83.4352,31.3504]]]},"properties":{"fips":"13019","name":"Berrien","state":"Georgia"}},
{"type":"Feature","geometry":{"type":"Polygon","coordinates":[[[-110.0498,40.9977],[-110.0463,41.5784],[-111.0441,41.5801],[-111.0477,41.252],[-111.0477,40.9977],[-110.0498,40.9977]]]},"properties":{"fips":"56041","name":"Uinta","state":"Wyoming"}},
{"type":"Feature","geometry":{"type":"Polygon","coordinates":[[[-77.6206,36.8776],[-77.6565,36.8948],[-77.7677,36.5452],[-77.2975,36.5443],[-77.4303,36.7075],[-77.6206,36.8776]],[[-77.556,36.7136],[-77.5201,36.7127],[-77.5093,36.6826],[-77.556,36.6749],[-77.556,36.7136]]]},"properties":{"fips":"51081","name":"Greensville","state":"Virginia"}},
{"type":"Feature","geometry":{"type":"Polygon","coordinates":[[[-103.4384,30.6658],[-102.5662,30.0524],[-102.5662,30.2835],[-102.3436,30.2844],[-102.3436,30.5988],[-102.139,30.6563],[-101.7693,30.6529],[-101.8734,30.9123],[-102.3903,31.0876],[-102.5016,31.2534],[-102.7672,31.2937],[-103.0112,31.3711],[-103.5855,30.7663],[-103.4384,30.6658]]]},"properties":{"fips":"48371","name":"Pecos","state":"Texas"}},
{"type":"Feature","geometry":{"type":"Polygon","coordinates":[[[-90.1867,41.5844],[-90.2441,41.7829],[-90.3159,41.7287],[-90.341,41.5904],[-90.7861,41.453],[-91.0732,41.3336],[-90.4343,41.3267],[-90.4308,41.4564],[-90.1867,41.5844]]]},"properties":{"fips":"17161","name":"Rock Island","state":"Illinois"}},
{"type":"Feature","geometry":{"type":"Polygon","coordinates":[[[-84.8135,39.7263],[-84.8135,39.5674],[-84.4797,39.5914],[-84.4869,39.9187],[-84.8135,39.917],[-84.8135,39.7263]]]},"properties":{"fips":"39135","name":"Preble","state":"Ohio"}},
{"type":"Feature","geometry":{"type":"Polygon","coordinates":[[[-83.8803,41.1678],[-84.2285,41.1661],[-84.3433,41.1652],[-84.4007,40.99],[-84.3397,40.8594],[-83.8803,40.9204],[-83.8803,41.1678]]]},"properties":{"fips":"39137","name":"Putnam","state":"Ohio"}},
{"type":"Feature","geometry":{"type":"Polygon","coordinates":[[[-107.9716,37.6396],[-107.4835,37.6396],[-107.5696,37.9652],[-107.7383,37.9051],[-107.8604,37.7754],[-107.9716,37.6396]]]},"properties":{"fips":"08111","name":"San Juan","state":"Colorado"}},
{"type":"Feature","geometry":{"type":"Polygon","coordinates":[[[-99.6014,29.6272],[-99.6014,29.9081],[-99.7593,30.0739],[-99.9675,30.0825],[-100.0142,29.6237],[-99.6014,29.6272]]]},"properties":{"fips":"48385","name":"Real","state":"Texas"}},
{"type":"Feature","geometry":{"type":"Polygon","coordinates":[[[-113.1438,47.5953],[-113.4668,47.6004],[-113.4668,47.1795],[-113.3017,47.1795],[-113.3017,46.8324],[-113.0397,46.7353],[-113.0361,46.2672],[-112.5588,46.2654],[-112.3111,46.4209],[-112.3219,46.6563],[-112.7957,46.8316],[-112.7957,47.1769],[-113.0577,47.1795],[-113.0577,47.4879],[-113.1438,47.5953]]]},"properties":{"fips":"30077","name":"Powell","state":"Montana"}},
{"type":"Feature","geometry":{"type":"Polygon","coordinates":[[[-82.5451,31.9587],[-82.6563,32.298],[-82.721,32.3092],[-82.8861,32.1958],[-82.9291,32.1356],[-82.6456,31.9191],[-82.5451,31.9587]]]},"properties":{"fips":"13309","name":"Wheeler","state":"Georgia"}},
{"type":"Feature","geometry":{"type":"Polygon","coordinates":[[[-117.6735,33.8709],[-117.4115,33.6587],[-117.5084,33.505],[-117.2392,33.4319],[-116.0834,33.4259],[-114.6262,33.4337],[-114.5257,33.5522],[-114.5365,33.9285],[-114.436,34.0797],[-115.3153,34.078],[-115.3153,34.0341],[-117.5586,34.0333],[-117.6735,33.8709]]]},"properties":{"fips":"06065","name":"Riverside","state":"California"}},
{"type":"Feature","geometry":{"type":"Polygon","coordinates":[[[-94.6195,36.7668],[-94.6195,36.9988],[-95.0071,36.9996],[-94.9999,36.6706],[-94.6195,36.668],[-94.6195,36.7668]]]},"properties":{"fips":"40115","name":"Ottawa","state":"Oklahoma"}},
{"type":"Feature","geometry":{"type":"Polygon","coordinates":[[[-65.74,18.1733],[-65.661,18.2068],[-65.7651,18.2799],[-65.8226,18.273],[-65.8262,18.2008],[-65.74,18.1733]]]},"properties":{"fips":"72103","name":"Naguabo","state":"Puerto Rico"}},
{"type":"Feature","geometry":{"type":"Polygon","coordinates":[[[-83.8875,44.5087],[-83.3168,44.5112],[-83.3204,44.8583],[-83.8875,44.8566],[-83.8875,44.5087]]]},"properties":{"fips":"26001","name":"Alcona","state":"Michigan"}},
{"type":"Feature","geometry":{"type":"Polygon","coordinates":[[[-107.1102,43.5001],[-107.1461,44.1659],[-108.5495,44.1685],[-108.5495,44.0791],[-108.4311,43.903],[-107.9573,43.7338],[-107.7168,43.7329],[-107.5948,43.501],[-107.5337,43.501],[-107.1102,43.5001]]]},"properties":{"fips":"56043","name":"Washakie","state":"Wyoming"}},
{"type":"Feature","geometry":{"type":"Polygon","coordinates":[[[-96.529,32.5454],[-96.5182,32.8134],[-96.5182,32.9827],[-96.8448,32.9878],[-97.0315,32.9895],[-97.0387,32.5488],[-96.529,32.5454]]]},"properties":{"fips":"48113","name":"Dallas","state":"Texas"}},
{"type":"Feature","geometry":{"type":"Polygon","coordinates":[[[-66.7988,18.1338],[-66.8527,17.9551],[-66.7594,17.9981],[-66.7701,18.1347],[-66.7988,18.1338]]]},"properties":{"fips":"72059","name":"Guayanilla","state":"Puerto Rico"}},
{"type":"Feature","geometry":{"type":"Polygon","coordinates":[[[-85.6534,41.2949],[-85.6857,41.0467],[-85.6426,41.002],[-85.334,41.0054],[-85.3088,41.264],[-85.6534,41.2949]]]},"properties":{"fips":"18183","name":"Whitley","state":"Indiana"}},
{"type":"Feature","geometry":{"type":"Polygon","coordinates":[[[-89.6447,34.9954],[-89.354,34.9937],[-89.1996,34.9946],[-89.1853,35.3975],[-89.4724,35.4026],[-89.6339,35.376],[-89.6447,34.9954]]]},"properties":{"fips":"47047","name":"Fayette","state":"Tennessee"}},
{"type":"Feature","geometry":{"type":"Polygon","coordinates":[[[-99.0379,39.1335],[-98.4887,39.1327],[-98.4887,39.2194],[-98.4887,39.5674],[-98.5067,39.5674],[-99.0451,39.5682],[-99.0487,39.1327],[-99.0379,39.1335]]]},"properties":{"fips":"20141","name":"Osborne","state":"Kansas"}},
{"type":"Feature","geometry":{"type":"Polygon","coordinates":[[[-67.226,18.297],[-67.1865,18.267],[-67.0824,18.2549],[-67.0393,18.2893],[-67.0537,18.3065],[-67.1291,18.3177],[-67.1829,18.3134],[-67.226,18.297]]]},"properties":{"fips":"72011","name":"Añasco","state":"Puerto Rico"}},
{"type":"Feature","geometry":{"type":"Polygon","coordinates":[[[-67.0214,18.1957],[-67.0824,18.2549],[-67.1865,18.267],[-67.1793,18.1682],[-67.1614,18.1536],[-67.086,18.1501],[-67.0501,18.1742],[-67.0214,18.1957]]]},"properties":{"fips":"72097","name":"Mayagüez","state":"Puerto Rico"}},
{"type":"Feature","geometry":{"type":"Polygon","coordinates":[[[-170.7053,-14.3309],[-170.6766,-14.2974],[-170.5725,-14.2716],[-170.673,-14.2295],[-170.7448,-14.2888],[-170.7053,-14.3309]]]},"properties":{"fips":"60010","name":"Eastern","state":"American Samoa"}},
{"type":"Feature","geometry":{"type":"Polygon","coordinates":[[[-72.9294,42.739],[-72.8181,43.2553],[-72.8683,43.3008],[-73.256,43.3146],[-73.2739,42.9435],[-73.2632,42.7459],[-73.0227,42.7407],[-72.9294,42.739]]]},"properties":{"fips":"50003","name":"Bennington","state":"Vermont"}},
{"type":"Feature","geometry":{"type":"Polygon","coordinates":[[[-120.0927,47.262],[-120.0065,47.2199],[-119.8773,47.4372],[-119.5328,47.4415],[-119.321,47.6271],[-119.2133,47.8873],[-118.9836,47.9621],[-119.0554,48.1373],[-119.3425,48.0497],[-119.6835,48.0935],[-119.8701,47.9604],[-119.9958,47.7817],[-120.1932,47.7593],[-120.3188,47.457],[-120.0927,47.262]]]},"properties":{"fips":"53017","name":"Douglas","state":"Washington"}},
{"type":"Feature","geometry":{"type":"MultiPolygon","coordinates":[[[[-97.0781,27.9151],[-97.2684,27.5757],[-97.2217,27.5766],[-97.0422,27.8369],[-97.0781,27.9151]]],[[[-97.7996,27.9958],[-97.936,27.885],[-97.9432,27.6359],[-97.8391,27.5586],[-97.3258,27.5611],[-97.254,27.6969],[-97.5053,27.8446],[-97.7996,27.9958]]]]},"properties":{"fips":"48355","name":"Nueces","state":"Texas"}},
{"type":"Feature","geometry":{"type":"Polygon","coordinates":[[[-72.373,44.5843],[-71.9387,44.769],[-71.8992,45.0086],[-72.5561,45.0086],[-72.5776,44.7818],[-72.373,44.5843]]]},"properties":{"fips":"50019","name":"Orleans","state":"Vermont"}},
{"type":"Feature","geometry":{"type":"Polygon","coordinates":[[[-79.3578,38.9643],[-79.3506,38.9574],[-79.1353,38.8131],[-78.9809,39.2375],[-79.2716,39.3294],[-79.487,39.2057],[-79.487,39.1945],[-79.3578,38.9643]]]},"properties":{"fips":"54023","name":"Grant","state":"West Virginia"}},
{"type":"Feature","geometry":{"type":"Polygon","coordinates":[[[-82.2938,33.3546],[-82.0282,33.5453],[-82.1144,33.5969],[-82.2185,33.6862],[-82.4266,33.651],[-82.2938,33.3546]]]},"properties":{"fips":"13073","name":"Columbia","state":"Georgia"}},
{"type":"Feature","geometry":{"type":"Polygon","coordinates":[[[-77.7964,37.729],[-77.6313,37.7058],[-77.2401,37.5383],[-77.1252,37.6267],[-77.3442,37.7891],[-77.6421,37.991],[-77.6888,38.0082],[-77.7964,37.729]]]},"properties":{"fips":"51085","name":"Hanover","state":"Virginia"}},
{"type":"Feature","geometry":{"type":"Polygon","coordinates":[[[-95.1256,33.3899],[-94.8097,33.3632],[-94.7487,33.3289],[-94.7379,33.706],[-95.1543,33.9371],[-95.3086,33.8804],[-95.3086,33.3804],[-95.305,33.3778],[-95.1256,33.3899]]]},"properties":{"fips":"48387","name":"Red River","state":"Texas"}},
{"type":"Feature","geometry":{"type":"Polygon","coordinates":[[[-83.2665,39.5167],[-83.3742,39.3775],[-83.3527,39.198],[-82.7856,39.1687],[-82.764,39.2083],[-82.7497,39.3681],[-82.7425,39.4686],[-83.2665,39.5167]]]},"properties":{"fips":"39141","name":"Ross","state":"Ohio"}},
{"type":"Feature","geometry":{"type":"Polygon","coordinates":[[[-83.3455,32.2722],[-83.3383,32.1056],[-83.2055,31.9002],[-82.9291,32.1356],[-82.8861,32.1958],[-82.9902,32.1477],[-83.1373,32.4234],[-83.3455,32.2722]]]},"properties":{"fips":"13091","name":"Dodge","state":"Georgia"}},
{"type":"Feature","geometry":{"type":"Polygon","coordinates":[[[-83.8193,34.1278],[-84.0634,34.1682],[-84.0992,34.0505],[-84.2787,33.9577],[-84.0239,33.7532],[-83.9808,33.7859],[-83.7977,33.9302],[-83.8193,34.1278]]]},"properties":{"fips":"13135","name":"Gwinnett","state":"Georgia"}},
{"type":"Feature","geometry":{"type":"Polygon","coordinates":[[[-84.1962,34.6183],[-84.3469,34.5625],[-84.2572,34.3812],[-84.2572,34.3348],[-83.9557,34.334],[-83.9808,34.4181],[-84.189,34.6028],[-84.1962,34.6183]]]},"properties":{"fips":"13085","name":"Dawson","state":"Georgia"}},
{"type":"Feature","geometry":{"type":"Polygon","coordinates":[[[-116.7834,45.0782],[-116.6864,45.2681],[-116.4639,45.6031],[-116.7941,45.8565],[-116.9162,45.9957],[-117.4797,45.9983],[-117.6017,45.9991],[-117.9786,46.0009],[-117.9714,45.8608],[-117.7884,45.6899],[-117.6448,45.3368],[-117.2679,45.0808],[-116.7834,45.0782]]]},"properties":{"fips":"41063","name":"Wallowa","state":"Oregon"}},
{"type":"Feature","geometry":{"type":"Polygon","coordinates":[[[-82.4338,32.7619],[-82.52,32.822],[-82.9471,32.7593],[-82.9579,32.7086],[-82.6671,32.6124],[-82.6492,32.5128],[-82.4338,32.7619]]]},"properties":{"fips":"13167","name":"Johnson","state":"Georgia"}},
{"type":"Feature","geometry":{"type":"Polygon","coordinates":[[[-82.3836,33.3117],[-82.4302,33.2747],[-82.6635,33.1261],[-82.52,32.822],[-82.4338,32.7619],[-82.3154,32.8358],[-82.2687,33.267],[-82.3548,33.3125],[-82.3836,33.3117]]]},"properties":{"fips":"13163","name":"Jefferson","state":"Georgia"}},
{"type":"Feature","geometry":{"type":"Polygon","coordinates":[[[-83.647,39.7727],[-83.5178,40.0098],[-84.0346,40.0398],[-84.0526,39.8801],[-84.0526,39.8508],[-83.647,39.7727]]]},"properties":{"fips":"39023","name":"Clark","state":"Ohio"}},
{"type":"Feature","geometry":{"type":"Polygon","coordinates":[[[-89.9606,36.3888],[-89.9606,36.6294],[-90.1472,36.6302],[-90.219,36.4979],[-90.0647,36.3863],[-90.1903,36.2007],[-90.3769,35.9954],[-90.2872,35.9962],[-89.9606,35.9988],[-89.9606,36.3888]]]},"properties":{"fips":"29069","name":"Dunklin","state":"Missouri"}},
{"type":"Feature","geometry":{"type":"Polygon","coordinates":[[[-73.3385,44.5465],[-73.3601,44.5636],[-73.3421,45.0112],[-74.0277,44.9958],[-73.9092,44.4296],[-73.3385,44.5465]]]},"properties":{"fips":"36019","name":"Clinton","state":"New York"}},
{"type":"Feature","geometry":{"type":"Polygon","coordinates":[[[-79.4978,37.5331],[-79.4368,37.6173],[-79.1711,37.8028],[-79.1568,37.8913],[-79.4834,38.0863],[-79.6485,37.8741],[-79.6736,37.7633],[-79.4978,37.5331]],[[-79.3829,37.7419],[-79.3255,37.7436],[-79.3721,37.6955],[-79.3829,37.7419]],[[-79.4619,37.7865],[-79.4152,37.7882],[-79.4547,37.765],[-79.4619,37.7865]]]},"properties":{"fips":"51163","name":"Rockbridge","state":"Virginia"}},
{"type":"Feature","geometry":{"type":"Polygon","coordinates":[[[-77.6708,40.2898],[-77.6134,40.1988],[-77.3944,40.3036],[-76.9135,40.3285],[-76.9494,40.6283],[-77.2904,40.5183],[-77.6708,40.2898]]]},"properties":{"fips":"42099","name":"Perry","state":"Pennsylvania"}},
{"type":"Feature","geometry":{"type":"Polygon","coordinates":[[[-90.8076,36.2668],[-90.3195,36.2591],[-90.1903,36.2007],[-90.0647,36.3863],[-90.219,36.4979],[-90.5779,36.4988],[-90.7861,36.4988],[-90.8076,36.2668]]]},"properties":{"fips":"05021","name":"Clay","state":"Arkansas"}},
{"type":"Feature","geometry":{"type":"Polygon","coordinates":[[[-77.8252,39.4943],[-78.0333,39.265],[-77.8287,39.1327],[-77.7211,39.3217],[-77.8252,39.4943]]]},"properties":{"fips":"54037","name":"Jefferson","state":"West Virginia"}},
{"type":"Feature","geometry":{"type":"Polygon","coordinates":[[[-113.3484,48.31],[-112.5767,48.31],[-112.5767,48.4835],[-112.1855,48.4775],[-112.1926,48.999],[-114.0699,48.999],[-113.7504,48.615],[-113.4668,48.5471],[-113.3484,48.31]]]},"properties":{"fips":"30035","name":"Glacier","state":"Montana"}},
{"type":"Feature","geometry":{"type":"Polygon","coordinates":[[[-72.9258,44.6332],[-73.2273,44.7226],[-73.3601,44.5636],[-73.3385,44.5465],[-73.3134,44.2638],[-72.9724,44.293],[-72.9509,44.1616],[-72.8037,44.452],[-72.9258,44.6332]]]},"properties":{"fips":"50007","name":"Chittenden","state":"Vermont"}},
{"type":"Feature","geometry":{"type":"Polygon","coordinates":[[[-95.8614,43.2579],[-96.5541,43.2596],[-96.4536,43.0835],[-96.5361,42.9091],[-95.8578,42.9091],[-95.8614,43.2579]]]},"properties":{"fips":"19167","name":"Sioux","state":"Iowa"}},
{"type":"Feature","geometry":{"type":"Polygon","coordinates":[[[-99.7127,32.0824],[-99.7234,31.5764],[-99.6014,31.4922],[-99.3143,31.4097],[-99.203,31.4673],[-99.1958,32.0789],[-99.6301,32.0815],[-99.7127,32.0824]]]},"properties":{"fips":"48083","name":"Coleman","state":"Texas"}},
{"type":"Feature","geometry":{"type":"Polygon","coordinates":[[[-94.4903,32.3942],[-94.58,32.3951],[-94.9856,32.371],[-94.9856,32.1382],[-94.9389,31.8453],[-94.4508,31.8444],[-94.5118,31.9741],[-94.58,32.2026],[-94.4903,32.3942]]]},"properties":{"fips":"48401","name":"Rusk","state":"Texas"}},
{"type":"Feature","geometry":{"type":"Polygon","coordinates":[[[-83.044,38.7057],[-82.8143,38.5708],[-82.6492,38.8492],[-82.8071,38.948],[-83.2701,39.0158],[-83.2665,38.6181],[-83.044,38.7057]]]},"properties":{"fips":"39145","name":"Scioto","state":"Ohio"}},
{"type":"Feature","geometry":{"type":"MultiPolygon","coordinates":[[[[-134.7837,58.0964],[-134.1771,58.1583],[-134.7155,58.2236],[-134.7837,58.0964]]],[[[-133.1757,58.1505],[-133.3803,58.428],[-133.8397,58.7278],[-134.3278,58.9632],[-135.06,58.9666],[-135.0026,58.8154],[-134.9416,58.6118],[-134.6329,58.2476],[-134.0873,58.1823],[-133.6961,57.794],[-133.6351,57.8353],[-133.5992,57.8602],[-133.1757,58.1505]]]]},"properties":{"fips":"02110","name":"Juneau","state":"Alaska"}},
{"type":"Feature","geometry":{"type":"Polygon","coordinates":[[[-91.0517,34.6458],[-90.5851,34.6415],[-90.4092,34.8331],[-90.4092,34.9044],[-91.0984,34.8674],[-91.0517,34.6458]]]},"properties":{"fips":"05077","name":"Lee","state":"Arkansas"}},
{"type":"Feature","geometry":{"type":"Polygon","coordinates":[[[-91.0409,35.1483],[-91.1486,35.0023],[-91.0984,34.8674],[-90.4092,34.9044],[-90.5025,35.1441],[-91.0409,35.1483]]]},"properties":{"fips":"05123","name":"St. Francis","state":"Arkansas"}},
{"type":"Feature","geometry":{"type":"Polygon","coordinates":[[[-88.069,42.8429],[-87.8285,42.8421],[-87.8931,43.1917],[-88.0618,43.1917],[-88.069,42.8429]]]},"properties":{"fips":"55079","name":"Milwaukee","state":"Wisconsin"}},
{"type":"Feature","geometry":{"type":"Polygon","coordinates":[[[-90.9225,44.5963],[-91.1666,44.5971],[-91.1522,44.08],[-90.9727,44.0705],[-90.8938,44.1582],[-90.3123,44.1556],[-90.3123,44.2484],[-90.3159,44.4245],[-90.8005,44.4228],[-90.9225,44.5963]]]},"properties":{"fips":"55053","name":"Jackson","state":"Wisconsin"}},
{"type":"Feature","geometry":{"type":"Polygon","coordinates":[[[-74.943,40.3414],[-74.724,40.1507],[-74.5876,40.1386],[-74.4835,40.2537],[-74.6199,40.374],[-74.7491,40.4238],[-74.943,40.3414]]]},"properties":{"fips":"34021","name":"Mercer","state":"New Jersey"}},
{"type":"Feature","geometry":{"type":"Polygon","coordinates":[[[-81.7303,36.3905],[-81.4791,36.2402],[-81.2529,36.3665],[-81.3534,36.5744],[-81.6765,36.5881],[-81.7303,36.3905]]]},"properties":{"fips":"37009","name":"Ashe","state":"North Carolina"}},
{"type":"Feature","geometry":{"type":"Polygon","coordinates":[[[-96.5756,46.0215],[-96.267,46.0215],[-96.267,46.1082],[-96.2813,46.6305],[-96.7838,46.6297],[-96.6008,46.3307],[-96.5756,46.0215]]]},"properties":{"fips":"27167","name":"Wilkin","state":"Minnesota"}},
{"type":"Feature","geometry":{"type":"Polygon","coordinates":[[[-99.002,46.2826],[-99.0379,46.2835],[-99.8778,46.2826],[-99.8814,45.9416],[-99.7199,45.9407],[-99.0056,45.9399],[-99.002,46.2826]]]},"properties":{"fips":"38051","name":"McIntosh","state":"North Dakota"}},
{"type":"Feature","geometry":{"type":"Polygon","coordinates":[[[-72.8037,44.452],[-72.9509,44.1616],[-72.7427,44.0293],[-72.3694,44.2037],[-72.2223,44.4245],[-72.434,44.5061],[-72.8037,44.452]]]},"properties":{"fips":"50023","name":"Washington","state":"Vermont"}},
{"type":"Feature","geometry":{"type":"Polygon","coordinates":[[[-96.5541,42.0157],[-96.2741,42.0475],[-96.3567,42.215],[-96.3567,42.2768],[-96.7264,42.2777],[-96.8233,42.2639],[-96.8233,42.0904],[-96.5541,42.0157]]]},"properties":{"fips":"31173","name":"Thurston","state":"Nebraska"}},
{"type":"Feature","geometry":{"type":"Polygon","coordinates":[[[-119.3102,40.9607],[-119.3389,39.9986],[-119.2241,39.9995],[-117.5407,40.0012],[-117.3002,40.5261],[-117.3002,40.6764],[-117.6448,40.6841],[-117.6448,40.8577],[-118.7862,40.8559],[-118.7862,40.9607],[-119.3102,40.9607]]]},"properties":{"fips":"32027","name":"Pershing","state":"Nevada"}},
{"type":"Feature","geometry":{"type":"Polygon","coordinates":[[[-72.2043,43.7707],[-72.0392,44.1582],[-72.3694,44.2037],[-72.7427,44.0293],[-72.793,43.9614],[-72.2043,43.7707]]]},"properties":{"fips":"50017","name":"Orange","state":"Vermont"}},
{"type":"Feature","geometry":{"type":"Polygon","coordinates":[[[-87.3727,44.6753],[-87.0496,45.0894],[-87.2399,45.1676],[-87.405,44.9047],[-87.7352,44.677],[-87.3727,44.6753]]]},"properties":{"fips":"55029","name":"Door","state":"Wisconsin"}},
{"type":"Feature","geometry":{"type":"Polygon","coordinates":[[[-121.4961,40.4453],[-121.3418,40.3096],[-121.4387,40.1515],[-121.4135,39.8715],[-121.0762,39.5974],[-121.008,39.6395],[-120.8716,39.7761],[-120.6383,39.7065],[-120.1465,39.7074],[-120.107,39.9393],[-120.2111,40.0862],[-120.7639,40.3156],[-121.0618,40.2563],[-121.0618,40.4462],[-121.3274,40.4453],[-121.4961,40.4453]]]},"properties":{"fips":"06063","name":"Plumas","state":"California"}},
{"type":"Feature","geometry":{"type":"Polygon","coordinates":[[[-82.8286,40.9968],[-82.8394,41.2554],[-83.4209,41.2537],[-83.4209,41.1669],[-83.4209,40.9917],[-83.1122,40.9934],[-82.8286,40.9968]]]},"properties":{"fips":"39147","name":"Seneca","state":"Ohio"}},
{"type":"Feature","geometry":{"type":"Polygon","coordinates":[[[-81.2816,32.5566],[-81.3893,32.5952],[-81.5473,32.4896],[-81.436,32.2413],[-81.3929,32.0961],[-81.1453,32.2267],[-81.2816,32.5566]]]},"properties":{"fips":"13103","name":"Effingham","state":"Georgia"}},
{"type":"Feature","geometry":{"type":"Polygon","coordinates":[[[-102.7743,42.44],[-102.699,42.0045],[-102.6774,42.0054],[-102.0673,42.0088],[-102.0062,42.0964],[-102.0673,42.4435],[-102.0816,42.9993],[-102.7923,43.0002],[-102.7743,42.44]]]},"properties":{"fips":"31161","name":"Sheridan","state":"Nebraska"}},
{"type":"Feature","geometry":{"type":"Polygon","coordinates":[[[-97.1284,43.848],[-97.3689,43.8489],[-97.6093,43.8489],[-97.6058,43.5001],[-97.4012,43.5001],[-97.1284,43.4993],[-97.1284,43.848]]]},"properties":{"fips":"46087","name":"McCook","state":"South Dakota"}},
{"type":"Feature","geometry":{"type":"Polygon","coordinates":[[[-88.4279,45.3772],[-88.6792,45.3789],[-88.6397,45.1177],[-88.489,44.8557],[-88.2485,44.8531],[-88.2413,44.6796],[-87.99,44.6779],[-87.7639,44.9657],[-88.1228,45.0232],[-88.4279,45.3772]]]},"properties":{"fips":"55083","name":"Oconto","state":"Wisconsin"}},
{"type":"Feature","geometry":{"type":"Polygon","coordinates":[[[-152.9993,62.7276],[-151.8938,62.7259],[-151.8938,62.798],[-149.5249,63.3332],[-148.0246,63.3332],[-148.0246,63.4776],[-147.0016,63.4793],[-147.0016,64.2576],[-147.759,64.2576],[-148.0461,64.3435],[-150.7309,64.3581],[-151.2837,63.9973],[-151.7933,64.0695],[-152.0482,63.9973],[-152.2276,63.6511],[-152.8737,63.6511],[-152.8127,63.3478],[-152.4286,63.1829],[-152.9993,62.7276]]]},"properties":{"fips":"02068","name":"Denali","state":"Alaska"}},
{"type":"Feature","geometry":{"type":"Polygon","coordinates":[[[-73.9846,40.7992],[-74.1461,40.7864],[-74.1354,40.6747],[-74.1605,40.6446],[-74.0708,40.6609],[-74.0456,40.6901],[-73.9846,40.7992]]]},"properties":{"fips":"34017","name":"Hudson","state":"New Jersey"}},
{"type":"Feature","geometry":{"type":"Polygon","coordinates":[[[-107.5337,43.501],[-107.5948,43.501],[-108.3377,43.4598],[-108.6931,43.5757],[-109.1705,43.6195],[-109.314,43.8137],[-109.5617,43.9546],[-110.0534,44.0078],[-110.0498,43.4649],[-109.7555,43.4632],[-109.6514,43.1668],[-109.0736,42.6935],[-109.0448,42.2639],[-107.523,42.2614],[-107.523,42.434],[-107.5014,42.7811],[-107.5337,43.501]]]},"properties":{"fips":"56013","name":"Fremont","state":"Wyoming"}},
{"type":"Feature","geometry":{"type":"Polygon","coordinates":[[[-92.3008,39.6052],[-92.3116,39.3474],[-91.7193,39.3388],[-91.7157,39.6576],[-91.8485,39.6584],[-92.3008,39.6052]]]},"properties":{"fips":"29137","name":"Monroe","state":"Missouri"}},
{"type":"Feature","geometry":{"type":"Polygon","coordinates":[[[-82.7317,39.5545],[-82.3728,39.655],[-82.4625,39.9307],[-82.782,39.9393],[-82.825,39.795],[-82.7317,39.5545]]]},"properties":{"fips":"39045","name":"Fairfield","state":"Ohio"}},
{"type":"Feature","geometry":{"type":"Polygon","coordinates":[[[-93.3668,33.4448],[-93.4817,33.2601],[-93.4888,33.0187],[-93.2376,33.0179],[-92.9899,33.017],[-92.9792,33.377],[-93.1156,33.4526],[-93.3668,33.4448]]]},"properties":{"fips":"05027","name":"Columbia","state":"Arkansas"}},
{"type":"Feature","geometry":{"type":"Polygon","coordinates":[[[-89.9283,42.5062],[-89.8385,42.5053],[-89.8385,42.8137],[-90.4272,42.8129],[-90.4272,42.5071],[-89.9283,42.5062]]]},"properties":{"fips":"55065","name":"Lafayette","state":"Wisconsin"}},
{"type":"Feature","geometry":{"type":"Polygon","coordinates":[[[-74.0205,40.6807],[-73.9344,40.569],[-73.9631,40.7365],[-74.0205,40.6807]]]},"properties":{"fips":"36047","name":"Kings","state":"New York"}},
{"type":"Feature","geometry":{"type":"Polygon","coordinates":[[[-93.0617,38.6928],[-93.0689,38.5296],[-93.0761,38.2633],[-92.6956,38.2221],[-92.6238,38.4308],[-92.8392,38.6842],[-93.0617,38.6928]]]},"properties":{"fips":"29141","name":"Morgan","state":"Missouri"}},
{"type":"Feature","geometry":{"type":"Polygon","coordinates":[[[-95.2548,45.4124],[-95.7465,45.4124],[-96.1162,45.4124],[-96.1018,45.177],[-96.0372,45.1521],[-95.2476,45.1521],[-95.2548,45.4124]]]},"properties":{"fips":"27151","name":"Swift","state":"Minnesota"}},
{"type":"Feature","geometry":{"type":"Polygon","coordinates":[[[-89.5442,36.3364],[-89.5406,36.4979],[-89.4868,36.4971],[-89.4186,36.4988],[-89.3288,36.6319],[-89.5191,36.8699],[-89.6914,36.8596],[-89.7021,36.6277],[-89.9606,36.6294],[-89.9606,36.3888],[-89.6124,36.4112],[-89.5442,36.3364]]]},"properties":{"fips":"29143","name":"New Madrid","state":"Missouri"}},
{"type":"Feature","geometry":{"type":"Polygon","coordinates":[[[-89.3647,42.5002],[-89.3683,42.8447],[-89.8385,42.8576],[-89.8385,42.8137],[-89.8385,42.5053],[-89.4006,42.5002],[-89.3647,42.5002]]]},"properties":{"fips":"55045","name":"Green","state":"Wisconsin"}},
{"type":"Feature","geometry":{"type":"Polygon","coordinates":[[[-116.5859,41.0003],[-117.0167,41.0003],[-117.0203,40.6429],[-117.3002,40.5261],[-117.5407,40.0012],[-117.4689,39.9221],[-117.4869,39.5459],[-117.7632,39.3526],[-117.774,39.0932],[-117.3325,39.1636],[-116.6003,39.1619],[-116.6003,40.0742],[-116.5859,41.0003]]]},"properties":{"fips":"32015","name":"Lander","state":"Nevada"}},
{"type":"Feature","geometry":{"type":"Polygon","coordinates":[[[-119.7122,39.2512],[-119.4789,39.3371],[-119.2851,39.6215],[-119.6943,39.5167],[-119.7122,39.2512]]]},"properties":{"fips":"32029","name":"Storey","state":"Nevada"}},
{"type":"Feature","geometry":{"type":"Polygon","coordinates":[[[-106.2452,35.0401],[-106.2452,35.2154],[-107.1964,35.2197],[-107.0671,34.9568],[-107.0241,34.87],[-106.4103,34.87],[-106.2452,35.0401]]]},"properties":{"fips":"35001","name":"Bernalillo","state":"New Mexico"}},
{"type":"Feature","geometry":{"type":"Polygon","coordinates":[[[-83.0476,31.1838],[-83.1983,31.0257],[-83.0189,30.8496],[-82.9722,30.8694],[-82.9722,31.1838],[-83.0476,31.1838]]]},"properties":{"fips":"13173","name":"Lanier","state":"Georgia"}},
{"type":"Feature","geometry":{"type":"Polygon","coordinates":[[[-104.0557,44.1805],[-105.0787,44.1762],[-105.0787,43.4984],[-104.8992,43.4993],[-104.0557,43.5036],[-104.0557,43.8532],[-104.0557,44.141],[-104.0557,44.1805]]]},"properties":{"fips":"56045","name":"Weston","state":"Wyoming"}},
{"type":"Feature","geometry":{"type":"Polygon","coordinates":[[[-78.3097,42.5208],[-78.4641,42.5363],[-78.884,42.4383],[-79.0599,42.538],[-79.0599,41.9994],[-78.9199,41.9985],[-78.3097,41.9994],[-78.3097,42.5208]]]},"properties":{"fips":"36009","name":"Cattaraugus","state":"New York"}},
{"type":"Feature","geometry":{"type":"Polygon","coordinates":[[[-66.0415,18.3125],[-65.9984,18.3804],[-66.0379,18.4499],[-66.1277,18.4723],[-66.1097,18.4388],[-66.081,18.297],[-66.0666,18.303],[-66.0415,18.3125]]]},"properties":{"fips":"72127","name":"San Juan","state":"Puerto Rico"}},
{"type":"Feature","geometry":{"type":"Polygon","coordinates":[[[-66.02,18.3048],[-65.941,18.2936],[-65.9984,18.3804],[-66.0415,18.3125],[-66.02,18.3048]]]},"properties":{"fips":"72139","name":"Trujillo Alto","state":"Puerto Rico"}},
{"type":"Feature","geometry":{"type":"Polygon","coordinates":[[[-94.1636,41.8636],[-94.2821,41.8628],[-94.2426,41.5037],[-93.7903,41.5123],[-93.8155,41.8636],[-94.1636,41.8636]]]},"properties":{"fips":"19049","name":"Dallas","state":"Iowa"}},
{"type":"Feature","geometry":{"type":"Polygon","coordinates":[[[-102.3221,29.8789],[-102.1426,29.8033],[-101.7622,29.7827],[-101.7586,30.2878],[-101.6509,30.6202],[-101.7693,30.6529],[-102.139,30.6563],[-102.3436,30.5988],[-102.3436,30.2844],[-102.5662,30.2835],[-102.5662,30.0524],[-102.3221,29.8789]]]},"properties":{"fips":"48443","name":"Terrell","state":"Texas"}},
{"type":"Feature","geometry":{"type":"Polygon","coordinates":[[[-83.1122,34.2738],[-83.0512,34.4955],[-83.105,34.5367],[-83.3993,34.4611],[-83.3563,34.224],[-83.1122,34.2738]]]},"properties":{"fips":"13119","name":"Franklin","state":"Georgia"}},
{"type":"Feature","geometry":{"type":"Polygon","coordinates":[[[-88.7079,37.863],[-89.1494,37.8621],[-89.153,37.6001],[-89.0417,37.5967],[-88.7079,37.5992],[-88.7079,37.863]]]},"properties":{"fips":"17199","name":"Williamson","state":"Illinois"}},
{"type":"Feature","geometry":{"type":"Polygon","coordinates":[[[-81.0017,41.3482],[-81.0017,41.1343],[-80.5207,41.1334],[-80.5207,41.4891],[-80.5207,41.5002],[-81.0017,41.502],[-81.0017,41.3482]]]},"properties":{"fips":"39155","name":"Trumbull","state":"Ohio"}},
{"type":"Feature","geometry":{"type":"Polygon","coordinates":[[[-89.4724,40.9212],[-89.555,40.7477],[-89.3288,40.7486],[-89.2678,40.5939],[-88.9304,40.7537],[-88.9304,40.9281],[-89.0489,40.9255],[-89.4724,40.9212]]]},"properties":{"fips":"17203","name":"Woodford","state":"Illinois"}},
{"type":"Feature","geometry":{"type":"Polygon","coordinates":[[[-107.4835,37.4223],[-107.4835,37.6396],[-107.9716,37.6396],[-108.1978,37.3553],[-108.3808,36.9996],[-107.4835,36.9996],[-107.4835,37.4223]]]},"properties":{"fips":"08067","name":"La Plata","state":"Colorado"}},
{"type":"Feature","geometry":{"type":"Polygon","coordinates":[[[-81.2709,40.4333],[-81.3175,40.6515],[-81.6478,40.6352],[-81.7088,40.4445],[-81.6226,40.2211],[-81.3391,40.2142],[-81.2709,40.4333]]]},"properties":{"fips":"39157","name":"Tuscarawas","state":"Ohio"}},
{"type":"Feature","geometry":{"type":"Polygon","coordinates":[[[-96.5003,48.1743],[-95.5922,48.1726],[-95.6029,48.5385],[-96.389,48.5445],[-97.1643,48.5437],[-97.1607,48.5428],[-97.1427,48.194],[-97.1463,48.1734],[-96.5003,48.1743]]]},"properties":{"fips":"27089","name":"Marshall","state":"Minnesota"}},
{"type":"Feature","geometry":{"type":"Polygon","coordinates":[[[-93.0545,46.4192],[-93.0545,46.1581],[-93.1407,45.7302],[-92.8428,45.7302],[-92.7136,45.8917],[-92.351,46.0155],[-92.2936,46.1572],[-92.2936,46.4175],[-93.0545,46.4192]]]},"properties":{"fips":"27115","name":"Pine","state":"Minnesota"}},
{"type":"Feature","geometry":{"type":"Polygon","coordinates":[[[-93.1156,33.4526],[-92.9792,33.377],[-92.5664,33.3675],[-92.7746,33.5101],[-92.5843,33.8022],[-92.893,33.8099],[-93.1048,33.7773],[-93.1156,33.4526]]]},"properties":{"fips":"05103","name":"Ouachita","state":"Arkansas"}},
{"type":"Feature","geometry":{"type":"Polygon","coordinates":[[[-81.8775,41.2752],[-81.9672,41.5063],[-82.3477,41.4281],[-82.3441,41.2838],[-82.3369,41.0656],[-82.1718,41.0638],[-81.8775,41.2752]]]},"properties":{"fips":"39093","name":"Lorain","state":"Ohio"}},
{"type":"Feature","geometry":{"type":"Polygon","coordinates":[[[-82.7461,35.4232],[-82.2651,35.4679],[-82.1682,35.5281],[-82.2759,35.7042],[-82.4087,35.8184],[-82.8825,35.6784],[-82.7461,35.4232]]]},"properties":{"fips":"37021","name":"Buncombe","state":"North Carolina"}},
{"type":"Feature","geometry":{"type":"Polygon","coordinates":[[[-90.2872,35.6999],[-90.2872,35.9962],[-90.3769,35.9954],[-90.8507,35.9679],[-91.0338,35.8854],[-91.0374,35.7085],[-90.2872,35.6999]]]},"properties":{"fips":"05031","name":"Craighead","state":"Arkansas"}},
{"type":"Feature","geometry":{"type":"Polygon","coordinates":[[[-104.892,34.0883],[-104.9064,33.139],[-105.3156,33.1321],[-105.355,32.5188],[-104.8525,32.5205],[-104.8418,32.9629],[-103.8152,32.9655],[-103.7219,33.5694],[-103.5101,33.5703],[-103.7183,33.6562],[-103.9445,34.0823],[-104.1562,33.9955],[-104.7843,33.9998],[-104.892,34.0883]]]},"properties":{"fips":"35005","name":"Chaves","state":"New Mexico"}},
{"type":"Feature","geometry":{"type":"Polygon","coordinates":[[[-104.0521,43.001],[-104.0521,42.6119],[-104.0521,42.0019],[-103.4025,42.0036],[-103.4455,42.4375],[-103.5066,43.001],[-104.0521,43.001]]]},"properties":{"fips":"31165","name":"Sioux","state":"Nebraska"}},
{"type":"Feature","geometry":{"type":"Polygon","coordinates":[[[-92.3367,34.0599],[-92.6777,34.1493],[-92.8858,34.1561],[-92.893,33.8099],[-92.5843,33.8022],[-92.3331,33.7953],[-92.4551,33.9723],[-92.3367,34.0599]]]},"properties":{"fips":"05039","name":"Dallas","state":"Arkansas"}},
{"type":"Feature","geometry":{"type":"Polygon","coordinates":[[[-81.5365,35.5641],[-81.5365,35.5684],[-81.3642,35.7677],[-81.5544,35.7772],[-81.8057,35.9619],[-81.9421,35.9602],[-81.9852,35.8072],[-81.8236,35.5753],[-81.6908,35.5805],[-81.5365,35.5641]]]},"properties":{"fips":"37023","name":"Burke","state":"North Carolina"}},
{"type":"Feature","geometry":{"type":"Polygon","coordinates":[[[-82.1323,35.8236],[-82.2759,35.7042],[-82.1682,35.5281],[-81.8236,35.5753],[-81.9852,35.8072],[-81.9421,35.9602],[-81.9816,35.9112],[-82.1323,35.8236]]]},"properties":{"fips":"37111","name":"McDowell","state":"North Carolina"}},
{"type":"Feature","geometry":{"type":"Polygon","coordinates":[[[-76.7986,40.8783],[-77.355,40.807],[-77.2868,40.6936],[-76.9386,40.6386],[-76.7986,40.8783]]]},"properties":{"fips":"42109","name":"Snyder","state":"Pennsylvania"}},
{"type":"Feature","geometry":{"type":"Polygon","coordinates":[[[-82.8358,31.8161],[-82.6456,31.9191],[-82.9291,32.1356],[-83.2055,31.9002],[-83.1768,31.8478],[-82.9973,31.7808],[-82.8358,31.8161]]]},"properties":{"fips":"13271","name":"Telfair","state":"Georgia"}},
{"type":"Feature","geometry":{"type":"Polygon","coordinates":[[[-82.0569,27.2081],[-82.2543,27.2106],[-82.2508,27.3859],[-82.642,27.3893],[-82.3764,26.946],[-82.0569,27.032],[-82.0569,27.2081]]]},"properties":{"fips":"12115","name":"Sarasota","state":"Florida"}},
{"type":"Feature","geometry":{"type":"Polygon","coordinates":[[[-82.9758,34.0436],[-82.7784,33.9714],[-82.6456,33.9843],[-82.563,33.956],[-82.5953,34.0135],[-82.7425,34.2085],[-82.7748,34.2884],[-83.0763,34.224],[-82.9758,34.0436]]]},"properties":{"fips":"13105","name":"Elbert","state":"Georgia"}},
{"type":"Feature","geometry":{"type":"Polygon","coordinates":[[[-83.0189,30.8496],[-83.1983,31.0257],[-83.2952,31.0274],[-83.4747,31.0317],[-83.3527,30.8419],[-83.3563,30.6374],[-83.2737,30.6323],[-83.1373,30.6237],[-83.0189,30.8496]]]},"properties":{"fips":"13185","name":"Lowndes","state":"Georgia"}},
{"type":"Feature","geometry":{"type":"Polygon","coordinates":[[[-84.7022,32.8444],[-84.6951,32.5841],[-84.6951,32.5188],[-84.6376,32.5351],[-84.4438,32.5617],[-84.2859,32.7473],[-84.5084,32.8821],[-84.7022,32.8444]]]},"properties":{"fips":"13263","name":"Talbot","state":"Georgia"}},
{"type":"Feature","geometry":{"type":"Polygon","coordinates":[[[-78.8696,34.4852],[-79.0706,34.2996],[-78.6507,33.9439],[-78.5394,34.1484],[-78.2559,34.2163],[-78.1626,34.3572],[-78.2559,34.3992],[-78.4461,34.3778],[-78.8696,34.4852]]]},"properties":{"fips":"37047","name":"Columbus","state":"North Carolina"}},
{"type":"Feature","geometry":{"type":"Polygon","coordinates":[[[-88.4136,37.6001],[-88.4136,37.4249],[-88.3597,37.4051],[-88.0618,37.5056],[-88.1336,37.5743],[-88.3741,37.5992],[-88.4136,37.6001]]]},"properties":{"fips":"17069","name":"Hardin","state":"Illinois"}},
{"type":"Feature","geometry":{"type":"Polygon","coordinates":[[[-83.8444,34.5058],[-83.9808,34.4181],[-83.9557,34.334],[-84.0634,34.1682],[-83.8193,34.1278],[-83.6219,34.2953],[-83.6147,34.4319],[-83.6649,34.5032],[-83.8444,34.5058]]]},"properties":{"fips":"13139","name":"Hall","state":"Georgia"}},
{"type":"Feature","geometry":{"type":"Polygon","coordinates":[[[-91.364,39.7589],[-90.9153,39.7572],[-90.9153,39.8448],[-90.9153,40.1043],[-90.9117,40.1927],[-91.504,40.2005],[-91.4358,39.9453],[-91.364,39.7589]]]},"properties":{"fips":"17001","name":"Adams","state":"Illinois"}},
{"type":"Feature","geometry":{"type":"Polygon","coordinates":[[[-83.4962,32.4526],[-83.5967,32.6639],[-83.7008,32.6923],[-83.7008,32.6914],[-83.848,32.4689],[-83.848,32.2911],[-83.6147,32.2885],[-83.4962,32.4019],[-83.4962,32.4526]]]},"properties":{"fips":"13153","name":"Houston","state":"Georgia"}},
{"type":"Feature","geometry":{"type":"Polygon","coordinates":[[[-94.0703,30.5257],[-94.0524,30.6306],[-94.2857,31.0395],[-94.4579,31.0335],[-94.562,31.0592],[-94.6589,31.012],[-94.5441,30.5266],[-94.0703,30.5257]]]},"properties":{"fips":"48457","name":"Tyler","state":"Texas"}},
{"type":"Feature","geometry":{"type":"Polygon","coordinates":[[[-82.9363,29.5911],[-82.6563,29.5645],[-82.6599,29.8299],[-82.7999,29.9321],[-82.8789,29.8866],[-82.922,29.8239],[-82.9363,29.5911]]]},"properties":{"fips":"12041","name":"Gilchrist","state":"Florida"}},
{"type":"Feature","geometry":{"type":"Polygon","coordinates":[[[-93.7688,44.6401],[-93.9088,44.543],[-93.5247,44.5439],[-93.2807,44.5439],[-93.3309,44.7913],[-93.5211,44.8042],[-93.7688,44.6401]]]},"properties":{"fips":"27139","name":"Scott","state":"Minnesota"}},
{"type":"Feature","geometry":{"type":"Polygon","coordinates":[[[-89.3181,32.932],[-89.3181,33.1089],[-89.4545,33.2859],[-89.6447,33.2859],[-89.7488,33.2146],[-89.9642,32.8796],[-89.7308,32.8847],[-89.3181,32.932]]]},"properties":{"fips":"28007","name":"Attala","state":"Mississippi"}},
{"type":"Feature","geometry":{"type":"Polygon","coordinates":[[[-83.385,39.0554],[-83.2701,39.0158],[-82.8071,38.948],[-82.7856,39.1687],[-83.3527,39.198],[-83.385,39.0554]]]},"properties":{"fips":"39131","name":"Pike","state":"Ohio"}},
{"type":"Feature","geometry":{"type":"Polygon","coordinates":[[[-100.3372,43.7166],[-100.7787,43.7243],[-101.0658,43.8412],[-101.2274,43.7888],[-101.2274,43.3893],[-100.2152,43.3902],[-100.2295,43.714],[-100.3372,43.7166]]]},"properties":{"fips":"46095","name":"Mellette","state":"South Dakota"}},
{"type":"Feature","geometry":{"type":"Polygon","coordinates":[[[-79.6126,41.9994],[-79.0599,41.9994],[-79.0599,42.538],[-79.1353,42.5698],[-79.7634,42.27],[-79.7634,42.0002],[-79.6126,41.9994]]]},"properties":{"fips":"36013","name":"Chautauqua","state":"New York"}},
{"type":"Feature","geometry":{"type":"Polygon","coordinates":[[[-77.6888,38.0082],[-77.6421,37.991],[-77.3693,38.247],[-77.4483,38.2848],[-77.5308,38.3088],[-77.617,38.3681],[-77.7031,38.3612],[-77.9544,38.1181],[-77.6888,38.0082]]]},"properties":{"fips":"51177","name":"Spotsylvania","state":"Virginia"}},
{"type":"Feature","geometry":{"type":"Polygon","coordinates":[[[-91.6583,36.8888],[-91.6727,36.4997],[-91.4501,36.4979],[-91.407,36.4971],[-91.1271,36.4979],[-91.1163,36.8235],[-91.224,36.8836],[-91.6583,36.8888]]]},"properties":{"fips":"29149","name":"Oregon","state":"Missouri"}},
{"type":"Feature","geometry":{"type":"Polygon","coordinates":[[[-74.0313,40.1008],[-73.9703,40.3714],[-74.2251,40.453],[-74.4835,40.2537],[-74.5876,40.1386],[-74.5517,40.0794],[-74.4082,40.1721],[-74.0313,40.1008]]]},"properties":{"fips":"34025","name":"Monmouth","state":"New Jersey"}},
{"type":"Feature","geometry":{"type":"Polygon","coordinates":[[[-82.5738,38.8449],[-82.6492,38.8492],[-82.8143,38.5708],[-82.6671,38.5056],[-82.5953,38.4222],[-82.5092,38.4111],[-82.2867,38.5829],[-82.5738,38.8449]]]},"properties":{"fips":"39087","name":"Lawrence","state":"Ohio"}},
{"type":"Feature","geometry":{"type":"Polygon","coordinates":[[[-87.3691,45.9854],[-87.1178,46.1589],[-87.1178,46.4948],[-87.3906,46.5249],[-87.5952,46.7826],[-88.0439,46.9123],[-88.1157,46.4201],[-88.1157,46.2465],[-87.6168,46.2465],[-87.6168,45.9862],[-87.3691,45.9854]]]},"properties":{"fips":"26103","name":"Marquette","state":"Michigan"}},
{"type":"Feature","geometry":{"type":"Polygon","coordinates":[[[-82.2256,31.5308],[-82.4159,31.4175],[-82.2831,31.2242],[-82.0426,31.3736],[-82.1323,31.4716],[-82.2256,31.5308]]]},"properties":{"fips":"13229","name":"Pierce","state":"Georgia"}},
{"type":"Feature","geometry":{"type":"Polygon","coordinates":[[[-159.7867,22.0305],[-159.6036,21.8922],[-159.3452,21.936],[-159.3129,22.1834],[-159.5821,22.2238],[-159.7867,22.0305]]]},"properties":{"fips":"15007","name":"Kauai","state":"Hawaii"}},
{"type":"Feature","geometry":{"type":"Polygon","coordinates":[[[-78.805,40.9058],[-78.8014,40.7245],[-78.3492,40.7245],[-78.36,40.7322],[-78.0764,40.959],[-78.0369,41.154],[-78.0944,41.2167],[-78.2379,41.2305],[-78.7117,41.2021],[-78.805,40.9058]]]},"properties":{"fips":"42033","name":"Clearfield","state":"Pennsylvania"}},
{"type":"Feature","geometry":{"type":"Polygon","coordinates":[[[-95.5527,47.4999],[-95.5527,47.1511],[-95.1686,47.1528],[-95.183,47.4131],[-95.2296,48.0196],[-95.5814,48.0205],[-95.5814,47.9337],[-95.5527,47.4999]]]},"properties":{"fips":"27029","name":"Clearwater","state":"Minnesota"}},
{"type":"Feature","geometry":{"type":"Polygon","coordinates":[[[-83.3383,31.4759],[-83.1445,31.4724],[-82.9973,31.6735],[-83.324,31.6803],[-83.4532,31.7576],[-83.4998,31.5944],[-83.3383,31.4759]]]},"properties":{"fips":"13155","name":"Irwin","state":"Georgia"}},
{"type":"Feature","geometry":{"type":"Polygon","coordinates":[[[-93.776,46.8032],[-94.3431,46.8058],[-94.3431,46.2775],[-94.3754,46.1572],[-93.8119,46.1563],[-93.7975,46.2431],[-93.776,46.8032]]]},"properties":{"fips":"27035","name":"Crow Wing","state":"Minnesota"}},
{"type":"Feature","geometry":{"type":"Polygon","coordinates":[[[-107.8927,46.8513],[-107.8281,46.756],[-107.7814,46.4957],[-107.7383,46.4819],[-107.1748,46.4828],[-107.0277,46.3952],[-106.9379,45.8703],[-106.7297,45.6727],[-106.7692,45.1796],[-106.2811,45.1796],[-106.1914,45.7887],[-106.0873,46.8462],[-107.8927,46.8513]]]},"properties":{"fips":"30087","name":"Rosebud","state":"Montana"}},
{"type":"Feature","geometry":{"type":"Polygon","coordinates":[[[-82.1287,40.9917],[-82.1251,40.6678],[-81.6513,40.6678],[-81.6478,40.9144],[-81.6872,40.9882],[-82.1287,40.9917]]]},"properties":{"fips":"39169","name":"Wayne","state":"Ohio"}},
{"type":"Feature","geometry":{"type":"Polygon","coordinates":[[[-81.5652,26.7699],[-81.5652,26.5131],[-81.2709,26.5174],[-81.2673,26.2528],[-80.8796,26.2597],[-80.8796,26.3335],[-80.8868,26.9589],[-80.9443,26.7691],[-81.5652,26.7699]]]},"properties":{"fips":"12051","name":"Hendry","state":"Florida"}},
{"type":"Feature","geometry":{"type":"Polygon","coordinates":[[[-82.4266,33.651],[-82.2185,33.6862],[-82.563,33.956],[-82.6456,33.9843],[-82.4805,33.6398],[-82.4266,33.651]]]},"properties":{"fips":"13181","name":"Lincoln","state":"Georgia"}},
{"type":"Feature","geometry":{"type":"Polygon","coordinates":[[[-81.8236,32.0145],[-81.9708,31.7894],[-81.6621,31.5386],[-81.4934,31.6992],[-81.7662,31.8745],[-81.8236,32.0145]]]},"properties":{"fips":"13183","name":"Long","state":"Georgia"}},
{"type":"Feature","geometry":{"type":"Polygon","coordinates":[[[-97.1607,28.5533],[-96.8915,28.507],[-96.6438,28.7123],[-96.8305,29.0215],[-96.9382,29.0636],[-96.9776,29.104],[-97.3043,28.8643],[-97.1607,28.7758],[-97.1607,28.5533]]]},"properties":{"fips":"48469","name":"Victoria","state":"Texas"}},
{"type":"Feature","geometry":{"type":"Polygon","coordinates":[[[-84.2608,39.271],[-84.3182,39.0218],[-84.232,38.875],[-84.232,38.8277],[-84.0526,38.771],[-83.9916,39.2547],[-84.0059,39.2547],[-84.2608,39.271]]]},"properties":{"fips":"39025","name":"Clermont","state":"Ohio"}},
{"type":"Feature","geometry":{"type":"Polygon","coordinates":[[[-97.2289,45.5584],[-97.2253,45.2973],[-96.4715,45.3265],[-96.8341,45.5859],[-96.5649,45.9356],[-97.2289,45.9356],[-97.2289,45.5584]]]},"properties":{"fips":"46109","name":"Roberts","state":"South Dakota"}},
{"type":"Feature","geometry":{"type":"Polygon","coordinates":[[[-102.1103,43.3902],[-102.139,43.7011],[-102.8102,43.6874],[-103.0005,43.4769],[-103.0005,43.0002],[-102.7923,43.0002],[-102.0816,42.9993],[-102.1103,43.3902]]]},"properties":{"fips":"46102","name":"Oglala Lakota","state":"South Dakota"}},
{"type":"Feature","geometry":{"type":"Polygon","coordinates":[[[-80.6499,38.5262],[-80.8796,38.5073],[-80.912,38.4145],[-81.2314,38.2633],[-80.8832,38.1035],[-80.711,38.0795],[-80.4382,38.2676],[-80.6105,38.3587],[-80.6499,38.5262]]]},"properties":{"fips":"54067","name":"Nicholas","state":"West Virginia"}},
{"type":"Feature","geometry":{"type":"Polygon","coordinates":[[[-66.9209,18.3932],[-66.9568,18.4895],[-67.1039,18.5144],[-67.0573,18.4611],[-67.0286,18.3932],[-66.9209,18.3932]]]},"properties":{"fips":"72071","name":"Isabela","state":"Puerto Rico"}},
{"type":"Feature","geometry":{"type":"Polygon","coordinates":[[[-66.8993,18.1879],[-66.9065,18.2532],[-67.0393,18.2893],[-67.0824,18.2549],[-67.0214,18.1957],[-66.8993,18.1879]]]},"properties":{"fips":"72083","name":"Las Marías","state":"Puerto Rico"}},
{"type":"Feature","geometry":{"type":"Polygon","coordinates":[[[-66.8993,18.3658],[-66.9029,18.4843],[-66.9568,18.4895],[-66.9209,18.3932],[-66.8993,18.3658]]]},"properties":{"fips":"72115","name":"Quebradillas","state":"Puerto Rico"}},
{"type":"Feature","geometry":{"type":"Polygon","coordinates":[[[-66.8383,18.1708],[-66.8276,18.1716],[-66.8168,18.23],[-66.8276,18.3237],[-66.824,18.3434],[-66.8922,18.3675],[-66.9065,18.2532],[-66.8993,18.1879],[-66.8383,18.1708]]]},"properties":{"fips":"72081","name":"Lares","state":"Puerto Rico"}},
{"type":"Feature","geometry":{"type":"Polygon","coordinates":[[[-65.758,18.291],[-65.7544,18.297],[-65.6682,18.3632],[-65.7508,18.3847],[-65.758,18.291]]]},"properties":{"fips":"72089","name":"Luquillo","state":"Puerto Rico"}},
{"type":"Feature","geometry":{"type":"Polygon","coordinates":[[[-66.6948,18.1304],[-66.7701,18.1347],[-66.7594,17.9981],[-66.6983,17.9775],[-66.6948,18.1304]]]},"properties":{"fips":"72111","name":"Peñuelas","state":"Puerto Rico"}},
{"type":"Feature","geometry":{"type":"Polygon","coordinates":[[[-70.9624,43.5414],[-71.1634,43.5388],[-71.2352,43.2854],[-71.246,43.2751],[-71.027,43.1376],[-70.8189,43.123],[-70.9876,43.3799],[-70.9624,43.5414]]]},"properties":{"fips":"33017","name":"Strafford","state":"New Hampshire"}},
{"type":"Feature","geometry":{"type":"Polygon","coordinates":[[[-92.4802,35.3683],[-92.5556,35.1131],[-92.5449,34.9533],[-92.229,34.9276],[-92.1213,35.0126],[-92.1213,35.0667],[-92.1105,35.3631],[-92.2541,35.364],[-92.4802,35.3683]]]},"properties":{"fips":"05045","name":"Faulkner","state":"Arkansas"}},
{"type":"Feature","geometry":{"type":"Polygon","coordinates":[[[-89.939,37.875],[-90.2082,38.0881],[-90.2513,38.1276],[-90.4164,38.0425],[-90.4595,37.8793],[-90.1113,37.6714],[-89.939,37.875]]]},"properties":{"fips":"29186","name":"Ste. Genevieve","state":"Missouri"}},
{"type":"Feature","geometry":{"type":"Polygon","coordinates":[[[-96.3208,41.0449],[-95.8793,41.0535],[-95.8793,41.16],[-95.9224,41.191],[-96.328,41.1901],[-96.3208,41.0449]]]},"properties":{"fips":"31153","name":"Sarpy","state":"Nebraska"}},
{"type":"Feature","geometry":{"type":"Polygon","coordinates":[[[-77.2868,38.3492],[-77.3011,38.5047],[-77.5308,38.5562],[-77.6349,38.4102],[-77.617,38.3681],[-77.5308,38.3088],[-77.4662,38.3183],[-77.4483,38.2848],[-77.3693,38.247],[-77.3262,38.2453],[-77.2868,38.3492]]]},"properties":{"fips":"51179","name":"Stafford","state":"Virginia"}},
{"type":"Feature","geometry":{"type":"Polygon","coordinates":[[[-102.9287,46.6297],[-102.096,46.6314],[-102.096,46.7173],[-102.096,46.981],[-102.1462,47.0102],[-103.0328,46.9802],[-103.2302,46.9802],[-103.2302,46.6297],[-102.9287,46.6297]]]},"properties":{"fips":"38089","name":"Stark","state":"North Dakota"}},
{"type":"Feature","geometry":{"type":"Polygon","coordinates":[[[-86.26,35.3339],[-86.3174,35.1269],[-86.3174,34.9911],[-86.3103,34.9911],[-85.8652,34.9886],[-85.8724,35.2231],[-85.9118,35.2892],[-86.26,35.3339]]]},"properties":{"fips":"47051","name":"Franklin","state":"Tennessee"}},
{"type":"Feature","geometry":{"type":"Polygon","coordinates":[[[-102.0206,48.8074],[-102.2324,48.7206],[-102.2324,48.5462],[-101.9739,48.5471],[-101.8734,47.8478],[-100.9725,47.8487],[-101.0587,48.4586],[-101.8411,48.4595],[-101.8411,48.7198],[-102.0206,48.8074]]]},"properties":{"fips":"38101","name":"Ward","state":"North Dakota"}},
{"type":"Feature","geometry":{"type":"Polygon","coordinates":[[[-85.5601,35.3193],[-85.8724,35.2231],[-85.8652,34.9886],[-85.6067,34.9843],[-85.4739,34.9834],[-85.3878,35.1475],[-85.5601,35.3193]]]},"properties":{"fips":"47115","name":"Marion","state":"Tennessee"}},
{"type":"Feature","geometry":{"type":"Polygon","coordinates":[[[-93.0402,44.4717],[-92.7925,44.543],[-92.7315,44.714],[-92.8033,44.7458],[-93.0186,44.8909],[-93.1802,44.8884],[-93.3309,44.7913],[-93.2807,44.5439],[-93.0402,44.4717]]]},"properties":{"fips":"27037","name":"Dakota","state":"Minnesota"}},
{"type":"Feature","geometry":{"type":"Polygon","coordinates":[[[-85.2191,40.3792],[-85.4452,40.3792],[-85.578,40.3792],[-85.5744,40.0768],[-85.2155,40.0768],[-85.2191,40.307],[-85.2191,40.3792]]]},"properties":{"fips":"18035","name":"Delaware","state":"Indiana"}},
{"type":"Feature","geometry":{"type":"Polygon","coordinates":[[[-93.0545,47.0266],[-93.0797,47.8916],[-93.776,47.8994],[-94.4185,47.8461],[-94.4149,47.4449],[-94.117,47.481],[-93.9124,47.298],[-93.776,47.03],[-93.0545,47.0266]]]},"properties":{"fips":"27061","name":"Itasca","state":"Minnesota"}},
{"type":"Feature","geometry":{"type":"Polygon","coordinates":[[[-83.8839,44.1616],[-83.5644,44.1633],[-83.3311,44.3403],[-83.3168,44.5112],[-83.8875,44.5087],[-83.8839,44.1616]]]},"properties":{"fips":"26069","name":"Iosco","state":"Michigan"}},
{"type":"Feature","geometry":{"type":"Polygon","coordinates":[[[-98.4815,38.5219],[-98.4815,38.2607],[-98.4744,38.1731],[-97.9216,38.174],[-97.9252,38.5227],[-98.4815,38.5219]]]},"properties":{"fips":"20159","name":"Rice","state":"Kansas"}},
{"type":"Feature","geometry":{"type":"Polygon","coordinates":[[[-94.6087,39.1138],[-94.6015,39.1593],[-94.7738,39.2005],[-94.9102,38.9918],[-94.6087,39.0442],[-94.6087,39.1138]]]},"properties":{"fips":"20209","name":"Wyandotte","state":"Kansas"}},
{"type":"Feature","geometry":{"type":"Polygon","coordinates":[[[-99.3932,28.2046],[-100.1147,28.1977],[-100.2116,28.1968],[-100.0824,28.1444],[-99.7055,27.6548],[-99.5547,27.6144],[-99.4542,27.2648],[-98.9553,27.2691],[-98.7974,27.3541],[-98.8046,28.0577],[-99.3896,28.0302],[-99.3932,28.2046]]]},"properties":{"fips":"48479","name":"Webb","state":"Texas"}},
{"type":"Feature","geometry":{"type":"Polygon","coordinates":[[[-95.8757,29.2294],[-95.847,29.2629],[-96.0588,29.4734],[-96.0875,29.6014],[-96.1736,29.634],[-96.3495,29.4064],[-96.6402,29.2475],[-96.31,28.9631],[-95.8757,29.2294]]]},"properties":{"fips":"48481","name":"Wharton","state":"Texas"}},
{"type":"Feature","geometry":{"type":"Polygon","coordinates":[[[-83.8157,33.1321],[-83.8229,33.1802],[-84.0418,33.2026],[-84.1244,32.932],[-84.1244,32.8495],[-83.8911,32.8486],[-83.7116,32.9526],[-83.8157,33.1321]]]},"properties":{"fips":"13207","name":"Monroe","state":"Georgia"}},
{"type":"Feature","geometry":{"type":"Polygon","coordinates":[[[-83.5357,33.9663],[-83.647,33.9061],[-83.507,33.8177],[-83.4065,33.6983],[-83.2809,33.7618],[-83.2773,33.8477],[-83.5357,33.9663]]]},"properties":{"fips":"13219","name":"Oconee","state":"Georgia"}},
{"type":"Feature","geometry":{"type":"Polygon","coordinates":[[[-84.0095,32.5213],[-84.0167,32.5067],[-83.848,32.4689],[-83.7008,32.6914],[-84.0023,32.5299],[-84.0095,32.5213]]]},"properties":{"fips":"13225","name":"Peach","state":"Georgia"}},
{"type":"Feature","geometry":{"type":"Polygon","coordinates":[[[-85.1258,31.78],[-84.9571,31.7783],[-84.9068,31.9243],[-85.0612,31.9904],[-85.1258,31.78]]]},"properties":{"fips":"13239","name":"Quitman","state":"Georgia"}},
{"type":"Feature","geometry":{"type":"Polygon","coordinates":[[[-82.1969,40.2391],[-82.1862,40.167],[-81.716,40.1524],[-81.6226,40.2211],[-81.7088,40.4445],[-82.1862,40.4565],[-82.1969,40.2391]]]},"properties":{"fips":"39031","name":"Coshocton","state":"Ohio"}},
{"type":"Feature","geometry":{"type":"Polygon","coordinates":[[[-84.5479,31.6211],[-84.5982,31.92],[-84.6556,31.92],[-84.9068,31.9243],[-84.9571,31.7783],[-84.8171,31.6202],[-84.5479,31.6211]]]},"properties":{"fips":"13243","name":"Randolph","state":"Georgia"}},
{"type":"Feature","geometry":{"type":"Polygon","coordinates":[[[-65.9267,18.1201],[-65.8764,18.1184],[-65.8262,18.2008],[-65.8226,18.273],[-65.8369,18.2756],[-65.8513,18.2549],[-65.9267,18.1433],[-65.9267,18.1201]]]},"properties":{"fips":"72085","name":"Las Piedras","state":"Puerto Rico"}},
{"type":"Feature","geometry":{"type":"Polygon","coordinates":[[[-82.0462,38.3741],[-81.917,38.326],[-81.7267,38.466],[-81.698,38.6267],[-81.7734,38.6808],[-82.0641,38.6078],[-82.0533,38.4746],[-82.0462,38.3741]]]},"properties":{"fips":"54079","name":"Putnam","state":"West Virginia"}},
{"type":"Feature","geometry":{"type":"Polygon","coordinates":[[[-81.3104,37.4249],[-81.2206,37.5108],[-81.515,37.7908],[-81.6083,37.7891],[-81.8021,37.6602],[-81.8559,37.5486],[-81.3104,37.4249]]]},"properties":{"fips":"54109","name":"Wyoming","state":"West Virginia"}},
{"type":"Feature","geometry":{"type":"Polygon","coordinates":[[[-74.6953,41.3576],[-74.9932,41.0922],[-74.9681,41.0948],[-74.7707,40.9109],[-74.5015,41.0862],[-74.3687,41.2039],[-74.6953,41.3576]]]},"properties":{"fips":"34037","name":"Sussex","state":"New Jersey"}},
{"type":"Feature","geometry":{"type":"Polygon","coordinates":[[[-86.8809,33.0497],[-87.0281,33.2464],[-87.064,33.2473],[-87.4229,33.0033],[-87.4229,32.8744],[-87.0209,32.8366],[-86.8809,33.0497]]]},"properties":{"fips":"01007","name":"Bibb","state":"Alabama"}},
{"type":"Feature","geometry":{"type":"Polygon","coordinates":[[[-88.1551,34.4628],[-88.3274,34.4637],[-88.5428,34.4654],[-88.5428,34.0891],[-88.2054,34.0866],[-88.1731,34.3211],[-88.1551,34.4628]]]},"properties":{"fips":"28057","name":"Itawamba","state":"Mississippi"}},
{"type":"Feature","geometry":{"type":"Polygon","coordinates":[[[-91.8414,39.9479],[-91.4358,39.9453],[-91.504,40.2005],[-91.4968,40.2486],[-91.949,40.2572],[-91.9526,39.9496],[-91.8414,39.9479]]]},"properties":{"fips":"29111","name":"Lewis","state":"Missouri"}},
{"type":"Feature","geometry":{"type":"Polygon","coordinates":[[[-72.452,43.1617],[-72.0392,43.129],[-72.0105,43.1883],[-72.0895,43.3223],[-71.9351,43.5285],[-72.33,43.5998],[-72.434,43.233],[-72.452,43.1617]]]},"properties":{"fips":"33019","name":"Sullivan","state":"New Hampshire"}},
{"type":"Feature","geometry":{"type":"Polygon","coordinates":[[[-99.4937,48.5445],[-100.147,48.5454],[-100.2762,48.5445],[-100.1972,47.8478],[-100.068,47.847],[-99.8132,47.847],[-99.8455,48.371],[-99.4937,48.371],[-99.4937,48.5445]]]},"properties":{"fips":"38069","name":"Pierce","state":"North Dakota"}},
{"type":"Feature","geometry":{"type":"Polygon","coordinates":[[[-73.7693,40.8001],[-73.7872,40.8018],[-73.9128,40.7958],[-73.9631,40.7365],[-73.9344,40.569],[-73.7513,40.5896],[-73.7693,40.8001]]]},"properties":{"fips":"36081","name":"Queens","state":"New York"}},
{"type":"Feature","geometry":{"type":"Polygon","coordinates":[[[-79.5301,36.2497],[-79.2573,36.2437],[-79.1532,36.2419],[-79.1388,36.5417],[-79.2178,36.5417],[-79.3434,36.5409],[-79.4691,36.5409],[-79.5121,36.5409],[-79.5301,36.2497]]]},"properties":{"fips":"37033","name":"Caswell","state":"North Carolina"}},
{"type":"Feature","geometry":{"type":"Polygon","coordinates":[[[-88.9915,46.3324],[-88.9915,46.4201],[-88.934,47.0326],[-89.4365,46.8393],[-89.8888,46.7654],[-89.7416,46.506],[-89.3647,46.506],[-89.3647,46.3333],[-88.9915,46.3324]]]},"properties":{"fips":"26131","name":"Ontonagon","state":"Michigan"}},
{"type":"Feature","geometry":{"type":"Polygon","coordinates":[[[-91.0194,30.3213],[-91.1055,30.0627],[-90.962,30.0662],[-90.6425,30.1667],[-90.6318,30.2216],[-90.8902,30.3453],[-91.0194,30.3213]]]},"properties":{"fips":"22005","name":"Ascension","state":"Louisiana"}},
{"type":"Feature","geometry":{"type":"Polygon","coordinates":[[[-80.9443,27.2106],[-81.2135,27.5285],[-81.1417,27.6436],[-81.5616,27.647],[-81.5652,27.3404],[-81.5616,27.0337],[-81.2673,27.0328],[-81.1704,27.2098],[-80.9443,27.2106]]]},"properties":{"fips":"12055","name":"Highlands","state":"Florida"}},
{"type":"Feature","geometry":{"type":"Polygon","coordinates":[[[-82.3548,35.1922],[-82.2615,35.3932],[-82.2651,35.4679],[-82.7461,35.4232],[-82.5738,35.1441],[-82.3548,35.1922]]]},"properties":{"fips":"37089","name":"Henderson","state":"North Carolina"}},
{"type":"Feature","geometry":{"type":"Polygon","coordinates":[[[-95.1543,41.5054],[-95.1543,41.1592],[-94.9281,41.1583],[-94.702,41.1583],[-94.702,41.5045],[-95.0394,41.5045],[-95.1543,41.5054]]]},"properties":{"fips":"19029","name":"Cass","state":"Iowa"}},
{"type":"Feature","geometry":{"type":"Polygon","coordinates":[[[-83.6542,39.7168],[-83.2522,39.6954],[-83.245,39.8122],[-83.2055,40.1077],[-83.5034,40.1111],[-83.5178,40.0098],[-83.647,39.7727],[-83.6542,39.7168]]]},"properties":{"fips":"39097","name":"Madison","state":"Ohio"}},
{"type":"Feature","geometry":{"type":"Polygon","coordinates":[[[-80.3197,27.5577],[-80.4453,27.8609],[-80.8689,27.8223],[-80.8725,27.6419],[-80.6786,27.5586],[-80.3197,27.5577]]]},"properties":{"fips":"12061","name":"Indian River","state":"Florida"}},
{"type":"Feature","geometry":{"type":"Polygon","coordinates":[[[-94.1421,35.0994],[-94.0272,35.2136],[-94.0739,35.4456],[-94.3036,35.3528],[-94.4364,35.4284],[-94.4328,35.3863],[-94.4472,34.9336],[-94.2318,34.9688],[-94.1421,35.0994]]]},"properties":{"fips":"05131","name":"Sebastian","state":"Arkansas"}},
{"type":"Feature","geometry":{"type":"Polygon","coordinates":[[[-87.9362,40.4857],[-87.527,40.4908],[-87.527,40.7365],[-87.527,41.0106],[-88.1336,40.9977],[-88.1193,40.4883],[-87.9362,40.4857]]]},"properties":{"fips":"17075","name":"Iroquois","state":"Illinois"}},
{"type":"Feature","geometry":{"type":"Polygon","coordinates":[[[-84.9212,32.231],[-85.0504,32.0626],[-85.0612,31.9904],[-84.9068,31.9243],[-84.6556,31.92],[-84.6484,32.2327],[-84.6592,32.2327],[-84.9212,32.231]]]},"properties":{"fips":"13259","name":"Stewart","state":"Georgia"}},
{"type":"Feature","geometry":{"type":"Polygon","coordinates":[[[-81.6837,41.2769],[-81.3929,41.3482],[-81.3893,41.5698],[-81.4898,41.6317],[-81.7375,41.4882],[-81.9672,41.5063],[-81.8775,41.2752],[-81.6837,41.2769]]]},"properties":{"fips":"39035","name":"Cuyahoga","state":"Ohio"}},
{"type":"Feature","geometry":{"type":"Polygon","coordinates":[[[-83.5465,33.1717],[-83.5321,33.4345],[-83.6829,33.5264],[-83.8624,33.3684],[-83.8229,33.1802],[-83.8157,33.1321],[-83.5465,33.1717]]]},"properties":{"fips":"13159","name":"Jasper","state":"Georgia"}},
{"type":"Feature","geometry":{"type":"Polygon","coordinates":[[[-84.2572,34.1862],[-84.0992,34.0505],[-84.0634,34.1682],[-83.9557,34.334],[-84.2572,34.3348],[-84.2572,34.1862]]]},"properties":{"fips":"13117","name":"Forsyth","state":"Georgia"}},
{"type":"Feature","geometry":{"type":"Polygon","coordinates":[[[-116.2665,43.1127],[-116.5106,43.2905],[-117.0274,43.6805],[-117.0274,42.0002],[-117.0167,41.9994],[-115.039,41.9959],[-115.039,42.7682],[-115.4553,42.7682],[-115.441,42.9314],[-116.0511,42.9856],[-116.2665,43.1127]]]},"properties":{"fips":"16073","name":"Owyhee","state":"Idaho"}},
{"type":"Feature","geometry":{"type":"Polygon","coordinates":[[[-121.2161,36.961],[-121.2269,37.1345],[-121.392,37.1482],[-121.4064,37.3106],[-121.471,37.4231],[-121.471,37.4816],[-121.4716,37.4824],[-121.8694,37.4833],[-122.0453,37.4592],[-122.1099,37.4661],[-122.1529,37.2857],[-121.5822,36.8991],[-121.2161,36.961]]]},"properties":{"fips":"06085","name":"Santa Clara","state":"California"}},
{"type":"Feature","geometry":{"type":"Polygon","coordinates":[[[-92.2792,30.9647],[-92.2326,31.3212],[-92.0854,31.335],[-92.1967,31.4776],[-92.6597,31.3882],[-92.7207,31.518],[-92.9827,31.347],[-92.8284,31.2525],[-92.8248,30.89],[-92.5987,30.896],[-92.2792,30.9647]]]},"properties":{"fips":"22079","name":"Rapides","state":"Louisiana"}},
{"type":"Feature","geometry":{"type":"Polygon","coordinates":[[[-88.7187,33.8117],[-88.5141,33.6501],[-88.2485,33.7446],[-88.209,34.0582],[-88.2054,34.0866],[-88.5428,34.0891],[-88.7187,34.0745],[-88.7187,33.8117]]]},"properties":{"fips":"28095","name":"Monroe","state":"Mississippi"}},
{"type":"Feature","geometry":{"type":"Polygon","coordinates":[[[-75.0147,40.1378],[-75.2768,39.9771],[-75.2122,39.8654],[-75.1404,39.8886],[-75.0614,39.9917],[-74.9753,40.0493],[-75.0147,40.1378]]]},"properties":{"fips":"42101","name":"Philadelphia","state":"Pennsylvania"}},
{"type":"Feature","geometry":{"type":"Polygon","coordinates":[[[-70.8189,43.123],[-71.027,43.1376],[-71.246,43.2751],[-71.3931,43.0096],[-71.4254,42.8249],[-71.246,42.7424],[-70.8189,42.8722],[-70.704,43.0594],[-70.8189,43.123]]]},"properties":{"fips":"33015","name":"Rockingham","state":"New Hampshire"}},
{"type":"Feature","geometry":{"type":"Polygon","coordinates":[[[-73.2632,42.7459],[-73.2739,42.9435],[-73.6365,42.9409],[-73.6759,42.7837],[-73.7836,42.4641],[-73.3529,42.5096],[-73.2632,42.7459]]]},"properties":{"fips":"36083","name":"Rensselaer","state":"New York"}},
{"type":"Feature","geometry":{"type":"Polygon","coordinates":[[[-81.3283,35.1638],[-81.0412,35.1492],[-80.955,35.4001],[-81.4539,35.4198],[-81.3283,35.1638]]]},"properties":{"fips":"37071","name":"Gaston","state":"North Carolina"}},
{"type":"Feature","geometry":{"type":"Polygon","coordinates":[[[-89.7667,37.1259],[-89.8672,37.1259],[-90.1113,37.0409],[-90.2585,36.9223],[-90.1472,36.6302],[-89.9606,36.6294],[-89.7021,36.6277],[-89.6914,36.8596],[-89.7667,37.1259]]]},"properties":{"fips":"29207","name":"Stoddard","state":"Missouri"}},
{"type":"Feature","geometry":{"type":"Polygon","coordinates":[[[-101.9847,41.7425],[-102.0673,42.0088],[-102.6774,42.0054],[-102.6379,41.4392],[-102.6092,41.2219],[-102.0565,41.2219],[-101.9847,41.3946],[-101.9847,41.7425]]]},"properties":{"fips":"31069","name":"Garden","state":"Nebraska"}},
{"type":"Feature","geometry":{"type":"Polygon","coordinates":[[[-85.7898,31.6176],[-85.7467,31.6185],[-85.657,31.8805],[-85.998,32.0514],[-86.1918,31.9664],[-86.1451,31.6176],[-85.7898,31.6176]]]},"properties":{"fips":"01109","name":"Pike","state":"Alabama"}},
{"type":"Feature","geometry":{"type":"Polygon","coordinates":[[[-79.5121,41.6248],[-78.9558,41.6231],[-78.9558,41.6239],[-78.9199,41.9985],[-79.0599,41.9994],[-79.6126,41.9994],[-79.6126,41.8499],[-79.6126,41.6239],[-79.5121,41.6248]]]},"properties":{"fips":"42123","name":"Warren","state":"Pennsylvania"}},
{"type":"Feature","geometry":{"type":"Polygon","coordinates":[[[-95.5204,37.3836],[-95.524,36.9996],[-95.4091,36.9996],[-95.0717,36.9996],[-95.0753,37.3398],[-95.0897,37.3836],[-95.5204,37.3836]]]},"properties":{"fips":"20099","name":"Labette","state":"Kansas"}},
{"type":"Feature","geometry":{"type":"Polygon","coordinates":[[[-93.7903,41.1618],[-94.0129,41.1566],[-94.0165,40.8972],[-93.557,40.898],[-93.557,41.1609],[-93.7903,41.1618]]]},"properties":{"fips":"19039","name":"Clarke","state":"Iowa"}},
{"type":"Feature","geometry":{"type":"Polygon","coordinates":[[[-94.6195,36.668],[-94.9999,36.6706],[-95.0071,36.51],[-95.0107,36.162],[-94.7989,36.1612],[-94.562,36.162],[-94.6195,36.4997],[-94.6195,36.668]]]},"properties":{"fips":"40041","name":"Delaware","state":"Oklahoma"}},
{"type":"Feature","geometry":{"type":"Polygon","coordinates":[[[-86.4682,41.4332],[-86.059,41.4788],[-86.0626,41.7605],[-86.2277,41.7597],[-86.5256,41.7597],[-86.5256,41.4332],[-86.4682,41.4332]]]},"properties":{"fips":"18141","name":"St. Joseph","state":"Indiana"}},
{"type":"Feature","geometry":{"type":"Polygon","coordinates":[[[-76.4074,35.6973],[-76.0449,35.6655],[-76.0628,35.9928],[-76.3643,35.9447],[-76.4074,35.6973]]]},"properties":{"fips":"37177","name":"Tyrrell","state":"North Carolina"}},
{"type":"Feature","geometry":{"type":"Polygon","coordinates":[[[-107.1282,37.4231],[-107.1389,37.9386],[-106.9989,37.9558],[-107.0025,38.1473],[-107.5696,38.1473],[-107.5696,37.9652],[-107.4835,37.6396],[-107.4835,37.4223],[-107.1282,37.4231]]]},"properties":{"fips":"08053","name":"Hinsdale","state":"Colorado"}},
{"type":"Feature","geometry":{"type":"MultiPolygon","coordinates":[[[[-97.3473,27.2776],[-97.2217,27.5766],[-97.2684,27.5757],[-97.376,27.2776],[-97.3473,27.2776]]],[[[-97.9862,27.2089],[-97.6381,27.2819],[-97.4119,27.3215],[-97.3258,27.5611],[-97.8391,27.5586],[-97.9432,27.6359],[-98.058,27.6359],[-98.058,27.2613],[-97.9862,27.2089]]]]},"properties":{"fips":"48273","name":"Kleberg","state":"Texas"}},
{"type":"Feature","geometry":{"type":"Polygon","coordinates":[[[-80.9155,36.65],[-80.8366,36.5589],[-80.6105,36.5581],[-80.4633,36.7084],[-80.6356,36.9318],[-80.7397,36.8794],[-81.0412,36.8063],[-80.9335,36.6715],[-80.9191,36.6938],[-80.8796,36.6929],[-80.9155,36.65]]]},"properties":{"fips":"51035","name":"Carroll","state":"Virginia"}},
{"type":"Feature","geometry":{"type":"Polygon","coordinates":[[[-118.2263,44.0396],[-118.2298,42.9142],[-118.1975,41.9968],[-117.0274,42.0002],[-117.0274,43.6805],[-116.9808,43.8798],[-116.8982,44.153],[-117.2213,44.3016],[-117.4869,44.2999],[-117.5909,44.4442],[-117.9714,44.4442],[-118.2334,44.2561],[-118.2263,44.0396]]]},"properties":{"fips":"41045","name":"Malheur","state":"Oregon"}},
{"type":"Feature","geometry":{"type":"Polygon","coordinates":[[[-76.472,38.3243],[-76.5294,38.7134],[-76.6874,38.7487],[-76.6766,38.5356],[-76.673,38.4995],[-76.472,38.3243]]]},"properties":{"fips":"24009","name":"Calvert","state":"Maryland"}},
{"type":"Feature","geometry":{"type":"Polygon","coordinates":[[[-82.9399,37.7161],[-82.9255,37.4867],[-82.7102,37.2857],[-82.5882,37.4463],[-82.563,37.6852],[-82.642,37.7204],[-82.9399,37.7161]]]},"properties":{"fips":"21071","name":"Floyd","state":"Kentucky"}},
{"type":"Feature","geometry":{"type":"Polygon","coordinates":[[[-94.982,29.884],[-95.0968,30.1675],[-95.2943,30.0275],[-95.5527,30.171],[-95.8039,30.0902],[-95.8255,29.7887],[-95.4235,29.5799],[-95.2153,29.5559],[-95.0179,29.555],[-94.9317,29.6736],[-94.982,29.884]]]},"properties":{"fips":"48201","name":"Harris","state":"Texas"}},
{"type":"Feature","geometry":{"type":"Polygon","coordinates":[[[-76.5904,37.2135],[-76.612,37.1671],[-76.3894,36.9893],[-76.4361,37.095],[-76.5904,37.2135]]]},"properties":{"fips":"51700","name":"Newport News","state":"Virginia"}},
{"type":"Feature","geometry":{"type":"Polygon","coordinates":[[[-146.4955,63.1692],[-146.4884,63.4827],[-147.0016,63.4793],[-148.0246,63.4776],[-148.0246,63.3332],[-149.5249,63.3332],[-151.8938,62.798],[-151.8938,62.7259],[-152.9993,62.7276],[-152.9993,62.2929],[-152.9993,61.4261],[-151.3339,61.4261],[-151.3339,61.2526],[-150.975,61.1916],[-150.713,61.2509],[-149.9843,61.2371],[-149.8766,61.384],[-149.4316,61.4682],[-148.4625,61.4261],[-147.2062,61.4261],[-146.9442,61.4708],[-146.9801,62.2508],[-146.4237,62.2508],[-146.4955,63.1692]]]},"properties":{"fips":"02170","name":"Matanuska-Susitna","state":"Alaska"}},
{"type":"Feature","geometry":{"type":"Polygon","coordinates":[[[-93.8262,33.6098],[-93.7221,33.4818],[-93.4817,33.4758],[-93.4565,33.9568],[-93.8226,34.0092],[-93.959,33.7507],[-93.8262,33.6098]]]},"properties":{"fips":"05057","name":"Hempstead","state":"Arkansas"}},
{"type":"Feature","geometry":{"type":"Polygon","coordinates":[[[-89.6698,34.5547],[-89.7237,34.7721],[-90.201,34.7248],[-90.1975,34.5547],[-89.7201,34.5539],[-89.6698,34.5547]]]},"properties":{"fips":"28137","name":"Tate","state":"Mississippi"}},
{"type":"Feature","geometry":{"type":"Polygon","coordinates":[[[-74.261,40.502],[-74.0708,40.6609],[-74.1605,40.6446],[-74.2036,40.5931],[-74.261,40.502]]]},"properties":{"fips":"36085","name":"Richmond","state":"New York"}},
{"type":"Feature","geometry":{"type":"Polygon","coordinates":[[[-100.5849,47.8478],[-100.671,47.6743],[-100.6746,47.3272],[-100.1147,47.3272],[-100.0321,47.3272],[-100.068,47.847],[-100.1972,47.8478],[-100.5849,47.8478]]]},"properties":{"fips":"38083","name":"Sheridan","state":"North Dakota"}},
{"type":"Feature","geometry":{"type":"Polygon","coordinates":[[[-74.4512,42.1694],[-74.7814,42.0165],[-74.4548,41.8756],[-74.5768,41.7451],[-74.3687,41.5913],[-73.9523,41.5896],[-73.9308,42.0784],[-73.9092,42.1274],[-74.4512,42.1694]]]},"properties":{"fips":"36111","name":"Ulster","state":"New York"}},
{"type":"Feature","geometry":{"type":"Polygon","coordinates":[[[-80.693,36.0512],[-80.7074,35.8528],[-80.4597,35.7428],[-80.3951,35.973],[-80.4956,36.0469],[-80.693,36.0512]]]},"properties":{"fips":"37059","name":"Davie","state":"North Carolina"}},
{"type":"Feature","geometry":{"type":"Polygon","coordinates":[[[-99.9962,34.224],[-99.7737,34.0934],[-99.4758,34.0857],[-99.4758,34.3967],[-99.7091,34.3872],[-99.8455,34.5066],[-99.9962,34.5608],[-99.9962,34.3116],[-99.9962,34.224]]]},"properties":{"fips":"48197","name":"Hardeman","state":"Texas"}},
{"type":"Feature","geometry":{"type":"Polygon","coordinates":[[[-99.9388,44.1951],[-100.3659,44.3558],[-100.5274,44.5473],[-100.7177,44.7707],[-101.1376,44.7475],[-101.1663,44.1685],[-101.0479,44.1685],[-100.3659,44.1685],[-99.9388,44.1951]]]},"properties":{"fips":"46117","name":"Stanley","state":"South Dakota"}},
{"type":"Feature","geometry":{"type":"Polygon","coordinates":[[[-93.3632,39.9677],[-93.3632,40.033],[-93.3668,40.2666],[-93.7616,40.264],[-93.7652,40.1326],[-93.7616,39.9599],[-93.3632,39.9677]]]},"properties":{"fips":"29079","name":"Grundy","state":"Missouri"}},
{"type":"Feature","geometry":{"type":"Polygon","coordinates":[[[-83.1696,40.1429],[-83.2055,40.1077],[-83.245,39.8122],[-82.825,39.795],[-82.782,39.9393],[-82.7604,40.1257],[-83.1696,40.1429]]]},"properties":{"fips":"39049","name":"Franklin","state":"Ohio"}},
{"type":"Feature","geometry":{"type":"Polygon","coordinates":[[[-120.003,39.0674],[-120.003,39.1129],[-120.003,39.1653],[-120.0065,39.3165],[-120.6454,39.3148],[-120.9792,39.1103],[-121.2807,39.0347],[-121.4135,38.9961],[-121.4853,38.7349],[-121.1408,38.7117],[-121.0403,38.9153],[-120.728,39.0038],[-120.003,39.0674]]]},"properties":{"fips":"06061","name":"Placer","state":"California"}},
{"type":"Feature","geometry":{"type":"Polygon","coordinates":[[[-94.6087,38.7384],[-94.6087,38.8475],[-94.6087,39.0442],[-94.9102,38.9918],[-95.0574,38.9823],[-95.0574,38.7384],[-94.6087,38.7384]]]},"properties":{"fips":"20091","name":"Johnson","state":"Kansas"}},
{"type":"Feature","geometry":{"type":"Polygon","coordinates":[[[-73.4857,42.05],[-73.518,41.6669],[-73.3098,41.4685],[-72.9832,41.6394],[-73.0083,42.0389],[-73.055,42.0397],[-73.4857,42.05]]]},"properties":{"fips":"09005","name":"Litchfield","state":"Connecticut"}},
{"type":"Feature","geometry":{"type":"Polygon","coordinates":[[[-86.1918,31.1924],[-86.1882,30.9939],[-86.0339,30.9931],[-85.4991,30.9965],[-85.4883,30.9974],[-85.4847,31.2001],[-85.7108,31.195],[-85.7898,31.1967],[-86.1918,31.1924]]]},"properties":{"fips":"01061","name":"Geneva","state":"Alabama"}},
{"type":"Feature","geometry":{"type":"Polygon","coordinates":[[[-85.0899,31.3084],[-85.4165,31.3152],[-85.7108,31.195],[-85.4847,31.2001],[-85.4883,30.9974],[-85.0037,31.0008],[-85.0253,31.0755],[-85.0899,31.3084]]]},"properties":{"fips":"01069","name":"Houston","state":"Alabama"}},
{"type":"Feature","geometry":{"type":"Polygon","coordinates":[[[-80.9335,36.6715],[-81.0412,36.8063],[-81.2637,36.7634],[-81.6047,36.638],[-81.6478,36.6122],[-81.6765,36.5881],[-81.3534,36.5744],[-80.9012,36.5615],[-80.8366,36.5589],[-80.9155,36.65],[-80.9335,36.6715]]]},"properties":{"fips":"51077","name":"Grayson","state":"Virginia"}},
{"type":"Feature","geometry":{"type":"Polygon","coordinates":[[[-103.1548,39.5656],[-103.162,39.0373],[-102.0457,39.0468],[-102.0457,39.1335],[-102.0493,39.5682],[-102.0493,39.5742],[-102.8031,39.5682],[-103.1548,39.5656]]]},"properties":{"fips":"08063","name":"Kit Carson","state":"Colorado"}},
{"type":"Feature","geometry":{"type":"Polygon","coordinates":[[[-95.6711,42.2115],[-96.3567,42.215],[-96.2741,42.0475],[-96.1377,41.8662],[-95.6711,41.8628],[-95.6711,42.2115]]]},"properties":{"fips":"19133","name":"Monona","state":"Iowa"}},
{"type":"Feature","geometry":{"type":"Polygon","coordinates":[[[-93.7042,30.244],[-93.7401,30.402],[-93.557,30.8685],[-93.5534,31.1855],[-93.6001,31.1761],[-93.9124,31.158],[-93.8657,30.9475],[-93.9016,30.2423],[-93.7042,30.244]]]},"properties":{"fips":"48351","name":"Newton","state":"Texas"}},
{"type":"Feature","geometry":{"type":"Polygon","coordinates":[[[-83.0117,33.4689],[-82.8502,33.4431],[-82.6815,33.5995],[-82.9507,33.7335],[-82.9973,33.694],[-83.0117,33.4689]]]},"properties":{"fips":"13265","name":"Taliaferro","state":"Georgia"}},
{"type":"Feature","geometry":{"type":"Polygon","coordinates":[[[-99.9962,34.5608],[-99.8455,34.5066],[-99.666,34.5075],[-99.666,34.7248],[-99.7306,34.9439],[-99.8886,35.0307],[-99.9998,35.0307],[-99.9998,34.7463],[-99.9962,34.5608]]]},"properties":{"fips":"40057","name":"Harmon","state":"Oklahoma"}},
{"type":"Feature","geometry":{"type":"Polygon","coordinates":[[[-96.4967,31.7963],[-96.0552,32.0128],[-96.2346,32.2499],[-96.3818,32.3289],[-96.8951,32.0738],[-96.7192,31.8152],[-96.4967,31.7963]]]},"properties":{"fips":"48349","name":"Navarro","state":"Texas"}},
{"type":"Feature","geometry":{"type":"Polygon","coordinates":[[[-82.4302,31.9664],[-82.2256,31.9131],[-82.2328,32.3186],[-82.4087,32.3538],[-82.4841,31.969],[-82.4302,31.9664]]]},"properties":{"fips":"13279","name":"Toombs","state":"Georgia"}},
{"type":"Feature","geometry":{"type":"Polygon","coordinates":[[[-90.6461,37.735],[-90.5348,37.6439],[-90.1472,37.6413],[-90.1113,37.6714],[-90.4595,37.8793],[-90.4164,38.0425],[-90.6389,38.0769],[-90.6461,37.735]]]},"properties":{"fips":"29187","name":"St. Francois","state":"Missouri"}},
{"type":"Feature","geometry":{"type":"Polygon","coordinates":[[[-104.0091,36.2179],[-104.4362,36.2187],[-104.3716,35.7789],[-103.9768,35.8021],[-103.7219,35.4224],[-103.6358,35.3897],[-103.3809,35.3966],[-103.3738,35.7394],[-103.3666,36.0864],[-103.7937,36.0856],[-104.0091,36.2179]]]},"properties":{"fips":"35021","name":"Harding","state":"New Mexico"}},
{"type":"Feature","geometry":{"type":"Polygon","coordinates":[[[-109.655,46.2191],[-110.2831,46.2208],[-110.2831,46.1847],[-110.2221,45.7852],[-110.2293,45.1719],[-110.0642,45.1719],[-109.9314,45.5224],[-109.5617,45.6091],[-109.5653,45.7835],[-109.4181,46.0447],[-109.655,46.2191]]]},"properties":{"fips":"30097","name":"Sweet Grass","state":"Montana"}},
{"type":"Feature","geometry":{"type":"Polygon","coordinates":[[[-85.0396,37.5451],[-85.0289,37.631],[-85.4022,37.7307],[-85.5206,37.5546],[-85.4668,37.4652],[-85.0755,37.4137],[-85.0396,37.5451]]]},"properties":{"fips":"21155","name":"Marion","state":"Kentucky"}},
{"type":"Feature","geometry":{"type":"Polygon","coordinates":[[[-86.2062,35.7042],[-86.1523,35.9541],[-86.5148,36.1002],[-86.6189,35.9679],[-86.6871,35.7102],[-86.6405,35.6861],[-86.2456,35.632],[-86.2062,35.7042]]]},"properties":{"fips":"47149","name":"Rutherford","state":"Tennessee"}},
{"type":"Feature","geometry":{"type":"Polygon","coordinates":[[[-121.1192,47.78],[-121.1515,48.0368],[-120.9505,48.1167],[-121.0008,48.2963],[-122.3791,48.298],[-122.4042,48.2524],[-122.397,48.2284],[-122.2319,48.0299],[-122.397,47.7782],[-121.1192,47.78]]]},"properties":{"fips":"53061","name":"Snohomish","state":"Washington"}},
{"type":"Feature","geometry":{"type":"Polygon","coordinates":[[[-94.6015,39.5304],[-95.104,39.533],[-94.9676,39.4187],[-94.7738,39.2005],[-94.6015,39.1593],[-94.6015,39.4565],[-94.6015,39.5304]]]},"properties":{"fips":"29165","name":"Platte","state":"Missouri"}},
{"type":"Feature","geometry":{"type":"Polygon","coordinates":[[[-84.3541,39.2925],[-84.8207,39.3053],[-84.8207,39.1052],[-84.6233,39.0743],[-84.5048,39.0949],[-84.3182,39.0218],[-84.2608,39.271],[-84.3541,39.2925]]]},"properties":{"fips":"39061","name":"Hamilton","state":"Ohio"}},
{"type":"Feature","geometry":{"type":"Polygon","coordinates":[[[-87.3404,35.6595],[-87.2148,35.8511],[-87.204,35.9593],[-87.5342,35.9928],[-87.7173,35.839],[-87.6598,35.6097],[-87.3404,35.6595]]]},"properties":{"fips":"47081","name":"Hickman","state":"Tennessee"}},
{"type":"Feature","geometry":{"type":"Polygon","coordinates":[[[-97.4873,33.4337],[-97.4837,33.9156],[-97.5627,33.8976],[-97.979,33.8898],[-97.979,33.4672],[-97.918,33.4337],[-97.4873,33.4337]]]},"properties":{"fips":"48337","name":"Montague","state":"Texas"}},
{"type":"Feature","geometry":{"type":"Polygon","coordinates":[[[-111.2487,39.813],[-111.2487,39.7039],[-111.0764,39.4694],[-110.0247,39.4694],[-109.9781,39.8062],[-110.8574,39.813],[-111.2487,39.813]]]},"properties":{"fips":"49007","name":"Carbon","state":"Utah"}},
{"type":"Feature","geometry":{"type":"Polygon","coordinates":[[[-96.931,38.6095],[-96.8915,38.8698],[-96.9633,39.1327],[-97.3725,39.1318],[-97.3725,38.9583],[-97.3725,38.6095],[-96.931,38.6095]]]},"properties":{"fips":"20041","name":"Dickinson","state":"Kansas"}},
{"type":"Feature","geometry":{"type":"Polygon","coordinates":[[[-88.2485,40.9943],[-88.2521,41.1145],[-88.5859,41.1085],[-88.9304,41.1059],[-88.9304,40.9281],[-88.9304,40.7537],[-88.5859,40.758],[-88.4602,40.6171],[-88.2341,40.618],[-88.2485,40.9943]]]},"properties":{"fips":"17105","name":"Livingston","state":"Illinois"}},
{"type":"Feature","geometry":{"type":"Polygon","coordinates":[[[-93.2771,35.3176],[-93.7078,35.1346],[-93.7042,35.0195],[-93.7114,34.7455],[-93.3955,34.7437],[-93.2878,34.7729],[-93.2699,34.9035],[-93.0402,35.077],[-92.8966,35.1707],[-93.1299,35.1801],[-93.2771,35.3176]]]},"properties":{"fips":"05149","name":"Yell","state":"Arkansas"}},
{"type":"Feature","geometry":{"type":"Polygon","coordinates":[[[-111.6255,43.6264],[-111.3994,43.6221],[-111.3994,43.9228],[-111.9773,43.9271],[-111.9773,43.7974],[-111.6255,43.6264]]]},"properties":{"fips":"16065","name":"Madison","state":"Idaho"}},
{"type":"Feature","geometry":{"type":"Polygon","coordinates":[[[-84.8638,33.1914],[-84.9391,33.2249],[-85.2371,33.1296],[-85.2335,33.1081],[-85.1868,32.8701],[-84.8602,32.8727],[-84.8638,33.1914]]]},"properties":{"fips":"13285","name":"Troup","state":"Georgia"}},
{"type":"Feature","geometry":{"type":"Polygon","coordinates":[[[-82.0569,27.3386],[-82.0533,27.6462],[-82.5558,27.6453],[-82.642,27.3893],[-82.2508,27.3859],[-82.2543,27.2106],[-82.0569,27.2081],[-82.0569,27.3386]]]},"properties":{"fips":"12081","name":"Manatee","state":"Florida"}},
{"type":"Feature","geometry":{"type":"Polygon","coordinates":[[[-75.6752,37.4635],[-75.5639,37.7367],[-75.2409,38.0271],[-75.6249,37.9944],[-75.668,37.9506],[-75.9372,37.5494],[-75.6752,37.4635]]]},"properties":{"fips":"51001","name":"Accomack","state":"Virginia"}},
{"type":"Feature","geometry":{"type":"Polygon","coordinates":[[[-83.227,32.5841],[-83.4065,32.8985],[-83.5142,32.8452],[-83.5967,32.6639],[-83.4962,32.4526],[-83.227,32.5841]]]},"properties":{"fips":"13289","name":"Twiggs","state":"Georgia"}},
{"type":"Feature","geometry":{"type":"Polygon","coordinates":[[[-75.747,39.143],[-75.7577,39.2461],[-76.009,39.2401],[-76.1597,39.094],[-76.1992,38.8509],[-75.948,38.9188],[-75.747,39.143]]]},"properties":{"fips":"24035","name":"Queen Anne's","state":"Maryland"}},
{"type":"Feature","geometry":{"type":"Polygon","coordinates":[[[-72.976,42.556],[-73.0011,42.3129],[-72.7822,42.1995],[-72.2223,42.245],[-72.3156,42.3438],[-72.3766,42.4211],[-72.8719,42.4839],[-72.976,42.556]]]},"properties":{"fips":"25015","name":"Hampshire","state":"Massachusetts"}},
{"type":"Feature","geometry":{"type":"Polygon","coordinates":[[[-90.7897,40.636],[-90.7861,41.069],[-90.9476,41.0698],[-91.1127,40.6962],[-91.1845,40.6377],[-90.9045,40.6395],[-90.7897,40.636]]]},"properties":{"fips":"17071","name":"Henderson","state":"Illinois"}},
{"type":"Feature","geometry":{"type":"Polygon","coordinates":[[[-95.0107,36.162],[-95.0071,36.51],[-95.3266,36.51],[-95.4342,36.51],[-95.4414,36.0753],[-95.2081,36.0744],[-95.0107,36.162]]]},"properties":{"fips":"40097","name":"Mayes","state":"Oklahoma"}},
{"type":"Feature","geometry":{"type":"Polygon","coordinates":[[[-77.3334,37.3123],[-77.3765,37.2445],[-77.398,37.1706],[-77.398,36.9928],[-77.154,37.1122],[-76.9709,37.2488],[-77.2724,37.3209],[-77.2832,37.3132],[-77.2545,37.2934],[-77.3047,37.2616],[-77.3334,37.3123]]]},"properties":{"fips":"51149","name":"Prince George","state":"Virginia"}},
{"type":"Feature","geometry":{"type":"Polygon","coordinates":[[[-73.9128,40.7958],[-73.7872,40.8018],[-73.7657,40.8766],[-73.9164,40.9178],[-73.9344,40.8817],[-73.9128,40.7958]]]},"properties":{"fips":"36005","name":"Bronx","state":"New York"}},
{"type":"Feature","geometry":{"type":"Polygon","coordinates":[[[-93.4781,34.3408],[-93.374,33.9568],[-93.1048,33.7773],[-92.893,33.8099],[-92.8858,34.1561],[-93.4099,34.3391],[-93.4781,34.3408]]]},"properties":{"fips":"05019","name":"Clark","state":"Arkansas"}},
{"type":"Feature","geometry":{"type":"Polygon","coordinates":[[[-83.8803,40.8199],[-83.8803,40.6446],[-83.8803,40.5389],[-83.5214,40.5037],[-83.4173,40.5054],[-83.4209,40.6867],[-83.5142,40.8181],[-83.8803,40.8199]]]},"properties":{"fips":"39065","name":"Hardin","state":"Ohio"}},
{"type":"Feature","geometry":{"type":"Polygon","coordinates":[[[-98.801,28.6478],[-98.8046,29.0903],[-99.4148,29.0911],[-99.4076,28.641],[-99.3968,28.641],[-98.801,28.6478]]]},"properties":{"fips":"48163","name":"Frio","state":"Texas"}},
{"type":"Feature","geometry":{"type":"Polygon","coordinates":[[[-93.0761,34.7721],[-93.2878,34.7729],[-93.3955,34.7437],[-93.4063,34.3967],[-92.9469,34.3889],[-92.7925,34.5032],[-93.0761,34.7721]]]},"properties":{"fips":"05051","name":"Garland","state":"Arkansas"}},
{"type":"Feature","geometry":{"type":"Polygon","coordinates":[[[-102.0529,40.3491],[-102.0529,40.0029],[-101.4104,40.002],[-101.3243,40.0029],[-101.3243,40.3508],[-101.3422,40.3508],[-102.0529,40.3491]]]},"properties":{"fips":"31057","name":"Dundy","state":"Nebraska"}},
{"type":"Feature","geometry":{"type":"Polygon","coordinates":[[[-97.3689,41.0467],[-96.9094,41.0458],[-96.9058,41.453],[-96.9058,41.4564],[-97.254,41.3843],[-97.3689,41.3963],[-97.3689,41.0467]]]},"properties":{"fips":"31023","name":"Butler","state":"Nebraska"}},
{"type":"Feature","geometry":{"type":"Polygon","coordinates":[[[-109.0592,38.5004],[-109.052,39.3663],[-109.052,39.4978],[-109.1059,39.4617],[-110.0247,39.4694],[-110.1611,38.8878],[-110.0247,38.5004],[-109.0592,38.5004]]]},"properties":{"fips":"49019","name":"Grand","state":"Utah"}},
{"type":"Feature","geometry":{"type":"Polygon","coordinates":[[[-77.1791,37.491],[-76.9027,37.3776],[-76.7412,37.467],[-76.7914,37.5176],[-77.1252,37.6267],[-77.2401,37.5383],[-77.1791,37.491]]]},"properties":{"fips":"51127","name":"New Kent","state":"Virginia"}},
{"type":"Feature","geometry":{"type":"Polygon","coordinates":[[[-87.6347,33.9156],[-87.6347,34.0024],[-87.6347,34.3073],[-88.1731,34.3211],[-88.2054,34.0866],[-88.209,34.0582],[-87.9865,34.0522],[-87.9506,33.9199],[-87.6347,33.9156]]]},"properties":{"fips":"01093","name":"Marion","state":"Alabama"}},
{"type":"Feature","geometry":{"type":"Polygon","coordinates":[[[-111.4102,48.2198],[-111.665,48.3495],[-112.1855,48.4775],[-112.5767,48.4835],[-112.5767,48.31],[-113.3484,48.31],[-113.0146,48.1313],[-112.1783,48.1305],[-111.9845,47.9844],[-111.4102,47.987],[-111.4102,48.1322],[-111.4102,48.2198]]]},"properties":{"fips":"30073","name":"Pondera","state":"Montana"}},
{"type":"Feature","geometry":{"type":"Polygon","coordinates":[[[-120.003,39.1653],[-120.003,39.1129],[-119.5507,39.0854],[-119.7122,39.2512],[-120.003,39.1653]]]},"properties":{"fips":"32510","name":"Carson City","state":"Nevada"}},
{"type":"Feature","geometry":{"type":"Polygon","coordinates":[[[-82.4195,29.9227],[-82.1431,30.1435],[-82.4589,30.1366],[-82.5307,29.9407],[-82.4195,29.9227]]]},"properties":{"fips":"12125","name":"Union","state":"Florida"}},
{"type":"Feature","geometry":{"type":"Polygon","coordinates":[[[-148.4625,61.4261],[-149.4316,61.4682],[-150.0741,61.1564],[-149.7403,61.0172],[-149.0332,60.8437],[-148.746,60.7329],[-148.4732,60.8488],[-148.4625,61.4261]]]},"properties":{"fips":"02020","name":"Anchorage","state":"Alaska"}},
{"type":"Feature","geometry":{"type":"Polygon","coordinates":[[[-89.9283,46.2998],[-90.0431,45.982],[-90.0431,45.8969],[-89.0489,45.8952],[-88.934,46.0739],[-88.9915,46.0971],[-89.9283,46.2998]]]},"properties":{"fips":"55125","name":"Vilas","state":"Wisconsin"}},
{"type":"Feature","geometry":{"type":"Polygon","coordinates":[[[-89.0884,33.5333],[-89.3827,33.4603],[-89.4545,33.2859],[-89.3181,33.1089],[-89.0884,33.2859],[-89.0884,33.5333]]]},"properties":{"fips":"28019","name":"Choctaw","state":"Mississippi"}},
{"type":"Feature","geometry":{"type":"Polygon","coordinates":[[[-97.8211,40.3508],[-97.8211,40.002],[-97.3689,40.002],[-97.3689,40.3508],[-97.8211,40.3508]]]},"properties":{"fips":"31169","name":"Thayer","state":"Nebraska"}},
{"type":"Feature","geometry":{"type":"Polygon","coordinates":[[[-85.0396,33.8117],[-84.9032,33.7807],[-84.7238,33.8065],[-84.7381,34.0797],[-84.9212,34.0823],[-85.0504,33.9044],[-85.0396,33.8117]]]},"properties":{"fips":"13223","name":"Paulding","state":"Georgia"}},
{"type":"Feature","geometry":{"type":"Polygon","coordinates":[[[-114.0483,38.6774],[-114.0483,39.5424],[-114.0483,39.9058],[-114.0483,40.1172],[-115.8358,40.1275],[-115.8142,39.588],[-115.9076,39.4583],[-115.9076,39.1619],[-114.9995,38.6774],[-114.0483,38.6774]]]},"properties":{"fips":"32033","name":"White Pine","state":"Nevada"}},
{"type":"Feature","geometry":{"type":"Polygon","coordinates":[[[-94.0416,32.3925],[-94.0416,32.6932],[-94.2354,32.7438],[-94.5046,32.694],[-94.702,32.7928],[-94.702,32.6519],[-94.58,32.3951],[-94.4903,32.3942],[-94.3503,32.3263],[-94.0416,32.3925]]]},"properties":{"fips":"48203","name":"Harrison","state":"Texas"}},
{"type":"Feature","geometry":{"type":"Polygon","coordinates":[[[-84.4977,33.2576],[-84.3864,33.3521],[-84.4582,33.5514],[-84.6089,33.5024],[-84.4977,33.2576]]]},"properties":{"fips":"13113","name":"Fayette","state":"Georgia"}},
{"type":"Feature","geometry":{"type":"Polygon","coordinates":[[[-85.6319,39.6988],[-85.596,39.7864],[-85.5744,39.9453],[-85.8616,39.9436],[-85.937,39.9273],[-85.9513,39.6971],[-85.6319,39.6988]]]},"properties":{"fips":"18059","name":"Hancock","state":"Indiana"}},
{"type":"Feature","geometry":{"type":"Polygon","coordinates":[[[-92.0065,31.9269],[-92.0065,31.3255],[-91.8342,31.2663],[-91.6978,31.7319],[-91.5434,31.7516],[-91.5757,31.8822],[-91.888,31.9715],[-92.0065,31.9269]]]},"properties":{"fips":"22025","name":"Catahoula","state":"Louisiana"}},
{"type":"Feature","geometry":{"type":"Polygon","coordinates":[[[-84.2069,38.582],[-84.232,38.8277],[-84.232,38.875],[-84.4187,38.8062],[-84.5336,38.7916],[-84.4761,38.5425],[-84.2069,38.582]]]},"properties":{"fips":"21191","name":"Pendleton","state":"Kentucky"}},
{"type":"Feature","geometry":{"type":"Polygon","coordinates":[[[-80.912,37.0735],[-81.2242,37.0477],[-81.3786,36.9524],[-81.2637,36.7634],[-81.0412,36.8063],[-80.7397,36.8794],[-80.912,37.0735]]]},"properties":{"fips":"51197","name":"Wythe","state":"Virginia"}},
{"type":"Feature","geometry":{"type":"Polygon","coordinates":[[[-108.5495,44.1685],[-107.1461,44.1659],[-107.1605,44.3686],[-107.3686,44.5602],[-107.7455,44.7157],[-107.9106,45.0009],[-108.248,44.9992],[-108.6213,45],[-108.5495,44.1685]]]},"properties":{"fips":"56003","name":"Big Horn","state":"Wyoming"}},
{"type":"Feature","geometry":{"type":"Polygon","coordinates":[[[-101.9991,45.0378],[-101.9991,44.5112],[-101.5001,44.5817],[-101.1376,44.7475],[-101.1376,44.994],[-101.5001,44.994],[-101.4714,45.4725],[-101.9991,45.4725],[-101.9991,45.0378]]]},"properties":{"fips":"46137","name":"Ziebach","state":"South Dakota"}},
{"type":"Feature","geometry":{"type":"Polygon","coordinates":[[[-70.8332,41.3533],[-70.4528,41.3482],[-70.6035,41.4822],[-70.8332,41.3533]]]},"properties":{"fips":"25007","name":"Dukes","state":"Massachusetts"}},
{"type":"Feature","geometry":{"type":"Polygon","coordinates":[[[-83.3599,34.0402],[-83.4029,34.1974],[-83.6219,34.2953],[-83.8193,34.1278],[-83.5357,33.9663],[-83.3599,34.0402]]]},"properties":{"fips":"13157","name":"Jackson","state":"Georgia"}},
{"type":"Feature","geometry":{"type":"Polygon","coordinates":[[[-87.2686,40.7365],[-87.2758,41.2185],[-87.527,41.1661],[-87.527,41.0106],[-87.527,40.7365],[-87.2686,40.7365]]]},"properties":{"fips":"18111","name":"Newton","state":"Indiana"}},
{"type":"Feature","geometry":{"type":"Polygon","coordinates":[[[-95.7609,33.8726],[-95.847,33.8409],[-95.8578,33.462],[-95.4917,33.4551],[-95.3086,33.3804],[-95.3086,33.8804],[-95.7609,33.8726]]]},"properties":{"fips":"48277","name":"Lamar","state":"Texas"}},
{"type":"Feature","geometry":{"type":"Polygon","coordinates":[[[-93.776,47.03],[-93.9124,47.298],[-94.117,47.481],[-94.4149,47.4449],[-94.6697,47.4106],[-94.6589,46.8041],[-94.7882,46.8041],[-94.7307,46.3685],[-94.6518,46.3488],[-94.3431,46.2775],[-94.3431,46.8058],[-93.776,46.8032],[-93.776,47.03]]]},"properties":{"fips":"27021","name":"Cass","state":"Minnesota"}},
{"type":"Feature","geometry":{"type":"Polygon","coordinates":[[[-101.5648,33.8306],[-101.0407,33.834],[-101.0407,34.3125],[-101.4714,34.3125],[-101.5648,34.3125],[-101.5648,33.8306]]]},"properties":{"fips":"48153","name":"Floyd","state":"Texas"}},
{"type":"Feature","geometry":{"type":"Polygon","coordinates":[[[-85.6283,39.4531],[-85.2981,39.4531],[-85.2981,39.5253],[-85.3017,39.7873],[-85.596,39.7864],[-85.6319,39.6988],[-85.6283,39.4531]]]},"properties":{"fips":"18139","name":"Rush","state":"Indiana"}},
{"type":"Feature","geometry":{"type":"Polygon","coordinates":[[[-121.3453,35.7952],[-120.8608,35.3605],[-120.8967,35.248],[-120.6347,35.1234],[-120.649,34.9748],[-120.2111,35.0212],[-120.0855,35.1131],[-119.4717,34.9009],[-119.4717,35.077],[-119.6656,35.2626],[-119.8091,35.2635],[-120.1932,35.614],[-120.1932,35.7892],[-120.2147,35.7892],[-121.3453,35.7952]]]},"properties":{"fips":"06079","name":"San Luis Obispo","state":"California"}},
{"type":"Feature","geometry":{"type":"Polygon","coordinates":[[[-98.4636,37.7324],[-97.8068,37.7341],[-97.7027,37.9111],[-97.7027,38.174],[-97.9216,38.174],[-98.4744,38.1731],[-98.4708,37.8243],[-98.4636,37.7324]]]},"properties":{"fips":"20155","name":"Reno","state":"Kansas"}},
{"type":"Feature","geometry":{"type":"Polygon","coordinates":[[[-94.4436,42.5586],[-94.9138,42.5603],[-94.8599,42.2098],[-94.6302,42.2098],[-94.3969,42.209],[-94.4436,42.5586]]]},"properties":{"fips":"19025","name":"Calhoun","state":"Iowa"}},
{"type":"Feature","geometry":{"type":"Polygon","coordinates":[[[-93.1407,45.7302],[-93.0545,46.1581],[-93.4314,46.1538],[-93.514,45.7345],[-93.1407,45.7302]]]},"properties":{"fips":"27065","name":"Kanabec","state":"Minnesota"}},
{"type":"Feature","geometry":{"type":"Polygon","coordinates":[[[-78.0944,41.2167],[-78.0369,41.154],[-77.8,41.1815],[-77.5093,40.9633],[-77.1432,41.0441],[-77.1432,41.069],[-77.5272,41.3585],[-77.599,41.4788],[-77.9903,41.4745],[-78.0944,41.2167]]]},"properties":{"fips":"42035","name":"Clinton","state":"Pennsylvania"}},
{"type":"Feature","geometry":{"type":"Polygon","coordinates":[[[-101.3925,39.1352],[-101.4786,39.1344],[-101.4858,38.7006],[-101.1269,38.7006],[-100.8182,38.6997],[-100.811,39.1335],[-101.3925,39.1352]]]},"properties":{"fips":"20109","name":"Logan","state":"Kansas"}},
{"type":"Feature","geometry":{"type":"Polygon","coordinates":[[[-83.9772,39.5691],[-84.0059,39.2547],[-83.9916,39.2547],[-83.8659,39.2469],[-83.5896,39.3784],[-83.6685,39.5502],[-83.9772,39.5691]]]},"properties":{"fips":"39027","name":"Clinton","state":"Ohio"}},
{"type":"Feature","geometry":{"type":"Polygon","coordinates":[[[-83.8803,40.9204],[-84.3397,40.8594],[-84.3972,40.685],[-83.8803,40.6446],[-83.8803,40.8199],[-83.8803,40.9204]]]},"properties":{"fips":"39003","name":"Allen","state":"Ohio"}},
{"type":"Feature","geometry":{"type":"Polygon","coordinates":[[[-88.6074,44.5903],[-88.2449,44.5851],[-88.2413,44.6796],[-88.2485,44.8531],[-88.489,44.8557],[-88.9807,45.0293],[-89.2248,45.0293],[-89.2248,44.6813],[-88.6038,44.6788],[-88.6074,44.5903]]]},"properties":{"fips":"55115","name":"Shawano","state":"Wisconsin"}},
{"type":"Feature","geometry":{"type":"Polygon","coordinates":[[[-95.1291,35.6389],[-95.0502,35.4585],[-94.8133,35.3236],[-94.4328,35.3863],[-94.4364,35.4284],[-94.4723,35.6389],[-94.8061,35.6389],[-95.1291,35.6389]]]},"properties":{"fips":"40135","name":"Sequoyah","state":"Oklahoma"}},
{"type":"Feature","geometry":{"type":"Polygon","coordinates":[[[-84.9176,35.7617],[-84.7812,35.8253],[-84.6807,35.9086],[-84.9068,36.156],[-85.1007,36.1388],[-85.2658,35.9791],[-85.2694,35.7935],[-85.255,35.766],[-84.9176,35.7617]]]},"properties":{"fips":"47035","name":"Cumberland","state":"Tennessee"}},
{"type":"Feature","geometry":{"type":"Polygon","coordinates":[[[-85.3878,33.9019],[-85.3986,33.9637],[-85.5314,33.9414],[-85.6391,33.6484],[-85.797,33.5565],[-85.8508,33.499],[-85.6426,33.4955],[-85.3052,33.4826],[-85.3376,33.6527],[-85.3878,33.9019]]]},"properties":{"fips":"01029","name":"Cleburne","state":"Alabama"}},
{"type":"Feature","geometry":{"type":"Polygon","coordinates":[[[-83.1014,42.8885],[-83.0835,42.4469],[-82.8717,42.4512],[-82.7066,42.6832],[-82.7389,42.8979],[-82.983,42.8936],[-83.1014,42.8885]]]},"properties":{"fips":"26099","name":"Macomb","state":"Michigan"}},
{"type":"Feature","geometry":{"type":"Polygon","coordinates":[[[-83.4604,43.2235],[-83.6972,43.2218],[-83.9305,43.1325],[-83.9234,42.7811],[-83.6865,42.7837],[-83.4532,42.8807],[-83.4604,43.2235]]]},"properties":{"fips":"26049","name":"Genesee","state":"Michigan"}},
{"type":"Feature","geometry":{"type":"Polygon","coordinates":[[[-88.9412,42.1523],[-88.7043,42.154],[-88.7079,42.4933],[-88.7761,42.4925],[-88.9412,42.495],[-88.9412,42.1523]]]},"properties":{"fips":"17007","name":"Boone","state":"Illinois"}},
{"type":"Feature","geometry":{"type":"Polygon","coordinates":[[[-103.101,47.329],[-103.101,47.6743],[-102.6415,47.6743],[-102.6415,47.8238],[-102.6092,48.0463],[-102.8282,48.1236],[-103.2015,48.1356],[-103.4994,48.0059],[-104.045,47.9964],[-104.045,47.3968],[-104.045,47.3298],[-103.6681,47.329],[-103.101,47.329]]]},"properties":{"fips":"38053","name":"McKenzie","state":"North Dakota"}},
{"type":"Feature","geometry":{"type":"Polygon","coordinates":[[[-80.0541,36.5426],[-80.0398,36.7943],[-80.2372,36.8725],[-80.4633,36.7084],[-80.6105,36.5581],[-80.4418,36.5503],[-80.0541,36.5426]]]},"properties":{"fips":"51141","name":"Patrick","state":"Virginia"}},
{"type":"Feature","geometry":{"type":"Polygon","coordinates":[[[-89.1314,36.9824],[-89.1709,37.0683],[-89.2499,37.3355],[-89.4868,37.3347],[-89.4904,37.2513],[-89.3109,37.0091],[-89.1314,36.9824]]]},"properties":{"fips":"17003","name":"Alexander","state":"Illinois"}},
{"type":"Feature","geometry":{"type":"Polygon","coordinates":[[[-93.959,33.7507],[-94.0524,33.8864],[-94.1062,34.1914],[-94.2426,34.1922],[-94.4687,34.1896],[-94.4759,33.9405],[-94.239,33.8022],[-93.959,33.7507]]]},"properties":{"fips":"05133","name":"Sevier","state":"Arkansas"}},
{"type":"Feature","geometry":{"type":"Polygon","coordinates":[[[-88.8838,30.7354],[-88.4136,30.7354],[-88.4243,30.9982],[-88.8335,30.9982],[-88.8838,30.9106],[-88.8838,30.7354]]]},"properties":{"fips":"28039","name":"George","state":"Mississippi"}},
{"type":"Feature","geometry":{"type":"Polygon","coordinates":[[[-74.462,40.5991],[-74.2036,40.5931],[-74.1605,40.6446],[-74.1354,40.6747],[-74.3723,40.74],[-74.462,40.6738],[-74.462,40.5991]]]},"properties":{"fips":"34039","name":"Union","state":"New Jersey"}},
{"type":"Feature","geometry":{"type":"Polygon","coordinates":[[[-89.6878,42.1995],[-89.9211,42.1969],[-90.3195,42.1935],[-90.1544,42.0329],[-90.1508,41.9289],[-89.6842,41.9306],[-89.6878,42.1995]]]},"properties":{"fips":"17015","name":"Carroll","state":"Illinois"}},
{"type":"Feature","geometry":{"type":"Polygon","coordinates":[[[-83.4998,31.5944],[-83.4532,31.7576],[-83.4819,31.847],[-83.6111,31.8539],[-83.8013,31.8032],[-83.7977,31.6228],[-83.6506,31.5678],[-83.4998,31.5944]]]},"properties":{"fips":"13287","name":"Turner","state":"Georgia"}},
{"type":"Feature","geometry":{"type":"Polygon","coordinates":[[[-122.5011,37.7083],[-122.5155,37.5211],[-122.2929,37.107],[-122.1529,37.2857],[-122.1099,37.4661],[-122.3611,37.5924],[-122.3898,37.7083],[-122.5011,37.7083]]]},"properties":{"fips":"06081","name":"San Mateo","state":"California"}},
{"type":"Feature","geometry":{"type":"Polygon","coordinates":[[[-81.7806,32.1528],[-81.436,32.2413],[-81.5473,32.4896],[-81.8416,32.6493],[-81.9995,32.6073],[-82.0318,32.5385],[-81.9708,32.2688],[-81.7806,32.1528]]]},"properties":{"fips":"13031","name":"Bulloch","state":"Georgia"}},
{"type":"Feature","geometry":{"type":"Polygon","coordinates":[[[-90.8974,42.0337],[-90.1544,42.0329],[-90.3195,42.1935],[-90.4738,42.3816],[-90.8974,42.2949],[-90.8974,42.0337]]]},"properties":{"fips":"19097","name":"Jackson","state":"Iowa"}},
{"type":"Feature","geometry":{"type":"Polygon","coordinates":[[[-109.0412,37.881],[-108.2552,37.8948],[-107.8604,37.7754],[-107.7383,37.9051],[-107.9645,38.1525],[-109.0412,38.1533],[-109.0412,37.881]]]},"properties":{"fips":"08113","name":"San Miguel","state":"Colorado"}},
{"type":"Feature","geometry":{"type":"Polygon","coordinates":[[[-98.4241,26.7837],[-98.9553,26.7854],[-99.1707,26.5715],[-99.1133,26.434],[-98.5856,26.2545],[-98.32,26.7828],[-98.4241,26.7837]]]},"properties":{"fips":"48427","name":"Starr","state":"Texas"}},
{"type":"Feature","geometry":{"type":"Polygon","coordinates":[[[-84.189,34.6028],[-83.9808,34.4181],[-83.8444,34.5058],[-83.8552,34.7223],[-84.1567,34.6484],[-84.189,34.6028]]]},"properties":{"fips":"13187","name":"Lumpkin","state":"Georgia"}},
{"type":"Feature","geometry":{"type":"Polygon","coordinates":[[[-74.724,40.7194],[-74.462,40.6738],[-74.3723,40.74],[-74.2718,40.8972],[-74.5015,41.0862],[-74.7707,40.9109],[-74.8891,40.7881],[-74.724,40.7194]]]},"properties":{"fips":"34027","name":"Morris","state":"New Jersey"}},
{"type":"Feature","geometry":{"type":"Polygon","coordinates":[[[-100.7572,40.3491],[-100.1972,40.35],[-100.0931,40.3517],[-99.9819,40.4384],[-99.9819,40.6996],[-100.2224,40.7005],[-100.7787,40.7005],[-100.7787,40.3491],[-100.7572,40.3491]]]},"properties":{"fips":"31063","name":"Frontier","state":"Nebraska"}},
{"type":"Feature","geometry":{"type":"Polygon","coordinates":[[[-91.6655,45.2079],[-92.1572,45.2097],[-92.1357,44.8574],[-92.1357,44.6848],[-91.6511,44.6839],[-91.6511,44.8557],[-91.6655,45.2079]]]},"properties":{"fips":"55033","name":"Dunn","state":"Wisconsin"}},
{"type":"Feature","geometry":{"type":"Polygon","coordinates":[[[-99.0953,32.5145],[-98.5749,32.5153],[-98.5749,32.9543],[-98.9517,32.9569],[-99.0953,32.9569],[-99.0953,32.5145]]]},"properties":{"fips":"48429","name":"Stephens","state":"Texas"}},
{"type":"Feature","geometry":{"type":"Polygon","coordinates":[[[-84.4977,33.1837],[-84.2464,33.1888],[-84.1244,33.2026],[-84.1028,33.2979],[-84.3541,33.3529],[-84.3864,33.3521],[-84.4977,33.2576],[-84.5012,33.2215],[-84.4977,33.1837]]]},"properties":{"fips":"13255","name":"Spalding","state":"Georgia"}},
{"type":"Feature","geometry":{"type":"Polygon","coordinates":[[[-84.4007,41.7056],[-84.3433,41.4856],[-83.8839,41.4874],[-83.8803,41.7202],[-84.3613,41.7064],[-84.4007,41.7056]]]},"properties":{"fips":"39051","name":"Fulton","state":"Ohio"}},
{"type":"Feature","geometry":{"type":"Polygon","coordinates":[[[-92.5556,43.2132],[-92.5556,42.9074],[-92.0818,42.9074],[-92.0818,43.0826],[-92.0818,43.2132],[-92.5556,43.2132]]]},"properties":{"fips":"19037","name":"Chickasaw","state":"Iowa"}},
{"type":"Feature","geometry":{"type":"Polygon","coordinates":[[[-103.0435,34.7472],[-103.0435,34.3125],[-102.6164,34.3125],[-102.5267,34.3133],[-102.5267,34.7472],[-103.0435,34.7472]]]},"properties":{"fips":"48369","name":"Parmer","state":"Texas"}},
{"type":"Feature","geometry":{"type":"Polygon","coordinates":[[[-66.0523,18.1098],[-66.0523,18.1072],[-66.081,18.0333],[-66.02,17.9783],[-65.9123,17.9809],[-65.9877,18.0591],[-66.0092,18.0754],[-66.0523,18.1098]]]},"properties":{"fips":"72109","name":"Patillas","state":"Puerto Rico"}},
{"type":"Feature","geometry":{"type":"Polygon","coordinates":[[[-80.1474,40.6747],[-79.6916,40.6695],[-79.6916,41.1704],[-79.6952,41.1729],[-80.0003,41.1721],[-80.0972,41.0698],[-80.1582,40.8551],[-80.1474,40.6747]]]},"properties":{"fips":"42019","name":"Butler","state":"Pennsylvania"}},
{"type":"Feature","geometry":{"type":"Polygon","coordinates":[[[-71.5008,45.0138],[-71.8992,45.0086],[-71.9387,44.769],[-71.9315,44.4408],[-71.8382,44.348],[-71.7664,44.4064],[-71.5762,44.5027],[-71.6264,44.7475],[-71.5008,45.0138]]]},"properties":{"fips":"50009","name":"Essex","state":"Vermont"}},
{"type":"Feature","geometry":{"type":"Polygon","coordinates":[[[-94.2426,41.5037],[-94.2821,41.8628],[-94.6302,41.8628],[-94.7451,41.8628],[-94.702,41.5045],[-94.2426,41.5037]]]},"properties":{"fips":"19077","name":"Guthrie","state":"Iowa"}},
{"type":"Feature","geometry":{"type":"Polygon","coordinates":[[[-114.2816,41.9942],[-115.039,41.9959],[-117.0167,41.9994],[-117.0167,41.0003],[-116.5859,41.0003],[-116.1588,41.0003],[-116.1588,40.6661],[-116.0009,40.1275],[-115.8358,40.1275],[-114.0483,40.1172],[-114.0411,41.0003],[-114.0411,41.9933],[-114.2816,41.9942]]]},"properties":{"fips":"32007","name":"Elko","state":"Nevada"}},
{"type":"Feature","geometry":{"type":"Polygon","coordinates":[[[-86.5507,34.5461],[-86.3282,34.5994],[-86.3103,34.9911],[-86.3174,34.9911],[-86.784,34.992],[-86.7912,34.5504],[-86.5507,34.5461]]]},"properties":{"fips":"01089","name":"Madison","state":"Alabama"}},
{"type":"Feature","geometry":{"type":"Polygon","coordinates":[[[-118.7754,37.4627],[-117.8314,37.4652],[-118.4273,37.8965],[-119.1559,38.4145],[-119.3282,38.5348],[-119.5866,38.7134],[-119.5435,38.4995],[-119.6404,38.3269],[-119.6297,38.1972],[-119.3533,38.0846],[-119.2133,37.8991],[-119.2707,37.7393],[-119.0231,37.5855],[-118.7754,37.4627]]]},"properties":{"fips":"06051","name":"Mono","state":"California"}},
{"type":"Feature","geometry":{"type":"Polygon","coordinates":[[[-116.0834,33.4259],[-117.2392,33.4319],[-117.5084,33.505],[-117.5945,33.3873],[-117.3289,33.1218],[-117.2464,32.6691],[-117.1243,32.5342],[-116.105,32.6184],[-116.0834,33.4259]]]},"properties":{"fips":"06073","name":"San Diego","state":"California"}},
{"type":"Feature","geometry":{"type":"Polygon","coordinates":[[[-99.2209,42.0878],[-99.2353,42.0878],[-99.6624,42.0861],[-99.6875,42.0861],[-99.6875,41.7399],[-99.2209,41.7408],[-99.2209,42.0878]]]},"properties":{"fips":"31115","name":"Loup","state":"Nebraska"}},
{"type":"Feature","geometry":{"type":"Polygon","coordinates":[[[-103.4025,42.0036],[-104.0521,42.0019],[-104.0521,41.6978],[-103.3702,41.6995],[-103.363,42.0028],[-103.4025,42.0036]]]},"properties":{"fips":"31157","name":"Scotts Bluff","state":"Nebraska"}},
{"type":"Feature","geometry":{"type":"Polygon","coordinates":[[[-102.9969,46.2809],[-102.9969,45.945],[-102.943,45.945],[-101.9991,45.9442],[-101.9991,46.0533],[-101.9991,46.2053],[-102.498,46.2062],[-102.9251,46.2818],[-102.9969,46.2809]]]},"properties":{"fips":"38001","name":"Adams","state":"North Dakota"}},
{"type":"Feature","geometry":{"type":"Polygon","coordinates":[[[-88.3633,35.3812],[-88.3813,34.9954],[-88.3633,34.9954],[-88.2018,34.9954],[-87.9865,35.0057],[-88.0259,35.3923],[-88.2413,35.4232],[-88.3597,35.419],[-88.3633,35.3812]]]},"properties":{"fips":"47071","name":"Hardin","state":"Tennessee"}},
{"type":"Feature","geometry":{"type":"Polygon","coordinates":[[[-94.702,32.7928],[-94.5046,32.694],[-94.2354,32.7438],[-94.0416,32.6932],[-94.0416,32.8813],[-94.6554,32.8796],[-94.7056,32.8796],[-94.702,32.7928]]]},"properties":{"fips":"48315","name":"Marion","state":"Texas"}},
{"type":"Feature","geometry":{"type":"Polygon","coordinates":[[[-83.6829,34.8004],[-83.6506,34.8228],[-83.5501,34.9929],[-83.9377,34.9877],[-83.7798,34.7927],[-83.6829,34.8004]]]},"properties":{"fips":"13281","name":"Towns","state":"Georgia"}},
{"type":"Feature","geometry":{"type":"Polygon","coordinates":[[[-84.8709,38.9007],[-84.7956,38.8569],[-84.6592,38.777],[-84.6161,38.8019],[-84.6233,39.0743],[-84.8207,39.1052],[-84.8781,39.0304],[-84.8709,38.9007]]]},"properties":{"fips":"21015","name":"Boone","state":"Kentucky"}},
{"type":"Feature","geometry":{"type":"Polygon","coordinates":[[[-85.7647,42.4203],[-86.2744,42.4194],[-86.3641,42.2433],[-86.2241,42.0715],[-85.7647,42.0689],[-85.7647,42.4203]]]},"properties":{"fips":"26159","name":"Van Buren","state":"Michigan"}},
{"type":"Feature","geometry":{"type":"Polygon","coordinates":[[[-100.9617,30.2878],[-101.7586,30.2878],[-101.7622,29.7827],[-101.475,29.7809],[-100.7966,29.2415],[-100.6997,29.6237],[-100.6997,30.2886],[-100.9617,30.2878]]]},"properties":{"fips":"48465","name":"Val Verde","state":"Texas"}},
{"type":"Feature","geometry":{"type":"Polygon","coordinates":[[[-83.4065,32.8985],[-83.227,32.5841],[-82.9579,32.7086],[-82.9471,32.7593],[-83.0727,32.9466],[-83.3563,32.926],[-83.4065,32.8985]]]},"properties":{"fips":"13319","name":"Wilkinson","state":"Georgia"}},
{"type":"Feature","geometry":{"type":"Polygon","coordinates":[[[-84.3397,31.8736],[-84.2967,31.6219],[-84.0167,31.6503],[-83.9377,31.8478],[-83.9234,31.9097],[-84.3397,31.8736]]]},"properties":{"fips":"13177","name":"Lee","state":"Georgia"}},
{"type":"Feature","geometry":{"type":"Polygon","coordinates":[[[-82.0246,32.2791],[-82.2328,32.3186],[-82.2256,31.9131],[-82.0498,31.8272],[-81.9708,31.7894],[-81.8236,32.0145],[-81.7626,32.048],[-81.9816,32.0815],[-82.0246,32.2791]]]},"properties":{"fips":"13267","name":"Tattnall","state":"Georgia"}},
{"type":"Feature","geometry":{"type":"Polygon","coordinates":[[[-69.4729,44.6925],[-69.6057,44.5774],[-69.9287,44.6109],[-70.1297,44.4872],[-70.0041,44.1247],[-69.7564,44.1393],[-69.5052,44.3429],[-69.4729,44.6925]]]},"properties":{"fips":"23011","name":"Kennebec","state":"Maine"}},
{"type":"Feature","geometry":{"type":"Polygon","coordinates":[[[-93.496,43.2553],[-93.496,43.4993],[-93.6468,43.4993],[-93.9698,43.4993],[-93.9698,43.2553],[-93.496,43.2553]]]},"properties":{"fips":"19189","name":"Winnebago","state":"Iowa"}},
{"type":"Feature","geometry":{"type":"Polygon","coordinates":[[[-94.9138,43.5001],[-95.3876,43.5001],[-95.3876,43.2553],[-94.9138,43.2553],[-94.9138,43.5001]]]},"properties":{"fips":"19059","name":"Dickinson","state":"Iowa"}},
{"type":"Feature","geometry":{"type":"Polygon","coordinates":[[[-93.1873,32.1485],[-93.356,31.932],[-93.4422,31.8453],[-93.3381,31.7147],[-93.2376,31.3642],[-92.9827,31.347],[-92.7207,31.518],[-92.972,31.7087],[-92.8822,31.981],[-92.9397,32.1477],[-93.1873,32.1485]]]},"properties":{"fips":"22069","name":"Natchitoches","state":"Louisiana"}},
{"type":"Feature","geometry":{"type":"Polygon","coordinates":[[[-66.544,18.4053],[-66.5332,18.4817],[-66.5871,18.4852],[-66.5871,18.3898],[-66.544,18.4053]]]},"properties":{"fips":"72017","name":"Barceloneta","state":"Puerto Rico"}},
{"type":"Feature","geometry":{"type":"Polygon","coordinates":[[[-101.4248,41.7434],[-101.4248,42.0921],[-102.0062,42.0964],[-102.0673,42.0088],[-101.9847,41.7425],[-101.4248,41.7434]]]},"properties":{"fips":"31075","name":"Grant","state":"Nebraska"}},
{"type":"Feature","geometry":{"type":"Polygon","coordinates":[[[-91.888,31.9715],[-91.5757,31.8822],[-91.4932,32.2035],[-91.4752,32.4062],[-91.7624,32.3349],[-91.8952,32.1519],[-91.888,31.9715]]]},"properties":{"fips":"22041","name":"Franklin","state":"Louisiana"}},
{"type":"Feature","geometry":{"type":"Polygon","coordinates":[[[-84.4295,32.1666],[-84.3936,32.414],[-84.4438,32.5617],[-84.6376,32.5351],[-84.6592,32.2327],[-84.6484,32.2327],[-84.4295,32.1339],[-84.4295,32.1666]]]},"properties":{"fips":"13197","name":"Marion","state":"Georgia"}},
{"type":"Feature","geometry":{"type":"Polygon","coordinates":[[[-76.9242,36.7075],[-76.8489,36.9962],[-76.953,36.9446],[-77.4303,36.7075],[-77.2975,36.5443],[-77.1647,36.546],[-76.9171,36.5435],[-76.9171,36.5521],[-76.8991,36.644],[-76.9099,36.6483],[-76.9637,36.6672],[-76.9242,36.7075]]]},"properties":{"fips":"51175","name":"Southampton","state":"Virginia"}},
{"type":"Feature","geometry":{"type":"Polygon","coordinates":[[[-91.5578,44.025],[-91.425,43.9846],[-91.1522,44.08],[-91.1666,44.5971],[-91.5291,44.5963],[-91.5578,44.025]]]},"properties":{"fips":"55121","name":"Trempealeau","state":"Wisconsin"}},
{"type":"Feature","geometry":{"type":"Polygon","coordinates":[[[-122.4078,38.1559],[-122.196,38.1551],[-122.1027,38.5133],[-122.2893,38.8397],[-122.3934,38.8646],[-122.6267,38.6679],[-122.3934,38.3045],[-122.4078,38.1559]]]},"properties":{"fips":"06055","name":"Napa","state":"California"}},
{"type":"Feature","geometry":{"type":"Polygon","coordinates":[[[-92.1967,36.1328],[-92.4156,35.9756],[-92.4156,35.7883],[-92.2398,35.7119],[-91.8378,35.705],[-91.8485,35.8674],[-92.0782,35.9275],[-92.1967,36.1328]]]},"properties":{"fips":"05137","name":"Stone","state":"Arkansas"}},
{"type":"Feature","geometry":{"type":"Polygon","coordinates":[[[-93.5104,45.5584],[-93.758,45.5593],[-94.1493,45.5593],[-94.0488,45.4227],[-93.5211,45.2466],[-93.514,45.2457],[-93.5104,45.415],[-93.5104,45.5584]]]},"properties":{"fips":"27141","name":"Sherburne","state":"Minnesota"}},
{"type":"Feature","geometry":{"type":"Polygon","coordinates":[[[-106.378,32.0008],[-106.6185,32.0008],[-106.5287,31.7834],[-106.3816,31.7319],[-106.2057,31.4656],[-105.9975,31.3865],[-105.9975,32.0025],[-106.378,32.0008]]]},"properties":{"fips":"48141","name":"El Paso","state":"Texas"}},
{"type":"Feature","geometry":{"type":"Polygon","coordinates":[[[-78.0226,39.6198],[-78.2272,39.3912],[-78.0333,39.265],[-77.8252,39.4943],[-78.0226,39.6198]]]},"properties":{"fips":"54003","name":"Berkeley","state":"West Virginia"}},
{"type":"Feature","geometry":{"type":"Polygon","coordinates":[[[-87.0604,36.6431],[-86.7625,36.6491],[-86.6118,36.8828],[-86.6728,36.9996],[-86.942,37.0692],[-87.0532,37.0606],[-87.0604,36.6431]]]},"properties":{"fips":"21141","name":"Logan","state":"Kentucky"}},
{"type":"Feature","geometry":{"type":"Polygon","coordinates":[[[-100.2367,31.6932],[-100.2367,32.0824],[-100.6638,32.0858],[-100.8218,32.0867],[-100.8254,31.6958],[-100.2367,31.6932]]]},"properties":{"fips":"48081","name":"Coke","state":"Texas"}},
{"type":"Feature","geometry":{"type":"Polygon","coordinates":[[[-82.4338,39.0347],[-82.423,39.1378],[-82.764,39.2083],[-82.7856,39.1687],[-82.8071,38.948],[-82.6492,38.8492],[-82.5738,38.8449],[-82.4338,39.0347]]]},"properties":{"fips":"39079","name":"Jackson","state":"Ohio"}},
{"type":"Feature","geometry":{"type":"Polygon","coordinates":[[[-81.7662,31.1692],[-81.9349,31.0481],[-81.9026,30.8204],[-81.4432,30.7096],[-81.4432,31.0163],[-81.7662,31.1692]]]},"properties":{"fips":"13039","name":"Camden","state":"Georgia"}},
{"type":"Feature","geometry":{"type":"Polygon","coordinates":[[[-81.8093,36.1114],[-81.917,36.2875],[-81.9313,36.2651],[-82.0821,36.1053],[-81.9816,35.9112],[-81.9421,35.9602],[-81.8057,35.9619],[-81.8093,36.1114]]]},"properties":{"fips":"37011","name":"Avery","state":"North Carolina"}},
{"type":"Feature","geometry":{"type":"MultiPolygon","coordinates":[[[[172.4599,52.9274],[172.8081,52.7891],[173.1347,52.784],[173.106,52.9936],[172.6286,53.0013],[172.4599,52.9274]]],[[[-167.8518,53.3157],[-167.6221,53.2505],[-167.134,53.4266],[-166.7499,53.4412],[-166.5525,53.6233],[-166.2833,53.6843],[-166.1182,53.8552],[-166.373,54.0099],[-167.0299,53.9454],[-167.0263,53.7573],[-167.1878,53.5245],[-167.8518,53.3157]]],[[[-169.0542,52.863],[-168.4979,53.0357],[-168.2718,53.2427],[-167.8411,53.3862],[-168.0062,53.5657],[-168.4082,53.4111],[-168.7635,53.1826],[-168.785,53.0451],[-169.0542,52.863]]],[[[-175.3283,52.0272],[-174.4167,52.028],[-174.0793,52.1277],[-173.9859,52.2986],[-174.693,52.107],[-175.3283,52.0272]]]]},"properties":{"fips":"02016","name":"Aleutians West","state":"Alaska"}},
{"type":"Feature","geometry":{"type":"MultiPolygon","coordinates":[[[[-148.746,60.7329],[-149.0332,60.8437],[-149.769,60.9674],[-149.9987,60.8643],[-150.3756,61.0395],[-151.0252,60.7973],[-151.4093,60.7208],[-151.2657,60.543],[-151.42,60.2131],[-151.7036,60.0319],[-151.7969,59.7046],[-151.2765,59.5946],[-151.8867,59.4211],[-151.98,59.2536],[-151.7395,59.1556],[-151.4488,59.2484],[-151.1078,59.2175],[-150.7417,59.4254],[-150.354,59.4159],[-149.428,59.9803],[-149.166,60.0224],[-148.5845,59.9374],[-148.563,60.415],[-148.746,60.7329]]],[[[-153.2578,58.855],[-153.3977,58.9658],[-154.1946,59.0697],[-154.1192,59.3652],[-153.6992,59.4632],[-153.4767,59.6427],[-153.0532,59.6917],[-153.0029,59.8867],[-152.705,59.915],[-152.7337,60.1745],[-152.2348,60.3935],[-152.3102,60.5061],[-151.7933,60.8634],[-151.1652,61.0464],[-150.975,61.1916],[-151.3339,61.2526],[-151.3339,61.4261],[-152.9993,61.4261],[-153.4839,61.4261],[-153.4408,60.9064],[-153.3977,60.4726],[-153.6562,59.7793],[-153.9541,59.6925],[-153.9541,59.5199],[-154.4135,59.4331],[-154.4135,59.2596],[-154.7473,59.2596],[-154.6432,58.6531],[-154.3058,58.6531],[-153.8177,58.6531],[-153.6382,58.855],[-153.2578,58.855]]]]},"properties":{"fips":"02122","name":"Kenai Peninsula","state":"Alaska"}},
{"type":"Feature","geometry":{"type":"Polygon","coordinates":[[[-82.0498,30.2732],[-82.0498,30.1873],[-81.6801,30.1211],[-81.4324,30.1057],[-81.3786,30.2526],[-81.4432,30.5103],[-81.7231,30.5721],[-82.0498,30.2732]]]},"properties":{"fips":"12031","name":"Duval","state":"Florida"}},
{"type":"Feature","geometry":{"type":"Polygon","coordinates":[[[-71.788,41.5965],[-71.8598,41.3198],[-71.4829,41.3714],[-71.4075,41.654],[-71.788,41.5965]]]},"properties":{"fips":"44009","name":"Washington","state":"Rhode Island"}},
{"type":"Feature","geometry":{"type":"Polygon","coordinates":[[[-105.3981,39.7469],[-105.6888,39.8517],[-105.9257,39.6988],[-105.8288,39.5648],[-105.3981,39.5656],[-105.3981,39.7469]]]},"properties":{"fips":"08019","name":"Clear Creek","state":"Colorado"}},
{"type":"Feature","geometry":{"type":"Polygon","coordinates":[[[-92.7638,36.8063],[-92.771,36.4979],[-92.5305,36.4988],[-92.15,36.4988],[-92.1213,36.4988],[-92.1141,36.7943],[-92.7638,36.8063]]]},"properties":{"fips":"29153","name":"Ozark","state":"Missouri"}},
{"type":"Feature","geometry":{"type":"Polygon","coordinates":[[[-103.3989,38.265],[-102.742,38.2667],[-102.0457,38.2685],[-102.0457,38.6155],[-103.1728,38.6121],[-103.503,38.5167],[-103.503,38.265],[-103.3989,38.265]]]},"properties":{"fips":"08061","name":"Kiowa","state":"Colorado"}},
{"type":"Feature","geometry":{"type":"Polygon","coordinates":[[[-97.8606,26.3481],[-97.8678,26.0569],[-97.6488,26.0217],[-97.4442,25.8499],[-97.272,26.0861],[-97.3509,26.4117],[-97.5268,26.2992],[-97.8606,26.3481]]]},"properties":{"fips":"48061","name":"Cameron","state":"Texas"}},
{"type":"Feature","geometry":{"type":"Polygon","coordinates":[[[-93.3058,36.8166],[-93.3166,36.4988],[-93.295,36.4979],[-92.8535,36.4979],[-92.771,36.4979],[-92.7638,36.8063],[-92.911,36.8089],[-93.3058,36.8166]]]},"properties":{"fips":"29213","name":"Taney","state":"Missouri"}},
{"type":"Feature","geometry":{"type":"Polygon","coordinates":[[[-98.3128,35.5512],[-98.3057,35.3769],[-98.0975,35.3777],[-97.6704,35.3356],[-97.6704,35.3373],[-97.6704,35.3769],[-97.674,35.7256],[-98.2088,35.7248],[-98.3128,35.5512]]]},"properties":{"fips":"40017","name":"Canadian","state":"Oklahoma"}},
{"type":"Feature","geometry":{"type":"Polygon","coordinates":[[[-93.1658,35.7291],[-93.5176,35.7634],[-93.697,35.7686],[-93.7114,35.3751],[-93.435,35.4275],[-93.2986,35.327],[-93.1658,35.7291]]]},"properties":{"fips":"05071","name":"Johnson","state":"Arkansas"}},
{"type":"Feature","geometry":{"type":"Polygon","coordinates":[[[-89.6303,36.1852],[-89.4832,36.2127],[-89.3468,36.5031],[-89.4186,36.4988],[-89.4868,36.4971],[-89.5406,36.4979],[-89.5442,36.3364],[-89.6303,36.1852]]]},"properties":{"fips":"47095","name":"Lake","state":"Tennessee"}},
{"type":"Feature","geometry":{"type":"Polygon","coordinates":[[[-78.823,37.2049],[-78.9055,37.022],[-78.7512,36.9197],[-78.6471,36.6981],[-78.4928,36.8914],[-78.4425,37.0795],[-78.683,37.2488],[-78.823,37.2049]]]},"properties":{"fips":"51037","name":"Charlotte","state":"Virginia"}},
{"type":"Feature","geometry":{"type":"Polygon","coordinates":[[[-90.8507,35.9679],[-90.3769,35.9954],[-90.1903,36.2007],[-90.3195,36.2591],[-90.8076,36.2668],[-90.8112,36.1492],[-90.8507,35.9679]]]},"properties":{"fips":"05055","name":"Greene","state":"Arkansas"}},
{"type":"Feature","geometry":{"type":"Polygon","coordinates":[[[-84.3397,29.9605],[-84.0777,30.0954],[-84.0741,30.274],[-84.713,30.2998],[-84.5443,30.0112],[-84.3397,29.9605]]]},"properties":{"fips":"12129","name":"Wakulla","state":"Florida"}},
{"type":"Feature","geometry":{"type":"Polygon","coordinates":[[[-83.8803,45.2019],[-83.3886,45.2071],[-84.2033,45.6272],[-84.2464,45.1985],[-83.8803,45.2019]]]},"properties":{"fips":"26141","name":"Presque Isle","state":"Michigan"}},
{"type":"Feature","geometry":{"type":"Polygon","coordinates":[[[-88.2521,41.4633],[-88.2449,41.2013],[-88.0152,41.2923],[-87.527,41.2984],[-87.527,41.4702],[-88.0295,41.6858],[-88.2628,41.7245],[-88.2521,41.4633]]]},"properties":{"fips":"17197","name":"Will","state":"Illinois"}},
{"type":"Feature","geometry":{"type":"Polygon","coordinates":[[[-65.5749,18.1158],[-65.5426,18.0814],[-65.338,18.1123],[-65.399,18.1622],[-65.5749,18.1158]]]},"properties":{"fips":"72147","name":"Vieques","state":"Puerto Rico"}},
{"type":"Feature","geometry":{"type":"Polygon","coordinates":[[[-81.095,37.5889],[-80.9443,37.8192],[-81.3822,37.9695],[-81.4575,37.9875],[-81.515,37.7908],[-81.2206,37.5108],[-81.095,37.5889]]]},"properties":{"fips":"54081","name":"Raleigh","state":"West Virginia"}},
{"type":"Feature","geometry":{"type":"Polygon","coordinates":[[[-85.3376,33.6527],[-85.3052,33.4826],[-85.2945,33.4277],[-85.0145,33.4259],[-84.8494,33.5118],[-84.8099,33.5737],[-84.9032,33.7807],[-85.0396,33.8117],[-85.3376,33.6527]]]},"properties":{"fips":"13045","name":"Carroll","state":"Georgia"}},
{"type":"Feature","geometry":{"type":"Polygon","coordinates":[[[-117.1674,36.9713],[-115.8466,35.9645],[-115.8968,36.1723],[-115.8968,36.8424],[-115.8932,38.0503],[-114.9995,38.0511],[-114.9995,38.6774],[-115.9076,39.1619],[-116.6003,39.1619],[-117.3325,39.1636],[-117.774,39.0932],[-117.8637,39.0734],[-118.1975,38.9188],[-117.6914,38.4738],[-117.1638,38.0013],[-117.1674,36.9713]]]},"properties":{"fips":"32023","name":"Nye","state":"Nevada"}},
{"type":"Feature","geometry":{"type":"Polygon","coordinates":[[[-88.8874,43.6333],[-88.4028,43.6307],[-88.3992,43.5439],[-88.1623,43.5431],[-88.1623,43.8919],[-88.4028,43.9382],[-88.8874,43.8953],[-88.8874,43.6333]]]},"properties":{"fips":"55039","name":"Fond du Lac","state":"Wisconsin"}},
{"type":"Feature","geometry":{"type":"Polygon","coordinates":[[[-91.7157,40.5982],[-91.4178,40.3783],[-91.3604,40.6017],[-91.1845,40.6377],[-91.1127,40.6962],[-91.4106,40.813],[-91.7193,40.8138],[-91.7157,40.5982]]]},"properties":{"fips":"19111","name":"Lee","state":"Iowa"}},
{"type":"Feature","geometry":{"type":"Polygon","coordinates":[[[-73.6759,42.7837],[-73.6365,42.9409],[-73.5934,43.306],[-73.8841,43.3979],[-74.1605,43.3713],[-74.139,43.2536],[-74.0959,42.983],[-74.0923,42.9555],[-73.8087,42.7785],[-73.6759,42.7837]]]},"properties":{"fips":"36091","name":"Saratoga","state":"New York"}},
{"type":"Feature","geometry":{"type":"Polygon","coordinates":[[[-92.1429,30.299],[-91.9885,30.3685],[-91.7552,30.4974],[-91.8162,30.8479],[-92.2111,30.8488],[-92.2613,30.5386],[-92.4946,30.4802],[-92.2434,30.4802],[-92.1429,30.299]]]},"properties":{"fips":"22097","name":"St. Landry","state":"Louisiana"}},
{"type":"Feature","geometry":{"type":"Polygon","coordinates":[[[-95.6711,34.5943],[-96.0911,34.6802],[-96.1449,34.419],[-96.4069,34.4181],[-96.4069,34.157],[-95.9906,34.157],[-95.7788,34.157],[-95.7788,34.5066],[-95.6711,34.5943]]]},"properties":{"fips":"40005","name":"Atoka","state":"Oklahoma"}},
{"type":"Feature","geometry":{"type":"Polygon","coordinates":[[[-74.7599,43.0474],[-74.541,42.9856],[-74.0959,42.983],[-74.139,43.2536],[-74.5338,43.2278],[-74.7132,43.2862],[-74.7599,43.0474]]]},"properties":{"fips":"36035","name":"Fulton","state":"New York"}},
{"type":"Feature","geometry":{"type":"Polygon","coordinates":[[[-95.5132,34.681],[-95.506,35.0289],[-95.3481,35.0581],[-95.4522,35.2961],[-95.9834,35.1518],[-96.0875,35.0496],[-96.0911,34.7678],[-96.0911,34.6802],[-95.6711,34.5943],[-95.5132,34.681]]]},"properties":{"fips":"40121","name":"Pittsburg","state":"Oklahoma"}},
{"type":"Feature","geometry":{"type":"Polygon","coordinates":[[[-82.2902,39.3844],[-82.2687,39.204],[-81.7554,39.1808],[-81.7267,39.216],[-81.8452,39.4505],[-82.0462,39.551],[-82.1574,39.5562],[-82.2902,39.3844]]]},"properties":{"fips":"39009","name":"Athens","state":"Ohio"}},
{"type":"Feature","geometry":{"type":"Polygon","coordinates":[[[-86.8558,31.9621],[-86.9061,32.048],[-87.1789,32.0471],[-87.4732,32.2653],[-87.667,31.9913],[-87.5019,31.8289],[-86.9061,31.8307],[-86.8558,31.9621]]]},"properties":{"fips":"01131","name":"Wilcox","state":"Alabama"}},
{"type":"Feature","geometry":{"type":"Polygon","coordinates":[[[-79.9177,39.7211],[-79.7634,39.7211],[-79.4762,39.7211],[-79.3937,39.7211],[-79.2932,40.0407],[-79.4834,40.1438],[-79.8782,40.1266],[-79.9967,39.9831],[-79.9177,39.7211]]]},"properties":{"fips":"42051","name":"Fayette","state":"Pennsylvania"}},
{"type":"Feature","geometry":{"type":"Polygon","coordinates":[[[-86.5794,33.7653],[-86.3246,33.9405],[-86.3031,34.0994],[-86.4538,34.2592],[-86.9635,33.858],[-86.9527,33.8151],[-86.5794,33.7653]]]},"properties":{"fips":"01009","name":"Blount","state":"Alabama"}},
{"type":"Feature","geometry":{"type":"Polygon","coordinates":[[[-84.652,34.413],[-84.6556,34.5487],[-84.6556,34.5831],[-84.914,34.6338],[-85.0504,34.6226],[-85.0684,34.5874],[-85.0073,34.3924],[-84.652,34.413]]]},"properties":{"fips":"13129","name":"Gordon","state":"Georgia"}},
{"type":"Feature","geometry":{"type":"Polygon","coordinates":[[[-90.4846,30.2766],[-90.6318,30.2216],[-90.6425,30.1667],[-90.6569,29.8892],[-90.5313,29.8849],[-90.5384,30.0137],[-90.2585,30.1632],[-90.158,30.1899],[-90.1616,30.2345],[-90.4846,30.2766]]]},"properties":{"fips":"22095","name":"St. John the Baptist","state":"Louisiana"}},
{"type":"Feature","geometry":{"type":"Polygon","coordinates":[[[-75.8331,41.4272],[-75.5998,41.1618],[-75.5065,41.2322],[-75.4634,41.642],[-75.7182,41.642],[-75.8331,41.4272]]]},"properties":{"fips":"42069","name":"Lackawanna","state":"Pennsylvania"}},
{"type":"Feature","geometry":{"type":"Polygon","coordinates":[[[-84.2644,35.8966],[-84.2715,35.9103],[-84.3433,36.0486],[-84.6807,35.9086],[-84.7812,35.8253],[-84.7238,35.7531],[-84.6197,35.6449],[-84.5838,35.644],[-84.2644,35.8966]]]},"properties":{"fips":"47145","name":"Roane","state":"Tennessee"}},
{"type":"Feature","geometry":{"type":"Polygon","coordinates":[[[-65.9984,18.2068],[-65.9518,18.2292],[-65.9195,18.2704],[-65.941,18.2936],[-66.02,18.3048],[-65.9984,18.2068]]]},"properties":{"fips":"72063","name":"Gurabo","state":"Puerto Rico"}},
{"type":"Feature","geometry":{"type":"Polygon","coordinates":[[[-99.7163,45.5937],[-99.7199,45.9407],[-99.8814,45.9416],[-100.4987,45.9433],[-100.3085,45.7079],[-100.4305,45.5945],[-99.7163,45.5937]]]},"properties":{"fips":"46021","name":"Campbell","state":"South Dakota"}},
{"type":"Feature","geometry":{"type":"Polygon","coordinates":[[[-66.9281,18.151],[-66.885,18.0247],[-66.8599,17.9543],[-66.8527,17.9551],[-66.7988,18.1338],[-66.8276,18.1716],[-66.8383,18.1708],[-66.9281,18.151]]]},"properties":{"fips":"72153","name":"Yauco","state":"Puerto Rico"}},
{"type":"Feature","geometry":{"type":"Polygon","coordinates":[[[-91.486,30.4974],[-91.3101,30.3222],[-91.1414,30.323],[-91.2994,30.6495],[-91.3101,30.6537],[-91.3317,30.6589],[-91.486,30.4974]]]},"properties":{"fips":"22121","name":"West Baton Rouge","state":"Louisiana"}},
{"type":"Feature","geometry":{"type":"Polygon","coordinates":[[[-86.6943,39.8646],[-87.0102,39.8663],[-87.0138,39.6052],[-86.9384,39.4737],[-86.6871,39.4703],[-86.6584,39.6017],[-86.6943,39.8646]]]},"properties":{"fips":"18133","name":"Putnam","state":"Indiana"}},
{"type":"Feature","geometry":{"type":"Polygon","coordinates":[[[-94.4723,40.8998],[-94.9281,40.9006],[-94.9138,40.575],[-94.6338,40.5716],[-94.4723,40.5707],[-94.4723,40.8998]]]},"properties":{"fips":"19173","name":"Taylor","state":"Iowa"}},
{"type":"Feature","geometry":{"type":"Polygon","coordinates":[[[-112.6987,43.623],[-112.9356,43.4494],[-113.0074,43.2845],[-113.0074,43.111],[-113.0074,42.8627],[-112.749,42.9512],[-112.6557,43.0216],[-112.0634,43.0225],[-111.5896,43.0199],[-111.5896,43.2819],[-112.1029,43.4254],[-112.5193,43.4254],[-112.5193,43.6264],[-112.6987,43.623]]]},"properties":{"fips":"16011","name":"Bingham","state":"Idaho"}},
{"type":"Feature","geometry":{"type":"Polygon","coordinates":[[[-90.6784,45.982],[-90.3015,45.9811],[-90.3015,46.1546],[-90.5528,46.2405],[-90.5492,46.5842],[-90.9261,46.585],[-90.9261,46.1546],[-90.9261,45.9811],[-90.6784,45.982]]]},"properties":{"fips":"55003","name":"Ashland","state":"Wisconsin"}},
{"type":"Feature","geometry":{"type":"Polygon","coordinates":[[[-92.0782,43.8472],[-91.7301,43.8472],[-91.285,43.8472],[-91.425,43.9846],[-91.5578,44.025],[-91.8593,44.1934],[-92.0782,44.1066],[-92.0782,43.8472]]]},"properties":{"fips":"27169","name":"Winona","state":"Minnesota"}},
{"type":"Feature","geometry":{"type":"Polygon","coordinates":[[[-78.4856,38.4214],[-78.6435,38.6043],[-78.8696,38.7633],[-79.0563,38.7616],[-79.225,38.4781],[-78.7476,38.2066],[-78.6615,38.2779],[-78.4856,38.4214]],[[-78.9163,38.4377],[-78.8696,38.4798],[-78.8266,38.4205],[-78.8804,38.4119],[-78.9163,38.4377]]]},"properties":{"fips":"51165","name":"Rockingham","state":"Virginia"}},
{"type":"Feature","geometry":{"type":"Polygon","coordinates":[[[-104.9746,48.5634],[-105.0571,48.999],[-106.1124,48.999],[-106.0227,48.5634],[-105.8037,48.5634],[-104.9746,48.5634]]]},"properties":{"fips":"30019","name":"Daniels","state":"Montana"}},
{"type":"Feature","geometry":{"type":"Polygon","coordinates":[[[-80.2802,38.6945],[-80.1259,38.7461],[-80.0864,38.9471],[-80.2264,39.1129],[-80.3018,39.1035],[-80.3915,38.7272],[-80.2802,38.6945]]]},"properties":{"fips":"54097","name":"Upshur","state":"West Virginia"}},
{"type":"Feature","geometry":{"type":"Polygon","coordinates":[[[-67.1327,18.3898],[-67.0573,18.4611],[-67.1039,18.5144],[-67.1614,18.4156],[-67.1327,18.3898]]]},"properties":{"fips":"72005","name":"Aguadilla","state":"Puerto Rico"}},
{"type":"Feature","geometry":{"type":"Polygon","coordinates":[[[-65.9195,18.4027],[-65.9913,18.4577],[-66.0379,18.4499],[-65.9984,18.3804],[-65.941,18.2936],[-65.9195,18.2704],[-65.9195,18.4027]]]},"properties":{"fips":"72031","name":"Carolina","state":"Puerto Rico"}},
{"type":"Feature","geometry":{"type":"Polygon","coordinates":[[[-66.7701,18.3254],[-66.7665,18.4843],[-66.8383,18.4877],[-66.824,18.3434],[-66.8276,18.3237],[-66.7701,18.3254]]]},"properties":{"fips":"72065","name":"Hatillo","state":"Puerto Rico"}},
{"type":"Feature","geometry":{"type":"Polygon","coordinates":[[[-95.8039,30.2457],[-96.0947,30.2251],[-96.1449,30.0704],[-96.0336,29.7277],[-95.8255,29.7887],[-95.8039,30.0902],[-95.8039,30.2457]]]},"properties":{"fips":"48473","name":"Waller","state":"Texas"}},
{"type":"Feature","geometry":{"type":"Polygon","coordinates":[[[-66.0092,18.0754],[-65.9877,18.0591],[-65.8513,18.0118],[-65.7974,18.0694],[-65.8764,18.1184],[-65.9267,18.1201],[-66.0092,18.0754]]]},"properties":{"fips":"72151","name":"Yabucoa","state":"Puerto Rico"}},
{"type":"Feature","geometry":{"type":"Polygon","coordinates":[[[-86.8163,37.9987],[-86.7912,38.2049],[-87.0173,38.2032],[-87.2686,37.8784],[-86.9779,37.93],[-86.8163,37.9987]]]},"properties":{"fips":"18147","name":"Spencer","state":"Indiana"}},
{"type":"Feature","geometry":{"type":"Polygon","coordinates":[[[-84.2464,45.1985],[-84.2033,45.6272],[-84.4618,45.6521],[-84.731,45.7878],[-84.731,45.2895],[-84.7346,45.2019],[-84.3649,45.1985],[-84.2464,45.1985]]]},"properties":{"fips":"26031","name":"Cheboygan","state":"Michigan"}},
{"type":"Feature","geometry":{"type":"Polygon","coordinates":[[[-73.981,41.4392],[-73.5288,41.5269],[-73.518,41.6669],[-73.4857,42.05],[-73.4965,42.05],[-73.9308,42.0784],[-73.9523,41.5896],[-73.981,41.4392]]]},"properties":{"fips":"36027","name":"Dutchess","state":"New York"}},
{"type":"Feature","geometry":{"type":"Polygon","coordinates":[[[-109.7986,45.0018],[-109.7986,45.1676],[-110.0642,45.1719],[-110.2293,45.1719],[-110.2221,45.7852],[-110.2831,46.1847],[-110.7821,46.1924],[-110.7964,45.5911],[-111.0369,45.3514],[-111.0441,45.0018],[-109.7986,45.0018]]]},"properties":{"fips":"30067","name":"Park","state":"Montana"}},
{"type":"Feature","geometry":{"type":"Polygon","coordinates":[[[-92.5987,30.896],[-92.8248,30.89],[-92.9792,30.878],[-92.9792,30.5988],[-93.1299,30.4235],[-92.631,30.488],[-92.5987,30.896]]]},"properties":{"fips":"22003","name":"Allen","state":"Louisiana"}},
{"type":"Feature","geometry":{"type":"Polygon","coordinates":[[[-88.9161,32.5772],[-89.3181,32.5763],[-89.3217,32.5763],[-89.3217,32.2233],[-88.9125,32.2241],[-88.9161,32.5772]]]},"properties":{"fips":"28101","name":"Newton","state":"Mississippi"}},
{"type":"Feature","geometry":{"type":"Polygon","coordinates":[[[-91.7014,30.4974],[-91.6224,30.3101],[-91.3676,30.0584],[-91.224,30.0249],[-91.1055,30.0627],[-91.0194,30.3213],[-91.1414,30.323],[-91.3101,30.3222],[-91.486,30.4974],[-91.7014,30.4974]]]},"properties":{"fips":"22047","name":"Iberville","state":"Louisiana"}},
{"type":"Feature","geometry":{"type":"Polygon","coordinates":[[[-90.7359,37.2711],[-90.7789,37.0503],[-90.6784,36.9266],[-90.2585,36.9223],[-90.1113,37.0409],[-90.219,37.3149],[-90.5492,37.3175],[-90.7359,37.2711]]]},"properties":{"fips":"29223","name":"Wayne","state":"Missouri"}},
{"type":"Feature","geometry":{"type":"Polygon","coordinates":[[[-98.8261,34.5943],[-99.1025,34.6381],[-99.2102,34.3365],[-98.9517,34.2128],[-98.6108,34.157],[-98.661,34.4061],[-98.8261,34.5943]]]},"properties":{"fips":"40141","name":"Tillman","state":"Oklahoma"}},
{"type":"Feature","geometry":{"type":"Polygon","coordinates":[[[-76.6658,42.623],[-76.2638,42.6239],[-76.2746,42.7716],[-76.4505,42.8455],[-76.4792,43.2278],[-76.6156,43.4194],[-76.7232,43.3438],[-76.7125,43.0242],[-76.6658,42.623]]]},"properties":{"fips":"36011","name":"Cayuga","state":"New York"}},
{"type":"Feature","geometry":{"type":"Polygon","coordinates":[[[-83.4819,34.9937],[-83.5501,34.9929],[-83.6506,34.8228],[-83.3527,34.7162],[-83.1086,35.0006],[-83.4819,34.9937]]]},"properties":{"fips":"13241","name":"Rabun","state":"Georgia"}},
{"type":"Feature","geometry":{"type":"Polygon","coordinates":[[[-90.5025,35.1441],[-90.4092,34.9044],[-90.4092,34.8331],[-90.3051,34.8606],[-90.3087,34.9954],[-90.1759,35.1123],[-90.0754,35.3837],[-90.14,35.4361],[-90.2872,35.4387],[-90.5025,35.4421],[-90.5025,35.1441]]]},"properties":{"fips":"05035","name":"Crittenden","state":"Arkansas"}},
{"type":"Feature","geometry":{"type":"Polygon","coordinates":[[[-84.8745,30.7276],[-85.0037,31.0008],[-85.4883,30.9974],[-85.4991,30.9965],[-85.5996,30.8307],[-85.4309,30.7852],[-85.4345,30.5678],[-85.3842,30.567],[-84.932,30.6065],[-84.8638,30.7113],[-84.8745,30.7276]]]},"properties":{"fips":"12063","name":"Jackson","state":"Florida"}},
{"type":"Feature","geometry":{"type":"Polygon","coordinates":[[[-66.1707,18.431],[-66.1958,18.389],[-66.203,18.3159],[-66.2066,18.2764],[-66.1923,18.2592],[-66.1456,18.2799],[-66.1312,18.425],[-66.1707,18.431]]]},"properties":{"fips":"72021","name":"Bayamón","state":"Puerto Rico"}},
{"type":"Feature","geometry":{"type":"Polygon","coordinates":[[[-66.1169,18.2103],[-66.1707,18.224],[-66.2389,18.1845],[-66.2425,18.1802],[-66.2174,18.1433],[-66.0953,18.169],[-66.1169,18.2103]]]},"properties":{"fips":"72041","name":"Cidra","state":"Puerto Rico"}},
{"type":"Feature","geometry":{"type":"Polygon","coordinates":[[[-87.1035,34.6862],[-87.2614,34.7583],[-87.4265,34.8004],[-87.5306,34.5668],[-87.5306,34.3048],[-87.1107,34.2996],[-87.1107,34.3142],[-87.1035,34.6862]]]},"properties":{"fips":"01079","name":"Lawrence","state":"Alabama"}},
{"type":"Feature","geometry":{"type":"Polygon","coordinates":[[[-85.4237,38.1473],[-85.4273,38.1181],[-85.4883,37.991],[-85.1689,37.9721],[-85.1007,38.0374],[-85.4237,38.1473]]]},"properties":{"fips":"21215","name":"Spencer","state":"Kentucky"}},
{"type":"Feature","geometry":{"type":"Polygon","coordinates":[[[-122.6949,47.1039],[-122.86,47.1675],[-123.201,47.085],[-123.1615,46.7938],[-122.2032,46.7628],[-122.6375,46.9785],[-122.6949,47.1039]]]},"properties":{"fips":"53067","name":"Thurston","state":"Washington"}},
{"type":"Feature","geometry":{"type":"Polygon","coordinates":[[[-96.8879,44.196],[-96.4536,44.1968],[-96.4536,44.5439],[-96.8843,44.5439],[-97.1284,44.543],[-97.1284,44.196],[-96.8879,44.196]]]},"properties":{"fips":"46011","name":"Brookings","state":"South Dakota"}},
{"type":"Feature","geometry":{"type":"Polygon","coordinates":[[[-85.6067,35.5315],[-85.8759,35.5238],[-85.9118,35.2892],[-85.8724,35.2231],[-85.5601,35.3193],[-85.6067,35.5315]]]},"properties":{"fips":"47061","name":"Grundy","state":"Tennessee"}},
{"type":"Feature","geometry":{"type":"Polygon","coordinates":[[[-97.778,28.6676],[-98.0042,28.6899],[-98.0903,28.6633],[-97.8175,28.1771],[-97.5412,28.1651],[-97.376,28.3884],[-97.6955,28.5413],[-97.778,28.6676]]]},"properties":{"fips":"48025","name":"Bee","state":"Texas"}},
{"type":"Feature","geometry":{"type":"Polygon","coordinates":[[[-76.673,38.4995],[-76.6766,38.5356],[-77.0858,38.7057],[-77.1288,38.6353],[-77.276,38.4815],[-76.8489,38.3552],[-76.673,38.4995]]]},"properties":{"fips":"24017","name":"Charles","state":"Maryland"}},
{"type":"Feature","geometry":{"type":"Polygon","coordinates":[[[-76.2207,41.5415],[-76.813,41.5904],[-76.7484,41.4057],[-76.4469,41.276],[-76.3105,41.3104],[-76.2818,41.3765],[-76.2207,41.5415]]]},"properties":{"fips":"42113","name":"Sullivan","state":"Pennsylvania"}},
{"type":"Feature","geometry":{"type":"Polygon","coordinates":[[[-76.7268,37.3063],[-76.7268,37.2505],[-76.6622,37.2513],[-76.7268,37.3063]]]},"properties":{"fips":"51830","name":"Williamsburg","state":"Virginia"}},
{"type":"Feature","geometry":{"type":"Polygon","coordinates":[[[-95.1256,33.0342],[-94.8205,32.9827],[-94.8097,33.3632],[-95.1256,33.3899],[-95.1256,33.0342]]]},"properties":{"fips":"48449","name":"Titus","state":"Texas"}},
{"type":"Feature","geometry":{"type":"Polygon","coordinates":[[[-95.1507,33.0136],[-95.1507,32.9028],[-94.72,32.9045],[-94.8205,32.9827],[-95.1256,33.0342],[-95.1507,33.0136]]]},"properties":{"fips":"48063","name":"Camp","state":"Texas"}},
{"type":"Feature","geometry":{"type":"Polygon","coordinates":[[[-86.2564,35.4121],[-86.5256,35.3545],[-86.3174,35.1269],[-86.26,35.3339],[-86.2564,35.4121]]]},"properties":{"fips":"47127","name":"Moore","state":"Tennessee"}},
{"type":"Feature","geometry":{"type":"Polygon","coordinates":[[[-95.9906,34.157],[-96.4069,34.157],[-96.5864,34.114],[-96.59,33.895],[-96.3782,33.7257],[-96.1485,33.8374],[-95.847,33.8409],[-95.7609,33.8726],[-95.9367,33.9414],[-95.9906,34.157]]]},"properties":{"fips":"40013","name":"Bryan","state":"Oklahoma"}},
{"type":"Feature","geometry":{"type":"Polygon","coordinates":[[[-95.8614,30.8642],[-96.17,30.823],[-96.1557,30.3299],[-96.0947,30.2251],[-95.8039,30.2457],[-95.8291,30.6306],[-95.8614,30.8642]]]},"properties":{"fips":"48185","name":"Grimes","state":"Texas"}},
{"type":"Feature","geometry":{"type":"Polygon","coordinates":[[[-84.2823,30.6855],[-84.4187,30.4639],[-84.6448,30.3883],[-84.713,30.2998],[-84.0741,30.274],[-83.9772,30.5223],[-84.0059,30.6718],[-84.0849,30.6761],[-84.2823,30.6855]]]},"properties":{"fips":"12073","name":"Leon","state":"Florida"}},
{"type":"Feature","geometry":{"type":"Polygon","coordinates":[[[-89.0345,33.7395],[-89.0202,33.5625],[-88.672,33.5058],[-88.5141,33.6501],[-88.7187,33.8117],[-89.0345,33.7395]]]},"properties":{"fips":"28025","name":"Clay","state":"Mississippi"}},
{"type":"Feature","geometry":{"type":"Polygon","coordinates":[[[-95.3086,40.0003],[-94.9928,39.8981],[-95.043,40.13],[-95.1794,40.2615],[-95.5563,40.264],[-95.5527,40.2623],[-95.3086,40.0003]]]},"properties":{"fips":"29087","name":"Holt","state":"Missouri"}},
{"type":"Feature","geometry":{"type":"Polygon","coordinates":[[[-78.4641,42.8679],[-78.4641,43.0886],[-79.0204,43.0663],[-78.8517,42.7837],[-79.1353,42.5698],[-79.0599,42.538],[-78.884,42.4383],[-78.4641,42.5363],[-78.4641,42.8679]]]},"properties":{"fips":"36029","name":"Erie","state":"New York"}},
{"type":"Feature","geometry":{"type":"Polygon","coordinates":[[[-117.2213,44.3016],[-116.8982,44.153],[-116.4531,44.1513],[-116.2988,44.4442],[-116.5285,44.4915],[-116.6254,44.8385],[-116.9018,44.8411],[-117.2248,44.4838],[-117.2213,44.3016]]]},"properties":{"fips":"16087","name":"Washington","state":"Idaho"}},
{"type":"Feature","geometry":{"type":"Polygon","coordinates":[[[-102.0062,43.9949],[-101.0658,43.9949],[-101.0479,44.1685],[-101.1663,44.1685],[-101.1376,44.7475],[-101.5001,44.5817],[-101.9991,44.5112],[-102.0026,44.5112],[-102.0062,43.9949]]]},"properties":{"fips":"46055","name":"Haakon","state":"South Dakota"}},
{"type":"Feature","geometry":{"type":"Polygon","coordinates":[[[-94.9389,34.5066],[-94.4615,34.5075],[-94.4544,34.7291],[-94.4472,34.9336],[-94.4328,35.3863],[-94.8133,35.3236],[-94.9281,35.0581],[-95.0609,34.8554],[-95.0609,34.681],[-94.9389,34.5066]]]},"properties":{"fips":"40079","name":"Le Flore","state":"Oklahoma"}},
{"type":"Feature","geometry":{"type":"Polygon","coordinates":[[[-82.4984,37.9454],[-82.423,37.8544],[-82.3046,37.9437],[-82.1933,38.046],[-82.2651,38.2289],[-82.5092,38.4111],[-82.5953,38.4222],[-82.6061,38.247],[-82.4984,37.9454]]]},"properties":{"fips":"54099","name":"Wayne","state":"West Virginia"}},
{"type":"Feature","geometry":{"type":"Polygon","coordinates":[[[-106.0873,46.8599],[-105.6171,46.8324],[-105.4484,46.5713],[-104.9853,46.5403],[-104.7341,46.6125],[-104.6085,46.6847],[-104.6049,46.8608],[-105.0284,46.8616],[-105.3263,46.9776],[-105.4053,47.1812],[-106.0873,47.1812],[-106.0873,46.8599]]]},"properties":{"fips":"30079","name":"Prairie","state":"Montana"}},
{"type":"Feature","geometry":{"type":"Polygon","coordinates":[[[-87.5198,30.2801],[-86.9204,30.3703],[-87.2578,30.6117],[-87.3153,30.847],[-87.1645,30.9991],[-87.5988,30.9974],[-87.6347,30.8659],[-87.405,30.6744],[-87.4301,30.4063],[-87.5198,30.2801]]]},"properties":{"fips":"12033","name":"Escambia","state":"Florida"}},
{"type":"Feature","geometry":{"type":"Polygon","coordinates":[[[-83.1373,32.4234],[-82.9902,32.1477],[-82.8861,32.1958],[-82.721,32.3092],[-82.6492,32.5128],[-82.6671,32.6124],[-82.9579,32.7086],[-83.227,32.5841],[-83.1373,32.4234]]]},"properties":{"fips":"13175","name":"Laurens","state":"Georgia"}},
{"type":"Feature","geometry":{"type":"Polygon","coordinates":[[[-92.5556,42.6419],[-92.5556,42.9074],[-93.0258,42.9074],[-93.0258,42.5569],[-92.5556,42.556],[-92.5556,42.6419]]]},"properties":{"fips":"19023","name":"Butler","state":"Iowa"}},
{"type":"Feature","geometry":{"type":"Polygon","coordinates":[[[-120.5055,45.0834],[-120.7244,45.0834],[-121.0223,45.2913],[-120.8249,45.5138],[-120.9146,45.6409],[-121.4423,45.6976],[-121.4817,45.2578],[-121.6971,45.2578],[-121.733,44.8858],[-121.7545,44.83],[-120.3727,44.8214],[-120.4947,45.0679],[-120.5055,45.0834]]]},"properties":{"fips":"41065","name":"Wasco","state":"Oregon"}},
{"type":"Feature","geometry":{"type":"Polygon","coordinates":[[[-97.0171,42.3516],[-97.0171,42.7613],[-97.1607,42.8],[-97.4837,42.8507],[-97.4837,42.4383],[-97.3689,42.3516],[-97.0171,42.3516]]]},"properties":{"fips":"31027","name":"Cedar","state":"Nebraska"}},
{"type":"Feature","geometry":{"type":"Polygon","coordinates":[[[-71.246,42.7424],[-71.4254,42.8249],[-71.3931,43.0096],[-71.6695,43.1522],[-72.0105,43.1883],[-72.0392,43.129],[-71.9279,42.7124],[-71.8992,42.7115],[-71.2568,42.7364],[-71.246,42.7424]]]},"properties":{"fips":"33011","name":"Hillsborough","state":"New Hampshire"}},
{"type":"Feature","geometry":{"type":"Polygon","coordinates":[[[-81.4109,32.7447],[-81.5437,33.0454],[-81.7662,32.9096],[-81.8416,32.6493],[-81.5473,32.4896],[-81.3893,32.5952],[-81.4109,32.7447]]]},"properties":{"fips":"13251","name":"Screven","state":"Georgia"}},
{"type":"Feature","geometry":{"type":"Polygon","coordinates":[[[-96.5541,41.7416],[-96.4464,41.6832],[-96.1234,41.6832],[-96.1377,41.8662],[-96.2741,42.0475],[-96.5541,42.0157],[-96.5541,41.7416]]]},"properties":{"fips":"31021","name":"Burt","state":"Nebraska"}},
{"type":"Feature","geometry":{"type":"Polygon","coordinates":[[[-75.8654,38.2384],[-75.8977,37.9747],[-75.668,37.9506],[-75.6249,37.9944],[-75.6142,38.2788],[-75.7505,38.2848],[-75.8654,38.2384]]]},"properties":{"fips":"24039","name":"Somerset","state":"Maryland"}},
{"type":"Feature","geometry":{"type":"Polygon","coordinates":[[[-75.6142,38.2788],[-75.6249,37.9944],[-75.2409,38.0271],[-75.0506,38.4514],[-75.3414,38.4523],[-75.3737,38.2899],[-75.6142,38.2788]]]},"properties":{"fips":"24047","name":"Worcester","state":"Maryland"}},
{"type":"Feature","geometry":{"type":"Polygon","coordinates":[[[-102.0206,48.999],[-102.9394,48.9998],[-102.8856,48.633],[-102.8856,48.5462],[-102.2324,48.5462],[-102.2324,48.7206],[-102.0206,48.8074],[-102.0206,48.999]]]},"properties":{"fips":"38013","name":"Burke","state":"North Dakota"}},
{"type":"Feature","geometry":{"type":"Polygon","coordinates":[[[-87.2183,41.2417],[-86.9312,41.2365],[-86.9312,41.7107],[-87.2219,41.6239],[-87.2183,41.2417]]]},"properties":{"fips":"18127","name":"Porter","state":"Indiana"}},
{"type":"Feature","geometry":{"type":"Polygon","coordinates":[[[-93.5247,38.2075],[-93.514,38.5124],[-93.5104,38.5562],[-94.0631,38.5674],[-94.0667,38.4471],[-94.0488,38.2143],[-93.5247,38.2075]]]},"properties":{"fips":"29083","name":"Henry","state":"Missouri"}},
{"type":"Feature","geometry":{"type":"Polygon","coordinates":[[[-76.253,42.4074],[-76.131,42.41],[-75.8654,42.416],[-75.8905,42.7235],[-75.8977,42.7905],[-76.2746,42.7716],[-76.2638,42.6239],[-76.253,42.4074]]]},"properties":{"fips":"36023","name":"Cortland","state":"New York"}},
{"type":"Feature","geometry":{"type":"Polygon","coordinates":[[[-116.5142,43.8068],[-116.5106,43.2905],[-116.2665,43.1127],[-115.9794,43.1136],[-115.9758,43.5912],[-116.2809,43.8077],[-116.5142,43.8068]]]},"properties":{"fips":"16001","name":"Ada","state":"Idaho"}},
{"type":"Feature","geometry":{"type":"Polygon","coordinates":[[[-89.6375,41.1489],[-89.8565,41.2348],[-89.9857,41.1497],[-89.9857,40.9745],[-89.6375,40.9736],[-89.6375,41.1489]]]},"properties":{"fips":"17175","name":"Stark","state":"Illinois"}},
{"type":"Feature","geometry":{"type":"Polygon","coordinates":[[[-99.4507,46.6314],[-99.4794,47.3272],[-100.0321,47.3272],[-100.1147,47.3272],[-100.0824,46.6331],[-99.9173,46.6331],[-99.4507,46.6314]]]},"properties":{"fips":"38043","name":"Kidder","state":"North Dakota"}},
{"type":"Feature","geometry":{"type":"Polygon","coordinates":[[[-81.7806,36.9584],[-81.838,36.9292],[-81.6047,36.638],[-81.2637,36.7634],[-81.3786,36.9524],[-81.436,37.0099],[-81.7806,36.9584]]]},"properties":{"fips":"51173","name":"Smyth","state":"Virginia"}},
{"type":"Feature","geometry":{"type":"Polygon","coordinates":[[[-82.6492,33.6089],[-82.6815,33.5995],[-82.8502,33.4431],[-82.7568,33.2533],[-82.4302,33.2747],[-82.3836,33.3117],[-82.5092,33.3417],[-82.6492,33.6089]]]},"properties":{"fips":"13301","name":"Warren","state":"Georgia"}},
{"type":"Feature","geometry":{"type":"Polygon","coordinates":[[[-83.9808,38.4394],[-83.9305,38.4927],[-83.9916,38.594],[-84.1603,38.5545],[-84.1028,38.4592],[-83.9808,38.4394]]]},"properties":{"fips":"21201","name":"Robertson","state":"Kentucky"}},
{"type":"Feature","geometry":{"type":"MultiPolygon","coordinates":[[[[-160.8563,63.012],[-160.8563,63.2722],[-160.6912,63.5317],[-160.1133,63.6184],[-159.7364,63.792],[-159.9482,64.0514],[-159.9626,64.7447],[-159.5713,64.9173],[-159.5929,65.5238],[-159.801,65.4371],[-161.4593,65.4371],[-163.7564,65.4371],[-163.9646,65.7833],[-164.2446,65.7833],[-164.2446,66.1303],[-164.3953,66.5813],[-165.8059,66.3331],[-167.5396,65.8211],[-167.981,65.7283],[-168.0744,65.5762],[-167.3996,65.4001],[-166.3479,65.2764],[-166.6925,64.9852],[-166.2366,64.5832],[-165.0163,64.4346],[-164.4205,64.5454],[-163.1427,64.6089],[-162.5397,64.5308],[-161.6675,64.7893],[-160.9353,64.822],[-160.7917,64.6193],[-161.2619,64.3985],[-160.9747,64.2361],[-160.7666,63.7739],[-161.1363,63.5042],[-161.5849,63.4475],[-162.2705,63.4879],[-162.5935,63.2722],[-162.3817,63.2714],[-162.0013,63.012],[-160.8563,63.012]]],[[[-171.8395,63.548],[-171.739,63.3659],[-171.4627,63.3066],[-171.1001,63.4234],[-170.3643,63.286],[-169.8295,63.079],[-169.3773,63.1511],[-168.8604,63.1468],[-168.6845,63.2963],[-169.546,63.3728],[-170.0485,63.4904],[-170.49,63.6966],[-170.9063,63.5721],[-171.6098,63.6794],[-171.8395,63.548]]]]},"properties":{"fips":"02180","name":"Nome","state":"Alaska"}},
{"type":"Feature","geometry":{"type":"Polygon","coordinates":[[[-100.6602,32.5256],[-100.6567,32.9638],[-101.0371,32.9706],[-101.1735,32.9638],[-101.1735,32.5274],[-100.6602,32.5256]]]},"properties":{"fips":"48415","name":"Scurry","state":"Texas"}},
{"type":"Feature","geometry":{"type":"Polygon","coordinates":[[[-98.058,27.2613],[-98.058,27.6359],[-97.9432,27.6359],[-97.936,27.885],[-97.7996,27.9958],[-97.8821,28.0568],[-98.2339,28.0577],[-98.2339,27.2622],[-98.058,27.2613]]]},"properties":{"fips":"48249","name":"Jim Wells","state":"Texas"}},
{"type":"Feature","geometry":{"type":"Polygon","coordinates":[[[-97.3689,40.3508],[-97.3689,40.002],[-96.9166,40.0012],[-96.9166,40.35],[-97.3689,40.3508]]]},"properties":{"fips":"31095","name":"Jefferson","state":"Nebraska"}},
{"type":"Feature","geometry":{"type":"Polygon","coordinates":[[[-85.9836,35.6603],[-85.8867,35.8399],[-86.0159,35.961],[-86.1523,35.9541],[-86.2062,35.7042],[-85.9836,35.6603]]]},"properties":{"fips":"47015","name":"Cannon","state":"Tennessee"}},
{"type":"Feature","geometry":{"type":"Polygon","coordinates":[[[-86.4682,40.9101],[-86.583,40.9109],[-86.583,40.7357],[-86.3749,40.5613],[-86.1667,40.563],[-86.1703,40.9101],[-86.4682,40.9101]]]},"properties":{"fips":"18017","name":"Cass","state":"Indiana"}},
{"type":"Feature","geometry":{"type":"Polygon","coordinates":[[[-67.0286,18.3932],[-67.0573,18.4611],[-67.1327,18.3898],[-67.1291,18.3177],[-67.0537,18.3065],[-67.0286,18.3932]]]},"properties":{"fips":"72099","name":"Moca","state":"Puerto Rico"}},
{"type":"Feature","geometry":{"type":"Polygon","coordinates":[[[-82.2651,38.2289],[-82.1933,38.046],[-82.3046,37.9437],[-82.1897,37.9747],[-81.9313,38.0253],[-81.8344,38.2092],[-81.917,38.326],[-82.0462,38.3741],[-82.2651,38.2289]]]},"properties":{"fips":"54043","name":"Lincoln","state":"West Virginia"}},
{"type":"Feature","geometry":{"type":"Polygon","coordinates":[[[-100.2511,41.3937],[-100.7141,41.3937],[-101.2704,41.3946],[-101.2489,41.0037],[-101.2489,40.6979],[-100.7787,40.7005],[-100.2224,40.7005],[-100.2259,41.0467],[-100.2511,41.3937]]]},"properties":{"fips":"31111","name":"Lincoln","state":"Nebraska"}},
{"type":"Feature","geometry":{"type":"Polygon","coordinates":[[[-89.8995,38.2203],[-90.2082,38.0881],[-89.939,37.875],[-89.6734,37.8028],[-89.5945,37.9549],[-89.5945,38.2195],[-89.7021,38.2195],[-89.8995,38.2203]]]},"properties":{"fips":"17157","name":"Randolph","state":"Illinois"}},
{"type":"Feature","geometry":{"type":"Polygon","coordinates":[[[-88.0618,43.1917],[-88.0403,43.5422],[-88.1623,43.5431],[-88.3992,43.5439],[-88.4172,43.1943],[-88.0618,43.1917]]]},"properties":{"fips":"55131","name":"Washington","state":"Wisconsin"}},
{"type":"Feature","geometry":{"type":"Polygon","coordinates":[[[-77.1181,38.9342],[-77.0427,38.8397],[-77.0391,38.7916],[-77.0032,38.9652],[-77.1181,38.9342]]]},"properties":{"fips":"11001","name":"District of Columbia","state":"District of Columbia"}},
{"type":"Feature","geometry":{"type":"Polygon","coordinates":[[[-76.3535,37.5271],[-76.6838,37.7702],[-76.752,37.729],[-76.6551,37.6035],[-76.4361,37.5142],[-76.3535,37.5271]]]},"properties":{"fips":"51119","name":"Middlesex","state":"Virginia"}},
{"type":"Feature","geometry":{"type":"Polygon","coordinates":[[[-99.0666,40.002],[-98.7256,40.002],[-98.7256,40.3508],[-99.1779,40.3508],[-99.1779,40.002],[-99.0666,40.002]]]},"properties":{"fips":"31061","name":"Franklin","state":"Nebraska"}},
{"type":"Feature","geometry":{"type":"Polygon","coordinates":[[[-121.5571,37.8166],[-121.9555,37.7195],[-122.3145,37.8973],[-122.0453,37.4592],[-121.8694,37.4833],[-121.4716,37.4824],[-121.5033,37.5262],[-121.5571,37.5425],[-121.5571,37.8166]]]},"properties":{"fips":"06001","name":"Alameda","state":"California"}},
{"type":"Feature","geometry":{"type":"Polygon","coordinates":[[[-77.1109,38.8432],[-77.0391,38.7856],[-77.0391,38.7916],[-77.0427,38.8397],[-77.1109,38.8432]]]},"properties":{"fips":"51510","name":"Alexandria","state":"Virginia"}},
{"type":"Feature","geometry":{"type":"Polygon","coordinates":[[[-91.9777,33.7919],[-91.5578,33.7833],[-91.4214,34.0144],[-91.4465,34.0805],[-91.7265,34.1742],[-91.9526,34.0642],[-91.9777,33.7919]]]},"properties":{"fips":"05079","name":"Lincoln","state":"Arkansas"}},
{"type":"Feature","geometry":{"type":"Polygon","coordinates":[[[-77.6816,34.7205],[-78.1123,34.7214],[-78.2559,34.5539],[-78.2559,34.3992],[-78.1626,34.3572],[-78.0297,34.3314],[-77.7103,34.297],[-77.5165,34.4405],[-77.6816,34.7205]]]},"properties":{"fips":"37141","name":"Pender","state":"North Carolina"}},
{"type":"Feature","geometry":{"type":"Polygon","coordinates":[[[-72.4663,41.5836],[-72.4089,41.6025],[-72.5094,42.0346],[-73.0083,42.0389],[-72.9832,41.6394],[-72.7535,41.5793],[-72.4663,41.5836]]]},"properties":{"fips":"09003","name":"Hartford","state":"Connecticut"}},
{"type":"Feature","geometry":{"type":"Polygon","coordinates":[[[-88.1982,42.4959],[-88.1982,42.154],[-87.7603,42.1523],[-87.7998,42.4916],[-88.1982,42.4959]]]},"properties":{"fips":"17097","name":"Lake","state":"Illinois"}},
{"type":"Feature","geometry":{"type":"Polygon","coordinates":[[[-97.7027,41.3946],[-97.5986,41.3327],[-97.3689,41.3963],[-97.254,41.3843],[-97.254,41.7434],[-97.3689,41.7434],[-97.8319,41.7425],[-97.8283,41.526],[-97.7027,41.3946]]]},"properties":{"fips":"31141","name":"Platte","state":"Nebraska"}},
{"type":"Feature","geometry":{"type":"Polygon","coordinates":[[[-101.091,37.3879],[-101.0694,37.3879],[-100.6531,37.3879],[-100.6531,37.4747],[-100.6531,37.7367],[-101.091,37.7367],[-101.091,37.3879]]]},"properties":{"fips":"20081","name":"Haskell","state":"Kansas"}},
{"type":"Feature","geometry":{"type":"Polygon","coordinates":[[[-102.2862,31.6511],[-102.2862,32.0867],[-102.7995,32.0858],[-102.7995,31.652],[-102.7672,31.652],[-102.3185,31.6511],[-102.2862,31.6511]]]},"properties":{"fips":"48135","name":"Ector","state":"Texas"}},
{"type":"Feature","geometry":{"type":"Polygon","coordinates":[[[-93.575,37.8278],[-93.1873,37.8028],[-93.0725,37.9025],[-93.0653,38.0623],[-93.5032,38.0734],[-93.575,37.8278]]]},"properties":{"fips":"29085","name":"Hickory","state":"Missouri"}},
{"type":"Feature","geometry":{"type":"Polygon","coordinates":[[[-78.0262,36.778],[-78.0477,36.5443],[-77.9005,36.5443],[-77.7677,36.5452],[-77.6565,36.8948],[-77.8898,36.9885],[-78.0046,37.0228],[-78.0262,36.778]]]},"properties":{"fips":"51025","name":"Brunswick","state":"Virginia"}},
{"type":"Feature","geometry":{"type":"Polygon","coordinates":[[[-93.0258,42.9074],[-92.5556,42.9074],[-92.5556,43.2132],[-93.0258,43.2132],[-93.0258,42.9074]]]},"properties":{"fips":"19067","name":"Floyd","state":"Iowa"}},
{"type":"Feature","geometry":{"type":"Polygon","coordinates":[[[-77.3334,38.8561],[-77.3191,38.8346],[-77.2688,38.8406],[-77.2939,38.8715],[-77.3334,38.8561]]]},"properties":{"fips":"51600","name":"Fairfax","state":"Virginia"}},
{"type":"Feature","geometry":{"type":"Polygon","coordinates":[[[-103.363,42.0028],[-103.3702,41.6995],[-103.3702,41.4375],[-102.6379,41.4392],[-102.6774,42.0054],[-102.699,42.0045],[-103.363,42.0028]]]},"properties":{"fips":"31123","name":"Morrill","state":"Nebraska"}},
{"type":"Feature","geometry":{"type":"Polygon","coordinates":[[[-88.5428,42.8429],[-88.7761,42.8429],[-88.7761,42.4925],[-88.7079,42.4933],[-88.3059,42.495],[-88.3059,42.611],[-88.3059,42.8421],[-88.5428,42.8429]]]},"properties":{"fips":"55127","name":"Walworth","state":"Wisconsin"}},
{"type":"Feature","geometry":{"type":"Polygon","coordinates":[[[-81.9708,32.2688],[-82.0318,32.5385],[-82.2328,32.3186],[-82.0246,32.2791],[-81.9708,32.2688]]]},"properties":{"fips":"13043","name":"Candler","state":"Georgia"}},
{"type":"Feature","geometry":{"type":"Polygon","coordinates":[[[-88.7438,40.0553],[-89.1458,40.0484],[-89.2176,39.917],[-89.2176,39.813],[-89.0273,39.6541],[-88.812,39.6533],[-88.7474,39.7924],[-88.7438,40.0553]]]},"properties":{"fips":"17115","name":"Macon","state":"Illinois"}},
{"type":"Feature","geometry":{"type":"Polygon","coordinates":[[[-100.2475,38.698],[-100.1542,38.6971],[-100.147,39.1318],[-100.1649,39.1318],[-100.7213,39.1335],[-100.811,39.1335],[-100.8182,38.6997],[-100.689,38.6997],[-100.2475,38.698]]]},"properties":{"fips":"20063","name":"Gove","state":"Kansas"}},
{"type":"Feature","geometry":{"type":"Polygon","coordinates":[[[-88.8335,30.9982],[-88.4243,30.9982],[-88.4315,31.1142],[-88.4495,31.4355],[-88.8407,31.4338],[-88.8335,30.9982]]]},"properties":{"fips":"28041","name":"Greene","state":"Mississippi"}},
{"type":"Feature","geometry":{"type":"Polygon","coordinates":[[[-89.1458,38.4738],[-89.1422,38.503],[-89.616,38.4721],[-89.7057,38.4154],[-89.7021,38.2195],[-89.5945,38.2195],[-89.1458,38.2126],[-89.1458,38.4738]]]},"properties":{"fips":"17189","name":"Washington","state":"Illinois"}},
{"type":"Feature","geometry":{"type":"Polygon","coordinates":[[[-68.8196,46.396],[-68.8555,45.5275],[-68.7765,45.2406],[-68.8555,45.1426],[-69.3544,45.0731],[-69.2683,44.7217],[-69.1821,44.6444],[-68.816,44.6839],[-68.4463,44.7629],[-68.5002,44.9811],[-68.0551,45.2526],[-67.9402,45.2681],[-68.0479,45.64],[-68.432,45.5782],[-68.4356,46.3823],[-68.8196,46.396]]]},"properties":{"fips":"23019","name":"Penobscot","state":"Maine"}},
{"type":"Feature","geometry":{"type":"Polygon","coordinates":[[[-89.598,44.2458],[-89.7237,44.2475],[-89.9031,44.2492],[-90.0252,44.0894],[-89.9606,43.8644],[-89.7847,43.641],[-89.598,43.6427],[-89.598,43.9821],[-89.598,44.2458]]]},"properties":{"fips":"55001","name":"Adams","state":"Wisconsin"}},
{"type":"Feature","geometry":{"type":"Polygon","coordinates":[[[-88.8838,30.6769],[-88.8156,30.3754],[-88.3956,30.3694],[-88.4136,30.7354],[-88.8838,30.7354],[-88.8838,30.6769]]]},"properties":{"fips":"28059","name":"Jackson","state":"Mississippi"}},
{"type":"Feature","geometry":{"type":"Polygon","coordinates":[[[-83.6542,31.3307],[-83.9987,31.335],[-84.0023,31.0773],[-83.7367,31.0377],[-83.5752,31.0781],[-83.5142,31.3273],[-83.6542,31.3307]]]},"properties":{"fips":"13071","name":"Colquitt","state":"Georgia"}},
{"type":"Feature","geometry":{"type":"Polygon","coordinates":[[[-80.5207,40.4771],[-80.5171,40.3998],[-80.5207,40.1592],[-80.5207,40.0166],[-80.5207,39.9625],[-79.9967,39.9831],[-79.8782,40.1266],[-79.8711,40.197],[-80.3592,40.478],[-80.5207,40.4771]]]},"properties":{"fips":"42125","name":"Washington","state":"Pennsylvania"}},
{"type":"Feature","geometry":{"type":"Polygon","coordinates":[[[-75.7075,38.6353],[-75.7003,38.5605],[-75.6931,38.46],[-75.3414,38.4523],[-75.0506,38.4514],[-75.0829,38.7719],[-75.3127,38.9463],[-75.7218,38.8303],[-75.7075,38.6353]]]},"properties":{"fips":"10005","name":"Sussex","state":"Delaware"}},
{"type":"Feature","geometry":{"type":"Polygon","coordinates":[[[-95.9475,38.7392],[-95.9475,38.8698],[-96.0408,39.1267],[-96.389,39.173],[-96.5003,39.0433],[-96.5003,38.8698],[-96.3531,38.7392],[-95.9475,38.7392]]]},"properties":{"fips":"20197","name":"Wabaunsee","state":"Kansas"}},
{"type":"Feature","geometry":{"type":"Polygon","coordinates":[[[-88.4854,36.7505],[-88.1121,36.7471],[-88.1587,36.8673],[-88.2413,36.9816],[-88.4818,37.0228],[-88.4854,36.9421],[-88.4854,36.7505]]]},"properties":{"fips":"21157","name":"Marshall","state":"Kentucky"}},
{"type":"Feature","geometry":{"type":"Polygon","coordinates":[[[-82.9902,37.9643],[-83.0225,38.0073],[-83.2629,38.1155],[-83.4352,38.0339],[-83.4962,37.8621],[-83.2629,37.7126],[-83.0045,37.8595],[-82.9902,37.9643]]]},"properties":{"fips":"21175","name":"Morgan","state":"Kentucky"}},
{"type":"Feature","geometry":{"type":"Polygon","coordinates":[[[-87.0532,37.0606],[-86.942,37.0692],[-86.8989,37.2127],[-87.0999,37.4163],[-87.2973,37.3922],[-87.3332,37.1568],[-87.2578,37.0726],[-87.0532,37.0606]]]},"properties":{"fips":"21177","name":"Muhlenberg","state":"Kentucky"}},
{"type":"Feature","geometry":{"type":"Polygon","coordinates":[[[-86.6118,36.8828],[-86.7625,36.6491],[-86.5651,36.6337],[-86.4108,36.6508],[-86.4072,36.7763],[-86.6118,36.8828]]]},"properties":{"fips":"21213","name":"Simpson","state":"Kentucky"}},
{"type":"Feature","geometry":{"type":"Polygon","coordinates":[[[-81.3355,35.7961],[-81.3642,35.7677],[-81.5365,35.5684],[-80.9586,35.547],[-81.1094,35.7763],[-81.3355,35.7961]]]},"properties":{"fips":"37035","name":"Catawba","state":"North Carolina"}},
{"type":"Feature","geometry":{"type":"Polygon","coordinates":[[[-97.4622,36.1646],[-97.3545,36.1595],[-96.9238,36.2462],[-97.0099,36.5065],[-97.0566,36.5933],[-97.4622,36.5933],[-97.4622,36.1646]]]},"properties":{"fips":"40103","name":"Noble","state":"Oklahoma"}},
{"type":"Feature","geometry":{"type":"Polygon","coordinates":[[[-117.853,46.6245],[-118.2155,46.5893],[-118.2298,46.5936],[-118.2406,46.2946],[-117.9929,46.2079],[-117.9965,46.0009],[-117.9786,46.0009],[-117.6017,45.9991],[-117.6125,46.3385],[-117.853,46.6245]]]},"properties":{"fips":"53013","name":"Columbia","state":"Washington"}},
{"type":"Feature","geometry":{"type":"Polygon","coordinates":[[[-88.9089,31.8264],[-88.9125,32.2241],[-89.3217,32.2233],[-89.3181,31.8023],[-88.9448,31.8246],[-88.9089,31.8264]]]},"properties":{"fips":"28061","name":"Jasper","state":"Mississippi"}},
{"type":"Feature","geometry":{"type":"Polygon","coordinates":[[[-87.9075,38.85],[-87.5342,38.8526],[-87.527,38.9076],[-87.6419,39.1576],[-87.9506,39.1748],[-87.947,38.85],[-87.9075,38.85]]]},"properties":{"fips":"17033","name":"Crawford","state":"Illinois"}},
{"type":"Feature","geometry":{"type":"Polygon","coordinates":[[[-97.979,44.6315],[-98.7041,44.6341],[-98.7005,44.1968],[-98.3308,44.1968],[-97.8534,44.1951],[-97.8534,44.5447],[-97.979,44.6315]]]},"properties":{"fips":"46005","name":"Beadle","state":"South Dakota"}},
{"type":"Feature","geometry":{"type":"Polygon","coordinates":[[[-84.2285,41.1661],[-83.8803,41.1678],[-83.8839,41.4143],[-83.8839,41.4874],[-84.3433,41.4856],[-84.3433,41.4272],[-84.2285,41.1661]]]},"properties":{"fips":"39069","name":"Henry","state":"Ohio"}},
{"type":"Feature","geometry":{"type":"Polygon","coordinates":[[[-83.6685,39.5502],[-83.5896,39.3784],[-83.3742,39.3775],[-83.2665,39.5167],[-83.2522,39.6954],[-83.6542,39.7168],[-83.6685,39.5502]]]},"properties":{"fips":"39047","name":"Fayette","state":"Ohio"}},
{"type":"Feature","geometry":{"type":"Polygon","coordinates":[[[-85.2227,39.7881],[-85.3017,39.7873],[-85.2981,39.5253],[-85.0361,39.5261],[-85.0361,39.7151],[-85.2227,39.7881]]]},"properties":{"fips":"18041","name":"Fayette","state":"Indiana"}},
{"type":"Feature","geometry":{"type":"Polygon","coordinates":[[[-95.6352,32.7206],[-95.664,32.9603],[-95.8614,32.9792],[-95.9331,32.8375],[-95.6352,32.7206]]]},"properties":{"fips":"48379","name":"Rains","state":"Texas"}},
{"type":"Feature","geometry":{"type":"Polygon","coordinates":[[[-93.557,40.5802],[-93.776,40.5776],[-93.7616,40.264],[-93.3668,40.2666],[-93.3668,40.3826],[-93.374,40.5802],[-93.557,40.5802]]]},"properties":{"fips":"29129","name":"Mercer","state":"Missouri"}},
{"type":"Feature","geometry":{"type":"Polygon","coordinates":[[[-98.5246,47.8461],[-99.2963,47.847],[-99.2676,47.5875],[-98.4995,47.5875],[-98.4995,47.6726],[-98.5246,47.8461]]]},"properties":{"fips":"38027","name":"Eddy","state":"North Dakota"}},
{"type":"Feature","geometry":{"type":"Polygon","coordinates":[[[-97.8498,43.8498],[-97.9683,43.8506],[-97.9647,43.4993],[-97.6058,43.5001],[-97.6093,43.8489],[-97.8498,43.8498]]]},"properties":{"fips":"46061","name":"Hanson","state":"South Dakota"}},
{"type":"Feature","geometry":{"type":"Polygon","coordinates":[[[-84.4331,40.197],[-84.4259,39.9196],[-84.0526,39.8801],[-84.0346,40.0398],[-84.0239,40.1842],[-84.4331,40.197]]]},"properties":{"fips":"39109","name":"Miami","state":"Ohio"}},
{"type":"Feature","geometry":{"type":"Polygon","coordinates":[[[-97.9216,33.0016],[-98.0544,33.0033],[-98.0652,32.5591],[-97.6165,32.5557],[-97.5519,32.5557],[-97.5447,32.9938],[-97.9216,33.0016]]]},"properties":{"fips":"48367","name":"Parker","state":"Texas"}},
{"type":"Feature","geometry":{"type":"Polygon","coordinates":[[[-98.4205,33.3959],[-98.9553,33.3976],[-98.9517,32.9569],[-98.5749,32.9543],[-98.4277,33.0076],[-98.4205,33.3959]]]},"properties":{"fips":"48503","name":"Young","state":"Texas"}},
{"type":"Feature","geometry":{"type":"Polygon","coordinates":[[[-94.8492,30.494],[-94.7343,30.4897],[-94.5441,30.5266],[-94.6589,31.012],[-94.562,31.0592],[-94.842,31.1468],[-95.2009,30.8247],[-94.8492,30.494]]]},"properties":{"fips":"48373","name":"Polk","state":"Texas"}},
{"type":"Feature","geometry":{"type":"Polygon","coordinates":[[[-93.1299,30.4029],[-93.1299,30.4235],[-92.9792,30.5988],[-92.9792,30.878],[-93.557,30.8685],[-93.7401,30.402],[-93.1299,30.4029]]]},"properties":{"fips":"22011","name":"Beauregard","state":"Louisiana"}},
{"type":"Feature","geometry":{"type":"Polygon","coordinates":[[[-111.0477,41.252],[-111.0441,41.5801],[-111.0477,42.0019],[-111.5071,41.9994],[-111.403,41.6592],[-111.5107,41.4229],[-111.421,41.3611],[-111.2666,41.1437],[-111.0477,41.252]]]},"properties":{"fips":"49033","name":"Rich","state":"Utah"}},
{"type":"Feature","geometry":{"type":"Polygon","coordinates":[[[-121.4566,46.7835],[-121.3705,46.7259],[-121.5212,46.3883],[-121.5212,46.0438],[-119.8666,46.0412],[-119.8737,46.628],[-119.9742,46.7371],[-120.509,46.7379],[-120.6347,46.9123],[-121.0259,46.9115],[-121.3812,47.0876],[-121.4566,46.7835]]]},"properties":{"fips":"53077","name":"Yakima","state":"Washington"}},
{"type":"Feature","geometry":{"type":"Polygon","coordinates":[[[-82.9507,41.4581],[-82.6958,41.4942],[-83.166,41.6231],[-83.4173,41.6188],[-83.4137,41.5002],[-82.9507,41.4581]]]},"properties":{"fips":"39123","name":"Ottawa","state":"Ohio"}},
{"type":"Feature","geometry":{"type":"Polygon","coordinates":[[[-90.9369,39.3998],[-90.7215,39.2237],[-90.6641,38.9342],[-90.4523,38.9677],[-90.603,39.1172],[-90.6138,39.3955],[-90.9369,39.3998]]]},"properties":{"fips":"17013","name":"Calhoun","state":"Illinois"}},
{"type":"Feature","geometry":{"type":"Polygon","coordinates":[[[-104.0091,36.9962],[-105.154,36.9953],[-105.2222,36.9953],[-105.2294,36.7239],[-105.3694,36.6809],[-105.3407,36.2617],[-104.4362,36.2187],[-104.0091,36.2179],[-104.0091,36.9962]]]},"properties":{"fips":"35007","name":"Colfax","state":"New Mexico"}},
{"type":"Feature","geometry":{"type":"Polygon","coordinates":[[[-99.5332,42.9984],[-100.1972,42.9984],[-100.1972,42.8464],[-99.6768,42.7313],[-99.2568,42.8043],[-99.2532,42.9984],[-99.5332,42.9984]]]},"properties":{"fips":"31103","name":"Keya Paha","state":"Nebraska"}},
{"type":"Feature","geometry":{"type":"Polygon","coordinates":[[[-109.314,43.8137],[-109.1705,43.6195],[-108.6931,43.5757],[-108.3377,43.4598],[-107.5948,43.501],[-107.7168,43.7329],[-107.9573,43.7338],[-108.4311,43.903],[-108.5495,44.0791],[-109.0951,43.818],[-109.314,43.8137]]]},"properties":{"fips":"56017","name":"Hot Springs","state":"Wyoming"}},
{"type":"Feature","geometry":{"type":"Polygon","coordinates":[[[-88.934,37.2281],[-89.1709,37.0683],[-89.1314,36.9824],[-89.0991,36.9438],[-88.8156,36.9541],[-88.934,37.2281]]]},"properties":{"fips":"21007","name":"Ballard","state":"Kentucky"}},
{"type":"Feature","geometry":{"type":"Polygon","coordinates":[[[-94.3251,31.225],[-94.5441,31.4321],[-94.8671,31.5266],[-95.0035,31.426],[-94.9569,31.3865],[-94.842,31.1468],[-94.562,31.0592],[-94.4579,31.0335],[-94.1313,31.0996],[-94.3251,31.225]]]},"properties":{"fips":"48005","name":"Angelina","state":"Texas"}},
{"type":"Feature","geometry":{"type":"Polygon","coordinates":[[[-79.4475,33.2137],[-79.6772,33.3048],[-79.9716,33.5007],[-80.1008,33.4972],[-80.2228,33.444],[-80.3628,33.2576],[-80.151,33.0213],[-79.8962,32.859],[-79.6449,33.1201],[-79.4475,33.2137]]]},"properties":{"fips":"45015","name":"Berkeley","state":"South Carolina"}},
{"type":"Feature","geometry":{"type":"Polygon","coordinates":[[[-97.4909,44.5439],[-97.1284,44.543],[-96.8843,44.5439],[-96.8843,44.8042],[-97.4909,44.8042],[-97.4909,44.5439]]]},"properties":{"fips":"46057","name":"Hamlin","state":"South Dakota"}},
{"type":"Feature","geometry":{"type":"Polygon","coordinates":[[[-82.0067,33.962],[-82.0462,33.9534],[-82.1718,33.7661],[-82.1144,33.5969],[-82.0282,33.5453],[-82.0139,33.5325],[-81.6513,33.8142],[-82.0067,33.962]]]},"properties":{"fips":"45037","name":"Edgefield","state":"South Carolina"}},
{"type":"Feature","geometry":{"type":"Polygon","coordinates":[[[-98.2339,28.0577],[-97.8821,28.0568],[-97.8175,28.1771],[-98.0903,28.6633],[-98.0042,28.6899],[-98.0975,28.787],[-98.3344,28.6126],[-98.3344,28.0577],[-98.2339,28.0577]]]},"properties":{"fips":"48297","name":"Live Oak","state":"Texas"}},
{"type":"Feature","geometry":{"type":"Polygon","coordinates":[[[-95.1327,45.4124],[-95.1399,45.7586],[-95.7573,45.7603],[-95.7465,45.4124],[-95.2548,45.4124],[-95.1327,45.4124]]]},"properties":{"fips":"27121","name":"Pope","state":"Minnesota"}},
{"type":"Feature","geometry":{"type":"Polygon","coordinates":[[[-81.5867,39.5871],[-81.698,39.7555],[-82.0749,39.7709],[-82.0462,39.551],[-81.8452,39.4505],[-81.5867,39.5871]]]},"properties":{"fips":"39115","name":"Morgan","state":"Ohio"}},
{"type":"Feature","geometry":{"type":"Polygon","coordinates":[[[-121.5248,45.7251],[-121.9232,45.6495],[-121.8191,45.4614],[-121.6971,45.2578],[-121.4817,45.2578],[-121.4423,45.6976],[-121.5248,45.7251]]]},"properties":{"fips":"41027","name":"Hood River","state":"Oregon"}},
{"type":"Feature","geometry":{"type":"Polygon","coordinates":[[[-93.6288,37.8295],[-93.6145,37.5726],[-93.6216,37.4274],[-93.1837,37.4171],[-93.1873,37.8028],[-93.575,37.8278],[-93.6288,37.8295]]]},"properties":{"fips":"29167","name":"Polk","state":"Missouri"}},
{"type":"Feature","geometry":{"type":"Polygon","coordinates":[[[-101.6904,32.5256],[-101.6904,32.962],[-102.0744,32.9595],[-102.2072,32.9586],[-102.2036,32.5231],[-101.6904,32.5256]]]},"properties":{"fips":"48115","name":"Dawson","state":"Texas"}},
{"type":"Feature","geometry":{"type":"Polygon","coordinates":[[[-80.4202,39.7211],[-80.3951,39.6369],[-80.1546,39.6103],[-79.9393,39.4522],[-79.8962,39.4359],[-79.7634,39.7211],[-79.9177,39.7211],[-80.4202,39.7211]]]},"properties":{"fips":"54061","name":"Monongalia","state":"West Virginia"}},
{"type":"Feature","geometry":{"type":"Polygon","coordinates":[[[-99.4722,32.9569],[-99.4722,33.3993],[-99.9926,33.3976],[-99.9891,32.9603],[-99.6122,32.9569],[-99.4722,32.9569]]]},"properties":{"fips":"48207","name":"Haskell","state":"Texas"}},
{"type":"Feature","geometry":{"type":"Polygon","coordinates":[[[-102.5949,33.3881],[-102.5949,32.9586],[-102.2072,32.9586],[-102.0744,32.9595],[-102.0744,33.3899],[-102.5949,33.3881]]]},"properties":{"fips":"48445","name":"Terry","state":"Texas"}},
{"type":"Feature","geometry":{"type":"Polygon","coordinates":[[[-98.9553,33.3976],[-98.4205,33.3959],[-98.4205,33.4672],[-98.4241,33.8357],[-98.9517,33.834],[-98.9553,33.3976]]]},"properties":{"fips":"48009","name":"Archer","state":"Texas"}},
{"type":"Feature","geometry":{"type":"Polygon","coordinates":[[[-93.496,43.4993],[-93.496,43.2553],[-93.0258,43.2553],[-93.0258,43.4993],[-93.0509,43.4993],[-93.496,43.4993]]]},"properties":{"fips":"19195","name":"Worth","state":"Iowa"}},
{"type":"Feature","geometry":{"type":"Polygon","coordinates":[[[-85.1653,37.3106],[-85.3519,37.1921],[-85.5278,37.1096],[-85.4524,36.9378],[-85.2335,36.9249],[-85.0432,37.186],[-85.1653,37.3106]]]},"properties":{"fips":"21001","name":"Adair","state":"Kentucky"}},
{"type":"Feature","geometry":{"type":"Polygon","coordinates":[[[-105.3299,39.1301],[-105.3981,39.5656],[-105.8288,39.5648],[-106.1339,39.3792],[-106.1914,39.0562],[-105.9078,38.8071],[-105.9688,38.6937],[-105.3299,38.6971],[-105.3299,39.1301]]]},"properties":{"fips":"08093","name":"Park","state":"Colorado"}},
{"type":"Feature","geometry":{"type":"Polygon","coordinates":[[[-80.7971,33.1768],[-80.7899,33.1811],[-80.5028,33.3349],[-80.3628,33.2576],[-80.2228,33.444],[-80.4956,33.5582],[-80.6607,33.4706],[-81.0412,33.7068],[-81.1883,33.6527],[-81.3714,33.4904],[-81.2242,33.4397],[-80.7971,33.1768]]]},"properties":{"fips":"45075","name":"Orangeburg","state":"South Carolina"}},
{"type":"Feature","geometry":{"type":"Polygon","coordinates":[[[-106.2057,39.3792],[-106.4282,39.362],[-106.579,39.0579],[-106.1914,39.0562],[-106.1339,39.3792],[-106.2057,39.3792]]]},"properties":{"fips":"08065","name":"Lake","state":"Colorado"}},
{"type":"Feature","geometry":{"type":"Polygon","coordinates":[[[-83.166,38.5038],[-82.8179,38.3741],[-82.6671,38.5056],[-82.8143,38.5708],[-83.044,38.7057],[-83.166,38.5038]]]},"properties":{"fips":"21089","name":"Greenup","state":"Kentucky"}},
{"type":"Feature","geometry":{"type":"Polygon","coordinates":[[[-83.6649,34.5032],[-83.6147,34.4319],[-83.4604,34.4809],[-83.3383,34.687],[-83.3527,34.7162],[-83.6506,34.8228],[-83.6829,34.8004],[-83.6649,34.5032]]]},"properties":{"fips":"13137","name":"Habersham","state":"Georgia"}},
{"type":"Feature","geometry":{"type":"Polygon","coordinates":[[[-82.7497,39.3681],[-82.764,39.2083],[-82.423,39.1378],[-82.4338,39.0347],[-82.3225,39.0279],[-82.2687,39.204],[-82.2902,39.3844],[-82.7497,39.3681]]]},"properties":{"fips":"39163","name":"Vinton","state":"Ohio"}},
{"type":"Feature","geometry":{"type":"Polygon","coordinates":[[[-83.1122,40.9934],[-83.4209,40.9917],[-83.5142,40.8181],[-83.4209,40.6867],[-83.1122,40.703],[-83.1122,40.9934]]]},"properties":{"fips":"39175","name":"Wyandot","state":"Ohio"}},
{"type":"Feature","geometry":{"type":"Polygon","coordinates":[[[-108.6464,45.4639],[-108.6895,45.2174],[-108.1296,45.2165],[-108.248,44.9992],[-107.9106,45.0009],[-106.2631,44.994],[-106.2811,45.1796],[-106.7692,45.1796],[-106.7297,45.6727],[-106.9379,45.8703],[-107.5122,46.0438],[-108.047,45.8995],[-108.0686,45.5189],[-108.6464,45.4639]]]},"properties":{"fips":"30003","name":"Big Horn","state":"Montana"}},
{"type":"Feature","geometry":{"type":"Polygon","coordinates":[[[-90.6318,31.3496],[-90.7359,31.6107],[-91.1522,31.6099],[-91.1594,31.347],[-91.0948,31.3212],[-90.6318,31.3496]]]},"properties":{"fips":"28037","name":"Franklin","state":"Mississippi"}},
{"type":"Feature","geometry":{"type":"Polygon","coordinates":[[[-77.477,38.7813],[-77.5272,38.7332],[-77.4555,38.7358],[-77.4591,38.7727],[-77.477,38.7813]]]},"properties":{"fips":"51683","name":"Manassas","state":"Virginia"}},
{"type":"Feature","geometry":{"type":"Polygon","coordinates":[[[-84.5838,35.644],[-84.6197,35.6449],[-84.8602,35.3502],[-84.7022,35.2411],[-84.4941,35.2858],[-84.4079,35.3983],[-84.5264,35.6243],[-84.5838,35.644]]]},"properties":{"fips":"47107","name":"McMinn","state":"Tennessee"}},
{"type":"Feature","geometry":{"type":"Polygon","coordinates":[[[-100.8433,41.7408],[-101.4068,41.7434],[-101.4068,41.3954],[-101.2704,41.3946],[-100.7141,41.3937],[-100.7105,41.7399],[-100.8433,41.7408]]]},"properties":{"fips":"31117","name":"McPherson","state":"Nebraska"}},
{"type":"Feature","geometry":{"type":"Polygon","coordinates":[[[-96.7766,34.9001],[-96.4895,34.9104],[-96.4428,35.2901],[-96.6223,35.4009],[-96.7766,35.4052],[-96.7766,34.9001]]]},"properties":{"fips":"40133","name":"Seminole","state":"Oklahoma"}},
{"type":"Feature","geometry":{"type":"Polygon","coordinates":[[[-96.0767,32.3573],[-96.4536,32.359],[-96.3818,32.3289],[-96.2346,32.2499],[-96.0552,32.0128],[-96.0516,32.0059],[-95.4271,32.0841],[-95.4594,32.1356],[-95.4486,32.3555],[-96.0767,32.3573]]]},"properties":{"fips":"48213","name":"Henderson","state":"Texas"}},
{"type":"Feature","geometry":{"type":"Polygon","coordinates":[[[-72.793,43.9614],[-72.7427,44.0293],[-72.9509,44.1616],[-72.9724,44.293],[-73.3134,44.2638],[-73.439,44.0448],[-73.378,43.8085],[-73.3637,43.7536],[-72.9581,43.8266],[-72.793,43.9614]]]},"properties":{"fips":"50001","name":"Addison","state":"Vermont"}},
{"type":"Feature","geometry":{"type":"Polygon","coordinates":[[[-103.3809,41.002],[-102.6523,41.002],[-102.62,41.0028],[-102.6092,41.2219],[-102.6379,41.4392],[-103.3702,41.4375],[-103.3773,41.3946],[-103.3809,41.002]]]},"properties":{"fips":"31033","name":"Cheyenne","state":"Nebraska"}},
{"type":"Feature","geometry":{"type":"Polygon","coordinates":[[[-87.3368,36.6414],[-87.6419,36.638],[-87.5916,36.3674],[-87.5127,36.3347],[-87.2865,36.3218],[-87.1214,36.4558],[-87.1143,36.6423],[-87.3368,36.6414]]]},"properties":{"fips":"47125","name":"Montgomery","state":"Tennessee"}},
{"type":"Feature","geometry":{"type":"Polygon","coordinates":[[[-97.7673,31.6726],[-97.6058,31.5875],[-97.2755,31.7456],[-97.4765,32.1734],[-97.6165,32.2035],[-97.8642,32.0875],[-98.0042,32.0179],[-97.7673,31.6726]]]},"properties":{"fips":"48035","name":"Bosque","state":"Texas"}},
{"type":"Feature","geometry":{"type":"Polygon","coordinates":[[[-87.7173,35.4834],[-88.008,35.4232],[-88.0259,35.3923],[-87.9865,35.0057],[-87.606,35.004],[-87.5737,35.3983],[-87.7173,35.4834]]]},"properties":{"fips":"47181","name":"Wayne","state":"Tennessee"}},
{"type":"Feature","geometry":{"type":"Polygon","coordinates":[[[-81.6442,34.5333],[-81.9457,34.2034],[-81.8703,34.1355],[-81.7303,34.1879],[-81.4719,34.0762],[-81.3391,34.1974],[-81.3175,34.2395],[-81.4216,34.4946],[-81.6442,34.5333]]]},"properties":{"fips":"45071","name":"Newberry","state":"South Carolina"}},
{"type":"Feature","geometry":{"type":"Polygon","coordinates":[[[-102.1642,36.0555],[-103.04,36.0555],[-103.04,35.7394],[-103.04,35.6226],[-102.1642,35.6277],[-102.1642,36.0555]]]},"properties":{"fips":"48205","name":"Hartley","state":"Texas"}},
{"type":"Feature","geometry":{"type":"Polygon","coordinates":[[[-91.5399,45.6375],[-91.5399,45.2921],[-90.9261,45.2921],[-90.6784,45.378],[-90.6784,45.6383],[-91.5399,45.6375]]]},"properties":{"fips":"55107","name":"Rusk","state":"Wisconsin"}},
{"type":"Feature","geometry":{"type":"Polygon","coordinates":[[[-88.7366,34.5968],[-88.7366,34.5092],[-88.5428,34.4654],[-88.3274,34.4637],[-88.3669,34.7558],[-88.7187,34.7566],[-88.7366,34.5968]]]},"properties":{"fips":"28117","name":"Prentiss","state":"Mississippi"}},
{"type":"Feature","geometry":{"type":"Polygon","coordinates":[[[-95.3876,42.562],[-95.3876,42.91],[-95.8578,42.9091],[-95.8614,42.5603],[-95.7429,42.5612],[-95.3876,42.562]]]},"properties":{"fips":"19035","name":"Cherokee","state":"Iowa"}},
{"type":"Feature","geometry":{"type":"Polygon","coordinates":[[[-100.2152,37.4755],[-100.6531,37.4747],[-100.6531,37.3879],[-100.6315,36.9996],[-100.0896,37.0022],[-100.1075,37.4747],[-100.2152,37.4755]]]},"properties":{"fips":"20119","name":"Meade","state":"Kansas"}},
{"type":"Feature","geometry":{"type":"Polygon","coordinates":[[[-99.9998,34.7463],[-99.9998,35.0307],[-99.9998,35.1827],[-100.5382,35.1836],[-100.5418,34.748],[-100.4162,34.7472],[-99.9998,34.7463]]]},"properties":{"fips":"48087","name":"Collingsworth","state":"Texas"}},
{"type":"Feature","geometry":{"type":"Polygon","coordinates":[[[-78.2379,37.1199],[-78.0046,37.0228],[-77.8898,36.9885],[-77.7964,37.1929],[-78.2308,37.296],[-78.2379,37.1199]]]},"properties":{"fips":"51135","name":"Nottoway","state":"Virginia"}},
{"type":"Feature","geometry":{"type":"Polygon","coordinates":[[[-82.4625,39.9307],[-82.3728,39.655],[-82.1574,39.5562],[-82.0462,39.551],[-82.0749,39.7709],[-82.2328,39.9136],[-82.4625,39.9307]]]},"properties":{"fips":"39127","name":"Perry","state":"Ohio"}},
{"type":"Feature","geometry":{"type":"Polygon","coordinates":[[[-75.9946,43.1831],[-75.8977,42.7905],[-75.8905,42.7235],[-75.2947,42.7442],[-75.248,42.8713],[-75.4383,42.8636],[-75.7254,43.1625],[-75.8834,43.1556],[-75.9946,43.1831]]]},"properties":{"fips":"36053","name":"Madison","state":"New York"}},
{"type":"Feature","geometry":{"type":"Polygon","coordinates":[[[-87.527,40.4771],[-87.5306,40.1481],[-87.405,40.1275],[-87.0927,40.3663],[-87.0927,40.4754],[-87.527,40.4771]]]},"properties":{"fips":"18171","name":"Warren","state":"Indiana"}},
{"type":"Feature","geometry":{"type":"Polygon","coordinates":[[[-94.501,44.8927],[-94.4974,44.7174],[-94.0093,44.7174],[-94.0129,44.9786],[-94.2569,44.9794],[-94.501,44.8927]]]},"properties":{"fips":"27085","name":"McLeod","state":"Minnesota"}},
{"type":"Feature","geometry":{"type":"Polygon","coordinates":[[[-97.9467,32.2336],[-97.8642,32.0875],[-97.6165,32.2035],[-97.6165,32.3186],[-97.9467,32.2336]]]},"properties":{"fips":"48425","name":"Somervell","state":"Texas"}},
{"type":"Feature","geometry":{"type":"Polygon","coordinates":[[[-84.0239,40.1842],[-84.0346,40.0398],[-83.5178,40.0098],[-83.5034,40.1111],[-83.5501,40.2297],[-84.0131,40.2735],[-84.0239,40.1842]]]},"properties":{"fips":"39021","name":"Champaign","state":"Ohio"}},
{"type":"Feature","geometry":{"type":"Polygon","coordinates":[[[-80.3771,25.3061],[-80.1187,25.9753],[-80.8725,25.9796],[-80.8725,25.8052],[-80.8581,25.1764],[-80.4956,25.1996],[-80.3771,25.3061]]]},"properties":{"fips":"12086","name":"Miami-Dade","state":"Florida"}},
{"type":"Feature","geometry":{"type":"Polygon","coordinates":[[[-81.9995,32.6073],[-81.8416,32.6493],[-81.7662,32.9096],[-82.0821,32.9165],[-82.1467,32.8126],[-81.9995,32.6073]]]},"properties":{"fips":"13165","name":"Jenkins","state":"Georgia"}},
{"type":"Feature","geometry":{"type":"Polygon","coordinates":[[[-98.6359,36.1646],[-98.9553,36.1612],[-99.3825,36.1646],[-99.3825,36.0126],[-99.3753,35.8124],[-98.6323,35.8124],[-98.6359,36.1646]]]},"properties":{"fips":"40043","name":"Dewey","state":"Oklahoma"}},
{"type":"Feature","geometry":{"type":"Polygon","coordinates":[[[-97.5591,34.0711],[-97.5627,33.8976],[-97.4837,33.9156],[-97.254,33.8641],[-97.1643,33.7292],[-96.9453,33.9491],[-96.9346,33.9543],[-96.9705,34.0711],[-97.5591,34.0711]]]},"properties":{"fips":"40085","name":"Love","state":"Oklahoma"}},
{"type":"Feature","geometry":{"type":"Polygon","coordinates":[[[-82.5989,31.469],[-82.4159,31.4175],[-82.2256,31.5308],[-82.52,31.7104],[-82.6276,31.6726],[-82.5989,31.469]]]},"properties":{"fips":"13005","name":"Bacon","state":"Georgia"}},
{"type":"Feature","geometry":{"type":"Polygon","coordinates":[[[-69.7205,46.5738],[-69.7277,45.9768],[-69.6846,45.8514],[-69.7816,45.543],[-69.62,45.0112],[-69.3544,45.0731],[-68.8555,45.1426],[-68.7765,45.2406],[-68.8555,45.5275],[-68.8196,46.396],[-68.8196,46.5721],[-69.7205,46.5738]]]},"properties":{"fips":"23021","name":"Piscataquis","state":"Maine"}},
{"type":"Feature","geometry":{"type":"Polygon","coordinates":[[[-81.0053,41.715],[-81.0017,41.855],[-81.4898,41.6317],[-81.3893,41.5698],[-81.0053,41.715]]]},"properties":{"fips":"39085","name":"Lake","state":"Ohio"}},
{"type":"Feature","geometry":{"type":"Polygon","coordinates":[[[-96.6582,29.2638],[-96.6402,29.2475],[-96.3495,29.4064],[-96.1736,29.634],[-96.5685,29.9613],[-96.8735,29.6323],[-96.5613,29.3351],[-96.6582,29.2638]]]},"properties":{"fips":"48089","name":"Colorado","state":"Texas"}},
{"type":"Feature","geometry":{"type":"Polygon","coordinates":[[[-83.1804,37.0211],[-83.2019,37.1749],[-83.507,37.2359],[-83.5106,36.9386],[-83.4891,36.8957],[-83.1804,37.0211]]]},"properties":{"fips":"21131","name":"Leslie","state":"Kentucky"}},
{"type":"Feature","geometry":{"type":"Polygon","coordinates":[[[-122.3396,38.9239],[-122.3934,38.8646],[-122.2893,38.8397],[-122.1027,38.5133],[-121.6935,38.527],[-121.593,38.3131],[-121.5105,38.6009],[-121.6038,38.7358],[-121.8371,38.9248],[-122.3396,38.9239]]]},"properties":{"fips":"06113","name":"Yolo","state":"California"}},
{"type":"Feature","geometry":{"type":"Polygon","coordinates":[[[-82.0569,29.7182],[-82.0498,29.7191],[-82.0498,30.1435],[-82.1431,30.1435],[-82.4195,29.9227],[-82.1323,29.8359],[-82.0569,29.7182]]]},"properties":{"fips":"12007","name":"Bradford","state":"Florida"}},
{"type":"Feature","geometry":{"type":"Polygon","coordinates":[[[-80.7827,35.5057],[-80.9478,35.4911],[-80.955,35.4001],[-81.0412,35.1492],[-80.9048,35.0762],[-80.8402,35.0015],[-80.5494,35.2085],[-80.7827,35.5057]]]},"properties":{"fips":"37119","name":"Mecklenburg","state":"North Carolina"}},
{"type":"Feature","geometry":{"type":"Polygon","coordinates":[[[-88.4602,40.6171],[-88.5859,40.758],[-88.9304,40.7537],[-89.2678,40.5939],[-89.2642,40.325],[-89.1494,40.2821],[-88.5751,40.2812],[-88.4602,40.2821],[-88.4602,40.3989],[-88.4602,40.6171]]]},"properties":{"fips":"17113","name":"McLean","state":"Illinois"}},
{"type":"Feature","geometry":{"type":"Polygon","coordinates":[[[-123.3625,45.7792],[-123.4666,45.433],[-123.14,45.4339],[-122.8672,45.317],[-122.7452,45.433],[-122.9282,45.7217],[-123.3625,45.7792]]]},"properties":{"fips":"41067","name":"Washington","state":"Oregon"}},
{"type":"Feature","geometry":{"type":"Polygon","coordinates":[[[-87.0532,39.1679],[-86.9384,39.4737],[-87.0138,39.6052],[-87.2004,39.6069],[-87.2399,39.259],[-87.2399,39.1722],[-87.0532,39.1679]]]},"properties":{"fips":"18021","name":"Clay","state":"Indiana"}},
{"type":"Feature","geometry":{"type":"Polygon","coordinates":[[[-96.2382,31.4132],[-95.786,31.6185],[-96.0516,32.0059],[-96.0552,32.0128],[-96.4967,31.7963],[-96.2382,31.4132]]]},"properties":{"fips":"48161","name":"Freestone","state":"Texas"}},
{"type":"Feature","geometry":{"type":"Polygon","coordinates":[[[-76.6192,39.2375],[-76.6981,39.2143],[-76.8417,39.1035],[-76.6981,38.9841],[-76.6874,38.7487],[-76.5294,38.7134],[-76.393,39.0115],[-76.533,39.2065],[-76.6192,39.2375]]]},"properties":{"fips":"24003","name":"Anne Arundel","state":"Maryland"}},
{"type":"Feature","geometry":{"type":"Polygon","coordinates":[[[-78.3097,41.9994],[-78.9199,41.9985],[-78.9558,41.6239],[-78.4174,41.6025],[-78.202,41.6179],[-78.2056,41.9994],[-78.3097,41.9994]]]},"properties":{"fips":"42083","name":"McKean","state":"Pennsylvania"}},
{"type":"Feature","geometry":{"type":"Polygon","coordinates":[[[-92.3474,40.3027],[-92.3439,40.0373],[-92.2864,39.9522],[-91.9526,39.9496],[-91.949,40.2572],[-91.949,40.301],[-92.3474,40.3027]]]},"properties":{"fips":"29103","name":"Knox","state":"Missouri"}},
{"type":"Feature","geometry":{"type":"Polygon","coordinates":[[[-94.9138,43.2553],[-94.9138,42.91],[-94.4436,42.9082],[-94.4436,43.2553],[-94.9138,43.2553]]]},"properties":{"fips":"19147","name":"Palo Alto","state":"Iowa"}},
{"type":"Feature","geometry":{"type":"Polygon","coordinates":[[[-92.2864,39.9522],[-92.3439,40.0373],[-92.8464,40.0373],[-92.8571,39.6996],[-92.692,39.6103],[-92.3008,39.6052],[-92.2864,39.9522]]]},"properties":{"fips":"29121","name":"Macon","state":"Missouri"}},
{"type":"Feature","geometry":{"type":"Polygon","coordinates":[[[-88.812,33.2868],[-88.812,32.926],[-88.349,32.9294],[-88.3418,32.9913],[-88.3059,33.2885],[-88.6684,33.2868],[-88.812,33.2868]]]},"properties":{"fips":"28103","name":"Noxubee","state":"Mississippi"}},
{"type":"Feature","geometry":{"type":"Polygon","coordinates":[[[-89.9749,31.7619],[-90.1221,31.7525],[-90.2441,31.7173],[-90.2441,31.3504],[-90.0395,31.3358],[-89.9606,31.3908],[-89.9749,31.7619]]]},"properties":{"fips":"28077","name":"Lawrence","state":"Mississippi"}},
{"type":"Feature","geometry":{"type":"Polygon","coordinates":[[[-103.7076,39.5665],[-103.7147,39.5665],[-103.7183,38.8672],[-104.0557,38.8689],[-104.0521,38.5227],[-103.503,38.5167],[-103.1728,38.6121],[-103.162,39.0373],[-103.1548,39.5656],[-103.7076,39.5665]]]},"properties":{"fips":"08073","name":"Lincoln","state":"Colorado"}},
{"type":"Feature","geometry":{"type":"Polygon","coordinates":[[[-98.3487,36.9979],[-98.1118,36.9979],[-97.8032,36.9988],[-97.8068,37.3862],[-98.3487,37.3845],[-98.3487,36.9979]]]},"properties":{"fips":"20077","name":"Harper","state":"Kansas"}},
{"type":"Feature","geometry":{"type":"Polygon","coordinates":[[[-92.5341,42.2966],[-92.7674,42.2098],[-92.7674,41.8628],[-92.2972,41.8628],[-92.2972,42.2974],[-92.5341,42.2966]]]},"properties":{"fips":"19171","name":"Tama","state":"Iowa"}},
{"type":"Feature","geometry":{"type":"Polygon","coordinates":[[[-88.6684,33.2868],[-88.3059,33.2885],[-88.2736,33.5342],[-88.2485,33.7446],[-88.5141,33.6501],[-88.672,33.5058],[-88.6684,33.2868]]]},"properties":{"fips":"28087","name":"Lowndes","state":"Mississippi"}},
{"type":"Feature","geometry":{"type":"Polygon","coordinates":[[[-94.0811,37.3493],[-94.0524,37.29],[-93.6252,37.2823],[-93.6216,37.4274],[-93.6145,37.5726],[-94.0739,37.5812],[-94.0811,37.3493]]]},"properties":{"fips":"29057","name":"Dade","state":"Missouri"}},
{"type":"Feature","geometry":{"type":"Polygon","coordinates":[[[-101.1735,32.5274],[-101.1735,32.9638],[-101.5576,32.9612],[-101.6904,32.962],[-101.6904,32.5256],[-101.1735,32.5239],[-101.1735,32.5274]]]},"properties":{"fips":"48033","name":"Borden","state":"Texas"}},
{"type":"Feature","geometry":{"type":"Polygon","coordinates":[[[-94.9138,42.91],[-95.3876,42.91],[-95.3876,42.562],[-94.9138,42.5603],[-94.9138,42.91]]]},"properties":{"fips":"19021","name":"Buena Vista","state":"Iowa"}},
{"type":"Feature","geometry":{"type":"Polygon","coordinates":[[[-88.1767,35.8459],[-88.1803,35.8167],[-88.2413,35.4232],[-88.0259,35.3923],[-88.008,35.4232],[-87.9721,35.8158],[-88.1767,35.8459]]]},"properties":{"fips":"47039","name":"Decatur","state":"Tennessee"}},
{"type":"Feature","geometry":{"type":"Polygon","coordinates":[[[-116.7116,43.8068],[-116.9808,43.8798],[-117.0274,43.6805],[-116.5106,43.2905],[-116.5142,43.8068],[-116.7116,43.8068]]]},"properties":{"fips":"16027","name":"Canyon","state":"Idaho"}},
{"type":"Feature","geometry":{"type":"Polygon","coordinates":[[[-90.2585,31.0008],[-89.8349,31.0017],[-90.0323,31.1761],[-90.0395,31.3358],[-90.2441,31.3504],[-90.2621,31.3504],[-90.2585,31.0008]]]},"properties":{"fips":"28147","name":"Walthall","state":"Mississippi"}},
{"type":"Feature","geometry":{"type":"Polygon","coordinates":[[[-72.2833,42.7218],[-71.9279,42.7124],[-72.0392,43.129],[-72.452,43.1617],[-72.5561,42.8515],[-72.4592,42.727],[-72.2833,42.7218]]]},"properties":{"fips":"33005","name":"Cheshire","state":"New Hampshire"}},
{"type":"Feature","geometry":{"type":"Polygon","coordinates":[[[-93.2663,39.7039],[-92.8571,39.6996],[-92.8464,40.0373],[-92.8571,40.0373],[-93.3632,40.033],[-93.3632,39.9677],[-93.2663,39.7039]]]},"properties":{"fips":"29115","name":"Linn","state":"Missouri"}},
{"type":"Feature","geometry":{"type":"Polygon","coordinates":[[[-99.3645,35.5092],[-99.3753,35.8124],[-99.3825,36.0126],[-99.5583,35.8657],[-99.8096,35.9292],[-99.9998,35.8811],[-99.9998,35.6191],[-99.9998,35.4224],[-99.5763,35.4215],[-99.3645,35.5092]]]},"properties":{"fips":"40129","name":"Roger Mills","state":"Oklahoma"}},
{"type":"Feature","geometry":{"type":"Polygon","coordinates":[[[-90.1939,43.1642],[-89.8385,43.2063],[-89.7201,43.2931],[-89.598,43.5577],[-89.7847,43.641],[-90.3123,43.641],[-90.3123,43.5542],[-90.1903,43.5551],[-90.1939,43.1642]]]},"properties":{"fips":"55111","name":"Sauk","state":"Wisconsin"}},
{"type":"Feature","geometry":{"type":"Polygon","coordinates":[[[-92.2111,30.8488],[-91.8162,30.8479],[-91.7516,31.0188],[-91.7229,31.0446],[-91.8342,31.2663],[-92.0065,31.3255],[-92.0854,31.335],[-92.2326,31.3212],[-92.2792,30.9647],[-92.2111,30.8488]]]},"properties":{"fips":"22009","name":"Avoyelles","state":"Louisiana"}},
{"type":"Feature","geometry":{"type":"Polygon","coordinates":[[[-93.6073,37.0984],[-93.6252,37.2823],[-94.0524,37.29],[-94.0595,37.0477],[-94.0631,36.9318],[-93.6109,36.9232],[-93.6109,36.9962],[-93.6073,37.0984]]]},"properties":{"fips":"29109","name":"Lawrence","state":"Missouri"}},
{"type":"Feature","geometry":{"type":"Polygon","coordinates":[[[-78.2559,35.8184],[-78.1913,35.7308],[-77.8287,35.8674],[-77.6995,36.1534],[-78.0082,36.2024],[-78.2559,35.8184]]]},"properties":{"fips":"37127","name":"Nash","state":"North Carolina"}},
{"type":"Feature","geometry":{"type":"Polygon","coordinates":[[[-120.4947,45.0679],[-120.3727,44.8214],[-120.387,44.5636],[-120.387,44.4365],[-120.0209,44.4391],[-119.8989,44.3068],[-119.6548,44.3068],[-119.6727,44.9949],[-119.7912,45.0679],[-120.4947,45.0679]]]},"properties":{"fips":"41069","name":"Wheeler","state":"Oregon"}},
{"type":"Feature","geometry":{"type":"Polygon","coordinates":[[[-82.7927,38.2435],[-82.8179,38.3741],[-83.166,38.5038],[-83.3419,38.3191],[-83.245,38.192],[-82.9255,38.1748],[-82.7927,38.2435]]]},"properties":{"fips":"21043","name":"Carter","state":"Kentucky"}},
{"type":"Feature","geometry":{"type":"Polygon","coordinates":[[[-82.9614,35.7918],[-82.8825,35.6784],[-82.4087,35.8184],[-82.5056,35.9773],[-82.6025,36.0401],[-82.8968,35.9447],[-82.9614,35.7918]]]},"properties":{"fips":"37115","name":"Madison","state":"North Carolina"}},
{"type":"Feature","geometry":{"type":"Polygon","coordinates":[[[-77.6565,38.9428],[-77.7103,38.8234],[-77.5308,38.5562],[-77.3011,38.5047],[-77.2222,38.6378],[-77.4339,38.7796],[-77.5344,38.8475],[-77.6565,38.9428]],[[-77.4339,38.7796],[-77.4591,38.7727],[-77.4555,38.7358],[-77.5272,38.7332],[-77.477,38.7813],[-77.4339,38.7796]]]},"properties":{"fips":"51153","name":"Prince William","state":"Virginia"}},
{"type":"Feature","geometry":{"type":"Polygon","coordinates":[[[-74.7348,39.7297],[-74.9035,39.7907],[-75.0614,39.9917],[-75.1404,39.8886],[-74.8783,39.6086],[-74.7348,39.7297]]]},"properties":{"fips":"34007","name":"Camden","state":"New Jersey"}},
{"type":"Feature","geometry":{"type":"Polygon","coordinates":[[[-98.4995,47.5875],[-99.2676,47.5875],[-99.2676,47.3272],[-98.4995,47.3264],[-98.4995,47.5875]]]},"properties":{"fips":"38031","name":"Foster","state":"North Dakota"}},
{"type":"Feature","geometry":{"type":"Polygon","coordinates":[[[-82.3333,36.7093],[-81.838,36.9292],[-81.7806,36.9584],[-81.9026,37.1422],[-82.1503,37.0417],[-82.3261,36.9713],[-82.4051,36.8768],[-82.3333,36.7093]]]},"properties":{"fips":"51167","name":"Russell","state":"Virginia"}},
{"type":"Feature","geometry":{"type":"Polygon","coordinates":[[[-87.265,45.5507],[-87.0712,45.7191],[-86.5292,45.8531],[-86.461,45.7577],[-86.4897,46.1581],[-86.6153,46.1589],[-87.1178,46.1589],[-87.3691,45.9854],[-87.265,45.5507]]]},"properties":{"fips":"26041","name":"Delta","state":"Michigan"}},
{"type":"Feature","geometry":{"type":"Polygon","coordinates":[[[-86.3103,38.6877],[-86.3103,38.4231],[-86.2564,38.4231],[-86.0339,38.4179],[-85.9944,38.4179],[-85.8472,38.5614],[-85.8867,38.7341],[-86.2744,38.7641],[-86.3103,38.6877]]]},"properties":{"fips":"18175","name":"Washington","state":"Indiana"}},
{"type":"Feature","geometry":{"type":"Polygon","coordinates":[[[-105.312,34.3468],[-104.892,34.3468],[-104.892,34.6046],[-104.4434,34.6046],[-104.3393,34.779],[-104.1275,34.779],[-104.1239,35.1423],[-104.1239,35.2154],[-105.2904,35.2162],[-105.2904,35.0418],[-105.312,34.3468]]]},"properties":{"fips":"35019","name":"Guadalupe","state":"New Mexico"}},
{"type":"Feature","geometry":{"type":"Polygon","coordinates":[[[-85.0648,39.3071],[-85.133,38.948],[-84.8781,39.0304],[-84.8207,39.1052],[-84.8207,39.3053],[-85.0648,39.3071]]]},"properties":{"fips":"18029","name":"Dearborn","state":"Indiana"}},
{"type":"Feature","geometry":{"type":"Polygon","coordinates":[[[-84.5048,39.0949],[-84.6233,39.0743],[-84.6161,38.8019],[-84.5336,38.7916],[-84.4187,38.8062],[-84.5048,39.0949]]]},"properties":{"fips":"21117","name":"Kenton","state":"Kentucky"}},
{"type":"Feature","geometry":{"type":"Polygon","coordinates":[[[-69.5052,44.3429],[-69.7564,44.1393],[-69.699,43.8249],[-69.376,43.9614],[-69.2826,44.0525],[-69.4083,44.3283],[-69.5052,44.3429]]]},"properties":{"fips":"23015","name":"Lincoln","state":"Maine"}},
{"type":"Feature","geometry":{"type":"Polygon","coordinates":[[[-89.0166,34.9946],[-89.1996,34.9946],[-89.354,34.9937],[-89.2463,34.5831],[-89.0884,34.5986],[-89.0166,34.9946]]]},"properties":{"fips":"28009","name":"Benton","state":"Mississippi"}},
{"type":"Feature","geometry":{"type":"Polygon","coordinates":[[[-96.5972,43.5001],[-96.5541,43.2596],[-95.8614,43.2579],[-95.8614,43.5001],[-96.0516,43.5001],[-96.4536,43.5001],[-96.5972,43.5001]]]},"properties":{"fips":"19119","name":"Lyon","state":"Iowa"}},
{"type":"Feature","geometry":{"type":"Polygon","coordinates":[[[-84.0813,37.8527],[-84.0023,37.8372],[-83.9664,37.9308],[-84.0813,38.1155],[-84.2859,38.0674],[-84.3361,37.8922],[-84.0813,37.8527]]]},"properties":{"fips":"21049","name":"Clark","state":"Kentucky"}},
{"type":"Feature","geometry":{"type":"Polygon","coordinates":[[[-80.5064,35.1853],[-80.2766,35.1956],[-80.0756,35.1432],[-80.0505,35.3717],[-80.1833,35.504],[-80.2946,35.5031],[-80.5064,35.1853]]]},"properties":{"fips":"37167","name":"Stanly","state":"North Carolina"}},
{"type":"Feature","geometry":{"type":"Polygon","coordinates":[[[-86.2456,35.632],[-86.6405,35.6861],[-86.601,35.3648],[-86.5256,35.3545],[-86.2564,35.4121],[-86.2456,35.632]]]},"properties":{"fips":"47003","name":"Bedford","state":"Tennessee"}},
{"type":"Feature","geometry":{"type":"Polygon","coordinates":[[[-78.2415,37.6903],[-78.4928,37.7968],[-78.6435,37.7333],[-78.8266,37.5529],[-78.5933,37.3982],[-78.4641,37.3398],[-78.2415,37.6903]]]},"properties":{"fips":"51029","name":"Buckingham","state":"Virginia"}},
{"type":"Feature","geometry":{"type":"Polygon","coordinates":[[[-92.4121,36.0624],[-92.5449,36.2634],[-92.5305,36.4988],[-92.771,36.4979],[-92.8535,36.4979],[-92.8894,36.1139],[-92.4121,36.0624]]]},"properties":{"fips":"05089","name":"Marion","state":"Arkansas"}},
{"type":"Feature","geometry":{"type":"Polygon","coordinates":[[[-94.6051,40.039],[-94.6051,40.1257],[-95.043,40.13],[-94.9928,39.8981],[-94.8779,39.8208],[-94.6015,39.8199],[-94.6051,40.039]]]},"properties":{"fips":"29003","name":"Andrew","state":"Missouri"}},
{"type":"Feature","geometry":{"type":"Polygon","coordinates":[[[-87.8393,33.5247],[-87.8393,33.1536],[-87.7173,33.0067],[-87.4229,33.0033],[-87.064,33.2473],[-87.2686,33.5127],[-87.4229,33.602],[-87.8393,33.5247]]]},"properties":{"fips":"01125","name":"Tuscaloosa","state":"Alabama"}},
{"type":"Feature","geometry":{"type":"Polygon","coordinates":[[[-66.3179,18.3675],[-66.2784,18.3297],[-66.203,18.3159],[-66.1958,18.389],[-66.2533,18.3941],[-66.3035,18.3838],[-66.3179,18.3675]]]},"properties":{"fips":"72135","name":"Toa Alta","state":"Puerto Rico"}},
{"type":"Feature","geometry":{"type":"Polygon","coordinates":[[[-83.166,36.1809],[-83.0835,36.2419],[-83.2558,36.2892],[-83.4675,36.1749],[-83.2342,36.0847],[-83.166,36.1809]]]},"properties":{"fips":"47063","name":"Hamblen","state":"Tennessee"}},
{"type":"Feature","geometry":{"type":"Polygon","coordinates":[[[-119.8737,46.628],[-119.8666,46.0412],[-119.8666,45.8359],[-119.4323,45.9184],[-118.9872,46],[-119.041,46.1924],[-119.2671,46.2843],[-119.2707,46.5189],[-119.4538,46.6795],[-119.8737,46.628]]]},"properties":{"fips":"53005","name":"Benton","state":"Washington"}},
{"type":"Feature","geometry":{"type":"Polygon","coordinates":[[[-81.4934,31.6992],[-81.6621,31.5386],[-81.6226,31.4527],[-81.2709,31.2946],[-81.1955,31.5678],[-81.4934,31.6992]]]},"properties":{"fips":"13191","name":"McIntosh","state":"Georgia"}},
{"type":"Feature","geometry":{"type":"Polygon","coordinates":[[[-104.1024,31.1056],[-104.0234,31.9999],[-104.849,32.0008],[-104.9172,32.0008],[-104.9172,30.6632],[-104.1024,31.1056]]]},"properties":{"fips":"48109","name":"Culberson","state":"Texas"}},
{"type":"Feature","geometry":{"type":"Polygon","coordinates":[[[-82.3548,33.3125],[-82.2687,33.267],[-81.8523,33.2473],[-82.0139,33.5325],[-82.0282,33.5453],[-82.2938,33.3546],[-82.3548,33.3125]]]},"properties":{"fips":"13245","name":"Richmond","state":"Georgia"}},
{"type":"Feature","geometry":{"type":"Polygon","coordinates":[[[-88.489,36.5014],[-88.0546,36.4971],[-88.069,36.6783],[-88.1121,36.7471],[-88.4854,36.7505],[-88.489,36.5014]]]},"properties":{"fips":"21035","name":"Calloway","state":"Kentucky"}},
{"type":"Feature","geometry":{"type":"Polygon","coordinates":[[[-71.7269,43.5637],[-71.9351,43.5285],[-72.0895,43.3223],[-72.0105,43.1883],[-71.6695,43.1522],[-71.3931,43.0096],[-71.246,43.2751],[-71.2352,43.2854],[-71.7269,43.5637]]]},"properties":{"fips":"33013","name":"Merrimack","state":"New Hampshire"}},
{"type":"Feature","geometry":{"type":"Polygon","coordinates":[[[-95.0574,29.2028],[-94.8923,29.3085],[-95.0179,29.555],[-95.2153,29.5559],[-95.0574,29.2028]]]},"properties":{"fips":"48167","name":"Galveston","state":"Texas"}},
{"type":"Feature","geometry":{"type":"Polygon","coordinates":[[[-103.3773,41.3946],[-103.3702,41.4375],[-103.3702,41.6995],[-104.0521,41.6978],[-104.0521,41.5647],[-104.0521,41.3929],[-103.3773,41.3946]]]},"properties":{"fips":"31007","name":"Banner","state":"Nebraska"}},
{"type":"Feature","geometry":{"type":"Polygon","coordinates":[[[-92.2326,34.0625],[-92.2075,34.4929],[-92.2469,34.4937],[-92.6705,34.4139],[-92.6777,34.1493],[-92.3367,34.0599],[-92.2326,34.0625]]]},"properties":{"fips":"05053","name":"Grant","state":"Arkansas"}},
{"type":"Feature","geometry":{"type":"Polygon","coordinates":[[[-75.0614,39.5691],[-75.4132,39.7941],[-75.5101,39.6859],[-75.5352,39.4608],[-75.406,39.3818],[-75.2373,39.5588],[-75.0614,39.5691]]]},"properties":{"fips":"34033","name":"Salem","state":"New Jersey"}},
{"type":"Feature","geometry":{"type":"Polygon","coordinates":[[[-123.4666,45.433],[-123.3625,45.7792],[-123.9691,45.7835],[-123.9404,45.6615],[-124.005,45.0447],[-123.7251,45.0447],[-123.7251,45.0765],[-123.463,45.2165],[-123.4666,45.433]]]},"properties":{"fips":"41057","name":"Tillamook","state":"Oregon"}},
{"type":"Feature","geometry":{"type":"Polygon","coordinates":[[[-73.3637,43.7536],[-73.378,43.8085],[-73.439,43.8034],[-73.6293,43.4864],[-73.5934,43.306],[-73.6365,42.9409],[-73.2739,42.9435],[-73.256,43.3146],[-73.2488,43.5542],[-73.3637,43.7536]]]},"properties":{"fips":"36115","name":"Washington","state":"New York"}},
{"type":"Feature","geometry":{"type":"Polygon","coordinates":[[[-95.3409,48.5402],[-95.2117,48.3658],[-94.4292,48.3676],[-94.4292,48.7009],[-94.641,48.7413],[-94.8241,49.2945],[-95.1543,49.3847],[-95.1543,48.999],[-95.3194,48.999],[-95.0933,48.9208],[-95.0897,48.7129],[-95.3445,48.7129],[-95.3409,48.5402]]]},"properties":{"fips":"27077","name":"Lake of the Woods","state":"Minnesota"}},
{"type":"Feature","geometry":{"type":"Polygon","coordinates":[[[-103.704,40.0012],[-104.149,40.0012],[-104.9602,40.0003],[-105.0535,39.9144],[-105.0535,39.7907],[-104.8848,39.74],[-103.7076,39.74],[-103.704,40.0012]]]},"properties":{"fips":"08001","name":"Adams","state":"Colorado"}},
{"type":"Feature","geometry":{"type":"Polygon","coordinates":[[[-122.738,39.3835],[-122.8852,39.5802],[-123.0646,39.5038],[-122.9964,39.2358],[-123.0933,39.0717],[-122.8205,38.85],[-122.6267,38.6679],[-122.3934,38.8646],[-122.3396,38.9239],[-122.476,39.1739],[-122.6806,39.2383],[-122.738,39.3835]]]},"properties":{"fips":"06033","name":"Lake","state":"California"}},
{"type":"Feature","geometry":{"type":"Polygon","coordinates":[[[-82.4805,33.6398],[-82.6456,33.9843],[-82.7784,33.9714],[-82.9507,33.7335],[-82.6815,33.5995],[-82.6492,33.6089],[-82.4805,33.6398]]]},"properties":{"fips":"13317","name":"Wilkes","state":"Georgia"}},
{"type":"Feature","geometry":{"type":"Polygon","coordinates":[[[-92.5592,38.9703],[-92.43,39.2486],[-92.7064,39.3217],[-92.8499,39.2263],[-92.9361,39.0648],[-92.5592,38.9703]]]},"properties":{"fips":"29089","name":"Howard","state":"Missouri"}},
{"type":"Feature","geometry":{"type":"Polygon","coordinates":[[[-76.1525,40.3156],[-75.8726,40.1369],[-75.6967,40.2417],[-75.528,40.447],[-75.8905,40.6773],[-76.1705,40.5347],[-76.4397,40.496],[-76.1525,40.3156]]]},"properties":{"fips":"42011","name":"Berks","state":"Pennsylvania"}},
{"type":"Feature","geometry":{"type":"Polygon","coordinates":[[[-85.779,36.2376],[-85.4955,36.3021],[-85.4955,36.4034],[-85.8149,36.4997],[-85.8293,36.412],[-85.779,36.2376]]]},"properties":{"fips":"47087","name":"Jackson","state":"Tennessee"}},
{"type":"Feature","geometry":{"type":"Polygon","coordinates":[[[-66.4435,18.3709],[-66.4399,18.486],[-66.5332,18.4817],[-66.544,18.4053],[-66.5332,18.3512],[-66.4615,18.3718],[-66.4435,18.3709]]]},"properties":{"fips":"72091","name":"Manatí","state":"Puerto Rico"}},
{"type":"Feature","geometry":{"type":"Polygon","coordinates":[[[-80.9837,38.7177],[-81.0304,38.6679],[-80.8796,38.5073],[-80.6499,38.5262],[-80.4561,38.7392],[-80.6069,38.9042],[-80.9837,38.7177]]]},"properties":{"fips":"54007","name":"Braxton","state":"West Virginia"}},
{"type":"Feature","geometry":{"type":"Polygon","coordinates":[[[-83.647,38.637],[-83.7044,38.6396],[-83.9054,38.7684],[-83.9916,38.594],[-83.9305,38.4927],[-83.6434,38.5253],[-83.647,38.637]]]},"properties":{"fips":"21161","name":"Mason","state":"Kentucky"}},
{"type":"Feature","geometry":{"type":"Polygon","coordinates":[[[-86.2241,42.0715],[-86.3641,42.2433],[-86.6189,41.8937],[-86.8235,41.7605],[-86.5256,41.7597],[-86.2277,41.7597],[-86.2241,42.0715]]]},"properties":{"fips":"26021","name":"Berrien","state":"Michigan"}},
{"type":"Feature","geometry":{"type":"Polygon","coordinates":[[[-88.4602,40.3989],[-88.4602,40.2821],[-88.4638,39.8792],[-87.9362,39.8801],[-87.9326,40.3998],[-88.4602,40.3989]]]},"properties":{"fips":"17019","name":"Champaign","state":"Illinois"}},
{"type":"Feature","geometry":{"type":"Polygon","coordinates":[[[-79.5121,38.1808],[-79.4834,38.0863],[-79.1568,37.8913],[-79.006,37.8819],[-78.8373,38.0477],[-78.7476,38.2066],[-79.225,38.4781],[-79.3111,38.4119],[-79.5121,38.1808]],[[-78.9486,38.0692],[-78.8661,38.0958],[-78.8732,38.0408],[-78.9486,38.0692]],[[-79.1137,38.1542],[-79.0348,38.1989],[-79.0204,38.1439],[-79.1137,38.1542]]]},"properties":{"fips":"51015","name":"Augusta","state":"Virginia"}},
{"type":"Feature","geometry":{"type":"Polygon","coordinates":[[[-91.705,34.4826],[-91.7121,34.2343],[-91.4465,34.0805],[-91.4214,34.0144],[-91.2276,33.9783],[-91.1163,34.1192],[-91.0553,34.3365],[-91.3783,34.5633],[-91.6762,34.4817],[-91.705,34.4826]]]},"properties":{"fips":"05001","name":"Arkansas","state":"Arkansas"}},
{"type":"Feature","geometry":{"type":"Polygon","coordinates":[[[-83.8911,32.8486],[-84.1244,32.8495],[-84.2033,32.6897],[-84.0023,32.5299],[-83.7008,32.6914],[-83.7008,32.6923],[-83.8911,32.8486]]]},"properties":{"fips":"13079","name":"Crawford","state":"Georgia"}},
{"type":"Feature","geometry":{"type":"Polygon","coordinates":[[[-87.0999,38.9042],[-87.2794,38.6911],[-87.2435,38.5451],[-87.0712,38.515],[-86.924,38.5056],[-86.9025,38.9042],[-87.0999,38.9042]]]},"properties":{"fips":"18027","name":"Daviess","state":"Indiana"}},
{"type":"Feature","geometry":{"type":"MultiPolygon","coordinates":[[[[-75.7505,35.1853],[-75.6106,35.2274],[-75.5244,35.2343],[-75.5352,35.2729],[-75.7541,35.1999],[-75.7505,35.1853]]],[[[-75.869,35.583],[-75.7147,35.6939],[-75.808,35.9593],[-75.9767,35.8974],[-76.0126,35.6689],[-75.869,35.583]]]]},"properties":{"fips":"37055","name":"Dare","state":"North Carolina"}},
{"type":"Feature","geometry":{"type":"Polygon","coordinates":[[[-104.4218,47.3547],[-104.5941,47.6159],[-104.9782,47.6159],[-105.233,47.7903],[-105.3622,47.7903],[-105.4053,47.1812],[-105.3263,46.9776],[-105.0284,46.8616],[-104.6049,46.8608],[-104.307,47.042],[-104.4218,47.3547]]]},"properties":{"fips":"30021","name":"Dawson","state":"Montana"}},
{"type":"Feature","geometry":{"type":"Polygon","coordinates":[[[-98.2698,31.4166],[-98.5641,31.2302],[-98.4385,31.0292],[-97.9108,31.0352],[-97.9073,31.0695],[-98.18,31.4638],[-98.2698,31.4166]]]},"properties":{"fips":"48281","name":"Lampasas","state":"Texas"}},
{"type":"Feature","geometry":{"type":"Polygon","coordinates":[[[-83.3204,29.823],[-83.367,30.2603],[-83.8193,30.3033],[-83.9916,30.0842],[-83.6362,29.8857],[-83.4137,29.6667],[-83.3204,29.823]]]},"properties":{"fips":"12123","name":"Taylor","state":"Florida"}},
{"type":"Feature","geometry":{"type":"Polygon","coordinates":[[[-85.1437,34.7678],[-84.9786,34.9877],[-85.2658,34.9851],[-85.1437,34.7678]]]},"properties":{"fips":"13047","name":"Catoosa","state":"Georgia"}},
{"type":"Feature","geometry":{"type":"Polygon","coordinates":[[[-84.5766,33.7438],[-84.3756,33.9869],[-84.4187,34.0737],[-84.6592,34.078],[-84.7381,34.0797],[-84.7238,33.8065],[-84.5766,33.7438]]]},"properties":{"fips":"13067","name":"Cobb","state":"Georgia"}},
{"type":"Feature","geometry":{"type":"MultiPolygon","coordinates":[[[[-91.0984,29.6993],[-91.2563,29.9717],[-91.4717,29.9562],[-91.3532,29.7663],[-91.0984,29.6993]]],[[[-91.7552,30.4974],[-91.9885,30.3685],[-91.9526,30.073],[-91.705,30.1211],[-91.6009,30.0335],[-91.3676,30.0584],[-91.6224,30.3101],[-91.7014,30.4974],[-91.7552,30.4974]]]]},"properties":{"fips":"22099","name":"St. Martin","state":"Louisiana"}},
{"type":"Feature","geometry":{"type":"Polygon","coordinates":[[[-89.9247,33.8976],[-89.9318,34.1647],[-90.1364,34.1604],[-90.4523,34.0728],[-90.4523,33.986],[-90.4523,33.8117],[-90.1364,33.7215],[-89.9247,33.8976]]]},"properties":{"fips":"28135","name":"Tallahatchie","state":"Mississippi"}},
{"type":"Feature","geometry":{"type":"Polygon","coordinates":[[[-92.8535,37.4841],[-92.8571,37.8956],[-93.0725,37.9025],[-93.1873,37.8028],[-93.1837,37.4171],[-93.0725,37.4154],[-92.8535,37.4841]]]},"properties":{"fips":"29059","name":"Dallas","state":"Missouri"}},
{"type":"Feature","geometry":{"type":"Polygon","coordinates":[[[-77.8287,35.8674],[-78.1913,35.7308],[-78.0656,35.5856],[-77.8216,35.5856],[-77.6995,35.6526],[-77.6636,35.675],[-77.8287,35.8674]]]},"properties":{"fips":"37195","name":"Wilson","state":"North Carolina"}},
{"type":"Feature","geometry":{"type":"Polygon","coordinates":[[[-98.5246,47.9148],[-98.8046,48.06],[-98.9912,47.9904],[-99.1994,48.1554],[-99.1994,48.371],[-99.4937,48.371],[-99.8455,48.371],[-99.8132,47.847],[-99.2963,47.847],[-98.5246,47.8461],[-98.5246,47.9148]]]},"properties":{"fips":"38005","name":"Benson","state":"North Dakota"}},
{"type":"Feature","geometry":{"type":"Polygon","coordinates":[[[-81.5724,33.8769],[-81.1883,33.6527],[-81.0412,33.7068],[-81.0125,33.8804],[-81.0555,34.0015],[-81.3391,34.1974],[-81.4719,34.0762],[-81.5724,33.8769]]]},"properties":{"fips":"45063","name":"Lexington","state":"South Carolina"}},
{"type":"Feature","geometry":{"type":"Polygon","coordinates":[[[-100.6997,30.2886],[-100.6997,29.6237],[-100.1111,29.6229],[-100.0142,29.6237],[-99.9675,30.0825],[-99.7593,30.0739],[-99.7557,30.2904],[-100.1147,30.2904],[-100.6997,30.2886]]]},"properties":{"fips":"48137","name":"Edwards","state":"Texas"}},
{"type":"Feature","geometry":{"type":"Polygon","coordinates":[[[-85.1078,34.5874],[-85.5278,34.5891],[-85.5134,34.5238],[-85.4632,34.2867],[-85.1796,34.4362],[-85.1078,34.5874]]]},"properties":{"fips":"13055","name":"Chattooga","state":"Georgia"}},
{"type":"Feature","geometry":{"type":"Polygon","coordinates":[[[-76.2387,39.722],[-76.5689,39.7211],[-76.533,39.5442],[-76.3571,39.3895],[-76.0772,39.5433],[-76.2315,39.722],[-76.2387,39.722]]]},"properties":{"fips":"24025","name":"Harford","state":"Maryland"}},
{"type":"Feature","geometry":{"type":"Polygon","coordinates":[[[-79.6342,34.2979],[-79.4511,34.6209],[-79.4619,34.6303],[-79.6916,34.8047],[-79.9285,34.8064],[-79.8316,34.5315],[-79.6593,34.3056],[-79.6342,34.2979]]]},"properties":{"fips":"45069","name":"Marlboro","state":"South Carolina"}},
{"type":"Feature","geometry":{"type":"Polygon","coordinates":[[[-96.9597,39.5665],[-96.9633,39.2203],[-96.852,39.088],[-96.5003,39.0433],[-96.389,39.173],[-96.5541,39.1791],[-96.7264,39.4033],[-96.5792,39.5665],[-96.8053,39.5665],[-96.9597,39.5665]]]},"properties":{"fips":"20161","name":"Riley","state":"Kansas"}},
{"type":"Feature","geometry":{"type":"Polygon","coordinates":[[[-85.5421,42.4211],[-85.5457,42.7682],[-85.7826,42.7682],[-86.2098,42.7673],[-86.2744,42.4194],[-85.7647,42.4203],[-85.5421,42.4211]]]},"properties":{"fips":"26005","name":"Allegan","state":"Michigan"}},
{"type":"Feature","geometry":{"type":"Polygon","coordinates":[[[-92.1931,38.3355],[-92.01,38.5708],[-92.2218,38.643],[-92.3941,38.7392],[-92.4946,38.4282],[-92.1931,38.3355]]]},"properties":{"fips":"29051","name":"Cole","state":"Missouri"}},
{"type":"Feature","geometry":{"type":"Polygon","coordinates":[[[-96.0336,35.8571],[-95.8183,35.8562],[-95.7609,36.1629],[-95.8111,36.4232],[-96.0013,36.4241],[-96.0013,36.1612],[-96.267,36.162],[-96.2993,36.162],[-96.0301,36.0753],[-96.0336,35.8571]]]},"properties":{"fips":"40143","name":"Tulsa","state":"Oklahoma"}},
{"type":"Feature","geometry":{"type":"Polygon","coordinates":[[[-97.8391,29.3772],[-97.6345,29.6495],[-97.875,29.8583],[-98.0006,29.7526],[-98.3093,29.5945],[-98.1334,29.4416],[-97.8391,29.3772]]]},"properties":{"fips":"48187","name":"Guadalupe","state":"Texas"}},
{"type":"Feature","geometry":{"type":"Polygon","coordinates":[[[-72.434,44.5061],[-72.2223,44.4245],[-72.3694,44.2037],[-72.0392,44.1582],[-71.8382,44.348],[-71.9315,44.4408],[-71.9387,44.769],[-72.373,44.5843],[-72.434,44.5061]]]},"properties":{"fips":"50005","name":"Caledonia","state":"Vermont"}},
{"type":"Feature","geometry":{"type":"Polygon","coordinates":[[[-88.5356,43.196],[-89.0094,43.1977],[-89.013,42.8472],[-88.7761,42.8429],[-88.5428,42.8429],[-88.5356,43.196]]]},"properties":{"fips":"55055","name":"Jefferson","state":"Wisconsin"}},
{"type":"Feature","geometry":{"type":"Polygon","coordinates":[[[-76.9996,39.7203],[-76.9673,39.935],[-77.136,40.0699],[-77.4698,39.9445],[-77.4591,39.7203],[-77.2186,39.7203],[-76.9996,39.7203]]]},"properties":{"fips":"42001","name":"Adams","state":"Pennsylvania"}},
{"type":"Feature","geometry":{"type":"Polygon","coordinates":[[[-97.9288,38.9583],[-97.9288,39.2194],[-98.4887,39.2194],[-98.4887,39.1327],[-98.4851,38.8707],[-97.9288,38.8715],[-97.9288,38.9583]]]},"properties":{"fips":"20105","name":"Lincoln","state":"Kansas"}},
{"type":"Feature","geometry":{"type":"Polygon","coordinates":[[[-122.7703,48.2275],[-122.616,48.1588],[-122.6734,48.3547],[-122.7703,48.2275]]]},"properties":{"fips":"53029","name":"Island","state":"Washington"}},
{"type":"Feature","geometry":{"type":"Polygon","coordinates":[[[-97.8355,42.4375],[-97.4837,42.4383],[-97.4837,42.8507],[-97.6345,42.8515],[-98.1513,42.8387],[-98.3093,42.8825],[-98.3057,42.7613],[-98.2985,42.4366],[-97.8355,42.4375]]]},"properties":{"fips":"31107","name":"Knox","state":"Nebraska"}},
{"type":"Feature","geometry":{"type":"Polygon","coordinates":[[[-118.7539,39.0743],[-119.12,39.3887],[-119.1882,39.6507],[-119.2851,39.6215],[-119.4789,39.3371],[-119.7122,39.2512],[-119.5507,39.0854],[-119.4215,38.9548],[-119.3282,38.5348],[-119.1559,38.4145],[-118.9082,38.4145],[-118.9298,39.0725],[-118.7539,39.0743]]]},"properties":{"fips":"32019","name":"Lyon","state":"Nevada"}},
{"type":"Feature","geometry":{"type":"Polygon","coordinates":[[[-82.9255,38.1748],[-83.245,38.192],[-83.2629,38.1155],[-83.0225,38.0073],[-82.9255,38.1748]]]},"properties":{"fips":"21063","name":"Elliott","state":"Kentucky"}},
{"type":"Feature","geometry":{"type":"Polygon","coordinates":[[[-84.3469,37.5391],[-84.5264,37.7693],[-84.7166,37.8157],[-84.7453,37.7135],[-84.6592,37.6345],[-84.4474,37.4859],[-84.3469,37.5391]]]},"properties":{"fips":"21079","name":"Garrard","state":"Kentucky"}},
{"type":"Feature","geometry":{"type":"Polygon","coordinates":[[[-83.0009,37.1955],[-83.123,37.0013],[-82.8681,36.9739],[-82.5666,37.1963],[-82.7317,37.2711],[-83.0009,37.1955]]]},"properties":{"fips":"21133","name":"Letcher","state":"Kentucky"}},
{"type":"Feature","geometry":{"type":"Polygon","coordinates":[[[-85.334,38.7358],[-85.4273,38.5863],[-85.4345,38.5245],[-85.3124,38.4927],[-85.1689,38.5854],[-85.334,38.7358]]]},"properties":{"fips":"21223","name":"Trimble","state":"Kentucky"}},
{"type":"Feature","geometry":{"type":"Polygon","coordinates":[[[-84.5264,35.6243],[-84.4079,35.3983],[-84.4941,35.2858],[-84.2931,35.2068],[-84.0275,35.2918],[-83.9593,35.4636],[-84.189,35.6105],[-84.5264,35.6243]]]},"properties":{"fips":"47123","name":"Monroe","state":"Tennessee"}},
{"type":"Feature","geometry":{"type":"Polygon","coordinates":[[[-78.3384,38.6275],[-78.4533,38.4755],[-78.2882,38.2727],[-78.0944,38.3114],[-78.2308,38.5322],[-78.3384,38.6275]]]},"properties":{"fips":"51113","name":"Madison","state":"Virginia"}},
{"type":"Feature","geometry":{"type":"Polygon","coordinates":[[[-89.2535,38.7418],[-89.598,38.7435],[-89.7057,38.655],[-89.7057,38.4154],[-89.616,38.4721],[-89.1422,38.503],[-89.1386,38.7366],[-89.2535,38.7418]]]},"properties":{"fips":"17027","name":"Clinton","state":"Illinois"}},
{"type":"Feature","geometry":{"type":"Polygon","coordinates":[[[-80.8796,26.3335],[-80.8796,26.2597],[-80.8725,25.9796],[-80.1187,25.9753],[-80.0756,26.3207],[-80.8796,26.3335]]]},"properties":{"fips":"12011","name":"Broward","state":"Florida"}},
{"type":"Feature","geometry":{"type":"Polygon","coordinates":[[[-101.0658,36.9979],[-100.9438,36.9979],[-100.6315,36.9996],[-100.6531,37.3879],[-101.0694,37.3879],[-101.0658,36.9979]]]},"properties":{"fips":"20175","name":"Seward","state":"Kansas"}},
{"type":"Feature","geometry":{"type":"Polygon","coordinates":[[[-95.2727,31.5927],[-95.0035,31.426],[-94.8671,31.5266],[-94.9389,31.8453],[-94.9856,32.1382],[-95.4594,32.1356],[-95.4271,32.0841],[-95.4019,31.7619],[-95.2727,31.5927]]]},"properties":{"fips":"48073","name":"Cherokee","state":"Texas"}},
{"type":"Feature","geometry":{"type":"Polygon","coordinates":[[[-91.4537,33.5634],[-91.2312,33.5617],[-91.2276,33.669],[-90.901,34.0238],[-90.9548,34.1192],[-91.1163,34.1192],[-91.2276,33.9783],[-91.4214,34.0144],[-91.5578,33.7833],[-91.4537,33.5634]]]},"properties":{"fips":"05041","name":"Desha","state":"Arkansas"}},
{"type":"Feature","geometry":{"type":"Polygon","coordinates":[[[-111.5896,43.0199],[-112.0634,43.0225],[-112.1496,42.8953],[-111.9701,42.7184],[-111.8768,42.416],[-111.6004,42.4151],[-111.6363,42.5698],[-111.3671,42.5904],[-111.0477,42.5139],[-111.0441,43.0191],[-111.5896,43.0199]]]},"properties":{"fips":"16029","name":"Caribou","state":"Idaho"}},
{"type":"Feature","geometry":{"type":"Polygon","coordinates":[[[-77.6744,34.974],[-77.7318,35.0083],[-77.8359,35.1776],[-78.1626,35.1896],[-78.1123,34.7214],[-77.6816,34.7205],[-77.6744,34.974]]]},"properties":{"fips":"37061","name":"Duplin","state":"North Carolina"}},
{"type":"Feature","geometry":{"type":"Polygon","coordinates":[[[-98.4851,38.6971],[-99.0343,38.6971],[-99.0307,38.3483],[-98.9123,38.2607],[-98.4815,38.2607],[-98.4815,38.5219],[-98.4851,38.6971]]]},"properties":{"fips":"20009","name":"Barton","state":"Kansas"}},
{"type":"Feature","geometry":{"type":"Polygon","coordinates":[[[-99.3609,35.1166],[-98.6215,35.0977],[-98.6251,35.4645],[-99.3645,35.4653],[-99.3609,35.1166]]]},"properties":{"fips":"40149","name":"Washita","state":"Oklahoma"}},
{"type":"Feature","geometry":{"type":"Polygon","coordinates":[[[-107.1138,39.3663],[-106.4282,39.362],[-106.2057,39.3792],[-106.1806,39.6069],[-106.4354,39.9247],[-106.6257,39.9247],[-107.0348,39.9187],[-107.1138,39.9187],[-107.1138,39.3663]]]},"properties":{"fips":"08037","name":"Eagle","state":"Colorado"}},
{"type":"Feature","geometry":{"type":"Polygon","coordinates":[[[-81.0878,40.9882],[-81.0878,40.9015],[-80.5207,40.9006],[-80.5207,41.1248],[-80.5207,41.1334],[-81.0017,41.1343],[-81.0878,40.9882]]]},"properties":{"fips":"39099","name":"Mahoning","state":"Ohio"}},
{"type":"Feature","geometry":{"type":"Polygon","coordinates":[[[-85.919,32.2748],[-85.4345,32.2344],[-85.4345,32.4097],[-85.6965,32.5961],[-85.8867,32.493],[-86.0231,32.42],[-85.919,32.2748]]]},"properties":{"fips":"01087","name":"Macon","state":"Alabama"}},
{"type":"Feature","geometry":{"type":"Polygon","coordinates":[[[-84.8027,40.3525],[-84.4331,40.3543],[-84.4546,40.685],[-84.8027,40.7279],[-84.8027,40.5725],[-84.8027,40.3525]]]},"properties":{"fips":"39107","name":"Mercer","state":"Ohio"}},
{"type":"Feature","geometry":{"type":"Polygon","coordinates":[[[-77.5344,38.8475],[-77.4339,38.7796],[-77.2222,38.6378],[-77.1288,38.6353],[-77.0858,38.7057],[-77.0391,38.7856],[-77.1109,38.8432],[-77.1181,38.9342],[-77.3298,39.0579],[-77.5344,38.8475]],[[-77.3334,38.8561],[-77.2939,38.8715],[-77.2688,38.8406],[-77.3191,38.8346],[-77.3334,38.8561]]]},"properties":{"fips":"51059","name":"Fairfax","state":"Virginia"}},
{"type":"Feature","geometry":{"type":"Polygon","coordinates":[[[-89.4258,45.4674],[-89.0453,45.4648],[-89.0489,45.8952],[-90.0431,45.8969],[-90.0431,45.555],[-89.4293,45.555],[-89.4258,45.4674]]]},"properties":{"fips":"55085","name":"Oneida","state":"Wisconsin"}},
{"type":"Feature","geometry":{"type":"Polygon","coordinates":[[[-118.2442,44.9588],[-117.5658,44.9932],[-117.2679,45.0808],[-117.6448,45.3368],[-117.7884,45.6899],[-117.9714,45.8608],[-118.1186,45.689],[-118.115,45.4708],[-118.6965,45.3454],[-118.5457,45.1968],[-118.517,44.9958],[-118.2442,44.9588]]]},"properties":{"fips":"41061","name":"Union","state":"Oregon"}},
{"type":"Feature","geometry":{"type":"Polygon","coordinates":[[[-81.2242,33.4397],[-81.3714,33.4904],[-81.7554,33.1983],[-81.6155,33.0943],[-81.5437,33.1579],[-81.1919,33.1184],[-81.2242,33.4397]]]},"properties":{"fips":"45011","name":"Barnwell","state":"South Carolina"}},
{"type":"Feature","geometry":{"type":"Polygon","coordinates":[[[-111.5538,40.6094],[-111.5932,40.5767],[-111.5538,40.3663],[-111.3133,40.2864],[-111.2487,40.0553],[-110.8933,39.8998],[-110.9005,40.6781],[-111.1518,40.5484],[-111.5538,40.6094]]]},"properties":{"fips":"49051","name":"Wasatch","state":"Utah"}},
{"type":"Feature","geometry":{"type":"Polygon","coordinates":[[[-85.6391,44.775],[-85.5673,45.0439],[-86.0734,44.8849],[-86.0734,44.7784],[-85.8149,44.7741],[-85.6391,44.775]]]},"properties":{"fips":"26089","name":"Leelanau","state":"Michigan"}},
{"type":"Feature","geometry":{"type":"Polygon","coordinates":[[[-90.9045,40.6395],[-91.1845,40.6377],[-91.3604,40.6017],[-91.4178,40.3783],[-91.4968,40.2486],[-91.504,40.2005],[-90.9117,40.1927],[-90.9081,40.2847],[-90.9045,40.6395]]]},"properties":{"fips":"17067","name":"Hancock","state":"Illinois"}},
{"type":"Feature","geometry":{"type":"Polygon","coordinates":[[[-77.0606,38.1619],[-76.9386,38.0769],[-76.6335,37.9669],[-76.5187,38.0348],[-76.996,38.2779],[-77.0606,38.1619]]]},"properties":{"fips":"51193","name":"Westmoreland","state":"Virginia"}},
{"type":"Feature","geometry":{"type":"Polygon","coordinates":[[[-86.0088,33.09],[-86.0088,32.755],[-85.8867,32.493],[-85.6965,32.5961],[-85.5924,32.7284],[-85.5924,33.1072],[-85.6534,33.1064],[-86.0088,33.09]]]},"properties":{"fips":"01123","name":"Tallapoosa","state":"Alabama"}},
{"type":"Feature","geometry":{"type":"Polygon","coordinates":[[[-83.5142,31.3273],[-83.5752,31.0781],[-83.4747,31.0317],[-83.2952,31.0274],[-83.4352,31.3504],[-83.5142,31.3273]]]},"properties":{"fips":"13075","name":"Cook","state":"Georgia"}},
{"type":"Feature","geometry":{"type":"MultiPolygon","coordinates":[[[[-88.2269,47.2001],[-87.8142,47.3848],[-88.1803,47.4578],[-88.5141,47.286],[-88.2269,47.2001]]],[[[-89.2535,47.8762],[-89.1243,47.8289],[-88.6684,48.0111],[-88.5464,48.1751],[-89.1781,47.9355],[-89.2535,47.8762]]]]},"properties":{"fips":"26083","name":"Keweenaw","state":"Michigan"}},
{"type":"Feature","geometry":{"type":"Polygon","coordinates":[[[-88.3885,32.578],[-88.349,32.9294],[-88.812,32.926],[-88.9161,32.9268],[-88.9161,32.5772],[-88.3885,32.578]]]},"properties":{"fips":"28069","name":"Kemper","state":"Mississippi"}},
{"type":"Feature","geometry":{"type":"Polygon","coordinates":[[[-84.8027,41.2528],[-84.8027,40.9891],[-84.4007,40.99],[-84.3433,41.1652],[-84.4582,41.2537],[-84.8027,41.2528]]]},"properties":{"fips":"39125","name":"Paulding","state":"Ohio"}},
{"type":"Feature","geometry":{"type":"Polygon","coordinates":[[[-82.5953,36.0959],[-82.6025,36.0401],[-82.5056,35.9773],[-82.4159,36.0727],[-82.222,36.1569],[-82.3405,36.2531],[-82.5953,36.0959]]]},"properties":{"fips":"47171","name":"Unicoi","state":"Tennessee"}},
{"type":"Feature","geometry":{"type":"Polygon","coordinates":[[[-82.4841,31.969],[-82.4087,32.3538],[-82.6563,32.298],[-82.5451,31.9587],[-82.4841,31.969]]]},"properties":{"fips":"13209","name":"Montgomery","state":"Georgia"}},
{"type":"Feature","geometry":{"type":"Polygon","coordinates":[[[-83.7439,30.658],[-83.6111,30.6512],[-83.3563,30.6374],[-83.3527,30.8419],[-83.4747,31.0317],[-83.5752,31.0781],[-83.7367,31.0377],[-83.7439,30.658]]]},"properties":{"fips":"13027","name":"Brooks","state":"Georgia"}},
{"type":"Feature","geometry":{"type":"Polygon","coordinates":[[[-102.7815,40.4384],[-102.6631,40.4384],[-102.6523,40.7494],[-102.6523,41.002],[-103.3809,41.002],[-103.5748,41.002],[-103.5819,40.5235],[-103.4671,40.4367],[-102.7815,40.4384]]]},"properties":{"fips":"08075","name":"Logan","state":"Colorado"}},
{"type":"Feature","geometry":{"type":"Polygon","coordinates":[[[-82.8574,40.7047],[-83.0225,40.4341],[-82.7461,40.35],[-82.624,40.5501],[-82.7281,40.7116],[-82.8574,40.7047]]]},"properties":{"fips":"39117","name":"Morrow","state":"Ohio"}},
{"type":"Feature","geometry":{"type":"Polygon","coordinates":[[[-81.716,40.1524],[-82.1862,40.167],[-82.2328,39.9136],[-82.0749,39.7709],[-81.698,39.7555],[-81.6944,39.8423],[-81.716,40.1524]]]},"properties":{"fips":"39119","name":"Muskingum","state":"Ohio"}},
{"type":"Feature","geometry":{"type":"Polygon","coordinates":[[[-81.1453,32.2267],[-81.3929,32.0961],[-81.2027,31.9226],[-81.156,31.7259],[-80.8868,32.0343],[-81.1453,32.2267]]]},"properties":{"fips":"13051","name":"Chatham","state":"Georgia"}},
{"type":"Feature","geometry":{"type":"Polygon","coordinates":[[[-84.8171,31.6202],[-84.9571,31.7783],[-85.1258,31.78],[-85.1258,31.7628],[-85.0468,31.5171],[-84.8207,31.5008],[-84.8171,31.6202]]]},"properties":{"fips":"13061","name":"Clay","state":"Georgia"}},
{"type":"Feature","geometry":{"type":"Polygon","coordinates":[[[-102.0529,40.7494],[-102.0529,41.002],[-102.62,41.0028],[-102.6523,41.002],[-102.6523,40.7494],[-102.0529,40.7494]]]},"properties":{"fips":"08115","name":"Sedgwick","state":"Colorado"}},
{"type":"Feature","geometry":{"type":"Polygon","coordinates":[[[-81.5616,27.647],[-81.1417,27.6436],[-81.2099,27.8214],[-81.4145,27.9984],[-81.6585,28.3472],[-81.9564,28.3455],[-82.0569,28.3128],[-82.1072,28.1719],[-82.0533,27.6462],[-81.5616,27.647]]]},"properties":{"fips":"12105","name":"Polk","state":"Florida"}},
{"type":"Feature","geometry":{"type":"Polygon","coordinates":[[[-95.8578,33.4096],[-95.8578,33.462],[-95.847,33.8409],[-96.1485,33.8374],[-96.3782,33.7257],[-96.3854,33.3976],[-96.2957,33.3521],[-95.8578,33.4096]]]},"properties":{"fips":"48147","name":"Fannin","state":"Texas"}},
{"type":"Feature","geometry":{"type":"Polygon","coordinates":[[[-88.812,36.7728],[-89.1243,36.7849],[-89.1745,36.6508],[-88.8335,36.5031],[-88.8263,36.5031],[-88.8156,36.5031],[-88.812,36.7728]]]},"properties":{"fips":"21105","name":"Hickman","state":"Kentucky"}},
{"type":"Feature","geometry":{"type":"Polygon","coordinates":[[[-85.5816,34.8606],[-85.6067,34.9843],[-85.8652,34.9886],[-86.3103,34.9911],[-86.3282,34.5994],[-86.059,34.4757],[-85.7862,34.6243],[-85.5816,34.8606]]]},"properties":{"fips":"01071","name":"Jackson","state":"Alabama"}},
{"type":"Feature","geometry":{"type":"Polygon","coordinates":[[[-84.6951,32.5188],[-84.6951,32.5841],[-85.0827,32.6081],[-85.0037,32.5102],[-84.9822,32.3779],[-84.6951,32.5188]]]},"properties":{"fips":"13215","name":"Muscogee","state":"Georgia"}},
{"type":"Feature","geometry":{"type":"Polygon","coordinates":[[[-89.8637,41.5844],[-89.6303,41.5853],[-89.6303,41.9014],[-89.6842,41.9306],[-90.1508,41.9289],[-90.2441,41.7829],[-90.1867,41.5844],[-89.8637,41.5844]]]},"properties":{"fips":"17195","name":"Whiteside","state":"Illinois"}},
{"type":"Feature","geometry":{"type":"Polygon","coordinates":[[[-80.8617,28.3472],[-80.8689,27.8223],[-80.4453,27.8609],[-80.6069,28.2896],[-80.5243,28.4597],[-80.7325,28.7913],[-80.9694,28.7904],[-80.9873,28.6126],[-80.8617,28.3472]]]},"properties":{"fips":"12009","name":"Brevard","state":"Florida"}},
{"type":"Feature","geometry":{"type":"Polygon","coordinates":[[[-83.6506,31.5678],[-83.7977,31.6228],[-83.8013,31.8032],[-83.9377,31.8478],[-84.0167,31.6503],[-83.9987,31.4441],[-83.9987,31.335],[-83.6542,31.3307],[-83.6506,31.5678]]]},"properties":{"fips":"13321","name":"Worth","state":"Georgia"}},
{"type":"Feature","geometry":{"type":"Polygon","coordinates":[[[-81.7303,31.3298],[-82.0426,31.3736],[-82.2831,31.2242],[-82.1323,31.0111],[-81.9349,31.0481],[-81.7662,31.1692],[-81.7303,31.3298]]]},"properties":{"fips":"13025","name":"Brantley","state":"Georgia"}},
{"type":"Feature","geometry":{"type":"Polygon","coordinates":[[[-98.6215,35.5512],[-98.6251,35.4645],[-98.6215,35.0977],[-98.6215,34.8546],[-98.0939,34.8546],[-98.0975,35.3777],[-98.3057,35.3769],[-98.3128,35.5512],[-98.6215,35.5512]]]},"properties":{"fips":"40015","name":"Caddo","state":"Oklahoma"}},
{"type":"Feature","geometry":{"type":"Polygon","coordinates":[[[-86.8379,34.992],[-86.784,34.992],[-86.3174,34.9911],[-86.3174,35.1269],[-86.5256,35.3545],[-86.601,35.3648],[-86.8271,35.2635],[-86.8379,34.992]]]},"properties":{"fips":"47103","name":"Lincoln","state":"Tennessee"}},
{"type":"Feature","geometry":{"type":"Polygon","coordinates":[[[-80.833,39.7211],[-80.8222,39.85],[-81.2386,39.868],[-81.2816,39.606],[-81.0376,39.5399],[-80.9443,39.6069],[-80.833,39.7211]]]},"properties":{"fips":"39111","name":"Monroe","state":"Ohio"}},
{"type":"Feature","geometry":{"type":"Polygon","coordinates":[[[-90.3123,43.7312],[-90.3123,44.1556],[-90.8938,44.1582],[-90.9727,44.0705],[-90.9117,43.7252],[-90.3123,43.7312]]]},"properties":{"fips":"55081","name":"Monroe","state":"Wisconsin"}},
{"type":"Feature","geometry":{"type":"Polygon","coordinates":[[[-81.7698,35.1801],[-81.8739,35.1844],[-81.7124,34.913],[-81.4575,34.8391],[-81.4898,35.0272],[-81.3678,35.1647],[-81.7698,35.1801]]]},"properties":{"fips":"45021","name":"Cherokee","state":"South Carolina"}},
{"type":"Feature","geometry":{"type":"Polygon","coordinates":[[[-88.4243,45.7225],[-88.6756,45.7225],[-88.6828,46.0146],[-88.934,46.0739],[-89.0489,45.8952],[-89.0453,45.4648],[-88.6792,45.3789],[-88.4279,45.3772],[-88.4243,45.7225]]]},"properties":{"fips":"55041","name":"Forest","state":"Wisconsin"}},
{"type":"Feature","geometry":{"type":"Polygon","coordinates":[[[-84.6269,38.1164],[-84.6592,38.0039],[-84.4366,37.8475],[-84.3361,37.8922],[-84.2859,38.0674],[-84.4007,38.2075],[-84.6269,38.1164]]]},"properties":{"fips":"21067","name":"Fayette","state":"Kentucky"}},
{"type":"Feature","geometry":{"type":"Polygon","coordinates":[[[-78.4641,43.129],[-78.4641,43.0886],[-78.4641,42.8679],[-77.9544,42.8627],[-77.9113,42.9881],[-77.9974,43.1333],[-78.4641,43.129]]]},"properties":{"fips":"36037","name":"Genesee","state":"New York"}},
{"type":"Feature","geometry":{"type":"Polygon","coordinates":[[[-85.0253,37.6791],[-85.0289,37.8913],[-85.1545,37.8973],[-85.4022,37.7307],[-85.0289,37.631],[-85.0253,37.6791]]]},"properties":{"fips":"21229","name":"Washington","state":"Kentucky"}},
{"type":"Feature","geometry":{"type":"Polygon","coordinates":[[[-77.3514,35.8193],[-77.1755,35.7325],[-76.8489,35.7196],[-76.7591,35.8648],[-77.2006,35.943],[-77.3262,36.071],[-77.4016,36.0048],[-77.3514,35.8193]]]},"properties":{"fips":"37117","name":"Martin","state":"North Carolina"}},
{"type":"Feature","geometry":{"type":"Polygon","coordinates":[[[-103.0005,37.0005],[-103.0041,36.5005],[-102.1642,36.5005],[-102.0314,36.5005],[-102.0278,36.9928],[-102.0421,36.9928],[-103.0005,37.0005]]]},"properties":{"fips":"40025","name":"Cimarron","state":"Oklahoma"}},
{"type":"Feature","geometry":{"type":"Polygon","coordinates":[[[-79.3255,33.7988],[-79.3183,33.7799],[-79.1891,33.706],[-79.3398,33.9706],[-79.1281,34.2541],[-79.3757,34.2987],[-79.548,34.2309],[-79.4942,33.95],[-79.3255,33.7988]]]},"properties":{"fips":"45067","name":"Marion","state":"South Carolina"}},
{"type":"Feature","geometry":{"type":"Polygon","coordinates":[[[-86.3892,30.9939],[-86.1882,30.9939],[-86.1918,31.1924],[-86.1954,31.4398],[-86.5005,31.5257],[-86.7015,31.524],[-86.7015,31.1924],[-86.6871,30.9948],[-86.3892,30.9939]]]},"properties":{"fips":"01039","name":"Covington","state":"Alabama"}},
{"type":"Feature","geometry":{"type":"Polygon","coordinates":[[[-117.6663,34.8228],[-118.8544,34.8176],[-118.8831,34.791],[-118.6534,34.3237],[-118.9441,34.0453],[-118.5421,34.0384],[-118.2586,33.7034],[-118.115,33.7429],[-117.975,33.9457],[-117.7848,33.9465],[-117.6448,34.2893],[-117.6663,34.8228]]]},"properties":{"fips":"06037","name":"Los Angeles","state":"California"}},
{"type":"Feature","geometry":{"type":"Polygon","coordinates":[[[-83.1373,30.6237],[-83.2737,30.6323],[-83.1696,30.3849],[-83.0009,30.4295],[-82.7963,30.3368],[-82.6456,30.3952],[-82.6887,30.5979],[-83.1373,30.6237]]]},"properties":{"fips":"12047","name":"Hamilton","state":"Florida"}},
{"type":"Feature","geometry":{"type":"Polygon","coordinates":[[[-81.8452,26.3301],[-81.6908,25.8525],[-81.4683,25.8035],[-80.8725,25.8052],[-80.8725,25.9796],[-80.8796,26.2597],[-81.2673,26.2528],[-81.2709,26.5174],[-81.5652,26.5131],[-81.6585,26.3172],[-81.8452,26.3301]]]},"properties":{"fips":"12021","name":"Collier","state":"Florida"}},
{"type":"Feature","geometry":{"type":"Polygon","coordinates":[[[-95.524,37.3836],[-95.9619,37.3871],[-95.9655,37.2994],[-95.9655,36.9988],[-95.786,36.9996],[-95.524,36.9996],[-95.5204,37.3836],[-95.524,37.3836]]]},"properties":{"fips":"20125","name":"Montgomery","state":"Kansas"}},
{"type":"Feature","geometry":{"type":"Polygon","coordinates":[[[-88.3741,37.9085],[-88.0905,37.8913],[-87.9254,38.1465],[-87.9865,38.2298],[-87.9865,38.2564],[-87.99,38.2599],[-88.1516,38.2564],[-88.3705,38.2556],[-88.3741,37.9085]]]},"properties":{"fips":"17193","name":"White","state":"Illinois"}},
{"type":"Feature","geometry":{"type":"Polygon","coordinates":[[[-94.0775,36.4988],[-93.8657,36.4988],[-93.5857,36.4988],[-93.6109,36.9232],[-94.0631,36.9318],[-94.0703,36.7479],[-94.0775,36.4988]]]},"properties":{"fips":"29009","name":"Barry","state":"Missouri"}},
{"type":"Feature","geometry":{"type":"Polygon","coordinates":[[[-83.4532,42.8807],[-83.6865,42.7837],[-83.6649,42.4315],[-83.5537,42.4349],[-83.0835,42.4469],[-83.1014,42.8885],[-83.4532,42.8807]]]},"properties":{"fips":"26125","name":"Oakland","state":"Michigan"}},
{"type":"Feature","geometry":{"type":"Polygon","coordinates":[[[-91.2168,43.5001],[-91.6116,43.5001],[-91.6045,43.0818],[-91.1773,43.08],[-91.0589,43.2484],[-91.206,43.4228],[-91.2168,43.5001]]]},"properties":{"fips":"19005","name":"Allamakee","state":"Iowa"}},
{"type":"Feature","geometry":{"type":"Polygon","coordinates":[[[-95.786,36.9996],[-95.9655,36.9988],[-96.0013,36.9988],[-96.0013,36.4241],[-95.8111,36.4232],[-95.8111,36.5976],[-95.786,36.9996]]]},"properties":{"fips":"40147","name":"Washington","state":"Oklahoma"}},
{"type":"Feature","geometry":{"type":"Polygon","coordinates":[[[-108.2372,48.9998],[-109.4899,49.0007],[-109.533,48.1348],[-109.5402,47.7387],[-109.2746,47.7928],[-108.8905,47.7344],[-108.8869,47.9226],[-108.4347,47.9767],[-108.4095,48.4483],[-108.2588,48.7421],[-108.2372,48.9998]]]},"properties":{"fips":"30005","name":"Blaine","state":"Montana"}},
{"type":"Feature","geometry":{"type":"Polygon","coordinates":[[[-76.6407,37.7925],[-76.3212,37.6809],[-76.5079,37.8389],[-76.6407,37.7925]]]},"properties":{"fips":"51103","name":"Lancaster","state":"Virginia"}},
{"type":"Feature","geometry":{"type":"Polygon","coordinates":[[[-82.2149,30.5687],[-82.4195,30.5816],[-82.4589,30.5842],[-82.4589,30.1366],[-82.1431,30.1435],[-82.0498,30.1435],[-82.0498,30.1873],[-82.0498,30.2732],[-82.0498,30.3625],[-82.2149,30.5687]]]},"properties":{"fips":"12003","name":"Baker","state":"Florida"}},
{"type":"Feature","geometry":{"type":"Polygon","coordinates":[[[-92.9397,32.1477],[-92.8822,31.981],[-92.972,31.7087],[-92.6202,31.7095],[-92.3618,31.7963],[-92.3116,31.9277],[-92.3116,32.1459],[-92.8141,32.1468],[-92.9397,32.1477]]]},"properties":{"fips":"22127","name":"Winn","state":"Louisiana"}},
{"type":"Feature","geometry":{"type":"Polygon","coordinates":[[[-86.8271,35.2635],[-86.601,35.3648],[-86.6405,35.6861],[-86.6871,35.7102],[-86.7804,35.7067],[-86.9599,35.4172],[-86.8271,35.2635]]]},"properties":{"fips":"47117","name":"Marshall","state":"Tennessee"}},
{"type":"Feature","geometry":{"type":"Polygon","coordinates":[[[-77.1145,38.1499],[-77.0714,37.9643],[-77.0032,37.8363],[-76.752,37.729],[-76.6838,37.7702],[-76.9063,37.9987],[-76.9386,38.0769],[-77.0606,38.1619],[-77.1145,38.1499]]]},"properties":{"fips":"51057","name":"Essex","state":"Virginia"}},
{"type":"Feature","geometry":{"type":"Polygon","coordinates":[[[-85.2191,40.307],[-85.2155,40.0768],[-85.2012,40.0046],[-84.8099,40.0055],[-84.8027,40.3104],[-85.2191,40.307]]]},"properties":{"fips":"18135","name":"Randolph","state":"Indiana"}},
{"type":"Feature","geometry":{"type":"Polygon","coordinates":[[[-111.2702,48.9973],[-112.1926,48.999],[-112.1855,48.4775],[-111.665,48.3495],[-111.4102,48.2198],[-111.2738,48.2198],[-111.2702,48.9973]]]},"properties":{"fips":"30101","name":"Toole","state":"Montana"}},
{"type":"Feature","geometry":{"type":"Polygon","coordinates":[[[-70.5533,45.6675],[-70.8332,45.2749],[-70.7686,44.732],[-70.2805,44.5697],[-70.2374,44.4588],[-70.1297,44.4872],[-69.9287,44.6109],[-70.1584,45.128],[-70.4169,45.1444],[-70.5533,45.6675]]]},"properties":{"fips":"23007","name":"Franklin","state":"Maine"}},
{"type":"Feature","geometry":{"type":"Polygon","coordinates":[[[-84.8386,42.7708],[-85.0755,42.7708],[-85.0719,42.4211],[-84.7202,42.4211],[-84.6017,42.422],[-84.6017,42.7699],[-84.8386,42.7708]]]},"properties":{"fips":"26045","name":"Eaton","state":"Michigan"}},
{"type":"Feature","geometry":{"type":"Polygon","coordinates":[[[-89.5765,39.9763],[-89.9929,39.9015],[-89.9929,39.8732],[-89.9247,39.5218],[-89.7021,39.5235],[-89.5334,39.5244],[-89.397,39.7417],[-89.2176,39.813],[-89.2176,39.917],[-89.5765,39.9763]]]},"properties":{"fips":"17167","name":"Sangamon","state":"Illinois"}},
{"type":"Feature","geometry":{"type":"Polygon","coordinates":[[[-70.643,41.7184],[-70.6932,41.526],[-70.6681,41.5131],[-69.9287,41.6918],[-70.5389,41.8112],[-70.643,41.7184]]]},"properties":{"fips":"25001","name":"Barnstable","state":"Massachusetts"}},
{"type":"Feature","geometry":{"type":"Polygon","coordinates":[[[-104.0485,48.389],[-104.0485,48.6339],[-104.0485,48.9998],[-105.0571,48.999],[-104.9746,48.5634],[-104.7592,48.5634],[-104.6264,48.389],[-104.0485,48.389]]]},"properties":{"fips":"30091","name":"Sheridan","state":"Montana"}},
{"type":"Feature","geometry":{"type":"Polygon","coordinates":[[[-103.0471,33.8245],[-103.0435,34.303],[-103.7399,34.303],[-103.7399,34.6046],[-103.948,34.6054],[-103.9445,34.0823],[-103.7183,33.6562],[-103.5101,33.5703],[-103.0543,33.5703],[-103.0471,33.8245]]]},"properties":{"fips":"35041","name":"Roosevelt","state":"New Mexico"}},
{"type":"Feature","geometry":{"type":"Polygon","coordinates":[[[-98.1047,36.5933],[-97.4622,36.5933],[-97.4622,36.9988],[-97.8032,36.9988],[-98.1118,36.9979],[-98.1047,36.5933]]]},"properties":{"fips":"40053","name":"Grant","state":"Oklahoma"}},
{"type":"Feature","geometry":{"type":"Polygon","coordinates":[[[-76.7232,40.1197],[-76.8596,40.2263],[-77.136,40.0699],[-76.9673,39.935],[-76.9996,39.7203],[-76.7879,39.7211],[-76.5689,39.7211],[-76.2387,39.722],[-76.5366,40.051],[-76.7232,40.1197]]]},"properties":{"fips":"42133","name":"York","state":"Pennsylvania"}},
{"type":"Feature","geometry":{"type":"Polygon","coordinates":[[[-83.428,33.1854],[-83.2737,33.1871],[-83.1624,33.3546],[-83.2809,33.4835],[-83.5321,33.4345],[-83.5465,33.1717],[-83.428,33.1854]]]},"properties":{"fips":"13237","name":"Putnam","state":"Georgia"}},
{"type":"Feature","geometry":{"type":"Polygon","coordinates":[[[-83.3383,34.687],[-83.4604,34.4809],[-83.3993,34.4611],[-83.105,34.5367],[-83.3383,34.687]]]},"properties":{"fips":"13257","name":"Stephens","state":"Georgia"}},
{"type":"Feature","geometry":{"type":"Polygon","coordinates":[[[-83.3563,34.224],[-83.3993,34.4611],[-83.4604,34.4809],[-83.6147,34.4319],[-83.6219,34.2953],[-83.4029,34.1974],[-83.3563,34.224]]]},"properties":{"fips":"13011","name":"Banks","state":"Georgia"}},
{"type":"Feature","geometry":{"type":"Polygon","coordinates":[[[-86.9312,41.2365],[-87.2183,41.2417],[-87.2758,41.2185],[-87.2686,40.7365],[-87.0999,40.7365],[-86.9312,40.9126],[-86.9312,41.1721],[-86.9312,41.2365]]]},"properties":{"fips":"18073","name":"Jasper","state":"Indiana"}},
{"type":"Feature","geometry":{"type":"Polygon","coordinates":[[[-97.3725,38.6095],[-97.9252,38.6095],[-97.9252,38.5227],[-97.9216,38.174],[-97.7027,38.174],[-97.3725,38.174],[-97.3725,38.6095]]]},"properties":{"fips":"20113","name":"McPherson","state":"Kansas"}},
{"type":"Feature","geometry":{"type":"Polygon","coordinates":[[[-93.7652,45.8222],[-93.8119,46.1563],[-94.3754,46.1572],[-94.3431,46.2775],[-94.6518,46.3488],[-94.6446,45.7741],[-94.2713,45.7749],[-93.7652,45.8222]]]},"properties":{"fips":"27097","name":"Morrison","state":"Minnesota"}},
{"type":"Feature","geometry":{"type":"Polygon","coordinates":[[[-78.5466,36.022],[-78.7512,36.071],[-78.9055,35.8682],[-78.9163,35.5839],[-78.7081,35.5195],[-78.2559,35.8184],[-78.5466,36.022]]]},"properties":{"fips":"37183","name":"Wake","state":"North Carolina"}},
{"type":"Feature","geometry":{"type":"Polygon","coordinates":[[[-91.2168,33.529],[-91.084,33.1562],[-91.1666,33.011],[-90.9153,33.0076],[-90.7035,33.0961],[-90.7179,33.2704],[-90.7646,33.529],[-91.2168,33.529]]]},"properties":{"fips":"28151","name":"Washington","state":"Mississippi"}},
{"type":"Feature","geometry":{"type":"Polygon","coordinates":[[[-90.8974,41.7717],[-90.3159,41.7287],[-90.2441,41.7829],[-90.1508,41.9289],[-90.1544,42.0329],[-90.8974,42.0337],[-90.8974,41.9461],[-90.8974,41.7717]]]},"properties":{"fips":"19045","name":"Clinton","state":"Iowa"}},
{"type":"Feature","geometry":{"type":"Polygon","coordinates":[[[-74.0564,43.7441],[-74.2143,43.7286],[-74.1605,43.3713],[-73.8841,43.3979],[-73.5934,43.306],[-73.6293,43.4864],[-73.439,43.8034],[-74.0564,43.7441]]]},"properties":{"fips":"36113","name":"Warren","state":"New York"}},
{"type":"Feature","geometry":{"type":"Polygon","coordinates":[[[-86.9061,31.8307],[-87.5019,31.8289],[-87.5773,31.4321],[-87.7639,31.2972],[-87.6168,31.2448],[-87.4265,31.2602],[-87.2076,31.4587],[-87.1358,31.6417],[-86.9061,31.7533],[-86.9061,31.8307]]]},"properties":{"fips":"01099","name":"Monroe","state":"Alabama"}},
{"type":"Feature","geometry":{"type":"Polygon","coordinates":[[[-79.3506,35.5177],[-79.1819,35.3073],[-78.9701,35.522],[-79.1173,35.6286],[-79.3506,35.5177]]]},"properties":{"fips":"37105","name":"Lee","state":"North Carolina"}},
{"type":"Feature","geometry":{"type":"Polygon","coordinates":[[[-76.8812,39.35],[-76.6981,39.2143],[-76.6192,39.2375],[-76.5294,39.2409],[-76.3571,39.3895],[-76.533,39.5442],[-76.5689,39.7211],[-76.7879,39.7211],[-76.8812,39.35]]]},"properties":{"fips":"24005","name":"Baltimore","state":"Maryland"}},
{"type":"Feature","geometry":{"type":"Polygon","coordinates":[[[-85.3878,35.1475],[-85.4739,34.9834],[-85.3627,34.9834],[-85.2658,34.9851],[-84.9786,34.9877],[-84.9463,35.2875],[-85.0181,35.4095],[-85.1366,35.4585],[-85.2263,35.3545],[-85.3878,35.1475]]]},"properties":{"fips":"47065","name":"Hamilton","state":"Tennessee"}},
{"type":"Feature","geometry":{"type":"Polygon","coordinates":[[[-77.678,39.3242],[-77.4591,39.2203],[-77.1683,39.3534],[-77.1683,39.3543],[-77.1109,39.4978],[-77.2186,39.7203],[-77.4591,39.7203],[-77.4698,39.7203],[-77.678,39.3242]]]},"properties":{"fips":"24021","name":"Frederick","state":"Maryland"}},
{"type":"Feature","geometry":{"type":"Polygon","coordinates":[[[-89.3432,35.8811],[-89.6447,35.9043],[-89.9606,35.7239],[-89.9103,35.5384],[-89.7596,35.65],[-89.5011,35.5805],[-89.3576,35.8176],[-89.3432,35.8811]]]},"properties":{"fips":"47097","name":"Lauderdale","state":"Tennessee"}},
{"type":"Feature","geometry":{"type":"Polygon","coordinates":[[[-74.7132,42.5182],[-75.4167,42.3138],[-75.4167,42.1952],[-75.4024,41.9994],[-75.1475,41.8507],[-74.7814,42.0165],[-74.4512,42.1694],[-74.444,42.355],[-74.7132,42.5182]]]},"properties":{"fips":"36025","name":"Delaware","state":"New York"}},
{"type":"Feature","geometry":{"type":"Polygon","coordinates":[[[-85.8508,33.499],[-85.797,33.5565],[-86.1451,33.6794],[-86.3784,33.3907],[-86.4897,33.1029],[-86.1739,33.1046],[-85.8508,33.499]]]},"properties":{"fips":"01121","name":"Talladega","state":"Alabama"}},
{"type":"Feature","geometry":{"type":"Polygon","coordinates":[[[-84.8279,42.0724],[-84.7094,42.0707],[-84.7202,42.4211],[-85.0719,42.4211],[-85.2981,42.4194],[-85.2945,42.0715],[-84.8279,42.0724]]]},"properties":{"fips":"26025","name":"Calhoun","state":"Michigan"}},
{"type":"Feature","geometry":{"type":"Polygon","coordinates":[[[-106.0119,38.4463],[-105.9688,38.6937],[-105.9078,38.8071],[-106.1914,39.0562],[-106.579,39.0579],[-106.6005,38.9978],[-106.4713,38.9127],[-106.4498,38.6963],[-106.2452,38.4231],[-106.0119,38.4463]]]},"properties":{"fips":"08015","name":"Chaffee","state":"Colorado"}},
{"type":"Feature","geometry":{"type":"Polygon","coordinates":[[[-88.7474,39.7924],[-88.812,39.6533],[-88.471,39.4471],[-88.471,39.6515],[-88.4746,39.7916],[-88.7474,39.7924]]]},"properties":{"fips":"17139","name":"Moultrie","state":"Illinois"}},
{"type":"Feature","geometry":{"type":"Polygon","coordinates":[[[-90.1364,34.1604],[-89.9318,34.1647],[-89.7201,34.1922],[-89.7201,34.5539],[-90.1975,34.5547],[-90.1975,34.5109],[-90.1364,34.1604]]]},"properties":{"fips":"28107","name":"Panola","state":"Mississippi"}},
{"type":"Feature","geometry":{"type":"Polygon","coordinates":[[[-113.5171,45.9399],[-113.2766,46.0455],[-113.2838,46.2225],[-113.0361,46.2672],[-113.0397,46.7353],[-113.3017,46.8324],[-113.8294,46.6606],[-113.8186,46.2156],[-113.6643,45.9802],[-113.5171,45.9399]]]},"properties":{"fips":"30039","name":"Granite","state":"Montana"}},
{"type":"Feature","geometry":{"type":"Polygon","coordinates":[[[-75.4849,40.4187],[-75.528,40.447],[-75.6967,40.2417],[-75.3593,40.0656],[-75.2768,39.9771],[-75.0147,40.1378],[-75.4849,40.4187]]]},"properties":{"fips":"42091","name":"Montgomery","state":"Pennsylvania"}},
{"type":"Feature","geometry":{"type":"Polygon","coordinates":[[[-78.1338,40.1653],[-77.8646,40.0613],[-77.7031,40.2632],[-77.7534,40.3783],[-77.9149,40.3989],[-77.6816,40.7297],[-78.1159,40.7391],[-78.1338,40.4737],[-78.2559,40.2976],[-78.1338,40.1653]]]},"properties":{"fips":"42061","name":"Huntingdon","state":"Pennsylvania"}},
{"type":"Feature","geometry":{"type":"Polygon","coordinates":[[[-95.4235,29.5799],[-95.8255,29.7887],[-96.0336,29.7277],[-96.0875,29.6014],[-96.0588,29.4734],[-95.847,29.2629],[-95.6532,29.2913],[-95.4235,29.5799]]]},"properties":{"fips":"48157","name":"Fort Bend","state":"Texas"}},
{"type":"Feature","geometry":{"type":"Polygon","coordinates":[[[-119.6548,44.3068],[-119.8989,44.3068],[-120.0209,44.4391],[-120.387,44.4365],[-120.387,44.5636],[-120.8285,44.5628],[-121.1085,44.391],[-121.1013,44.1384],[-120.9864,43.9606],[-120.7495,43.8712],[-120.3798,43.8721],[-120.2578,43.6986],[-119.8989,43.6986],[-119.6584,43.9589],[-119.6548,44.3068]]]},"properties":{"fips":"41013","name":"Crook","state":"Oregon"}},
{"type":"Feature","geometry":{"type":"Polygon","coordinates":[[[-77.2078,36.2462],[-77.2904,36.1681],[-77.3262,36.071],[-77.2006,35.943],[-76.7591,35.8648],[-76.6909,35.9447],[-76.7197,36.2437],[-77.2078,36.2462]]]},"properties":{"fips":"37015","name":"Bertie","state":"North Carolina"}},
{"type":"Feature","geometry":{"type":"Polygon","coordinates":[[[-90.3123,44.2484],[-90.3123,44.1556],[-90.3123,43.7312],[-90.3123,43.641],[-89.7847,43.641],[-89.9606,43.8644],[-90.0252,44.0894],[-89.9031,44.2492],[-90.3123,44.2484]]]},"properties":{"fips":"55057","name":"Juneau","state":"Wisconsin"}},
{"type":"Feature","geometry":{"type":"Polygon","coordinates":[[[-96.9705,34.0711],[-96.9346,33.9543],[-96.7048,33.8348],[-96.59,33.895],[-96.5864,34.114],[-96.9346,34.1725],[-96.9705,34.0711]]]},"properties":{"fips":"40095","name":"Marshall","state":"Oklahoma"}},
{"type":"Feature","geometry":{"type":"Polygon","coordinates":[[[-97.071,30.9862],[-97.315,30.7525],[-97.1535,30.457],[-96.9633,30.5575],[-96.6223,30.7311],[-96.8305,31.1056],[-97.071,30.9862]]]},"properties":{"fips":"48331","name":"Milam","state":"Texas"}},
{"type":"Feature","geometry":{"type":"Polygon","coordinates":[[[-85.8221,44.1642],[-85.5637,44.165],[-85.334,44.165],[-85.334,44.5121],[-85.8185,44.513],[-85.8221,44.1642]]]},"properties":{"fips":"26165","name":"Wexford","state":"Michigan"}},
{"type":"Feature","geometry":{"type":"Polygon","coordinates":[[[-80.2946,35.5031],[-80.1833,35.504],[-80.4597,35.7428],[-80.7074,35.8528],[-80.7361,35.5057],[-80.2946,35.5031]]]},"properties":{"fips":"37159","name":"Rowan","state":"North Carolina"}},
{"type":"Feature","geometry":{"type":"Polygon","coordinates":[[[-84.7238,38.1954],[-84.8638,38.1173],[-84.7956,37.9704],[-84.7094,37.8621],[-84.6592,38.0039],[-84.6269,38.1164],[-84.7238,38.1954]]]},"properties":{"fips":"21239","name":"Woodford","state":"Kentucky"}},
{"type":"Feature","geometry":{"type":"Polygon","coordinates":[[[-99.4578,36.9996],[-99.5404,36.9996],[-100.0034,37.0013],[-100.0034,36.5933],[-99.605,36.5924],[-99.2963,36.595],[-99.2963,36.8192],[-99.4578,36.9996]]]},"properties":{"fips":"40059","name":"Harper","state":"Oklahoma"}},
{"type":"Feature","geometry":{"type":"Polygon","coordinates":[[[-88.8874,43.9829],[-88.8874,43.8953],[-88.4028,43.9382],[-88.4028,44.2441],[-88.7402,44.2432],[-88.8874,44.2424],[-88.8874,43.9829]]]},"properties":{"fips":"55139","name":"Winnebago","state":"Wisconsin"}},
{"type":"Feature","geometry":{"type":"Polygon","coordinates":[[[-87.2578,37.0726],[-87.3332,37.1568],[-87.6814,37.1491],[-87.7316,37.0022],[-87.6957,36.6371],[-87.6419,36.638],[-87.3368,36.6414],[-87.2578,37.0726]]]},"properties":{"fips":"21047","name":"Christian","state":"Kentucky"}},
{"type":"Feature","geometry":{"type":"Polygon","coordinates":[[[-79.5337,36.2411],[-79.5408,35.9],[-79.5408,35.8433],[-79.2501,35.8768],[-79.2573,36.2437],[-79.5301,36.2497],[-79.5337,36.2411]]]},"properties":{"fips":"37001","name":"Alamance","state":"North Carolina"}},
{"type":"Feature","geometry":{"type":"Polygon","coordinates":[[[-83.7224,37.7161],[-84.0023,37.8372],[-84.0813,37.8527],[-84.0921,37.5666],[-83.9054,37.5425],[-83.7224,37.7161]]]},"properties":{"fips":"21065","name":"Estill","state":"Kentucky"}},
{"type":"Feature","geometry":{"type":"Polygon","coordinates":[[[-78.9737,40.3963],[-79.3937,40.4573],[-79.4511,40.5304],[-79.6916,40.6695],[-79.8711,40.197],[-79.8782,40.1266],[-79.4834,40.1438],[-79.2932,40.0407],[-79.0563,40.2847],[-78.9737,40.3963]]]},"properties":{"fips":"42129","name":"Westmoreland","state":"Pennsylvania"}},
{"type":"Feature","geometry":{"type":"Polygon","coordinates":[[[-92.9361,39.0648],[-92.8499,39.2263],[-93.1048,39.3835],[-93.4781,39.2925],[-93.496,38.9428],[-93.0509,38.9282],[-92.9361,39.0648]]]},"properties":{"fips":"29195","name":"Saline","state":"Missouri"}},
{"type":"Feature","geometry":{"type":"Polygon","coordinates":[[[-97.4945,45.1512],[-97.2253,45.1521],[-97.2253,45.2973],[-97.2289,45.5584],[-97.979,45.5885],[-97.9826,45.2406],[-97.9826,45.153],[-97.4945,45.1512]]]},"properties":{"fips":"46037","name":"Day","state":"South Dakota"}},
{"type":"Feature","geometry":{"type":"Polygon","coordinates":[[[-98.4062,29.1143],[-98.1334,29.4416],[-98.3093,29.5945],[-98.4169,29.7466],[-98.6467,29.7449],[-98.7795,29.72],[-98.8082,29.6907],[-98.8046,29.2509],[-98.4062,29.1143]]]},"properties":{"fips":"48029","name":"Bexar","state":"Texas"}},
{"type":"Feature","geometry":{"type":"Polygon","coordinates":[[[-79.8459,37.3097],[-79.8459,37.2256],[-79.5947,37.0426],[-79.4439,37.0555],[-79.2573,37.3561],[-79.1855,37.4661],[-79.4368,37.6173],[-79.4978,37.5331],[-79.6916,37.4764],[-79.8459,37.3097]]]},"properties":{"fips":"51019","name":"Bedford","state":"Virginia"}},
{"type":"Feature","geometry":{"type":"Polygon","coordinates":[[[-83.8659,39.2469],[-83.9916,39.2547],[-84.0526,38.771],[-83.9054,38.7684],[-83.7044,38.6396],[-83.6721,39.0201],[-83.8731,39.021],[-83.8659,39.2469]]]},"properties":{"fips":"39015","name":"Brown","state":"Ohio"}},
{"type":"Feature","geometry":{"type":"Polygon","coordinates":[[[-118.517,44.9958],[-118.5457,45.1968],[-118.6965,45.3454],[-118.115,45.4708],[-118.1186,45.689],[-117.9714,45.8608],[-117.9786,46.0009],[-117.9965,46.0009],[-118.9872,46],[-119.4323,45.9184],[-119.4358,45.6031],[-119.1451,45.5155],[-119.1631,44.9966],[-118.517,44.9958]]]},"properties":{"fips":"41059","name":"Umatilla","state":"Oregon"}},
{"type":"Feature","geometry":{"type":"Polygon","coordinates":[[[-84.7022,36.3708],[-84.9068,36.156],[-84.6807,35.9086],[-84.3433,36.0486],[-84.4402,36.1638],[-84.7022,36.3708]]]},"properties":{"fips":"47129","name":"Morgan","state":"Tennessee"}},
{"type":"Feature","geometry":{"type":"Polygon","coordinates":[[[-80.0756,37.4223],[-80.2623,37.3415],[-80.1797,37.113],[-80.1295,37.1233],[-79.8459,37.2256],[-79.8459,37.3097],[-80.0756,37.4223]],[[-80.0218,37.308],[-79.8854,37.3097],[-79.9536,37.2118],[-80.0326,37.2625],[-80.0756,37.2573],[-80.1187,37.2874],[-80.0218,37.308]]]},"properties":{"fips":"51161","name":"Roanoke","state":"Virginia"}},
{"type":"Feature","geometry":{"type":"Polygon","coordinates":[[[-77.4483,38.2848],[-77.4662,38.3183],[-77.5308,38.3088],[-77.4483,38.2848]]]},"properties":{"fips":"51630","name":"Fredericksburg","state":"Virginia"}},
{"type":"Feature","geometry":{"type":"Polygon","coordinates":[[[-117.0418,47.3659],[-117.0418,47.9775],[-117.0418,48.0454],[-117.4366,48.0471],[-117.8207,47.8255],[-117.8243,47.2602],[-117.0418,47.2594],[-117.0418,47.3659]]]},"properties":{"fips":"53063","name":"Spokane","state":"Washington"}},
{"type":"Feature","geometry":{"type":"Polygon","coordinates":[[[-81.0089,39.3509],[-81.1201,39.4574],[-81.3714,39.3423],[-81.2386,39.2684],[-81.0089,39.3509]]]},"properties":{"fips":"54073","name":"Pleasants","state":"West Virginia"}},
{"type":"Feature","geometry":{"type":"Polygon","coordinates":[[[-66.8922,18.3675],[-66.824,18.3434],[-66.8383,18.4877],[-66.9029,18.4843],[-66.8993,18.3658],[-66.8922,18.3675]]]},"properties":{"fips":"72027","name":"Camuy","state":"Puerto Rico"}},
{"type":"Feature","geometry":{"type":"Polygon","coordinates":[[[-100.0034,36.4997],[-100.0034,36.5933],[-100.0034,37.0013],[-100.0896,37.0022],[-100.6315,36.9996],[-100.9438,36.9979],[-100.9546,36.4997],[-100.5454,36.4997],[-100.0034,36.4997]]]},"properties":{"fips":"40007","name":"Beaver","state":"Oklahoma"}},
{"type":"Feature","geometry":{"type":"Polygon","coordinates":[[[-83.4711,36.5976],[-83.6757,36.601],[-83.9305,36.5873],[-83.988,36.5899],[-83.9054,36.4198],[-83.6685,36.3442],[-83.3886,36.4129],[-83.4711,36.5976]]]},"properties":{"fips":"47025","name":"Claiborne","state":"Tennessee"}},
{"type":"Feature","geometry":{"type":"Polygon","coordinates":[[[-109.9996,36.9979],[-109.9996,35.6629],[-109.8453,35.5177],[-109.8596,33.7773],[-109.8919,33.5677],[-109.7483,33.4852],[-109.4971,33.6527],[-109.3463,33.7773],[-109.0484,33.7781],[-109.0448,34.5797],[-109.0448,34.9602],[-109.0448,36.0031],[-109.0448,36.9988],[-109.9996,36.9979]]]},"properties":{"fips":"04001","name":"Apache","state":"Arizona"}},
{"type":"Feature","geometry":{"type":"Polygon","coordinates":[[[-84.8602,32.8727],[-85.1868,32.8701],[-85.1294,32.7516],[-85.0827,32.6081],[-84.6951,32.5841],[-84.7022,32.8444],[-84.8602,32.8727]]]},"properties":{"fips":"13145","name":"Harris","state":"Georgia"}},
{"type":"Feature","geometry":{"type":"Polygon","coordinates":[[[-85.115,30.2002],[-85.0253,29.9717],[-84.5443,30.0112],[-84.713,30.2998],[-84.6448,30.3883],[-84.932,30.6065],[-85.115,30.2002]]]},"properties":{"fips":"12077","name":"Liberty","state":"Florida"}},
{"type":"Feature","geometry":{"type":"Polygon","coordinates":[[[-89.3432,30.6477],[-89.5442,30.6486],[-89.6914,30.4596],[-89.5263,30.1804],[-89.3396,30.3728],[-89.3432,30.6477]]]},"properties":{"fips":"28045","name":"Hancock","state":"Mississippi"}},
{"type":"Feature","geometry":{"type":"Polygon","coordinates":[[[-81.0017,41.502],[-80.5207,41.5002],[-80.5207,41.8499],[-80.5207,41.9779],[-81.0017,41.855],[-81.0053,41.715],[-81.0017,41.502]]]},"properties":{"fips":"39007","name":"Ashtabula","state":"Ohio"}},
{"type":"Feature","geometry":{"type":"Polygon","coordinates":[[[-122.939,39.7984],[-122.8852,39.5802],[-122.738,39.3835],[-121.8909,39.3835],[-122.0453,39.7976],[-122.939,39.7984]]]},"properties":{"fips":"06021","name":"Glenn","state":"California"}},
{"type":"Feature","geometry":{"type":"Polygon","coordinates":[[[-95.4306,36.5976],[-95.3266,36.51],[-95.0071,36.51],[-94.9999,36.6706],[-95.0071,36.9996],[-95.0717,36.9996],[-95.4091,36.9996],[-95.4306,36.5976]]]},"properties":{"fips":"40035","name":"Craig","state":"Oklahoma"}},
{"type":"Feature","geometry":{"type":"Polygon","coordinates":[[[-88.7115,37.3372],[-88.7079,37.5992],[-89.0417,37.5967],[-89.0453,37.3295],[-88.9304,37.3029],[-88.7115,37.3372]]]},"properties":{"fips":"17087","name":"Johnson","state":"Illinois"}},
{"type":"Feature","geometry":{"type":"Polygon","coordinates":[[[-90.9656,38.5476],[-90.7323,38.6396],[-90.5384,38.6868],[-90.3303,38.8861],[-90.1185,38.8054],[-90.2764,38.9231],[-90.4523,38.9677],[-90.6641,38.9342],[-90.9584,38.8707],[-90.9656,38.5476]]]},"properties":{"fips":"29183","name":"St. Charles","state":"Missouri"}},
{"type":"Feature","geometry":{"type":"Polygon","coordinates":[[[-96.5254,37.4764],[-97.1535,37.4755],[-97.1463,36.9988],[-96.7515,36.9988],[-96.5254,36.9988],[-96.5254,37.3029],[-96.5254,37.4764]]]},"properties":{"fips":"20035","name":"Cowley","state":"Kansas"}},
{"type":"Feature","geometry":{"type":"Polygon","coordinates":[[[-91.2635,33.005],[-91.4358,33.0059],[-91.6368,32.6674],[-91.4465,32.5823],[-91.2635,33.005]]]},"properties":{"fips":"22123","name":"West Carroll","state":"Louisiana"}},
{"type":"Feature","geometry":{"type":"Polygon","coordinates":[[[-99.9173,46.6331],[-100.0824,46.6331],[-100.6602,46.6348],[-100.5885,46.4278],[-100.6136,46.0722],[-100.5131,45.9433],[-100.4987,45.9433],[-99.8814,45.9416],[-99.8778,46.2826],[-99.9173,46.6331]]]},"properties":{"fips":"38029","name":"Emmons","state":"North Dakota"}},
{"type":"Feature","geometry":{"type":"Polygon","coordinates":[[[-91.1163,36.8235],[-91.1271,36.4979],[-90.7861,36.4988],[-90.5779,36.4988],[-90.6641,36.8115],[-91.1163,36.8235]]]},"properties":{"fips":"29181","name":"Ripley","state":"Missouri"}},
{"type":"Feature","geometry":{"type":"Polygon","coordinates":[[[-121.5822,36.8991],[-122.1529,37.2857],[-122.2929,37.107],[-122.1063,36.9558],[-121.812,36.851],[-121.6433,36.894],[-121.5822,36.8991]]]},"properties":{"fips":"06087","name":"Santa Cruz","state":"California"}},
{"type":"Feature","geometry":{"type":"Polygon","coordinates":[[[-123.4092,41.1798],[-123.4738,41.3662],[-123.6604,41.3817],[-124.066,41.465],[-124.1773,40.8439],[-124.4106,40.4384],[-124.3639,40.2606],[-124.023,40.0012],[-123.5456,40.002],[-123.5743,40.8568],[-123.4092,41.0192],[-123.4092,41.1798]]]},"properties":{"fips":"06023","name":"Humboldt","state":"California"}},
{"type":"Feature","geometry":{"type":"Polygon","coordinates":[[[-99.0056,45.9399],[-99.7199,45.9407],[-99.7163,45.5937],[-99.7091,45.5937],[-98.7256,45.5911],[-98.7256,45.939],[-99.0056,45.9399]]]},"properties":{"fips":"46089","name":"McPherson","state":"South Dakota"}},
{"type":"Feature","geometry":{"type":"Polygon","coordinates":[[[-117.0418,47.2594],[-117.8243,47.2602],[-117.9606,47.2602],[-117.9714,46.8676],[-118.2119,46.7388],[-118.2155,46.5893],[-117.853,46.6245],[-117.4653,46.6993],[-117.2284,46.4622],[-117.0382,46.4261],[-117.0382,46.5421],[-117.0382,47.1271],[-117.0418,47.2594]]]},"properties":{"fips":"53075","name":"Whitman","state":"Washington"}},
{"type":"Feature","geometry":{"type":"Polygon","coordinates":[[[-118.8508,47.9578],[-118.3411,47.8942],[-118.1401,48.2696],[-118.2011,48.4054],[-118.1042,48.6519],[-118.1975,49.0007],[-118.8364,49.0007],[-118.8508,47.9578]]]},"properties":{"fips":"53019","name":"Ferry","state":"Washington"}},
{"type":"Feature","geometry":{"type":"Polygon","coordinates":[[[-84.4438,31.9673],[-84.5982,31.92],[-84.5479,31.6211],[-84.451,31.6219],[-84.2967,31.6219],[-84.3397,31.8736],[-84.4438,31.9673]]]},"properties":{"fips":"13273","name":"Terrell","state":"Georgia"}},
{"type":"Feature","geometry":{"type":"Polygon","coordinates":[[[-83.2773,33.8477],[-83.2809,33.7618],[-82.9973,33.694],[-82.9507,33.7335],[-82.7784,33.9714],[-82.9758,34.0436],[-83.2594,33.9989],[-83.2773,33.8477]]]},"properties":{"fips":"13221","name":"Oglethorpe","state":"Georgia"}},
{"type":"Feature","geometry":{"type":"Polygon","coordinates":[[[-108.6213,45],[-108.248,44.9992],[-108.1296,45.2165],[-108.6895,45.2174],[-108.6464,45.4639],[-108.8438,45.6108],[-109.192,45.4648],[-109.4791,45.421],[-109.7986,45.1676],[-109.7986,45.0018],[-108.6213,45]]]},"properties":{"fips":"30009","name":"Carbon","state":"Montana"}},
{"type":"Feature","geometry":{"type":"Polygon","coordinates":[[[-104.0521,41.3929],[-104.0521,41.5647],[-104.6515,41.5647],[-104.6551,41.6531],[-105.2797,41.6566],[-105.2761,40.9985],[-104.9423,40.9977],[-104.0521,41.0011],[-104.0521,41.3929]]]},"properties":{"fips":"56021","name":"Laramie","state":"Wyoming"}},
{"type":"Feature","geometry":{"type":"Polygon","coordinates":[[[-85.6857,39.131],[-85.6857,39.35],[-85.9513,39.3474],[-86.0841,39.344],[-86.0805,39.0502],[-85.8006,39.0682],[-85.6857,39.131]]]},"properties":{"fips":"18005","name":"Bartholomew","state":"Indiana"}},
{"type":"Feature","geometry":{"type":"Polygon","coordinates":[[[-84.5587,38.4927],[-84.4761,38.5425],[-84.5336,38.7916],[-84.6161,38.8019],[-84.6592,38.777],[-84.7848,38.7203],[-84.5802,38.4729],[-84.5587,38.4927]]]},"properties":{"fips":"21081","name":"Grant","state":"Kentucky"}},
{"type":"Feature","geometry":{"type":"Polygon","coordinates":[[[-82.843,41.2898],[-82.3441,41.2838],[-82.3477,41.4281],[-82.6958,41.4942],[-82.9507,41.4581],[-82.843,41.2898]]]},"properties":{"fips":"39043","name":"Erie","state":"Ohio"}},
{"type":"Feature","geometry":{"type":"Polygon","coordinates":[[[-84.7094,37.8621],[-84.7956,37.9704],[-85.0289,37.8913],[-85.0253,37.6791],[-84.7453,37.7135],[-84.7166,37.8157],[-84.7094,37.8621]]]},"properties":{"fips":"21167","name":"Mercer","state":"Kentucky"}},
{"type":"Feature","geometry":{"type":"Polygon","coordinates":[[[-96.791,46.6331],[-96.7838,46.6297],[-96.2813,46.6305],[-96.1736,46.7182],[-96.1952,47.1511],[-96.8305,47.1503],[-96.791,46.6331]]]},"properties":{"fips":"27027","name":"Clay","state":"Minnesota"}},
{"type":"Feature","geometry":{"type":"Polygon","coordinates":[[[-83.769,37.918],[-83.7583,37.9987],[-83.9772,38.192],[-84.0813,38.1155],[-83.9664,37.9308],[-83.769,37.918]]]},"properties":{"fips":"21173","name":"Montgomery","state":"Kentucky"}},
{"type":"Feature","geometry":{"type":"Polygon","coordinates":[[[-80.0685,35.5057],[-80.1833,35.504],[-80.0505,35.3717],[-80.0756,35.1432],[-79.6126,35.1638],[-79.767,35.5117],[-80.0685,35.5057]]]},"properties":{"fips":"37123","name":"Montgomery","state":"North Carolina"}},
{"type":"Feature","geometry":{"type":"Polygon","coordinates":[[[-93.5211,44.8042],[-93.3309,44.7913],[-93.1802,44.8884],[-93.2268,45.0353],[-93.514,45.2457],[-93.5211,45.2466],[-93.7688,44.9777],[-93.5211,44.8042]]]},"properties":{"fips":"27053","name":"Hennepin","state":"Minnesota"}},
{"type":"Feature","geometry":{"type":"Polygon","coordinates":[[[-87.4947,37.6474],[-87.7352,37.6388],[-87.9326,37.4798],[-87.7998,37.3793],[-87.8142,37.351],[-87.3763,37.57],[-87.4947,37.6474]]]},"properties":{"fips":"21233","name":"Webster","state":"Kentucky"}},
{"type":"Feature","geometry":{"type":"Polygon","coordinates":[[[-86.5256,41.4332],[-86.5256,41.7597],[-86.8235,41.7605],[-86.9312,41.7107],[-86.9312,41.2365],[-86.5256,41.4332]]]},"properties":{"fips":"18091","name":"LaPorte","state":"Indiana"}},
{"type":"Feature","geometry":{"type":"Polygon","coordinates":[[[-95.0897,37.6748],[-94.6195,37.6731],[-94.6123,38.0374],[-95.0789,38.0374],[-95.0897,37.7324],[-95.0897,37.6748]]]},"properties":{"fips":"20011","name":"Bourbon","state":"Kansas"}},
{"type":"Feature","geometry":{"type":"Polygon","coordinates":[[[-80.5494,35.2085],[-80.8402,35.0015],[-80.7971,34.8202],[-80.5602,34.8176],[-80.3197,34.8142],[-80.2766,35.1956],[-80.5064,35.1853],[-80.5494,35.2085]]]},"properties":{"fips":"37179","name":"Union","state":"North Carolina"}},
{"type":"Feature","geometry":{"type":"Polygon","coordinates":[[[-75.8654,36.5503],[-75.9946,36.9223],[-76.1849,36.9309],[-76.2243,36.8398],[-76.0808,36.7127],[-76.1238,36.5503],[-75.8654,36.5503]]]},"properties":{"fips":"51810","name":"Virginia Beach","state":"Virginia"}},
{"type":"Feature","geometry":{"type":"Polygon","coordinates":[[[-87.7675,44.3274],[-87.7639,44.6444],[-87.99,44.6779],[-88.2413,44.6796],[-88.2449,44.5851],[-88.191,44.2424],[-88.0439,44.2406],[-87.7675,44.3274]]]},"properties":{"fips":"55009","name":"Brown","state":"Wisconsin"}},
{"type":"Feature","geometry":{"type":"Polygon","coordinates":[[[-105.3299,38.6971],[-105.9688,38.6937],[-106.0119,38.4463],[-105.7965,38.265],[-105.05,38.2581],[-104.9423,38.5193],[-104.9423,38.6499],[-105.3299,38.6971]]]},"properties":{"fips":"08043","name":"Fremont","state":"Colorado"}},
{"type":"Feature","geometry":{"type":"Polygon","coordinates":[[[-88.9448,31.4338],[-88.9448,31.8246],[-89.3181,31.8023],[-89.4006,31.7972],[-89.4006,31.4338],[-89.1458,31.4338],[-88.9448,31.4338]]]},"properties":{"fips":"28067","name":"Jones","state":"Mississippi"}},
{"type":"Feature","geometry":{"type":"Polygon","coordinates":[[[-98.277,40.35],[-98.7256,40.3508],[-98.7256,40.002],[-98.5031,40.002],[-98.2734,40.0029],[-98.2734,40.35],[-98.277,40.35]]]},"properties":{"fips":"31181","name":"Webster","state":"Nebraska"}},
{"type":"Feature","geometry":{"type":"Polygon","coordinates":[[[-76.3141,36.5503],[-76.4899,36.5503],[-76.5402,36.5503],[-76.4899,36.5108],[-76.1849,36.2926],[-75.9587,36.2557],[-76.3141,36.5503]]]},"properties":{"fips":"37029","name":"Camden","state":"North Carolina"}},
{"type":"Feature","geometry":{"type":"Polygon","coordinates":[[[-97.6165,32.3186],[-97.6165,32.2035],[-97.4765,32.1734],[-97.0853,32.2653],[-97.0853,32.5497],[-97.5519,32.5557],[-97.6165,32.5557],[-97.6165,32.3186]]]},"properties":{"fips":"48251","name":"Johnson","state":"Texas"}},
{"type":"Feature","geometry":{"type":"Polygon","coordinates":[[[-109.052,39.3663],[-109.0592,38.5004],[-108.3808,38.5004],[-108.3772,38.6679],[-108.3772,38.8294],[-108.1403,38.9067],[-107.9824,39.0596],[-107.7671,39.0433],[-107.5014,39.2177],[-107.3938,39.2564],[-107.4297,39.3663],[-109.052,39.3663]]]},"properties":{"fips":"08077","name":"Mesa","state":"Colorado"}},
{"type":"Feature","geometry":{"type":"Polygon","coordinates":[[[-111.6578,46.9132],[-111.5394,47.0008],[-110.9113,46.9802],[-110.6528,46.8238],[-110.6457,47.0962],[-110.7677,47.359],[-110.6385,47.4166],[-111.4102,47.6984],[-112.0491,47.5162],[-112.0455,47.1932],[-111.7906,47.1288],[-111.6578,46.9132]]]},"properties":{"fips":"30013","name":"Cascade","state":"Montana"}},
{"type":"Feature","geometry":{"type":"Polygon","coordinates":[[[-96.5218,38.0863],[-96.8412,38.0855],[-97.1535,38.0881],[-97.1535,37.9128],[-97.1535,37.4755],[-96.5254,37.4764],[-96.5254,37.607],[-96.5218,38.0863]]]},"properties":{"fips":"20015","name":"Butler","state":"Kansas"}},
{"type":"Feature","geometry":{"type":"Polygon","coordinates":[[[-103.0328,46.9802],[-102.1462,47.0102],[-102.2036,47.5746],[-102.3867,47.7576],[-102.6415,47.8238],[-102.6415,47.6743],[-103.101,47.6743],[-103.101,47.329],[-103.0328,46.9802]]]},"properties":{"fips":"38025","name":"Dunn","state":"North Dakota"}},
{"type":"Feature","geometry":{"type":"Polygon","coordinates":[[[-111.6399,40.7992],[-111.7404,40.8611],[-112.0096,40.9212],[-112.2608,40.7692],[-112.1711,40.4668],[-111.9809,40.4144],[-111.5932,40.5767],[-111.5538,40.6094],[-111.6399,40.7992]]]},"properties":{"fips":"49035","name":"Salt Lake","state":"Utah"}},
{"type":"Feature","geometry":{"type":"Polygon","coordinates":[[[-97.3976,32.9913],[-97.0315,32.9895],[-96.8448,32.9878],[-96.8341,33.4053],[-96.9453,33.4165],[-97.3832,33.4302],[-97.3976,32.9913]]]},"properties":{"fips":"48121","name":"Denton","state":"Texas"}},
{"type":"Feature","geometry":{"type":"Polygon","coordinates":[[[-98.7938,43.4993],[-99.2963,43.5001],[-99.2963,43.4993],[-98.8548,43.1548],[-98.4995,42.9984],[-98.3093,42.8825],[-98.1513,42.8387],[-98.076,43.1685],[-98.1083,43.1969],[-98.679,43.373],[-98.7041,43.4993],[-98.7938,43.4993]]]},"properties":{"fips":"46023","name":"Charles Mix","state":"South Dakota"}},
{"type":"Feature","geometry":{"type":"Polygon","coordinates":[[[-78.8266,37.5529],[-78.6435,37.7333],[-78.8373,38.0477],[-79.006,37.8819],[-79.1568,37.8913],[-79.1711,37.8028],[-78.8696,37.5417],[-78.8266,37.5529]]]},"properties":{"fips":"51125","name":"Nelson","state":"Virginia"}},
{"type":"Feature","geometry":{"type":"Polygon","coordinates":[[[-66.3322,18.0161],[-66.2569,18.0763],[-66.3143,18.1519],[-66.3753,18.1733],[-66.4435,18.1768],[-66.4292,18.0823],[-66.4256,18.0428],[-66.3322,18.0161]]]},"properties":{"fips":"72043","name":"Coamo","state":"Puerto Rico"}},
{"type":"Feature","geometry":{"type":"Polygon","coordinates":[[[-99.2676,47.3272],[-99.2676,47.5875],[-99.2963,47.847],[-99.8132,47.847],[-100.068,47.847],[-100.0321,47.3272],[-99.4794,47.3272],[-99.2676,47.3272]]]},"properties":{"fips":"38103","name":"Wells","state":"North Dakota"}},
{"type":"Feature","geometry":{"type":"Polygon","coordinates":[[[-66.3035,18.3838],[-66.2533,18.3941],[-66.1994,18.4663],[-66.3143,18.4749],[-66.3035,18.3838]]]},"properties":{"fips":"72051","name":"Dorado","state":"Puerto Rico"}},
{"type":"Feature","geometry":{"type":"Polygon","coordinates":[[[-89.6375,40.9736],[-89.9857,40.9745],[-89.9857,40.7125],[-89.8708,40.5132],[-89.6591,40.5673],[-89.555,40.7477],[-89.4724,40.9212],[-89.6375,40.9736]]]},"properties":{"fips":"17143","name":"Peoria","state":"Illinois"}},
{"type":"Feature","geometry":{"type":"Polygon","coordinates":[[[-74.986,39.5149],[-74.8783,39.6086],[-75.1404,39.8886],[-75.2122,39.8654],[-75.4167,39.8019],[-75.4132,39.7941],[-75.0614,39.5691],[-74.986,39.5149]]]},"properties":{"fips":"34015","name":"Gloucester","state":"New Jersey"}},
{"type":"Feature","geometry":{"type":"Polygon","coordinates":[[[-93.5104,45.415],[-93.514,45.2457],[-93.2268,45.0353],[-93.0222,45.1238],[-93.0186,45.2973],[-93.0186,45.4115],[-93.5104,45.415]]]},"properties":{"fips":"27003","name":"Anoka","state":"Minnesota"}},
{"type":"Feature","geometry":{"type":"Polygon","coordinates":[[[-98.7256,45.939],[-98.7256,45.5911],[-98.722,45.244],[-98.7184,45.244],[-97.9826,45.2406],[-97.979,45.5885],[-97.979,45.9356],[-98.0078,45.9364],[-98.7256,45.939]]]},"properties":{"fips":"46013","name":"Brown","state":"South Dakota"}},
{"type":"Feature","geometry":{"type":"Polygon","coordinates":[[[-98.2088,36.1646],[-98.1047,36.1646],[-98.1047,36.4627],[-98.5354,36.4636],[-98.6251,36.3923],[-98.9589,36.5065],[-98.9553,36.1612],[-98.6359,36.1646],[-98.2088,36.1646]]]},"properties":{"fips":"40093","name":"Major","state":"Oklahoma"}},
{"type":"Feature","geometry":{"type":"Polygon","coordinates":[[[-96.8843,44.8042],[-96.8843,44.5439],[-96.4536,44.5439],[-96.45,44.6315],[-96.45,44.8059],[-96.4536,44.9777],[-96.8807,44.9769],[-96.8843,44.8042]]]},"properties":{"fips":"46039","name":"Deuel","state":"South Dakota"}},
{"type":"Feature","geometry":{"type":"Polygon","coordinates":[[[-135.0277,59.3455],[-135.0277,59.5637],[-135.4764,59.7999],[-135.7169,59.7312],[-135.3759,59.3498],[-135.0277,59.3455]]]},"properties":{"fips":"02230","name":"Skagway","state":"Alaska"}},
{"type":"Feature","geometry":{"type":"Polygon","coordinates":[[[-82.301,36.3966],[-81.9852,36.5082],[-81.8272,36.6139],[-82.1467,36.595],[-82.2436,36.5959],[-82.2938,36.5959],[-82.6097,36.5941],[-82.6815,36.4318],[-82.301,36.3966]]]},"properties":{"fips":"47163","name":"Sullivan","state":"Tennessee"}},
{"type":"Feature","geometry":{"type":"Polygon","coordinates":[[[-71.3178,41.776],[-71.3608,41.7562],[-71.2244,41.7107],[-71.3178,41.776]]]},"properties":{"fips":"44001","name":"Bristol","state":"Rhode Island"}},
{"type":"Feature","geometry":{"type":"Polygon","coordinates":[[[-84.1674,35.8055],[-83.7942,35.8871],[-83.6721,36.0383],[-83.6685,36.0804],[-83.7331,36.1646],[-83.9413,36.1861],[-84.2715,35.9103],[-84.2644,35.8966],[-84.1674,35.8055]]]},"properties":{"fips":"47093","name":"Knox","state":"Tennessee"}},
{"type":"Feature","geometry":{"type":"Polygon","coordinates":[[[-106.3206,40.9994],[-106.3242,41.3954],[-106.0693,41.3954],[-106.0729,42.4332],[-106.0765,42.4332],[-107.523,42.434],[-107.523,42.2614],[-107.5086,41.6574],[-107.9286,41.654],[-107.9178,41.002],[-107.3184,41.0028],[-106.859,41.0028],[-106.3206,40.9994]]]},"properties":{"fips":"56007","name":"Carbon","state":"Wyoming"}},
{"type":"Feature","geometry":{"type":"Polygon","coordinates":[[[-76.5366,40.5553],[-76.7017,40.6584],[-76.9494,40.6283],[-76.9135,40.3285],[-76.8596,40.2263],[-76.7232,40.1197],[-76.5653,40.197],[-76.6766,40.4745],[-76.5366,40.5553]]]},"properties":{"fips":"42043","name":"Dauphin","state":"Pennsylvania"}},
{"type":"Feature","geometry":{"type":"Polygon","coordinates":[[[-80.0075,37.7607],[-79.968,37.8037],[-79.9859,37.814],[-80.0075,37.7607]]]},"properties":{"fips":"51580","name":"Covington","state":"Virginia"}},
{"type":"Feature","geometry":{"type":"Polygon","coordinates":[[[-90.4308,43.2012],[-90.4272,42.8129],[-89.8385,42.8137],[-89.8385,42.8576],[-89.8385,43.2063],[-90.1939,43.1642],[-90.4308,43.2012]]]},"properties":{"fips":"55049","name":"Iowa","state":"Wisconsin"}},
{"type":"Feature","geometry":{"type":"Polygon","coordinates":[[[-85.4237,35.5676],[-85.255,35.766],[-85.2694,35.7935],[-85.6032,35.7952],[-85.5565,35.5332],[-85.4237,35.5676]]]},"properties":{"fips":"47175","name":"Van Buren","state":"Tennessee"}},
{"type":"Feature","geometry":{"type":"Polygon","coordinates":[[[-99.4112,29.6272],[-99.002,29.6229],[-98.8082,29.6907],[-98.7795,29.72],[-98.9194,29.7818],[-99.1779,29.8952],[-99.6014,29.9081],[-99.6014,29.6272],[-99.4112,29.6272]]]},"properties":{"fips":"48019","name":"Bandera","state":"Texas"}},
{"type":"Feature","geometry":{"type":"Polygon","coordinates":[[[-85.8436,30.7027],[-85.5996,30.8307],[-85.4991,30.9965],[-86.0339,30.9931],[-86.0375,30.7044],[-85.8436,30.7027]]]},"properties":{"fips":"12059","name":"Holmes","state":"Florida"}},
{"type":"Feature","geometry":{"type":"Polygon","coordinates":[[[-120.6526,45.7371],[-120.9146,45.6409],[-120.8249,45.5138],[-121.0223,45.2913],[-120.7244,45.0834],[-120.5055,45.0834],[-120.5557,45.2526],[-120.4085,45.5945],[-120.6526,45.7371]]]},"properties":{"fips":"41055","name":"Sherman","state":"Oregon"}},
{"type":"Feature","geometry":{"type":"Polygon","coordinates":[[[-85.0468,31.5171],[-85.1258,31.7628],[-85.4165,31.6193],[-85.4165,31.3152],[-85.0899,31.3084],[-85.0468,31.5171]]]},"properties":{"fips":"01067","name":"Henry","state":"Alabama"}},
{"type":"Feature","geometry":{"type":"Polygon","coordinates":[[[-92.0675,33.0084],[-92.1393,33.1631],[-92.351,33.2988],[-92.5664,33.3675],[-92.9792,33.377],[-92.9899,33.017],[-92.7243,33.0144],[-92.0675,33.0084]]]},"properties":{"fips":"05139","name":"Union","state":"Arkansas"}},
{"type":"Feature","geometry":{"type":"Polygon","coordinates":[[[-78.543,39.0562],[-78.5071,39.0889],[-78.9809,39.2375],[-79.1353,38.8131],[-79.0563,38.7616],[-78.8696,38.7633],[-78.543,39.0562]]]},"properties":{"fips":"54031","name":"Hardy","state":"West Virginia"}},
{"type":"Feature","geometry":{"type":"Polygon","coordinates":[[[-94.0416,32.1958],[-93.7903,32.3401],[-93.6145,32.2379],[-93.4709,32.237],[-93.6863,32.4071],[-93.7832,32.7121],[-93.8155,33.0196],[-94.0416,33.0196],[-94.0416,32.8813],[-94.0416,32.6932],[-94.0416,32.3925],[-94.0416,32.1958]]]},"properties":{"fips":"22017","name":"Caddo","state":"Louisiana"}},
{"type":"Feature","geometry":{"type":"Polygon","coordinates":[[[-123.2297,42.0036],[-122.2893,42.0079],[-122.2822,42.9967],[-122.677,42.8807],[-122.7954,42.7785],[-123.2297,42.7029],[-123.2297,42.0036]]]},"properties":{"fips":"41029","name":"Jackson","state":"Oregon"}},
{"type":"Feature","geometry":{"type":"Polygon","coordinates":[[[-121.331,41.1841],[-119.9994,41.1841],[-119.9994,41.9942],[-119.9994,41.9951],[-120.8787,41.9942],[-121.4458,41.9968],[-121.4458,41.1832],[-121.331,41.1841]]]},"properties":{"fips":"06049","name":"Modoc","state":"California"}},
{"type":"Feature","geometry":{"type":"Polygon","coordinates":[[[-88.7187,34.7566],[-88.3669,34.7558],[-88.3633,34.9954],[-88.3813,34.9954],[-88.7869,34.9954],[-88.8228,34.9954],[-88.7187,34.7566]]]},"properties":{"fips":"28003","name":"Alcorn","state":"Mississippi"}},
{"type":"Feature","geometry":{"type":"Polygon","coordinates":[[[-103.4061,37.6439],[-103.0758,37.6431],[-102.7492,37.6439],[-102.742,38.2667],[-103.3989,38.265],[-103.4061,37.6439]]]},"properties":{"fips":"08011","name":"Bent","state":"Colorado"}},
{"type":"Feature","geometry":{"type":"Polygon","coordinates":[[[-86.3174,38.9909],[-86.3174,39.0485],[-86.382,39.3397],[-86.6297,39.3466],[-86.6835,39.1662],[-86.6835,38.9926],[-86.3174,38.9909]]]},"properties":{"fips":"18105","name":"Monroe","state":"Indiana"}},
{"type":"Feature","geometry":{"type":"Polygon","coordinates":[[[-85.7396,37.8114],[-85.4883,37.991],[-85.4273,38.1181],[-85.937,37.9987],[-85.7396,37.8114]]]},"properties":{"fips":"21029","name":"Bullitt","state":"Kentucky"}},
{"type":"Feature","geometry":{"type":"Polygon","coordinates":[[[-81.6944,39.8423],[-81.698,39.7555],[-81.5867,39.5871],[-81.2816,39.606],[-81.2386,39.868],[-81.235,39.9514],[-81.6944,39.8423]]]},"properties":{"fips":"39121","name":"Noble","state":"Ohio"}},
{"type":"Feature","geometry":{"type":"Polygon","coordinates":[[[-85.0253,38.1293],[-85.1007,38.0374],[-85.1689,37.9721],[-85.1545,37.8973],[-85.0289,37.8913],[-84.7956,37.9704],[-84.8638,38.1173],[-85.0253,38.1293]]]},"properties":{"fips":"21005","name":"Anderson","state":"Kentucky"}},
{"type":"Feature","geometry":{"type":"Polygon","coordinates":[[[-85.6821,37.7324],[-85.5206,37.5546],[-85.4022,37.7307],[-85.1545,37.8973],[-85.1689,37.9721],[-85.4883,37.991],[-85.7396,37.8114],[-85.6821,37.7324]]]},"properties":{"fips":"21179","name":"Nelson","state":"Kentucky"}},
{"type":"Feature","geometry":{"type":"Polygon","coordinates":[[[-111.421,41.3611],[-111.5107,41.4229],[-111.884,41.4264],[-112.2393,41.3362],[-112.4942,41.0767],[-112.1855,41.1532],[-111.8553,41.1394],[-111.4963,41.2271],[-111.421,41.3611]]]},"properties":{"fips":"49057","name":"Weber","state":"Utah"}},
{"type":"Feature","geometry":{"type":"Polygon","coordinates":[[[-112.5372,37.0005],[-111.3492,37.0013],[-110.9831,37.1139],[-110.6457,37.5408],[-112.1639,37.5365],[-112.6844,37.5434],[-112.8997,37.4996],[-112.8997,37.0005],[-112.5372,37.0005]]]},"properties":{"fips":"49025","name":"Kane","state":"Utah"}},
{"type":"Feature","geometry":{"type":"Polygon","coordinates":[[[-94.0452,33.5514],[-94.0416,33.2979],[-94.0416,33.0196],[-93.8155,33.0196],[-93.8047,33.0196],[-93.8549,33.1356],[-93.6827,33.2902],[-93.7221,33.4818],[-93.8262,33.6098],[-94.0452,33.5522],[-94.0452,33.5514]]]},"properties":{"fips":"05091","name":"Miller","state":"Arkansas"}},
{"type":"Feature","geometry":{"type":"Polygon","coordinates":[[[-80.6176,34.0994],[-80.8258,34.2687],[-81.1776,34.1742],[-81.3175,34.2395],[-81.3391,34.1974],[-81.0555,34.0015],[-81.0125,33.8804],[-80.6212,33.7429],[-80.6176,34.0994]]]},"properties":{"fips":"45079","name":"Richland","state":"South Carolina"}},
{"type":"Feature","geometry":{"type":"Polygon","coordinates":[[[-81.5221,29.622],[-81.5796,29.8402],[-81.8129,29.8368],[-82.0498,29.7191],[-82.0569,29.7182],[-82.0569,29.4708],[-81.8416,29.5206],[-81.6801,29.3248],[-81.4324,29.3987],[-81.5221,29.622]]]},"properties":{"fips":"12107","name":"Putnam","state":"Florida"}},
{"type":"Feature","geometry":{"type":"Polygon","coordinates":[[[-89.1781,37.9506],[-89.5945,37.9549],[-89.6734,37.8028],[-89.5227,37.5709],[-89.153,37.6001],[-89.1494,37.8621],[-89.1781,37.9506]]]},"properties":{"fips":"17077","name":"Jackson","state":"Illinois"}},
{"type":"Feature","geometry":{"type":"Polygon","coordinates":[[[-76.8955,35.254],[-76.6084,35.3373],[-76.4684,35.5555],[-76.6371,35.705],[-76.8489,35.7196],[-77.1755,35.7325],[-77.1899,35.4181],[-76.8955,35.254]]]},"properties":{"fips":"37013","name":"Beaufort","state":"North Carolina"}},
{"type":"Feature","geometry":{"type":"Polygon","coordinates":[[[-76.9709,42.7639],[-77.3119,42.7613],[-77.3657,42.5766],[-77.1073,42.4839],[-76.8955,42.5414],[-76.9709,42.7639]]]},"properties":{"fips":"36123","name":"Yates","state":"New York"}},
{"type":"Feature","geometry":{"type":"Polygon","coordinates":[[[-85.98,36.4258],[-85.8293,36.412],[-85.8149,36.4997],[-85.7898,36.6216],[-85.9764,36.6285],[-86.2062,36.6397],[-86.2277,36.4876],[-85.98,36.4258]]]},"properties":{"fips":"47111","name":"Macon","state":"Tennessee"}},
{"type":"Feature","geometry":{"type":"Polygon","coordinates":[[[-100.1111,29.086],[-100.6674,29.0842],[-100.4987,28.6616],[-100.2116,28.1968],[-100.1147,28.1977],[-100.1147,28.6478],[-100.1111,29.086]]]},"properties":{"fips":"48323","name":"Maverick","state":"Texas"}},
{"type":"Feature","geometry":{"type":"Polygon","coordinates":[[[-96.5649,45.9356],[-96.8341,45.5859],[-96.2526,45.5859],[-96.2526,45.7595],[-96.267,46.0215],[-96.5756,46.0215],[-96.5649,45.9356]]]},"properties":{"fips":"27155","name":"Traverse","state":"Minnesota"}},
{"type":"Feature","geometry":{"type":"Polygon","coordinates":[[[-117.8637,39.0734],[-117.774,39.0932],[-117.7632,39.3526],[-117.4869,39.5459],[-117.4689,39.9221],[-117.5407,40.0012],[-119.2241,39.9995],[-119.1882,39.6507],[-119.12,39.3887],[-118.7539,39.0743],[-117.8637,39.0734]]]},"properties":{"fips":"32001","name":"Churchill","state":"Nevada"}},
{"type":"Feature","geometry":{"type":"Polygon","coordinates":[[[-105.0787,43.4984],[-105.0787,44.1762],[-105.0751,45],[-106.0262,44.994],[-106.0083,44.5636],[-106.0191,43.495],[-105.0787,43.4984]]]},"properties":{"fips":"56005","name":"Campbell","state":"Wyoming"}},
{"type":"Feature","geometry":{"type":"Polygon","coordinates":[[[-121.5212,46.0438],[-121.5212,46.3883],[-122.2427,46.3857],[-122.2463,46.0541],[-122.2499,45.5481],[-121.9232,45.6495],[-121.5248,45.7251],[-121.5212,46.0438]]]},"properties":{"fips":"53059","name":"Skamania","state":"Washington"}},
{"type":"Feature","geometry":{"type":"Polygon","coordinates":[[[-83.6111,32.0282],[-83.6111,31.8539],[-83.4819,31.847],[-83.1768,31.8478],[-83.2055,31.9002],[-83.3383,32.1056],[-83.6075,32.1184],[-83.6111,32.0282]]]},"properties":{"fips":"13315","name":"Wilcox","state":"Georgia"}},
{"type":"Feature","geometry":{"type":"Polygon","coordinates":[[[-65.6216,18.2884],[-65.6682,18.3632],[-65.7544,18.297],[-65.6216,18.2884]]]},"properties":{"fips":"72053","name":"Fajardo","state":"Puerto Rico"}},
{"type":"Feature","geometry":{"type":"Polygon","coordinates":[[[-85.1366,35.4585],[-85.0181,35.4095],[-84.7956,35.553],[-84.7238,35.7531],[-84.7812,35.8253],[-84.9176,35.7617],[-85.1366,35.4585]]]},"properties":{"fips":"47143","name":"Rhea","state":"Tennessee"}},
{"type":"Feature","geometry":{"type":"Polygon","coordinates":[[[-83.5788,37.5065],[-83.5465,37.3347],[-83.123,37.4051],[-82.9471,37.503],[-83.2486,37.6697],[-83.5214,37.6388],[-83.5788,37.5065]]]},"properties":{"fips":"21025","name":"Breathitt","state":"Kentucky"}},
{"type":"Feature","geometry":{"type":"Polygon","coordinates":[[[-94.0595,38.0365],[-94.6123,38.0597],[-94.6123,38.0374],[-94.6195,37.6731],[-94.6159,37.6534],[-94.0739,37.6396],[-94.0667,37.9008],[-94.0595,38.0365]]]},"properties":{"fips":"29217","name":"Vernon","state":"Missouri"}},
{"type":"Feature","geometry":{"type":"Polygon","coordinates":[[[-86.6871,30.9948],[-86.7015,31.1924],[-86.7661,31.2611],[-87.4265,31.2602],[-87.6168,31.2448],[-87.5988,30.9974],[-87.1645,30.9991],[-86.784,30.9974],[-86.6871,30.9948]]]},"properties":{"fips":"01053","name":"Escambia","state":"Alabama"}},
{"type":"Feature","geometry":{"type":"Polygon","coordinates":[[[-81.9528,28.9597],[-81.6585,28.9605],[-81.6406,29.2767],[-81.6801,29.3248],[-81.8416,29.5206],[-82.0569,29.4708],[-82.4051,29.4854],[-82.4015,29.2157],[-82.5343,29.0447],[-82.3118,28.9605],[-81.9528,28.9597]]]},"properties":{"fips":"12083","name":"Marion","state":"Florida"}},
{"type":"Feature","geometry":{"type":"Polygon","coordinates":[[[-117.4797,45.9983],[-116.9162,45.9957],[-117.0382,46.4261],[-117.2284,46.4622],[-117.4187,46.3831],[-117.4797,45.9983]]]},"properties":{"fips":"53003","name":"Asotin","state":"Washington"}},
{"type":"Feature","geometry":{"type":"Polygon","coordinates":[[[-90.6641,36.8115],[-90.5779,36.4988],[-90.219,36.4979],[-90.1472,36.6302],[-90.2585,36.9223],[-90.6784,36.9266],[-90.6641,36.8115]]]},"properties":{"fips":"29023","name":"Butler","state":"Missouri"}},
{"type":"Feature","geometry":{"type":"Polygon","coordinates":[[[-89.4904,37.2513],[-89.4868,37.3347],[-89.5227,37.5666],[-89.8601,37.5992],[-89.8672,37.1259],[-89.7667,37.1259],[-89.4904,37.2513]]]},"properties":{"fips":"29031","name":"Cape Girardeau","state":"Missouri"}},
{"type":"Feature","geometry":{"type":"Polygon","coordinates":[[[-82.7712,36.8003],[-82.8789,36.8931],[-83.4604,36.6646],[-83.6757,36.601],[-83.4711,36.5976],[-82.9866,36.5941],[-82.7712,36.8003]]]},"properties":{"fips":"51105","name":"Lee","state":"Virginia"}},
{"type":"Feature","geometry":{"type":"Polygon","coordinates":[[[-87.1107,34.3142],[-87.1107,34.2996],[-87.1501,33.9929],[-86.9635,33.858],[-86.4538,34.2592],[-86.583,34.3048],[-87.1107,34.3142]]]},"properties":{"fips":"01043","name":"Cullman","state":"Alabama"}},
{"type":"Feature","geometry":{"type":"Polygon","coordinates":[[[-88.0116,39.3792],[-87.9613,39.4814],[-87.9649,39.6859],[-88.471,39.6515],[-88.471,39.4471],[-88.471,39.3749],[-88.0116,39.3792]]]},"properties":{"fips":"17029","name":"Coles","state":"Illinois"}},
{"type":"Feature","geometry":{"type":"Polygon","coordinates":[[[-86.3749,40.4316],[-86.3749,40.5613],[-86.583,40.7357],[-86.7697,40.5621],[-86.6943,40.4324],[-86.3749,40.4316]]]},"properties":{"fips":"18015","name":"Carroll","state":"Indiana"}},
{"type":"Feature","geometry":{"type":"Polygon","coordinates":[[[-89.9103,29.8677],[-90.0072,29.8952],[-90.0682,29.7389],[-89.9031,29.2947],[-89.6411,29.2904],[-89.3432,29.0533],[-89.1494,29.0293],[-89.092,29.1908],[-89.1996,29.348],[-89.5083,29.3858],[-89.6842,29.6246],[-89.5334,29.6701],[-89.9103,29.8677]]]},"properties":{"fips":"22075","name":"Plaquemines","state":"Louisiana"}},
{"type":"Feature","geometry":{"type":"Polygon","coordinates":[[[-100.8469,42.0878],[-101.4248,42.0921],[-101.4248,41.7434],[-101.4068,41.7434],[-100.8433,41.7408],[-100.8469,42.0878]]]},"properties":{"fips":"31091","name":"Hooker","state":"Nebraska"}},
{"type":"Feature","geometry":{"type":"Polygon","coordinates":[[[-100.9366,46.9828],[-100.6602,46.6348],[-100.0824,46.6331],[-100.1147,47.3272],[-100.6746,47.3272],[-100.75,47.1571],[-100.9653,47.1563],[-100.9366,46.9828]]]},"properties":{"fips":"38015","name":"Burleigh","state":"North Dakota"}},
{"type":"Feature","geometry":{"type":"Polygon","coordinates":[[[-80.6643,37.7315],[-80.8581,37.4283],[-80.4741,37.424],[-80.2192,37.6276],[-80.2946,37.692],[-80.6643,37.7315]]]},"properties":{"fips":"54063","name":"Monroe","state":"West Virginia"}},
{"type":"Feature","geometry":{"type":"Polygon","coordinates":[[[-87.1824,36.0495],[-87.0532,36.0452],[-86.9133,36.3828],[-87.1214,36.4558],[-87.2865,36.3218],[-87.1537,36.3055],[-87.1824,36.0495]]]},"properties":{"fips":"47021","name":"Cheatham","state":"Tennessee"}},
{"type":"Feature","geometry":{"type":"Polygon","coordinates":[[[-76.1167,41.6514],[-76.1454,41.9985],[-76.5581,42.0002],[-76.9278,42.0019],[-76.874,41.5973],[-76.813,41.5904],[-76.2207,41.5415],[-76.1167,41.6514]]]},"properties":{"fips":"42015","name":"Bradford","state":"Pennsylvania"}},
{"type":"Feature","geometry":{"type":"Polygon","coordinates":[[[-85.2837,38.3578],[-85.3124,38.4927],[-85.4345,38.5245],[-85.6391,38.3801],[-85.4668,38.2856],[-85.2837,38.3578]]]},"properties":{"fips":"21185","name":"Oldham","state":"Kentucky"}},
{"type":"Feature","geometry":{"type":"Polygon","coordinates":[[[-92.9504,35.7248],[-92.9433,36.1148],[-93.3022,36.1217],[-93.4781,36.1251],[-93.5176,35.7634],[-93.1658,35.7291],[-92.9504,35.7248]]]},"properties":{"fips":"05101","name":"Newton","state":"Arkansas"}},
{"type":"Feature","geometry":{"type":"Polygon","coordinates":[[[-71.7664,44.4064],[-71.8382,44.348],[-72.0392,44.1582],[-72.2043,43.7707],[-72.33,43.5998],[-71.9351,43.5285],[-71.7269,43.5637],[-71.5331,43.7613],[-71.3608,43.9159],[-71.4147,44.2123],[-71.7664,44.4064]]]},"properties":{"fips":"33009","name":"Grafton","state":"New Hampshire"}},
{"type":"Feature","geometry":{"type":"Polygon","coordinates":[[[-88.0403,43.8919],[-88.1623,43.8919],[-88.1623,43.5431],[-88.0403,43.5422],[-87.7926,43.5431],[-87.7316,43.8919],[-88.0403,43.8919]]]},"properties":{"fips":"55117","name":"Sheboygan","state":"Wisconsin"}},
{"type":"Feature","geometry":{"type":"Polygon","coordinates":[[[-89.7308,32.2224],[-89.7308,32.0471],[-89.6519,31.7808],[-89.4006,31.7972],[-89.3181,31.8023],[-89.3217,32.2233],[-89.7308,32.2224]]]},"properties":{"fips":"28129","name":"Smith","state":"Mississippi"}},
{"type":"Feature","geometry":{"type":"Polygon","coordinates":[[[-90.1616,30.2345],[-90.158,30.1899],[-90.1077,30.1649],[-89.6232,30.1521],[-89.5263,30.1804],[-89.6914,30.4596],[-89.8493,30.6658],[-90.2549,30.7122],[-90.2441,30.3617],[-90.1616,30.2345]]]},"properties":{"fips":"22103","name":"St. Tammany","state":"Louisiana"}},
{"type":"Feature","geometry":{"type":"Polygon","coordinates":[[[-77.0032,38.9652],[-77.0391,38.7916],[-77.0391,38.7856],[-77.0858,38.7057],[-76.6766,38.5356],[-76.6874,38.7487],[-76.6981,38.9841],[-76.8417,39.1035],[-76.8884,39.131],[-77.0032,38.9652]]]},"properties":{"fips":"24033","name":"Prince George's","state":"Maryland"}},
{"type":"Feature","geometry":{"type":"Polygon","coordinates":[[[-94.2605,45.2835],[-94.0488,45.4227],[-94.1493,45.5593],[-94.2713,45.7749],[-94.6446,45.7741],[-95.1399,45.7732],[-95.1399,45.7586],[-95.1327,45.4124],[-94.763,45.3265],[-94.2605,45.2835]]]},"properties":{"fips":"27145","name":"Stearns","state":"Minnesota"}},
{"type":"Feature","geometry":{"type":"Polygon","coordinates":[[[-71.027,42.4443],[-71.2568,42.7364],[-71.8992,42.7115],[-71.5295,42.5199],[-71.6264,42.3507],[-71.4793,42.1566],[-71.1921,42.2828],[-71.1634,42.3035],[-71.1563,42.3301],[-71.027,42.4443]]]},"properties":{"fips":"25017","name":"Middlesex","state":"Massachusetts"}},
{"type":"Feature","geometry":{"type":"Polygon","coordinates":[[[-77.4698,39.7203],[-77.4591,39.7203],[-77.4698,39.9445],[-77.6134,40.1988],[-77.6708,40.2898],[-77.7031,40.2632],[-77.8646,40.0613],[-78.0979,39.7228],[-77.4698,39.7203]]]},"properties":{"fips":"42055","name":"Franklin","state":"Pennsylvania"}},
{"type":"Feature","geometry":{"type":"Polygon","coordinates":[[[-89.1458,38.2126],[-89.5945,38.2195],[-89.5945,37.9549],[-89.1781,37.9506],[-89.1278,38.125],[-89.1458,38.2126]]]},"properties":{"fips":"17145","name":"Perry","state":"Illinois"}},
{"type":"Feature","geometry":{"type":"Polygon","coordinates":[[[-91.4178,38.71],[-91.6404,38.704],[-91.6439,38.2882],[-91.6296,38.1533],[-91.5327,38.1525],[-91.3676,38.21],[-91.3676,38.6997],[-91.4178,38.71]]]},"properties":{"fips":"29073","name":"Gasconade","state":"Missouri"}},
{"type":"Feature","geometry":{"type":"Polygon","coordinates":[[[-85.0361,39.7151],[-85.0361,39.5261],[-84.8171,39.5218],[-84.8135,39.5674],[-84.8135,39.7263],[-85.0361,39.7151]]]},"properties":{"fips":"18161","name":"Union","state":"Indiana"}},
{"type":"Feature","geometry":{"type":"Polygon","coordinates":[[[-90.6389,38.0769],[-90.4164,38.0425],[-90.2513,38.1276],[-90.341,38.3879],[-90.4056,38.5013],[-90.7359,38.4669],[-90.7789,38.204],[-90.6389,38.0769]]]},"properties":{"fips":"29099","name":"Jefferson","state":"Missouri"}},
{"type":"Feature","geometry":{"type":"Polygon","coordinates":[[[-95.4414,36.0753],[-95.4342,36.51],[-95.3266,36.51],[-95.4306,36.5976],[-95.8111,36.5976],[-95.8111,36.4232],[-95.7609,36.1629],[-95.4414,36.0753]]]},"properties":{"fips":"40131","name":"Rogers","state":"Oklahoma"}},
{"type":"Feature","geometry":{"type":"Polygon","coordinates":[[[-80.5351,33.6441],[-80.6212,33.7429],[-81.0125,33.8804],[-81.0412,33.7068],[-80.6607,33.4706],[-80.4956,33.5582],[-80.5351,33.6441]]]},"properties":{"fips":"45017","name":"Calhoun","state":"South Carolina"}},
{"type":"Feature","geometry":{"type":"Polygon","coordinates":[[[-81.9098,38.8784],[-81.7734,38.6808],[-81.698,38.6267],[-81.5221,38.6129],[-81.5042,38.9179],[-81.5832,39.0261],[-81.7483,39.0957],[-81.9098,38.8784]]]},"properties":{"fips":"54035","name":"Jackson","state":"West Virginia"}},
{"type":"Feature","geometry":{"type":"Polygon","coordinates":[[[145.1202,14.1246],[145.21,14.116],[145.2351,14.1985],[145.1597,14.1684],[145.1202,14.1246]]]},"properties":{"fips":"69100","name":"Rota","state":"Commonwealth of the Northern Mariana Islands"}},
{"type":"Feature","geometry":{"type":"Polygon","coordinates":[[[-66.3394,17.9766],[-66.2174,17.9156],[-66.1671,18.0505],[-66.2246,18.0952],[-66.2569,18.0763],[-66.3322,18.0161],[-66.3394,17.9766]]]},"properties":{"fips":"72123","name":"Salinas","state":"Puerto Rico"}},
{"type":"Feature","geometry":{"type":"Polygon","coordinates":[[[-96.9382,29.0636],[-96.8305,29.0215],[-96.6438,28.7123],[-96.3244,28.6753],[-96.31,28.9631],[-96.6402,29.2475],[-96.6582,29.2638],[-96.9382,29.0636]]]},"properties":{"fips":"48239","name":"Jackson","state":"Texas"}},
{"type":"Feature","geometry":{"type":"Polygon","coordinates":[[[-122.5478,47.4037],[-122.476,47.7456],[-123.018,47.5205],[-122.8026,47.4037],[-122.5478,47.4037]]]},"properties":{"fips":"53035","name":"Kitsap","state":"Washington"}},
{"type":"Feature","geometry":{"type":"Polygon","coordinates":[[[-82.6528,28.1736],[-82.6492,28.0207],[-82.4123,27.9013],[-82.5558,27.6453],[-82.0533,27.6462],[-82.1072,28.1719],[-82.6528,28.1736]]]},"properties":{"fips":"12057","name":"Hillsborough","state":"Florida"}},
{"type":"Feature","geometry":{"type":"Polygon","coordinates":[[[-88.2628,41.7245],[-88.0295,41.6858],[-87.9147,41.7167],[-87.9218,41.9942],[-88.2628,41.9865],[-88.2628,41.7245]]]},"properties":{"fips":"17043","name":"DuPage","state":"Illinois"}},
{"type":"Feature","geometry":{"type":"Polygon","coordinates":[[[-74.3687,41.2039],[-74.5015,41.0862],[-74.2718,40.8972],[-74.1318,40.8199],[-74.2107,41.1334],[-74.2359,41.1429],[-74.3687,41.2039]]]},"properties":{"fips":"34031","name":"Passaic","state":"New Jersey"}},
{"type":"Feature","geometry":{"type":"Polygon","coordinates":[[[-96.3854,33.3976],[-96.3782,33.7257],[-96.59,33.895],[-96.7048,33.8348],[-96.9346,33.9543],[-96.9453,33.9491],[-96.9453,33.4165],[-96.8341,33.4053],[-96.3854,33.3976]]]},"properties":{"fips":"48181","name":"Grayson","state":"Texas"}},
{"type":"Feature","geometry":{"type":"Polygon","coordinates":[[[-82.6492,32.5128],[-82.721,32.3092],[-82.6563,32.298],[-82.4087,32.3538],[-82.6492,32.5128]]]},"properties":{"fips":"13283","name":"Treutlen","state":"Georgia"}},
{"type":"Feature","geometry":{"type":"Polygon","coordinates":[[[-89.1925,33.7386],[-89.5083,33.7215],[-89.5083,33.6776],[-89.3827,33.4603],[-89.0884,33.5333],[-89.0202,33.5625],[-89.0345,33.7395],[-89.1925,33.7386]]]},"properties":{"fips":"28155","name":"Webster","state":"Mississippi"}},
{"type":"Feature","geometry":{"type":"Polygon","coordinates":[[[-101.9847,41.3946],[-102.0565,41.2219],[-102.0529,41.0037],[-101.2489,41.0037],[-101.2704,41.3946],[-101.4068,41.3954],[-101.9847,41.3946]]]},"properties":{"fips":"31101","name":"Keith","state":"Nebraska"}},
{"type":"Feature","geometry":{"type":"Polygon","coordinates":[[[-91.3173,31.7456],[-91.3783,31.7327],[-91.4717,31.396],[-91.5901,31.1915],[-91.4681,31.3195],[-91.1594,31.347],[-91.1522,31.6099],[-91.3173,31.7456]]]},"properties":{"fips":"28001","name":"Adams","state":"Mississippi"}},
{"type":"Feature","geometry":{"type":"Polygon","coordinates":[[[-76.9637,43.013],[-77.3729,43.0345],[-77.5811,42.9443],[-77.599,42.672],[-77.4914,42.5775],[-77.3657,42.5766],[-77.3119,42.7613],[-76.9709,42.7639],[-76.9637,43.013]]]},"properties":{"fips":"36069","name":"Ontario","state":"New York"}},
{"type":"Feature","geometry":{"type":"Polygon","coordinates":[[[-82.1,38.9583],[-82.2185,38.7959],[-82.2185,38.5915],[-82.0533,38.4746],[-82.0641,38.6078],[-81.7734,38.6808],[-81.9098,38.8784],[-82.1,38.9583]]]},"properties":{"fips":"54053","name":"Mason","state":"West Virginia"}},
{"type":"Feature","geometry":{"type":"Polygon","coordinates":[[[-113.334,34.3176],[-113.334,33.9989],[-112.7454,33.9998],[-112.2752,33.8821],[-112.1639,34.0479],[-111.4963,33.9998],[-111.7117,34.151],[-111.5538,34.4714],[-111.5538,34.8021],[-111.7763,34.803],[-111.7763,34.9808],[-112.3362,34.9731],[-112.4726,35.2386],[-112.9464,35.3528],[-113.334,35.5281],[-113.334,34.3176]]]},"properties":{"fips":"04025","name":"Yavapai","state":"Arizona"}}
]}